,Model,Balanced Accuracy,F1-Score (Macro),Precision (Macro),Recall (Macro),MCC
0,Transformer-FNET-64,0.9934754277618588,0.9471596785775205,0.9213927196779486,0.9934754277618588,0.9966089517418458
1,Transformer-FNET-128,0.9955948039215775,0.9822111771484854,0.9700982676725659,0.9955948039215775,0.9989639406476004
2,Transformer-MHA-64,0.9965596358867125,0.9223124247990361,0.8990740740740741,0.9965596358867125,0.9940610750686095
3,Transformer-MHA-128,0.9682487148558994,0.7050367899786141,0.6764505141665835,0.9682487148558994,0.9081108659596786
4,Transformer-FNET-64,0.9999017086860257,0.8927668595559842,0.8859948428101969,0.8999115378174232,0.9992538024271862
5,Transformer-FNET-128,0.9993492304252898,0.9368039317468563,0.9076559914277063,0.9993492304252898,0.9950026288209937
6,Transformer-MHA-64,0.8958714252231957,0.6274924927227289,0.6188369741482729,0.8062842827008762,0.880543945249637
7,Transformer-MHA-128,0.9043935344924855,0.5667799217026929,0.5657132036696984,0.8139541810432369,0.6409359111642691
