,Model,Balanced Accuracy,F1-Score (Macro),Precision (Macro),Recall (Macro),MCC
0,Transformer-FNET-64,0.9618159137126322,0.5656918611708462,0.5347887323943661,0.6732711395988427,0.9579394157880152
1,Transformer-FNET-128,0.9601806046668176,0.7698584969092528,0.7449526916273106,0.8401580290834655,0.9498307452012403
2,Transformer-MHA-64,0.9940855323020928,0.8303458892577091,0.8118115656963021,0.8698248407643312,0.9655602584317888
3,Transformer-MHA-128,0.820781086629067,0.545979399055372,0.5463259036901689,0.6383852896003854,0.8754463063212813
