,Model,Balanced Accuracy,F1-Score (Macro),Precision (Macro),Recall (Macro),MCC
0,Transformer-FNET-64,0.9934754277618588,0.9471596785775205,0.9213927196779486,0.9934754277618588,0.9966089517418458
1,Transformer-FNET-128,0.9955948039215775,0.9822111771484854,0.9700982676725659,0.9955948039215775,0.9989639406476004
2,Transformer-MHA-64,0.9965596358867125,0.9223124247990361,0.8990740740740741,0.9965596358867125,0.9940610750686095
3,Transformer-MHA-128,0.9682487148558994,0.7050367899786141,0.6764505141665835,0.9682487148558994,0.9081108659596786
