,Model,Balanced Accuracy,F1-Score (Macro),Precision (Macro),Recall (Macro),MCC
0,Transformer-FNET-64,0.9618159137126322,0.5656918611708462,0.5347887323943661,0.6732711395988427,0.9579394157880152
1,Transformer-FNET-128,0.9601806046668176,0.7698584969092528,0.7449526916273106,0.8401580290834655,0.9498307452012403
2,Transformer-MHA-64,0.9940855323020928,0.8303458892577091,0.8118115656963021,0.8698248407643312,0.9655602584317888
3,Transformer-MHA-128,0.820781086629067,0.545979399055372,0.5463259036901689,0.6383852896003854,0.8754463063212813
4,Transformer-FNET-64,0.9640520758546639,0.5786735810256725,0.5237977786051129,0.6748364530982648,0.9713323487158433
5,Transformer-FNET-128,0.974537090360883,0.6250158017291618,0.5984492753623188,0.6821759632526181,0.9423193495544734
6,Transformer-MHA-64,0.7392052006107074,0.40956215000616536,0.43169585841999636,0.5749373782527724,0.7030117693936432
7,Transformer-MHA-128,0.7239138412493649,0.3092195283737342,0.3217067583046964,0.563044098749506,0.5882856767894267
