,Model,Balanced Accuracy,F1-Score (Macro),Precision (Macro),Recall (Macro),MCC
0,Transformer-FNET-64,0.6382808433746772,0.5103020713814638,0.5299464607273886,0.6382808433746772,0.3019194151136934
1,Transformer-FNET-128,0.6633727458124241,0.5370182959511991,0.4928630417824917,0.6633727458124241,0.42248237907822805
2,Transformer-MHA-64,0.7174527884983649,0.6352897240349084,0.6088254680321499,0.7174527884983649,0.5839118289839839
3,Transformer-MHA-128,0.7741949739268774,0.5187939798340208,0.5256118047779029,0.7741949739268774,0.3479742108142417
4,Transformer-FNET-64,0.6577358447331638,0.5660242423168164,0.585324921962323,0.6577358447331638,0.34454799289173443
5,Transformer-FNET-128,0.55751226729779,0.598929276761805,0.9044516570410323,0.55751226729779,0.6223971171384232
6,Transformer-MHA-64,0.8313373400504768,0.7363011833272056,0.6872179965887614,0.8313373400504768,0.575709708892782
7,Transformer-MHA-128,0.7702758218844009,0.4052387242521169,0.4209939370518454,0.7702758218844009,0.26669801543715727
