,Model,Balanced Accuracy,F1-Score (Macro),Precision (Macro),Recall (Macro),MCC
0,Transformer-FNET-64,0.6382808433746772,0.5103020713814638,0.5299464607273886,0.6382808433746772,0.3019194151136934
1,Transformer-FNET-128,0.6633727458124241,0.5370182959511991,0.4928630417824917,0.6633727458124241,0.42248237907822805
2,Transformer-MHA-64,0.7174527884983649,0.6352897240349084,0.6088254680321499,0.7174527884983649,0.5839118289839839
3,Transformer-MHA-128,0.7741949739268774,0.5187939798340208,0.5256118047779029,0.7741949739268774,0.3479742108142417
