,Model,Balanced Accuracy,F1-Score (Macro),Precision (Macro),Recall (Macro),MCC
0,Transformer-FNET-64,0.9173788308372379,0.8715159956763299,0.8438835797423492,0.9173788308372379,0.814858883954696
1,Transformer-FNET-128,0.8782701760055943,0.7759637360833095,0.7618126461885536,0.8782701760055943,0.6648077387493961
2,Transformer-MHA-64,0.9416927686238417,0.9195972040039226,0.9009341162457277,0.9416927686238417,0.8865585771791848
3,Transformer-MHA-128,0.9540652469382697,0.9484045976090515,0.9428997612338387,0.9540652469382697,0.929317678928903
