,Model,Balanced Accuracy,F1-Score (Macro),Precision (Macro),Recall (Macro),MCC
0,Transformer-FNET-64,0.89859282210173,0.7207525998225034,0.6946139067773602,0.89859282210173,0.8162294945235423
1,Transformer-FNET-128,0.940829675531457,0.8531261811678824,0.807218152356616,0.940829675531457,0.9504603659645726
2,Transformer-MHA-64,0.8375796109820123,0.7019350809482447,0.6896699231510106,0.8375796109820123,0.7930667679791559
3,Transformer-MHA-128,0.9104521688613478,0.8277527772421963,0.7867434073037257,0.9104521688613478,0.9378937438626705
