,Model,Balanced Accuracy,F1-Score (Macro),Precision (Macro),Recall (Macro),MCC
0,Transformer-FNET-64,0.974913375219313,0.979302889787092,0.9841284976248689,0.974913375219313,0.9745276732839669
1,Transformer-FNET-128,0.9732448957126018,0.9755751257465897,0.9781389320313049,0.9732448957126018,0.9698520571947399
2,Transformer-MHA-64,0.9454794061509869,0.9233625000576141,0.9076610264029578,0.9454794061509869,0.8943581294141572
3,Transformer-MHA-128,0.9137320229791733,0.9355514551533263,0.9619680461843735,0.9137320229791733,0.9028615851369838
