,Model,Balanced Accuracy,F1-Score (Macro),Precision (Macro),Recall (Macro),MCC
0,Transformer-FNET-64,0.6681708055723804,0.7009848997070093,0.7887560315597287,0.6681708055723804,0.618024423193999
1,Transformer-FNET-128,0.6611851403189987,0.7383516653474894,0.9285671191553545,0.6611851403189987,0.6786906687806281
2,Transformer-MHA-64,0.7079648697758935,0.5807901397332292,0.5942959361453878,0.7079648697758935,0.43756656498323565
3,Transformer-MHA-128,0.6226024631536443,0.6366718831507563,0.6535297104589994,0.6226024631536443,0.6198560387920378
