,Model,Balanced Accuracy,F1-Score (Macro),Precision (Macro),Recall (Macro),MCC
0,Transformer-FNET-64,0.96243332645181,0.9705444454134494,0.9798527882887434,0.96243332645181,0.9642898091590928
1,Transformer-FNET-128,0.9638597868038797,0.9718002591526121,0.9808722821984164,0.9638597868038797,0.9658135048344596
2,Transformer-MHA-64,0.9670306695120914,0.9712239132932066,0.9759216942046133,0.9670306695120914,0.9648802904677811
3,Transformer-MHA-128,0.9628197393683452,0.9719739727823454,0.9824960345072103,0.9628197393683452,0.9659569270075181
