,Model,Balanced Accuracy,F1-Score (Macro),Precision (Macro),Recall (Macro),MCC
0,Transformer-FNET-64,0.6681708055723804,0.7009848997070093,0.7887560315597287,0.6681708055723804,0.618024423193999
1,Transformer-FNET-128,0.6611851403189987,0.7383516653474894,0.9285671191553545,0.6611851403189987,0.6786906687806281
2,Transformer-MHA-64,0.7079648697758935,0.5807901397332292,0.5942959361453878,0.7079648697758935,0.43756656498323565
3,Transformer-MHA-128,0.6226024631536443,0.6366718831507563,0.6535297104589994,0.6226024631536443,0.6198560387920378
4,Transformer-FNET-64,0.7411972541893802,0.8083710757861486,0.9470085018746369,0.7411972541893802,0.7757875917639412
5,Transformer-FNET-128,0.7643347466182112,0.8348285700210343,0.9776007296528784,0.7643347466182112,0.8412031657322345
6,Transformer-MHA-64,0.7105996365838885,0.7300623371994663,0.7559190284278038,0.7105996365838885,0.7177647504238357
7,Transformer-MHA-128,0.7133353523117303,0.630172777075432,0.7209693837600814,0.7133353523117303,0.45332041138428714
