,Model,Balanced Accuracy,F1-Score (Macro),Precision (Macro),Recall (Macro),MCC
0,Transformer-FNET-64,0.96243332645181,0.9705444454134494,0.9798527882887434,0.96243332645181,0.9642898091590928
1,Transformer-FNET-128,0.9638597868038797,0.9718002591526121,0.9808722821984164,0.9638597868038797,0.9658135048344596
2,Transformer-MHA-64,0.9670306695120914,0.9712239132932066,0.9759216942046133,0.9670306695120914,0.9648802904677811
3,Transformer-MHA-128,0.9628197393683452,0.9719739727823454,0.9824960345072103,0.9628197393683452,0.9659569270075181
4,Transformer-FNET-64,0.9630948976708438,0.9676683506791691,0.9727892364221992,0.9630948976708438,0.9606096865815804
5,Transformer-FNET-128,0.964171740531158,0.972383616385624,0.9817390280118081,0.964171740531158,0.9665687383776229
6,Transformer-MHA-64,0.9647925275461148,0.9715768123314875,0.9793246393694394,0.9647925275461148,0.9653772740734967
7,Transformer-MHA-128,0.9721653684424644,0.9767422075064877,0.9819252799141774,0.9721653684424644,0.9718791646537942
