,Model,Balanced Accuracy,F1-Score (Macro),Precision (Macro),Recall (Macro),MCC
0,Baseline_no_gMLP,0.9628304356225749,0.9737716173878824,0.9862936619501684,0.9628304356225749,0.971026078926663
1,Baseline_no_gMLP,0.9608255071321569,0.9726006328125943,0.9861863685785233,0.9608255071321569,0.9698816886916496
2,Baseline_no_gMLP,0.9653934992953191,0.9753932225538792,0.9867566420400115,0.9653934992953191,0.9727699612773059
3,Baseline_no_gMLP,0.9633609088127199,0.9740893105778804,0.9863564731539483,0.9633609088127199,0.9714084596743883
4,Baseline_no_gMLP,0.964933965527376,0.9726394509689683,0.9812606930400526,0.964933965527376,0.9695941133248148
