,Model,Balanced Accuracy,F1-Score (Macro),Precision (Macro),Recall (Macro),MCC
0,Baseline_no_gMLP,0.9051521913262387,0.699215465772476,0.6880877318917324,0.9051521913262387,0.7336969852097843
1,Baseline_no_gMLP,0.9230032040279208,0.7808798548218072,0.7383726541785117,0.9230032040279208,0.8886914635903053
2,Baseline_no_gMLP,0.8772313765877103,0.6601284791408278,0.6745675310501905,0.8772313765877103,0.5978543524115534
3,Baseline_no_gMLP,0.9008038677194187,0.6902813250263554,0.6833471973863788,0.9008038677194187,0.7064643523241428
4,Baseline_no_gMLP,0.8899330587023687,0.6745131856027672,0.6785223835711108,0.8899330587023687,0.649805290426684
