,Model,Balanced Accuracy,F1-Score (Macro),Precision (Macro),Recall (Macro),MCC
0,Baseline_no_gMLP,0.9051521913262387,0.699215465772476,0.6880877318917324,0.9051521913262387,0.7336969852097843
1,Baseline_no_gMLP,0.9230032040279208,0.7808798548218072,0.7383726541785117,0.9230032040279208,0.8886914635903053
