,Model,Balanced Accuracy,F1-Score (Macro),Precision (Macro),Recall (Macro),MCC
0,Baseline_no_gMLP,0.9628304356225749,0.9737716173878824,0.9862936619501684,0.9628304356225749,0.971026078926663
1,Baseline_no_gMLP,0.9608255071321569,0.9726006328125943,0.9861863685785233,0.9608255071321569,0.9698816886916496
