,Model,Balanced Accuracy,F1-Score (Macro),Precision (Macro),Recall (Macro),MCC
0,Baseline_no_gMLP,0.9051521913262387,0.699215465772476,0.6880877318917324,0.9051521913262387,0.7336969852097843
