,Model,Balanced Accuracy,F1-Score (Macro),Precision (Macro),Recall (Macro),MCC
0,Baseline_no_gMLP,0.9996941896024465,0.8570116751934933,0.8571428571428571,0.8568807339449541,0.9985611952113743
1,Baseline_no_gMLP,0.9996941896024465,0.8570116751934933,0.8571428571428571,0.8568807339449541,0.9985611952113743
2,Baseline_no_gMLP,0.9996941896024465,0.8570116751934933,0.8571428571428571,0.8568807339449541,0.9985611952113743
3,Baseline_no_gMLP,0.9997150997150998,0.8570206525724062,0.8571428571428571,0.8568986568986569,0.9985612943140665
4,Baseline_no_gMLP,0.9855083754166323,0.7308300794719058,0.7253679653679654,0.8447214646428277,0.9570197392207063
5,Baseline_no_gMLP,0.9988394887477456,0.9160851720445082,0.888888888888889,0.9988394887477456,0.9942698628728808
6,Baseline_no_gMLP,0.996633166357937,0.7020644246695844,0.6778846153846154,0.7474748747684528,0.9928278225135972
