,Model,Balanced Accuracy,F1-Score (Macro),Precision (Macro),Recall (Macro),MCC
0,Baseline_no_gMLP,0.9724221504074619,0.959315253171338,0.9654241551649952,0.9724221504074619,0.9992787013369575
