,Model,Balanced Accuracy,F1-Score (Macro),Precision (Macro),Recall (Macro),MCC
0,Baseline_no_gMLP,0.9724221504074619,0.959315253171338,0.9654241551649952,0.9724221504074619,0.9992787013369575
1,Baseline_no_gMLP,0.9704613660937365,0.9566743686912144,0.9642777706852773,0.9704613660937365,0.9992336407503651
