,Model,Balanced Accuracy,F1-Score (Macro),Precision (Macro),Recall (Macro),MCC
0,Baseline_no_gMLP,0.9994034967075103,0.8885927856722515,0.8888278052654084,0.8883586637400092,0.9988777418076933
