,Model,Balanced Accuracy,F1-Score (Macro),Precision (Macro),Recall (Macro),MCC
0,Transformer-FNET-64,0.15754560530679934,0.20833333333333334,0.3074433656957929,0.15754560530679934,-0.09354811272684414
1,Transformer-FNET-128,0.4067164179104477,0.4051155115511551,0.40353037766830874,0.4067164179104477,0.1929546776889145
2,Transformer-MHA-64,0.6616915422885572,0.7267326732673266,0.8489326765188835,0.6616915422885572,0.5424131551189448
3,Transformer-MHA-128,0.8617330016583749,0.8161608892087481,0.7897697540554685,0.8617330016583749,0.5499011125518588
