,Model,Balanced Accuracy,F1-Score (Macro),Precision (Macro),Recall (Macro),MCC
0,Transformer-FNET-64,0.6318405005147699,0.32327632881336654,0.4275699362166358,0.6318405005147699,0.21299143657164674
1,Transformer-FNET-128,0.5561475409836065,0.48482991362897226,0.44773228669642395,0.5561475409836065,0.4079273619099891
2,Transformer-MHA-64,0.8016254850716718,0.8593481192169992,0.9420989859815383,0.8016254850716718,0.7994276449697314
3,Transformer-MHA-128,0.7815296586679338,0.7483860235877845,0.7884996414339683,0.7815296586679338,0.6388307701623883
