,Model,Balanced Accuracy,F1-Score (Macro),Precision (Macro),Recall (Macro),MCC
0,Transformer-FNET-64,0.5902263374485597,0.3195951420250485,0.4082604993052754,0.5902263374485597,0.16490685652568884
1,Transformer-FNET-128,0.5360449735449735,0.47960125022374606,0.44707259435941604,0.5360449735449735,0.391203910942867
2,Transformer-MHA-64,0.7932363315696649,0.8456536467538589,0.9170724700136464,0.7932363315696649,0.7810952372400526
3,Transformer-MHA-128,0.7932863021751911,0.75536581111494,0.7943626743626743,0.7932863021751911,0.6032001015730649
