,Model,Balanced Accuracy,F1-Score (Macro),Precision (Macro),Recall (Macro),MCC
0,Transformer-FNET-64,0.6318405005147699,0.32327632881336654,0.4275699362166358,0.6318405005147699,0.21299143657164674
1,Transformer-FNET-128,0.5561475409836065,0.48482991362897226,0.44773228669642395,0.5561475409836065,0.4079273619099891
2,Transformer-MHA-64,0.8016254850716718,0.8593481192169992,0.9420989859815383,0.8016254850716718,0.7994276449697314
3,Transformer-MHA-128,0.7815296586679338,0.7483860235877845,0.7884996414339683,0.7815296586679338,0.6388307701623883
4,Transformer-FNET-64,0.7341391462738577,0.524245934149136,0.49966151160859723,0.7341391462738577,0.36594414724625274
5,Transformer-FNET-128,0.7484160925001979,0.5178859916621271,0.5014305650274052,0.7484160925001979,0.3620397294814298
6,Transformer-MHA-64,0.8560208283836225,0.775798978330624,0.7476932992196638,0.8560208283836225,0.7009945646208801
7,Transformer-MHA-128,0.7595470024550566,0.7934180664039999,0.8605605605605605,0.7595470024550566,0.7060709513347871
