,Model,Balanced Accuracy,F1-Score (Macro),Precision (Macro),Recall (Macro),MCC
0,Transformer-FNET-64,0.9549593792245444,0.9568159192377516,0.9590639107717752,0.9549593792245444,0.932631129070833
1,Transformer-FNET-128,0.9656130245481899,0.9691827873753484,0.9735784394395165,0.9656130245481899,0.9525341989914348
2,Transformer-MHA-64,0.963106474116882,0.9682268571147102,0.9745566960389741,0.963106474116882,0.9510905144650035
3,Transformer-MHA-128,0.9726713133395078,0.9707568953134178,0.9690288140787985,0.9726713133395078,0.9549098242630214
