,Model,Balanced Accuracy,F1-Score (Macro),Precision (Macro),Recall (Macro),MCC
0,Transformer-FNET-64,0.5902263374485597,0.3195951420250485,0.4082604993052754,0.5902263374485597,0.16490685652568884
1,Transformer-FNET-128,0.5360449735449735,0.47960125022374606,0.44707259435941604,0.5360449735449735,0.391203910942867
2,Transformer-MHA-64,0.7932363315696649,0.8456536467538589,0.9170724700136464,0.7932363315696649,0.7810952372400526
3,Transformer-MHA-128,0.7932863021751911,0.75536581111494,0.7943626743626743,0.7932863021751911,0.6032001015730649
4,Transformer-FNET-64,0.7265520282186948,0.5382806405298813,0.4966323519976174,0.7265520282186948,0.36623513969815774
5,Transformer-FNET-128,0.7087595532039975,0.48686426549368234,0.4771691412912787,0.7087595532039975,0.30172051712504033
6,Transformer-MHA-64,0.7842666078777191,0.6217302458913198,0.5940144708481851,0.7842666078777191,0.4908602879106555
7,Transformer-MHA-128,0.762201646090535,0.7622461170848268,0.8074559805707345,0.762201646090535,0.6126653414445739
