,Model,Balanced Accuracy,F1-Score (Macro),Precision (Macro),Recall (Macro),MCC
0,Transformer-FNET-64,0.3614860381954959,0.24278484668365888,0.30936591041303085,0.2008255767752755,0.4963110571642056
1,Transformer-FNET-128,0.7330660170324829,0.32694166289170223,0.32456662018428895,0.4581662606453018,0.5946521573243876
2,Transformer-MHA-64,0.4620503852099346,0.25945141227581625,0.33939847125290795,0.25669465844996364,0.45168727633211986
3,Transformer-MHA-128,0.6083766290473129,0.4916983406579438,0.5147499568485304,0.5069805242060941,0.84035428732259
4,Transformer-FNET-64,0.6471010868443408,0.3846644277333851,0.4337059251181388,0.46221506203167195,0.7784550016536093
5,Transformer-FNET-128,0.6304263110917552,0.1485852483711599,0.2081608284926363,0.3152131555458776,0.363254107049669
6,Transformer-MHA-64,0.6978376526974903,0.2905075395646178,0.320912718875412,0.34891882634874516,0.5242647453450071
7,Transformer-MHA-128,0.7625275170205744,0.3557607041228244,0.40790888511601586,0.42362639834476357,0.6960074908364542
