,Model,Balanced Accuracy,F1-Score (Macro),Precision (Macro),Recall (Macro),MCC
0,Transformer-FNET-64,0.9737756108300611,0.9620436571878825,0.953840818891148,0.9737756108300611,0.9963924043499024
1,Transformer-FNET-128,0.9763392306984654,0.9649899297841577,0.9602209500290486,0.9763392306984654,0.9984516950406445
2,Transformer-MHA-64,0.9966255425578843,0.981027359118535,0.9669133405641589,0.9966255425578843,0.9981305112213706
3,Transformer-MHA-128,0.9840975138355925,0.9728262582008758,0.9650974664966872,0.9840975138355925,0.9981941710388268
