warning: refusing to reload ordenv; ORDENV_SETUP already set
CUDA_VISIBLE_DEVICES=0
Wed Apr 23 12:54:36 2025       
+-----------------------------------------------------------------------------------------+
| NVIDIA-SMI 550.127.08             Driver Version: 550.127.08     CUDA Version: 12.4     |
|-----------------------------------------+------------------------+----------------------+
| GPU  Name                 Persistence-M | Bus-Id          Disp.A | Volatile Uncorr. ECC |
| Fan  Temp   Perf          Pwr:Usage/Cap |           Memory-Usage | GPU-Util  Compute M. |
|                                         |                        |               MIG M. |
|=========================================+========================+======================|
|   0  NVIDIA A100-SXM4-40GB          Off |   00000000:90:00.0 Off |                    0 |
| N/A   28C    P0             52W /  400W |       1MiB /  40960MiB |      0%      Default |
|                                         |                        |             Disabled |
+-----------------------------------------+------------------------+----------------------+
                                                                                         
+-----------------------------------------------------------------------------------------+
| Processes:                                                                              |
|  GPU   GI   CI        PID   Type   Process name                              GPU Memory |
|        ID   ID                                                               Usage      |
|=========================================================================================|
|  No running processes found                                                             |
+-----------------------------------------------------------------------------------------+
INFO:root:Fold: 0
/gpfs/fs7/grdi/genarcc/common/conda/miniconda3/envs/hai_pytorch/lib/python3.12/site-packages/esm/pretrained.py:70: FutureWarning: You are using `torch.load` with `weights_only=False` (the current default value), which uses the default pickle module implicitly. It is possible to construct malicious pickle data which will execute arbitrary code during unpickling (See https://github.com/pytorch/pytorch/blob/main/SECURITY.md#untrusted-models for more details). In a future release, the default value for `weights_only` will be flipped to `True`. This limits the functions that could be executed during unpickling. Arbitrary objects will no longer be allowed to be loaded via this mode unless they are explicitly allowlisted by the user via `torch.serialization.add_safe_globals`. We recommend you start setting `weights_only=True` for any use case where you don't have full control of the loaded file. Please open an issue on GitHub for any issues related to this experimental feature.
  model_data = torch.load(str(model_location), map_location="cpu")
/gpfs/fs7/grdi/genarcc/common/conda/miniconda3/envs/hai_pytorch/lib/python3.12/site-packages/esm/pretrained.py:74: FutureWarning: You are using `torch.load` with `weights_only=False` (the current default value), which uses the default pickle module implicitly. It is possible to construct malicious pickle data which will execute arbitrary code during unpickling (See https://github.com/pytorch/pytorch/blob/main/SECURITY.md#untrusted-models for more details). In a future release, the default value for `weights_only` will be flipped to `True`. This limits the functions that could be executed during unpickling. Arbitrary objects will no longer be allowed to be loaded via this mode unless they are explicitly allowlisted by the user via `torch.serialization.add_safe_globals`. We recommend you start setting `weights_only=True` for any use case where you don't have full control of the loaded file. Please open an issue on GitHub for any issues related to this experimental feature.
  regression_data = torch.load(regression_location, map_location="cpu")
INFO:root:Start Training Model
INFO:root:Train epoch 1 in 449.561253 seconds
INFO:root:Train epoch 2 in 444.931587 seconds
INFO:root:Train epoch 3 in 444.842252 seconds
INFO:root:Train epoch 4 in 444.832351 seconds
INFO:root:Train epoch 5 in 444.890479 seconds
INFO:root:Train epoch 6 in 444.898232 seconds
INFO:root:Train epoch 7 in 444.860853 seconds
INFO:root:Train epoch 8 in 444.865884 seconds
INFO:root:Train epoch 9 in 444.995938 seconds
INFO:root:Train epoch 10 in 444.996439 seconds
INFO:root:Train epoch 11 in 444.970004 seconds
INFO:root:Train epoch 12 in 444.928324 seconds
INFO:root:Train epoch 13 in 444.872533 seconds
INFO:root:Train epoch 14 in 444.910703 seconds
INFO:root:Train epoch 15 in 444.847340 seconds
INFO:root:Train epoch 16 in 444.949739 seconds
INFO:root:Train epoch 17 in 445.246444 seconds
INFO:root:Train epoch 18 in 445.296376 seconds
INFO:root:Train epoch 19 in 445.335056 seconds
INFO:root:Finish training and load weight for prediction:/gpfs/fs7/grdi/genarcc/wp1/genomics_unit/IAV/Revision_1/model_weight/transformer_esm/esm2_t12_35M_UR50D_weight/04_HA_Protein_Host/transformer_esm_0.pt
INFO:root:Fold: 1
/gpfs/fs7/grdi/genarcc/common/conda/miniconda3/envs/hai_pytorch/lib/python3.12/site-packages/esm/pretrained.py:70: FutureWarning: You are using `torch.load` with `weights_only=False` (the current default value), which uses the default pickle module implicitly. It is possible to construct malicious pickle data which will execute arbitrary code during unpickling (See https://github.com/pytorch/pytorch/blob/main/SECURITY.md#untrusted-models for more details). In a future release, the default value for `weights_only` will be flipped to `True`. This limits the functions that could be executed during unpickling. Arbitrary objects will no longer be allowed to be loaded via this mode unless they are explicitly allowlisted by the user via `torch.serialization.add_safe_globals`. We recommend you start setting `weights_only=True` for any use case where you don't have full control of the loaded file. Please open an issue on GitHub for any issues related to this experimental feature.
  model_data = torch.load(str(model_location), map_location="cpu")
/gpfs/fs7/grdi/genarcc/common/conda/miniconda3/envs/hai_pytorch/lib/python3.12/site-packages/esm/pretrained.py:74: FutureWarning: You are using `torch.load` with `weights_only=False` (the current default value), which uses the default pickle module implicitly. It is possible to construct malicious pickle data which will execute arbitrary code during unpickling (See https://github.com/pytorch/pytorch/blob/main/SECURITY.md#untrusted-models for more details). In a future release, the default value for `weights_only` will be flipped to `True`. This limits the functions that could be executed during unpickling. Arbitrary objects will no longer be allowed to be loaded via this mode unless they are explicitly allowlisted by the user via `torch.serialization.add_safe_globals`. We recommend you start setting `weights_only=True` for any use case where you don't have full control of the loaded file. Please open an issue on GitHub for any issues related to this experimental feature.
  regression_data = torch.load(regression_location, map_location="cpu")
INFO:root:Start Training Model
INFO:root:Train epoch 1 in 445.164999 seconds
INFO:root:Train epoch 2 in 445.317648 seconds
INFO:root:Train epoch 3 in 445.392579 seconds
INFO:root:Train epoch 4 in 445.399072 seconds
INFO:root:Train epoch 5 in 445.587768 seconds
INFO:root:Train epoch 6 in 445.647696 seconds
INFO:root:Train epoch 7 in 445.514145 seconds
INFO:root:Train epoch 8 in 445.489376 seconds
INFO:root:Train epoch 9 in 445.452390 seconds
INFO:root:Train epoch 10 in 445.448504 seconds
INFO:root:Train epoch 11 in 445.468162 seconds
INFO:root:Train epoch 12 in 445.487874 seconds
INFO:root:Train epoch 13 in 445.526539 seconds
INFO:root:Train epoch 14 in 445.513116 seconds
INFO:root:Train epoch 15 in 445.419708 seconds
INFO:root:Train epoch 16 in 445.451959 seconds
INFO:root:Train epoch 17 in 445.412506 seconds
INFO:root:Train epoch 18 in 445.516986 seconds
INFO:root:Train epoch 19 in 445.464440 seconds
INFO:root:Train epoch 20 in 445.431736 seconds
INFO:root:Train epoch 21 in 445.468223 seconds
INFO:root:Train epoch 22 in 445.507110 seconds
INFO:root:Train epoch 23 in 445.429608 seconds
INFO:root:Train epoch 24 in 445.498491 seconds
INFO:root:Train epoch 25 in 445.417058 seconds
INFO:root:Train epoch 26 in 445.484826 seconds
INFO:root:Finish training and load weight for prediction:/gpfs/fs7/grdi/genarcc/wp1/genomics_unit/IAV/Revision_1/model_weight/transformer_esm/esm2_t12_35M_UR50D_weight/04_HA_Protein_Host/transformer_esm_1.pt
INFO:root:Fold: 2
/gpfs/fs7/grdi/genarcc/common/conda/miniconda3/envs/hai_pytorch/lib/python3.12/site-packages/esm/pretrained.py:70: FutureWarning: You are using `torch.load` with `weights_only=False` (the current default value), which uses the default pickle module implicitly. It is possible to construct malicious pickle data which will execute arbitrary code during unpickling (See https://github.com/pytorch/pytorch/blob/main/SECURITY.md#untrusted-models for more details). In a future release, the default value for `weights_only` will be flipped to `True`. This limits the functions that could be executed during unpickling. Arbitrary objects will no longer be allowed to be loaded via this mode unless they are explicitly allowlisted by the user via `torch.serialization.add_safe_globals`. We recommend you start setting `weights_only=True` for any use case where you don't have full control of the loaded file. Please open an issue on GitHub for any issues related to this experimental feature.
  model_data = torch.load(str(model_location), map_location="cpu")
/gpfs/fs7/grdi/genarcc/common/conda/miniconda3/envs/hai_pytorch/lib/python3.12/site-packages/esm/pretrained.py:74: FutureWarning: You are using `torch.load` with `weights_only=False` (the current default value), which uses the default pickle module implicitly. It is possible to construct malicious pickle data which will execute arbitrary code during unpickling (See https://github.com/pytorch/pytorch/blob/main/SECURITY.md#untrusted-models for more details). In a future release, the default value for `weights_only` will be flipped to `True`. This limits the functions that could be executed during unpickling. Arbitrary objects will no longer be allowed to be loaded via this mode unless they are explicitly allowlisted by the user via `torch.serialization.add_safe_globals`. We recommend you start setting `weights_only=True` for any use case where you don't have full control of the loaded file. Please open an issue on GitHub for any issues related to this experimental feature.
  regression_data = torch.load(regression_location, map_location="cpu")
INFO:root:Start Training Model
INFO:root:Train epoch 1 in 445.291904 seconds
INFO:root:Train epoch 2 in 445.439267 seconds
INFO:root:Train epoch 3 in 445.472578 seconds
INFO:root:Train epoch 4 in 445.479108 seconds
INFO:root:Train epoch 5 in 445.379929 seconds
INFO:root:Train epoch 6 in 445.373140 seconds
INFO:root:Train epoch 7 in 445.439656 seconds
INFO:root:Train epoch 8 in 445.411163 seconds
INFO:root:Train epoch 9 in 445.367155 seconds
INFO:root:Train epoch 10 in 445.356318 seconds
INFO:root:Train epoch 11 in 445.391801 seconds
INFO:root:Train epoch 12 in 445.383708 seconds
INFO:root:Train epoch 13 in 445.455291 seconds
INFO:root:Train epoch 14 in 445.404126 seconds
INFO:root:Train epoch 15 in 445.395177 seconds
INFO:root:Train epoch 16 in 445.373815 seconds
INFO:root:Train epoch 17 in 445.330585 seconds
INFO:root:Train epoch 18 in 445.420103 seconds
INFO:root:Train epoch 19 in 445.354017 seconds
INFO:root:Train epoch 20 in 445.371234 seconds
INFO:root:Train epoch 21 in 445.441380 seconds
INFO:root:Train epoch 22 in 445.492651 seconds
INFO:root:Train epoch 23 in 445.454324 seconds
INFO:root:Finish training and load weight for prediction:/gpfs/fs7/grdi/genarcc/wp1/genomics_unit/IAV/Revision_1/model_weight/transformer_esm/esm2_t12_35M_UR50D_weight/04_HA_Protein_Host/transformer_esm_2.pt
INFO:root:Fold: 3
/gpfs/fs7/grdi/genarcc/common/conda/miniconda3/envs/hai_pytorch/lib/python3.12/site-packages/esm/pretrained.py:70: FutureWarning: You are using `torch.load` with `weights_only=False` (the current default value), which uses the default pickle module implicitly. It is possible to construct malicious pickle data which will execute arbitrary code during unpickling (See https://github.com/pytorch/pytorch/blob/main/SECURITY.md#untrusted-models for more details). In a future release, the default value for `weights_only` will be flipped to `True`. This limits the functions that could be executed during unpickling. Arbitrary objects will no longer be allowed to be loaded via this mode unless they are explicitly allowlisted by the user via `torch.serialization.add_safe_globals`. We recommend you start setting `weights_only=True` for any use case where you don't have full control of the loaded file. Please open an issue on GitHub for any issues related to this experimental feature.
  model_data = torch.load(str(model_location), map_location="cpu")
/gpfs/fs7/grdi/genarcc/common/conda/miniconda3/envs/hai_pytorch/lib/python3.12/site-packages/esm/pretrained.py:74: FutureWarning: You are using `torch.load` with `weights_only=False` (the current default value), which uses the default pickle module implicitly. It is possible to construct malicious pickle data which will execute arbitrary code during unpickling (See https://github.com/pytorch/pytorch/blob/main/SECURITY.md#untrusted-models for more details). In a future release, the default value for `weights_only` will be flipped to `True`. This limits the functions that could be executed during unpickling. Arbitrary objects will no longer be allowed to be loaded via this mode unless they are explicitly allowlisted by the user via `torch.serialization.add_safe_globals`. We recommend you start setting `weights_only=True` for any use case where you don't have full control of the loaded file. Please open an issue on GitHub for any issues related to this experimental feature.
  regression_data = torch.load(regression_location, map_location="cpu")
INFO:root:Start Training Model
INFO:root:Train epoch 1 in 445.271204 seconds
INFO:root:Train epoch 2 in 445.556855 seconds
INFO:root:Train epoch 3 in 445.495140 seconds
INFO:root:Train epoch 4 in 445.485250 seconds
INFO:root:Train epoch 5 in 445.483769 seconds
INFO:root:Train epoch 6 in 445.474852 seconds
INFO:root:Train epoch 7 in 445.522428 seconds
INFO:root:Train epoch 8 in 445.501269 seconds
INFO:root:Train epoch 9 in 445.482620 seconds
INFO:root:Train epoch 10 in 445.487199 seconds
INFO:root:Train epoch 11 in 445.519060 seconds
INFO:root:Train epoch 12 in 445.512512 seconds
INFO:root:Train epoch 13 in 445.564306 seconds
INFO:root:Train epoch 14 in 445.523471 seconds
INFO:root:Train epoch 15 in 445.473999 seconds
INFO:root:Train epoch 16 in 445.465408 seconds
INFO:root:Train epoch 17 in 445.468964 seconds
INFO:root:Train epoch 18 in 445.489237 seconds
INFO:root:Train epoch 19 in 445.477709 seconds
INFO:root:Train epoch 20 in 445.499855 seconds
INFO:root:Train epoch 21 in 445.446273 seconds
INFO:root:Train epoch 22 in 445.516631 seconds
INFO:root:Train epoch 23 in 445.462326 seconds
INFO:root:Train epoch 24 in 445.538321 seconds
INFO:root:Train epoch 25 in 445.359486 seconds
INFO:root:Train epoch 26 in 445.442415 seconds
INFO:root:Train epoch 27 in 445.412764 seconds
INFO:root:Finish training and load weight for prediction:/gpfs/fs7/grdi/genarcc/wp1/genomics_unit/IAV/Revision_1/model_weight/transformer_esm/esm2_t12_35M_UR50D_weight/04_HA_Protein_Host/transformer_esm_3.pt
INFO:root:Fold: 4
/gpfs/fs7/grdi/genarcc/common/conda/miniconda3/envs/hai_pytorch/lib/python3.12/site-packages/esm/pretrained.py:70: FutureWarning: You are using `torch.load` with `weights_only=False` (the current default value), which uses the default pickle module implicitly. It is possible to construct malicious pickle data which will execute arbitrary code during unpickling (See https://github.com/pytorch/pytorch/blob/main/SECURITY.md#untrusted-models for more details). In a future release, the default value for `weights_only` will be flipped to `True`. This limits the functions that could be executed during unpickling. Arbitrary objects will no longer be allowed to be loaded via this mode unless they are explicitly allowlisted by the user via `torch.serialization.add_safe_globals`. We recommend you start setting `weights_only=True` for any use case where you don't have full control of the loaded file. Please open an issue on GitHub for any issues related to this experimental feature.
  model_data = torch.load(str(model_location), map_location="cpu")
/gpfs/fs7/grdi/genarcc/common/conda/miniconda3/envs/hai_pytorch/lib/python3.12/site-packages/esm/pretrained.py:74: FutureWarning: You are using `torch.load` with `weights_only=False` (the current default value), which uses the default pickle module implicitly. It is possible to construct malicious pickle data which will execute arbitrary code during unpickling (See https://github.com/pytorch/pytorch/blob/main/SECURITY.md#untrusted-models for more details). In a future release, the default value for `weights_only` will be flipped to `True`. This limits the functions that could be executed during unpickling. Arbitrary objects will no longer be allowed to be loaded via this mode unless they are explicitly allowlisted by the user via `torch.serialization.add_safe_globals`. We recommend you start setting `weights_only=True` for any use case where you don't have full control of the loaded file. Please open an issue on GitHub for any issues related to this experimental feature.
  regression_data = torch.load(regression_location, map_location="cpu")
INFO:root:Start Training Model
INFO:root:Train epoch 1 in 445.219001 seconds
INFO:root:Train epoch 2 in 445.471336 seconds
INFO:root:Train epoch 3 in 445.460952 seconds
INFO:root:Train epoch 4 in 445.483429 seconds
INFO:root:Train epoch 5 in 445.465992 seconds
INFO:root:Train epoch 6 in 445.462491 seconds
INFO:root:Train epoch 7 in 445.482916 seconds
INFO:root:Train epoch 8 in 445.462631 seconds
INFO:root:Train epoch 9 in 445.405554 seconds
INFO:root:Train epoch 10 in 445.409982 seconds
INFO:root:Train epoch 11 in 445.456007 seconds
INFO:root:Train epoch 12 in 445.421043 seconds
INFO:root:Train epoch 13 in 445.526964 seconds
INFO:root:Train epoch 14 in 445.506558 seconds
INFO:root:Train epoch 15 in 445.407884 seconds
INFO:root:Train epoch 16 in 445.454018 seconds
INFO:root:Train epoch 17 in 445.392567 seconds
INFO:root:Train epoch 18 in 445.494097 seconds
INFO:root:Train epoch 19 in 445.427745 seconds
INFO:root:Finish training and load weight for prediction:/gpfs/fs7/grdi/genarcc/wp1/genomics_unit/IAV/Revision_1/model_weight/transformer_esm/esm2_t12_35M_UR50D_weight/04_HA_Protein_Host/transformer_esm_4.pt
INFO:root:Fold: 5
/gpfs/fs7/grdi/genarcc/common/conda/miniconda3/envs/hai_pytorch/lib/python3.12/site-packages/esm/pretrained.py:70: FutureWarning: You are using `torch.load` with `weights_only=False` (the current default value), which uses the default pickle module implicitly. It is possible to construct malicious pickle data which will execute arbitrary code during unpickling (See https://github.com/pytorch/pytorch/blob/main/SECURITY.md#untrusted-models for more details). In a future release, the default value for `weights_only` will be flipped to `True`. This limits the functions that could be executed during unpickling. Arbitrary objects will no longer be allowed to be loaded via this mode unless they are explicitly allowlisted by the user via `torch.serialization.add_safe_globals`. We recommend you start setting `weights_only=True` for any use case where you don't have full control of the loaded file. Please open an issue on GitHub for any issues related to this experimental feature.
  model_data = torch.load(str(model_location), map_location="cpu")
/gpfs/fs7/grdi/genarcc/common/conda/miniconda3/envs/hai_pytorch/lib/python3.12/site-packages/esm/pretrained.py:74: FutureWarning: You are using `torch.load` with `weights_only=False` (the current default value), which uses the default pickle module implicitly. It is possible to construct malicious pickle data which will execute arbitrary code during unpickling (See https://github.com/pytorch/pytorch/blob/main/SECURITY.md#untrusted-models for more details). In a future release, the default value for `weights_only` will be flipped to `True`. This limits the functions that could be executed during unpickling. Arbitrary objects will no longer be allowed to be loaded via this mode unless they are explicitly allowlisted by the user via `torch.serialization.add_safe_globals`. We recommend you start setting `weights_only=True` for any use case where you don't have full control of the loaded file. Please open an issue on GitHub for any issues related to this experimental feature.
  regression_data = torch.load(regression_location, map_location="cpu")
INFO:root:Start Training Model
INFO:root:Train epoch 1 in 445.198201 seconds
INFO:root:Train epoch 2 in 445.517638 seconds
INFO:root:Train epoch 3 in 445.458562 seconds
INFO:root:Train epoch 4 in 445.431243 seconds
INFO:root:Train epoch 5 in 445.450191 seconds
INFO:root:Train epoch 6 in 445.534739 seconds
INFO:root:Train epoch 7 in 445.411736 seconds
INFO:root:Train epoch 8 in 445.413151 seconds
INFO:root:Train epoch 9 in 445.398636 seconds
INFO:root:Train epoch 10 in 445.403856 seconds
INFO:root:Train epoch 11 in 445.447369 seconds
INFO:root:Train epoch 12 in 445.424501 seconds
INFO:root:Train epoch 13 in 445.441854 seconds
INFO:root:Train epoch 14 in 445.410870 seconds
INFO:root:Train epoch 15 in 445.468645 seconds
INFO:root:Train epoch 16 in 445.382476 seconds
INFO:root:Finish training and load weight for prediction:/gpfs/fs7/grdi/genarcc/wp1/genomics_unit/IAV/Revision_1/model_weight/transformer_esm/esm2_t12_35M_UR50D_weight/04_HA_Protein_Host/transformer_esm_5.pt
INFO:root:Fold: 6
/gpfs/fs7/grdi/genarcc/common/conda/miniconda3/envs/hai_pytorch/lib/python3.12/site-packages/esm/pretrained.py:70: FutureWarning: You are using `torch.load` with `weights_only=False` (the current default value), which uses the default pickle module implicitly. It is possible to construct malicious pickle data which will execute arbitrary code during unpickling (See https://github.com/pytorch/pytorch/blob/main/SECURITY.md#untrusted-models for more details). In a future release, the default value for `weights_only` will be flipped to `True`. This limits the functions that could be executed during unpickling. Arbitrary objects will no longer be allowed to be loaded via this mode unless they are explicitly allowlisted by the user via `torch.serialization.add_safe_globals`. We recommend you start setting `weights_only=True` for any use case where you don't have full control of the loaded file. Please open an issue on GitHub for any issues related to this experimental feature.
  model_data = torch.load(str(model_location), map_location="cpu")
/gpfs/fs7/grdi/genarcc/common/conda/miniconda3/envs/hai_pytorch/lib/python3.12/site-packages/esm/pretrained.py:74: FutureWarning: You are using `torch.load` with `weights_only=False` (the current default value), which uses the default pickle module implicitly. It is possible to construct malicious pickle data which will execute arbitrary code during unpickling (See https://github.com/pytorch/pytorch/blob/main/SECURITY.md#untrusted-models for more details). In a future release, the default value for `weights_only` will be flipped to `True`. This limits the functions that could be executed during unpickling. Arbitrary objects will no longer be allowed to be loaded via this mode unless they are explicitly allowlisted by the user via `torch.serialization.add_safe_globals`. We recommend you start setting `weights_only=True` for any use case where you don't have full control of the loaded file. Please open an issue on GitHub for any issues related to this experimental feature.
  regression_data = torch.load(regression_location, map_location="cpu")
INFO:root:Start Training Model
INFO:root:Train epoch 1 in 445.215676 seconds
INFO:root:Train epoch 2 in 445.472473 seconds
INFO:root:Train epoch 3 in 445.464912 seconds
INFO:root:Train epoch 4 in 445.499236 seconds
INFO:root:Train epoch 5 in 445.449437 seconds
INFO:root:Train epoch 6 in 445.541771 seconds
INFO:root:Train epoch 7 in 445.451917 seconds
INFO:root:Train epoch 8 in 445.462425 seconds
INFO:root:Train epoch 9 in 445.513708 seconds
INFO:root:Train epoch 10 in 445.469791 seconds
INFO:root:Train epoch 11 in 445.459143 seconds
INFO:root:Train epoch 12 in 445.423661 seconds
INFO:root:Train epoch 13 in 445.494291 seconds
INFO:root:Train epoch 14 in 445.455035 seconds
INFO:root:Train epoch 15 in 445.494247 seconds
INFO:root:Train epoch 16 in 445.437216 seconds
INFO:root:Train epoch 17 in 445.409576 seconds
INFO:root:Train epoch 18 in 445.474343 seconds
INFO:root:Train epoch 19 in 445.432948 seconds
INFO:root:Train epoch 20 in 445.467391 seconds
INFO:root:Train epoch 21 in 445.512641 seconds
INFO:root:Train epoch 22 in 445.474723 seconds
INFO:root:Train epoch 23 in 445.470792 seconds
INFO:root:Train epoch 24 in 445.488444 seconds
INFO:root:Train epoch 25 in 445.449728 seconds
INFO:root:Train epoch 26 in 445.457687 seconds
INFO:root:Train epoch 27 in 445.415569 seconds
INFO:root:Train epoch 28 in 445.409386 seconds
INFO:root:Train epoch 29 in 445.457747 seconds
INFO:root:Train epoch 30 in 445.493324 seconds
INFO:root:Train epoch 31 in 445.413209 seconds
INFO:root:Train epoch 32 in 445.433232 seconds
INFO:root:Train epoch 33 in 445.399637 seconds
INFO:root:Finish training and load weight for prediction:/gpfs/fs7/grdi/genarcc/wp1/genomics_unit/IAV/Revision_1/model_weight/transformer_esm/esm2_t12_35M_UR50D_weight/04_HA_Protein_Host/transformer_esm_6.pt
INFO:root:Fold: 7
/gpfs/fs7/grdi/genarcc/common/conda/miniconda3/envs/hai_pytorch/lib/python3.12/site-packages/esm/pretrained.py:70: FutureWarning: You are using `torch.load` with `weights_only=False` (the current default value), which uses the default pickle module implicitly. It is possible to construct malicious pickle data which will execute arbitrary code during unpickling (See https://github.com/pytorch/pytorch/blob/main/SECURITY.md#untrusted-models for more details). In a future release, the default value for `weights_only` will be flipped to `True`. This limits the functions that could be executed during unpickling. Arbitrary objects will no longer be allowed to be loaded via this mode unless they are explicitly allowlisted by the user via `torch.serialization.add_safe_globals`. We recommend you start setting `weights_only=True` for any use case where you don't have full control of the loaded file. Please open an issue on GitHub for any issues related to this experimental feature.
  model_data = torch.load(str(model_location), map_location="cpu")
/gpfs/fs7/grdi/genarcc/common/conda/miniconda3/envs/hai_pytorch/lib/python3.12/site-packages/esm/pretrained.py:74: FutureWarning: You are using `torch.load` with `weights_only=False` (the current default value), which uses the default pickle module implicitly. It is possible to construct malicious pickle data which will execute arbitrary code during unpickling (See https://github.com/pytorch/pytorch/blob/main/SECURITY.md#untrusted-models for more details). In a future release, the default value for `weights_only` will be flipped to `True`. This limits the functions that could be executed during unpickling. Arbitrary objects will no longer be allowed to be loaded via this mode unless they are explicitly allowlisted by the user via `torch.serialization.add_safe_globals`. We recommend you start setting `weights_only=True` for any use case where you don't have full control of the loaded file. Please open an issue on GitHub for any issues related to this experimental feature.
  regression_data = torch.load(regression_location, map_location="cpu")
INFO:root:Start Training Model
INFO:root:Train epoch 1 in 445.314927 seconds
INFO:root:Train epoch 2 in 445.507416 seconds
INFO:root:Train epoch 3 in 445.481439 seconds
INFO:root:Train epoch 4 in 445.458346 seconds
INFO:root:Train epoch 5 in 445.442330 seconds
INFO:root:Train epoch 6 in 445.506831 seconds
INFO:root:Train epoch 7 in 445.480320 seconds
INFO:root:Train epoch 8 in 445.440685 seconds
INFO:root:Train epoch 9 in 445.493242 seconds
INFO:root:Train epoch 10 in 445.442229 seconds
INFO:root:Train epoch 11 in 445.477853 seconds
INFO:root:Train epoch 12 in 445.419907 seconds
INFO:root:Train epoch 13 in 445.431660 seconds
INFO:root:Train epoch 14 in 445.401969 seconds
INFO:root:Train epoch 15 in 445.453534 seconds
INFO:root:Train epoch 16 in 445.365241 seconds
INFO:root:Train epoch 17 in 444.853973 seconds
INFO:root:Finish training and load weight for prediction:/gpfs/fs7/grdi/genarcc/wp1/genomics_unit/IAV/Revision_1/model_weight/transformer_esm/esm2_t12_35M_UR50D_weight/04_HA_Protein_Host/transformer_esm_7.pt
INFO:root:Fold: 8
/gpfs/fs7/grdi/genarcc/common/conda/miniconda3/envs/hai_pytorch/lib/python3.12/site-packages/esm/pretrained.py:70: FutureWarning: You are using `torch.load` with `weights_only=False` (the current default value), which uses the default pickle module implicitly. It is possible to construct malicious pickle data which will execute arbitrary code during unpickling (See https://github.com/pytorch/pytorch/blob/main/SECURITY.md#untrusted-models for more details). In a future release, the default value for `weights_only` will be flipped to `True`. This limits the functions that could be executed during unpickling. Arbitrary objects will no longer be allowed to be loaded via this mode unless they are explicitly allowlisted by the user via `torch.serialization.add_safe_globals`. We recommend you start setting `weights_only=True` for any use case where you don't have full control of the loaded file. Please open an issue on GitHub for any issues related to this experimental feature.
  model_data = torch.load(str(model_location), map_location="cpu")
/gpfs/fs7/grdi/genarcc/common/conda/miniconda3/envs/hai_pytorch/lib/python3.12/site-packages/esm/pretrained.py:74: FutureWarning: You are using `torch.load` with `weights_only=False` (the current default value), which uses the default pickle module implicitly. It is possible to construct malicious pickle data which will execute arbitrary code during unpickling (See https://github.com/pytorch/pytorch/blob/main/SECURITY.md#untrusted-models for more details). In a future release, the default value for `weights_only` will be flipped to `True`. This limits the functions that could be executed during unpickling. Arbitrary objects will no longer be allowed to be loaded via this mode unless they are explicitly allowlisted by the user via `torch.serialization.add_safe_globals`. We recommend you start setting `weights_only=True` for any use case where you don't have full control of the loaded file. Please open an issue on GitHub for any issues related to this experimental feature.
  regression_data = torch.load(regression_location, map_location="cpu")
INFO:root:Start Training Model
INFO:root:Train epoch 1 in 444.654316 seconds
INFO:root:Train epoch 2 in 444.920813 seconds
INFO:root:Train epoch 3 in 444.873930 seconds
INFO:root:Train epoch 4 in 444.839251 seconds
INFO:root:Train epoch 5 in 444.871706 seconds
INFO:root:Train epoch 6 in 444.913002 seconds
INFO:root:Train epoch 7 in 444.830288 seconds
INFO:root:Train epoch 8 in 444.849275 seconds
INFO:root:Train epoch 9 in 444.899705 seconds
INFO:root:Train epoch 10 in 444.859390 seconds
Training data shape: (88072, 586) (88072,)
Test High-quality Data Shape: (36252, 586) (36252,)
Test Low-quality Data Shape (Post 2020): (1222, 586) (1222,)
Number of classes: 3
Fold: 0
Data Shape Before Sampling:  (79264, 586) (79264,)
Subtype/Host: 0 ,count:  44371 ,index count: (array([False,  True]), array([34893, 44371])) ,downsampling:  (16000, 586) (16000,)
Subtype/Host: 1 ,count:  24160 ,index count: (array([False,  True]), array([55104, 24160])) ,downsampling:  (16000, 586) (16000,)
Subtype/Host: 2 ,count:  10733 ,index count: (array([False,  True]), array([68531, 10733])) ,keep:  (10733, 586) (10733,)
CV Train Shape (42733, 586) (42733,)
CV Val Shape (8808, 586) (8808,)
Total Trainable Parameters:  33562837
Total Parameters:  33562837
----Epoch:1----
Training Time : 449.5612533092499
Val Infer Time: 40.32383108139038
BAS Score on Validation Data: 0.9515475540935069
Loss on Validation Data: 0.12748858894127002
Validation loss decreased (inf --> 0.127489).  Saving model ...
----Epoch:2----
Training Time : 444.93158745765686
Val Infer Time: 40.31763672828674
BAS Score on Validation Data: 0.9546392806982764
Loss on Validation Data: 0.1158704161643982
Validation loss decreased (0.127489 --> 0.115870).  Saving model ...
----Epoch:3----
Training Time : 444.8422520160675
Val Infer Time: 40.31858515739441
BAS Score on Validation Data: 0.9574482383236464
Loss on Validation Data: 0.13723806540171304
EarlyStopping counter: 1 out of 7
----Epoch:4----
Training Time : 444.832350730896
Val Infer Time: 40.294766426086426
BAS Score on Validation Data: 0.9631688433616423
Loss on Validation Data: 0.10629781087239583
Validation loss decreased (0.115870 --> 0.106298).  Saving model ...
----Epoch:5----
Training Time : 444.890478849411
Val Infer Time: 40.295217752456665
BAS Score on Validation Data: 0.9598633339815329
Loss on Validation Data: 0.10603630456371584
EarlyStopping counter: 1 out of 7
----Epoch:6----
Training Time : 444.89823150634766
Val Infer Time: 40.31090521812439
BAS Score on Validation Data: 0.9636616115089506
Loss on Validation Data: 0.09846187005008476
Validation loss decreased (0.106298 --> 0.098462).  Saving model ...
----Epoch:7----
Training Time : 444.86085319519043
Val Infer Time: 40.30406641960144
BAS Score on Validation Data: 0.962660279240485
Loss on Validation Data: 0.09135900243468907
Validation loss decreased (0.098462 --> 0.091359).  Saving model ...
----Epoch:8----
Training Time : 444.8658838272095
Val Infer Time: 40.29533815383911
BAS Score on Validation Data: 0.9626476184041035
Loss on Validation Data: 0.09940013289451599
EarlyStopping counter: 1 out of 7
----Epoch:9----
Training Time : 444.9959375858307
Val Infer Time: 40.299858808517456
BAS Score on Validation Data: 0.9646483976004747
Loss on Validation Data: 0.09104902221672777
EarlyStopping counter: 2 out of 7
----Epoch:10----
Training Time : 444.99643898010254
Val Infer Time: 40.29569053649902
BAS Score on Validation Data: 0.964517941905893
Loss on Validation Data: 0.10315251544765804
EarlyStopping counter: 3 out of 7
----Epoch:11----
Training Time : 444.9700040817261
Val Infer Time: 40.305644035339355
BAS Score on Validation Data: 0.9648794525893599
Loss on Validation Data: 0.09512775531713513
EarlyStopping counter: 4 out of 7
----Epoch:12----
Training Time : 444.9283244609833
Val Infer Time: 40.318570613861084
BAS Score on Validation Data: 0.9624279402379848
Loss on Validation Data: 0.08659281246904013
Validation loss decreased (0.091359 --> 0.086593).  Saving model ...
----Epoch:13----
Training Time : 444.8725333213806
Val Infer Time: 40.302727937698364
BAS Score on Validation Data: 0.9638441136452621
Loss on Validation Data: 0.09532254599574683
EarlyStopping counter: 1 out of 7
----Epoch:14----
Training Time : 444.9107027053833
Val Infer Time: 40.30044388771057
BAS Score on Validation Data: 0.9647033363044164
Loss on Validation Data: 0.09001107816246973
EarlyStopping counter: 2 out of 7
----Epoch:15----
Training Time : 444.8473403453827
Val Infer Time: 40.30593538284302
BAS Score on Validation Data: 0.9653836742090824
Loss on Validation Data: 0.09070685765017635
EarlyStopping counter: 3 out of 7
----Epoch:16----
Training Time : 444.9497392177582
Val Infer Time: 40.31270909309387
BAS Score on Validation Data: 0.965647362284025
Loss on Validation Data: 0.0955058442077775
EarlyStopping counter: 4 out of 7
----Epoch:17----
Training Time : 445.2464437484741
Val Infer Time: 40.32911038398743
BAS Score on Validation Data: 0.9654139397102246
Loss on Validation Data: 0.09462847409472949
EarlyStopping counter: 5 out of 7
----Epoch:18----
Training Time : 445.29637575149536
Val Infer Time: 40.33630180358887
BAS Score on Validation Data: 0.9657455857771792
Loss on Validation Data: 0.08826949177444846
EarlyStopping counter: 6 out of 7
----Epoch:19----
Training Time : 445.3350555896759
Val Infer Time: 40.32524085044861
BAS Score on Validation Data: 0.9658987137575678
Loss on Validation Data: 0.09534617459428484
EarlyStopping counter: 7 out of 7
Early Stop
Load the best weight after training: /gpfs/fs7/grdi/genarcc/wp1/genomics_unit/IAV/Revision_1/model_weight/transformer_esm/esm2_t12_35M_UR50D_weight/04_HA_Protein_Host/transformer_esm_0.pt
Inference Test Time: 165.82337856292725
Inference Test Time: 5.617222309112549
High Quality
0.9635609321607079 0.9711234927201575 0.9798764376921066 0.9635609321607079 0.9615633899095295
              precision    recall  f1-score   support

           0       0.99      0.99      0.99     27476
           1       0.98      1.00      0.99      4958
           2       0.98      0.90      0.94      3818

    accuracy                           0.98     36252
   macro avg       0.98      0.96      0.97     36252
weighted avg       0.98      0.98      0.98     36252

Low Quality
0.8848216127036502 0.765633423180593 0.7495681389562434 0.8848216127036502 0.7852505977066455
              precision    recall  f1-score   support

           0       0.99      0.97      0.98      1119
           1       1.00      0.85      0.92        91
           2       0.26      0.83      0.40        12

    accuracy                           0.96      1222
   macro avg       0.75      0.88      0.77      1222
weighted avg       0.98      0.96      0.97      1222


High Quality Post 2020
                     mean  std  sem  count
Model                                     
transformer_esm  0.971123  NaN  NaN      1
                     mean  std  sem  count
Model                                     
transformer_esm  0.963561  NaN  NaN      1
                     mean  std  sem  count
Model                                     
transformer_esm  0.961563  NaN  NaN      1

Low Quality Post 2020
                     mean  std  sem  count
Model                                     
transformer_esm  0.765633  NaN  NaN      1
                     mean  std  sem  count
Model                                     
transformer_esm  0.884822  NaN  NaN      1
                     mean  std  sem  count
Model                                     
transformer_esm  0.785251  NaN  NaN      1
Saving Results
Fold: 1
Data Shape Before Sampling:  (79264, 586) (79264,)
Subtype/Host: 0 ,count:  44371 ,index count: (array([False,  True]), array([34893, 44371])) ,downsampling:  (16000, 586) (16000,)
Subtype/Host: 1 ,count:  24160 ,index count: (array([False,  True]), array([55104, 24160])) ,downsampling:  (16000, 586) (16000,)
Subtype/Host: 2 ,count:  10733 ,index count: (array([False,  True]), array([68531, 10733])) ,keep:  (10733, 586) (10733,)
CV Train Shape (42733, 586) (42733,)
CV Val Shape (8808, 586) (8808,)
Total Trainable Parameters:  33562837
Total Parameters:  33562837
----Epoch:1----
Training Time : 445.1649990081787
Val Infer Time: 40.33042621612549
BAS Score on Validation Data: 0.9365932454873533
Loss on Validation Data: 0.1663354652515356
Validation loss decreased (inf --> 0.166335).  Saving model ...
----Epoch:2----
Training Time : 445.31764817237854
Val Infer Time: 40.357017517089844
BAS Score on Validation Data: 0.9451308316094639
Loss on Validation Data: 0.1885657206825588
EarlyStopping counter: 1 out of 7
----Epoch:3----
Training Time : 445.3925790786743
Val Infer Time: 40.33392643928528
BAS Score on Validation Data: 0.9517912145595208
Loss on Validation Data: 0.12860909752223804
Validation loss decreased (0.166335 --> 0.128609).  Saving model ...
----Epoch:4----
Training Time : 445.39907240867615
Val Infer Time: 40.34539246559143
BAS Score on Validation Data: 0.9540443050080682
Loss on Validation Data: 0.11076848230500153
Validation loss decreased (0.128609 --> 0.110768).  Saving model ...
----Epoch:5----
Training Time : 445.58776783943176
Val Infer Time: 40.33785128593445
BAS Score on Validation Data: 0.9558174885880039
Loss on Validation Data: 0.11545260488123134
EarlyStopping counter: 1 out of 7
----Epoch:6----
Training Time : 445.64769649505615
Val Infer Time: 40.351263999938965
BAS Score on Validation Data: 0.9584203544455628
Loss on Validation Data: 0.11380123703376106
EarlyStopping counter: 2 out of 7
----Epoch:7----
Training Time : 445.5141451358795
Val Infer Time: 40.35454702377319
BAS Score on Validation Data: 0.9582470962061241
Loss on Validation Data: 0.11589843898579694
EarlyStopping counter: 3 out of 7
----Epoch:8----
Training Time : 445.48937582969666
Val Infer Time: 40.35990047454834
BAS Score on Validation Data: 0.9534440516864938
Loss on Validation Data: 0.12849498745323956
EarlyStopping counter: 4 out of 7
----Epoch:9----
Training Time : 445.4523901939392
Val Infer Time: 40.35782432556152
BAS Score on Validation Data: 0.9607546308327412
Loss on Validation Data: 0.11304751405681389
EarlyStopping counter: 5 out of 7
----Epoch:10----
Training Time : 445.448504447937
Val Infer Time: 40.3527672290802
BAS Score on Validation Data: 0.9621684366551032
Loss on Validation Data: 0.10496191550856052
Validation loss decreased (0.110768 --> 0.104962).  Saving model ...
----Epoch:11----
Training Time : 445.4681622982025
Val Infer Time: 40.356868505477905
BAS Score on Validation Data: 0.9602393990581749
Loss on Validation Data: 0.12110628112070802
EarlyStopping counter: 1 out of 7
----Epoch:12----
Training Time : 445.4878742694855
Val Infer Time: 40.364089250564575
BAS Score on Validation Data: 0.9622263229805093
Loss on Validation Data: 0.09670258972091951
Validation loss decreased (0.104962 --> 0.096703).  Saving model ...
----Epoch:13----
Training Time : 445.52653884887695
Val Infer Time: 40.3283154964447
BAS Score on Validation Data: 0.9609122251072314
Loss on Validation Data: 0.09578603700451228
EarlyStopping counter: 1 out of 7
----Epoch:14----
Training Time : 445.5131161212921
Val Infer Time: 40.353572368621826
BAS Score on Validation Data: 0.9606621234305965
Loss on Validation Data: 0.09570545498011769
EarlyStopping counter: 2 out of 7
----Epoch:15----
Training Time : 445.41970777511597
Val Infer Time: 40.35493588447571
BAS Score on Validation Data: 0.9616431934311113
Loss on Validation Data: 0.09794184554746185
EarlyStopping counter: 3 out of 7
----Epoch:16----
Training Time : 445.45195865631104
Val Infer Time: 40.29332256317139
BAS Score on Validation Data: 0.9627594282955654
Loss on Validation Data: 0.09801250253466592
EarlyStopping counter: 4 out of 7
----Epoch:17----
Training Time : 445.4125061035156
Val Infer Time: 40.3614706993103
BAS Score on Validation Data: 0.9661064137739755
Loss on Validation Data: 0.09604552010263222
EarlyStopping counter: 5 out of 7
----Epoch:18----
Training Time : 445.51698637008667
Val Infer Time: 40.33058214187622
BAS Score on Validation Data: 0.9634637224996534
Loss on Validation Data: 0.11835166207258252
EarlyStopping counter: 6 out of 7
----Epoch:19----
Training Time : 445.464439868927
Val Infer Time: 40.3483784198761
BAS Score on Validation Data: 0.9632644988275662
Loss on Validation Data: 0.09311009349598401
Validation loss decreased (0.096703 --> 0.093110).  Saving model ...
----Epoch:20----
Training Time : 445.43173575401306
Val Infer Time: 40.36594772338867
BAS Score on Validation Data: 0.9653438063593786
Loss on Validation Data: 0.09681292644877365
EarlyStopping counter: 1 out of 7
----Epoch:21----
Training Time : 445.4682228565216
Val Infer Time: 40.34990644454956
BAS Score on Validation Data: 0.9659221029467521
Loss on Validation Data: 0.09394566552794498
EarlyStopping counter: 2 out of 7
----Epoch:22----
Training Time : 445.5071098804474
Val Infer Time: 40.335336208343506
BAS Score on Validation Data: 0.9650617967162978
Loss on Validation Data: 0.10392500233391057
EarlyStopping counter: 3 out of 7
----Epoch:23----
Training Time : 445.429607629776
Val Infer Time: 40.352139472961426
BAS Score on Validation Data: 0.9677099564962957
Loss on Validation Data: 0.09879565606082695
EarlyStopping counter: 4 out of 7
----Epoch:24----
Training Time : 445.49849104881287
Val Infer Time: 40.35499835014343
BAS Score on Validation Data: 0.9657512122922288
Loss on Validation Data: 0.09786280552330225
EarlyStopping counter: 5 out of 7
----Epoch:25----
Training Time : 445.4170582294464
Val Infer Time: 40.35632610321045
BAS Score on Validation Data: 0.968256904011227
Loss on Validation Data: 0.1000381713544113
EarlyStopping counter: 6 out of 7
----Epoch:26----
Training Time : 445.48482608795166
Val Infer Time: 40.357489347457886
BAS Score on Validation Data: 0.9677585093488691
Loss on Validation Data: 0.10199953015029863
EarlyStopping counter: 7 out of 7
Early Stop
Load the best weight after training: /gpfs/fs7/grdi/genarcc/wp1/genomics_unit/IAV/Revision_1/model_weight/transformer_esm/esm2_t12_35M_UR50D_weight/04_HA_Protein_Host/transformer_esm_1.pt
Inference Test Time: 165.85904121398926
Inference Test Time: 5.617567539215088
High Quality
0.9673945872758929 0.9700203084669039 0.9730703157763126 0.9673945872758929 0.9595192264133567
              precision    recall  f1-score   support

           0       0.99      0.99      0.99     27476
           1       0.97      1.00      0.99      4958
           2       0.96      0.91      0.93      3818

    accuracy                           0.98     36252
   macro avg       0.97      0.97      0.97     36252
weighted avg       0.98      0.98      0.98     36252

Low Quality
0.9299225498957403 0.628167695194251 0.5632443876522466 0.9299225498957403 0.6083334033846438
              precision    recall  f1-score   support

           0       1.00      0.87      0.93      1119
           1       0.55      1.00      0.71        91
           2       0.14      0.92      0.24        12

    accuracy                           0.88      1222
   macro avg       0.56      0.93      0.63      1222
weighted avg       0.96      0.88      0.91      1222


High Quality Post 2020
                     mean      std       sem  count
Model                                              
transformer_esm  0.970572  0.00078  0.000552      2
                     mean       std       sem  count
Model                                               
transformer_esm  0.965478  0.002711  0.001917      2
                     mean       std       sem  count
Model                                               
transformer_esm  0.960541  0.001445  0.001022      2

Low Quality Post 2020
                     mean       std       sem  count
Model                                               
transformer_esm  0.696901  0.097203  0.068733      2
                     mean       std      sem  count
Model                                              
transformer_esm  0.907372  0.031891  0.02255      2
                     mean       std       sem  count
Model                                               
transformer_esm  0.696792  0.125099  0.088459      2
Saving Results
Fold: 2
Data Shape Before Sampling:  (79265, 586) (79265,)
Subtype/Host: 0 ,count:  44372 ,index count: (array([False,  True]), array([34893, 44372])) ,downsampling:  (16000, 586) (16000,)
Subtype/Host: 1 ,count:  24160 ,index count: (array([False,  True]), array([55105, 24160])) ,downsampling:  (16000, 586) (16000,)
Subtype/Host: 2 ,count:  10733 ,index count: (array([False,  True]), array([68532, 10733])) ,keep:  (10733, 586) (10733,)
CV Train Shape (42733, 586) (42733,)
CV Val Shape (8807, 586) (8807,)
Total Trainable Parameters:  33562837
Total Parameters:  33562837
----Epoch:1----
Training Time : 445.2919044494629
Val Infer Time: 40.34180188179016
BAS Score on Validation Data: 0.9444931514551808
Loss on Validation Data: 0.16448579318281534
Validation loss decreased (inf --> 0.164486).  Saving model ...
----Epoch:2----
Training Time : 445.4392673969269
Val Infer Time: 40.36213946342468
BAS Score on Validation Data: 0.9595135041316435
Loss on Validation Data: 0.1454620065127054
Validation loss decreased (0.164486 --> 0.145462).  Saving model ...
----Epoch:3----
Training Time : 445.47257828712463
Val Infer Time: 40.34268879890442
BAS Score on Validation Data: 0.9495049359245856
Loss on Validation Data: 0.17853248589064763
EarlyStopping counter: 1 out of 7
----Epoch:4----
Training Time : 445.4791076183319
Val Infer Time: 40.33275389671326
BAS Score on Validation Data: 0.9537536329775079
Loss on Validation Data: 0.1953189101583068
EarlyStopping counter: 2 out of 7
----Epoch:5----
Training Time : 445.37992882728577
Val Infer Time: 40.33191227912903
BAS Score on Validation Data: 0.9587706652841327
Loss on Validation Data: 0.11103072854946705
Validation loss decreased (0.145462 --> 0.111031).  Saving model ...
----Epoch:6----
Training Time : 445.37314009666443
Val Infer Time: 40.325857639312744
BAS Score on Validation Data: 0.9638711549129858
Loss on Validation Data: 0.12699842828231445
EarlyStopping counter: 1 out of 7
----Epoch:7----
Training Time : 445.43965578079224
Val Infer Time: 40.34305286407471
BAS Score on Validation Data: 0.9618926731708329
Loss on Validation Data: 0.11141837161520253
EarlyStopping counter: 2 out of 7
----Epoch:8----
Training Time : 445.4111626148224
Val Infer Time: 40.31698298454285
BAS Score on Validation Data: 0.9637851635620368
Loss on Validation Data: 0.12673716355061185
EarlyStopping counter: 3 out of 7
----Epoch:9----
Training Time : 445.36715483665466
Val Infer Time: 40.345256328582764
BAS Score on Validation Data: 0.9637425082217242
Loss on Validation Data: 0.11323640638611455
EarlyStopping counter: 4 out of 7
----Epoch:10----
Training Time : 445.35631823539734
Val Infer Time: 40.3361599445343
BAS Score on Validation Data: 0.964117822697963
Loss on Validation Data: 0.11937753143517868
EarlyStopping counter: 5 out of 7
----Epoch:11----
Training Time : 445.3918011188507
Val Infer Time: 40.33997631072998
BAS Score on Validation Data: 0.9659139223970087
Loss on Validation Data: 0.09853173166081525
Validation loss decreased (0.111031 --> 0.098532).  Saving model ...
----Epoch:12----
Training Time : 445.3837080001831
Val Infer Time: 40.35198950767517
BAS Score on Validation Data: 0.9625195705393614
Loss on Validation Data: 0.11480476057656325
EarlyStopping counter: 1 out of 7
----Epoch:13----
Training Time : 445.45529103279114
Val Infer Time: 40.33726358413696
BAS Score on Validation Data: 0.9633217405163547
Loss on Validation Data: 0.0996922825942275
EarlyStopping counter: 2 out of 7
----Epoch:14----
Training Time : 445.40412616729736
Val Infer Time: 40.309502601623535
BAS Score on Validation Data: 0.9659042413298846
Loss on Validation Data: 0.09454564253489177
Validation loss decreased (0.098532 --> 0.094546).  Saving model ...
----Epoch:15----
Training Time : 445.39517736434937
Val Infer Time: 40.34250783920288
BAS Score on Validation Data: 0.9657878849419896
Loss on Validation Data: 0.09534754492072524
EarlyStopping counter: 1 out of 7
----Epoch:16----
Training Time : 445.3738145828247
Val Infer Time: 40.27928900718689
BAS Score on Validation Data: 0.9677044658234925
Loss on Validation Data: 0.09306072987670051
Validation loss decreased (0.094546 --> 0.093061).  Saving model ...
----Epoch:17----
Training Time : 445.3305847644806
Val Infer Time: 40.326005697250366
BAS Score on Validation Data: 0.9627551583128052
Loss on Validation Data: 0.10399213494678987
EarlyStopping counter: 1 out of 7
----Epoch:18----
Training Time : 445.4201033115387
Val Infer Time: 40.316635608673096
BAS Score on Validation Data: 0.9685433919979891
Loss on Validation Data: 0.09596994094064702
EarlyStopping counter: 2 out of 7
----Epoch:19----
Training Time : 445.3540165424347
Val Infer Time: 40.333707094192505
BAS Score on Validation Data: 0.9599222077899832
Loss on Validation Data: 0.10802684803965731
EarlyStopping counter: 3 out of 7
----Epoch:20----
Training Time : 445.37123441696167
Val Infer Time: 40.362102031707764
BAS Score on Validation Data: 0.9664727144955916
Loss on Validation Data: 0.09653662463002231
EarlyStopping counter: 4 out of 7
----Epoch:21----
Training Time : 445.4413800239563
Val Infer Time: 40.343743562698364
BAS Score on Validation Data: 0.968479294908695
Loss on Validation Data: 0.10309628212311561
EarlyStopping counter: 5 out of 7
----Epoch:22----
Training Time : 445.4926505088806
Val Infer Time: 40.35590219497681
BAS Score on Validation Data: 0.9678424507116309
Loss on Validation Data: 0.09210863255936166
EarlyStopping counter: 6 out of 7
----Epoch:23----
Training Time : 445.4543242454529
Val Infer Time: 40.3545458316803
BAS Score on Validation Data: 0.9652651307668251
Loss on Validation Data: 0.09426343829735466
EarlyStopping counter: 7 out of 7
Early Stop
Load the best weight after training: /gpfs/fs7/grdi/genarcc/wp1/genomics_unit/IAV/Revision_1/model_weight/transformer_esm/esm2_t12_35M_UR50D_weight/04_HA_Protein_Host/transformer_esm_2.pt
Inference Test Time: 165.9017527103424
Inference Test Time: 5.619426012039185
High Quality
0.9709786018387198 0.9652480168203134 0.9596716160264832 0.9709786018387198 0.9524620562769271
              precision    recall  f1-score   support

           0       0.99      0.99      0.99     27476
           1       0.98      1.00      0.99      4958
           2       0.91      0.93      0.92      3818

    accuracy                           0.98     36252
   macro avg       0.96      0.97      0.97     36252
weighted avg       0.98      0.98      0.98     36252

Low Quality
0.9361781352397974 0.6722715752154854 0.636904761904762 0.9361781352397974 0.6513299184336504
              precision    recall  f1-score   support

           0       1.00      0.89      0.94      1119
           1       0.81      1.00      0.90        91
           2       0.10      0.92      0.18        12

    accuracy                           0.90      1222
   macro avg       0.64      0.94      0.67      1222
weighted avg       0.98      0.90      0.93      1222


High Quality Post 2020
                     mean       std       sem  count
Model                                               
transformer_esm  0.968797  0.003123  0.001803      3
                     mean      std       sem  count
Model                                              
transformer_esm  0.967311  0.00371  0.002142      3
                     mean       std       sem  count
Model                                               
transformer_esm  0.957848  0.004775  0.002757      3

Low Quality Post 2020
                     mean       std       sem  count
Model                                               
transformer_esm  0.688691  0.070188  0.040523      3
                     mean      std       sem  count
Model                                              
transformer_esm  0.916974  0.02802  0.016177      3
                     mean       std       sem  count
Model                                               
transformer_esm  0.681638  0.092271  0.053272      3
Saving Results
Fold: 3
Data Shape Before Sampling:  (79265, 586) (79265,)
Subtype/Host: 0 ,count:  44372 ,index count: (array([False,  True]), array([34893, 44372])) ,downsampling:  (16000, 586) (16000,)
Subtype/Host: 1 ,count:  24160 ,index count: (array([False,  True]), array([55105, 24160])) ,downsampling:  (16000, 586) (16000,)
Subtype/Host: 2 ,count:  10733 ,index count: (array([False,  True]), array([68532, 10733])) ,keep:  (10733, 586) (10733,)
CV Train Shape (42733, 586) (42733,)
CV Val Shape (8807, 586) (8807,)
Total Trainable Parameters:  33562837
Total Parameters:  33562837
----Epoch:1----
Training Time : 445.2712037563324
Val Infer Time: 40.33917832374573
BAS Score on Validation Data: 0.952081642167563
Loss on Validation Data: 0.16145120989666253
Validation loss decreased (inf --> 0.161451).  Saving model ...
----Epoch:2----
Training Time : 445.5568549633026
Val Infer Time: 40.36590576171875
BAS Score on Validation Data: 0.9564386262215487
Loss on Validation Data: 0.16055821533571335
EarlyStopping counter: 1 out of 7
----Epoch:3----
Training Time : 445.49513959884644
Val Infer Time: 40.340068340301514
BAS Score on Validation Data: 0.9651480165997702
Loss on Validation Data: 0.1218152000548561
Validation loss decreased (0.161451 --> 0.121815).  Saving model ...
----Epoch:4----
Training Time : 445.4852502346039
Val Infer Time: 40.340059757232666
BAS Score on Validation Data: 0.9641422885920997
Loss on Validation Data: 0.09370741488385027
Validation loss decreased (0.121815 --> 0.093707).  Saving model ...
----Epoch:5----
Training Time : 445.48376870155334
Val Infer Time: 40.33680963516235
BAS Score on Validation Data: 0.966469424589025
Loss on Validation Data: 0.1017226106689676
EarlyStopping counter: 1 out of 7
----Epoch:6----
Training Time : 445.4748523235321
Val Infer Time: 40.311715841293335
BAS Score on Validation Data: 0.9643340483371587
Loss on Validation Data: 0.09209666186538727
Validation loss decreased (0.093707 --> 0.092097).  Saving model ...
----Epoch:7----
Training Time : 445.5224280357361
Val Infer Time: 40.34173250198364
BAS Score on Validation Data: 0.9696439575357374
Loss on Validation Data: 0.09413295583394558
EarlyStopping counter: 1 out of 7
----Epoch:8----
Training Time : 445.50126910209656
Val Infer Time: 40.34905195236206
BAS Score on Validation Data: 0.9675512366241837
Loss on Validation Data: 0.10085264342310636
EarlyStopping counter: 2 out of 7
----Epoch:9----
Training Time : 445.4826204776764
Val Infer Time: 40.36683487892151
BAS Score on Validation Data: 0.9693643154775718
Loss on Validation Data: 0.0948038752042297
EarlyStopping counter: 3 out of 7
----Epoch:10----
Training Time : 445.4871985912323
Val Infer Time: 40.34662938117981
BAS Score on Validation Data: 0.9639099907252224
Loss on Validation Data: 0.08590556255987157
Validation loss decreased (0.092097 --> 0.085906).  Saving model ...
----Epoch:11----
Training Time : 445.51905965805054
Val Infer Time: 40.35084056854248
BAS Score on Validation Data: 0.9670536666172409
Loss on Validation Data: 0.08507893770339264
EarlyStopping counter: 1 out of 7
----Epoch:12----
Training Time : 445.51251220703125
Val Infer Time: 40.363422870635986
BAS Score on Validation Data: 0.9669860533650435
Loss on Validation Data: 0.10569320927522537
EarlyStopping counter: 2 out of 7
----Epoch:13----
Training Time : 445.5643062591553
Val Infer Time: 40.34375023841858
BAS Score on Validation Data: 0.9708760842674762
Loss on Validation Data: 0.09181244026167669
EarlyStopping counter: 3 out of 7
----Epoch:14----
Training Time : 445.52347135543823
Val Infer Time: 40.347241163253784
BAS Score on Validation Data: 0.969868465297648
Loss on Validation Data: 0.08692476454366377
EarlyStopping counter: 4 out of 7
----Epoch:15----
Training Time : 445.47399854660034
Val Infer Time: 40.33204460144043
BAS Score on Validation Data: 0.9713342888406732
Loss on Validation Data: 0.08400454242592273
Validation loss decreased (0.085906 --> 0.084005).  Saving model ...
----Epoch:16----
Training Time : 445.46540784835815
Val Infer Time: 40.28747224807739
BAS Score on Validation Data: 0.9620625902009653
Loss on Validation Data: 0.13442038943100235
EarlyStopping counter: 1 out of 7
----Epoch:17----
Training Time : 445.4689643383026
Val Infer Time: 40.35277962684631
BAS Score on Validation Data: 0.9718370397163403
Loss on Validation Data: 0.0848209280250729
EarlyStopping counter: 2 out of 7
----Epoch:18----
Training Time : 445.4892373085022
Val Infer Time: 40.320656299591064
BAS Score on Validation Data: 0.9669663139256436
Loss on Validation Data: 0.12653352611738702
EarlyStopping counter: 3 out of 7
----Epoch:19----
Training Time : 445.4777090549469
Val Infer Time: 40.33819365501404
BAS Score on Validation Data: 0.9727195281578102
Loss on Validation Data: 0.08189020427348821
Validation loss decreased (0.084005 --> 0.081890).  Saving model ...
----Epoch:20----
Training Time : 445.4998550415039
Val Infer Time: 40.36107587814331
BAS Score on Validation Data: 0.9670758266403076
Loss on Validation Data: 0.07757304485995269
Validation loss decreased (0.081890 --> 0.077573).  Saving model ...
----Epoch:21----
Training Time : 445.44627261161804
Val Infer Time: 40.34236693382263
BAS Score on Validation Data: 0.9711024829915443
Loss on Validation Data: 0.08381849295203236
EarlyStopping counter: 1 out of 7
----Epoch:22----
Training Time : 445.51663088798523
Val Infer Time: 40.354113817214966
BAS Score on Validation Data: 0.9713618559888008
Loss on Validation Data: 0.08635207350649264
EarlyStopping counter: 2 out of 7
----Epoch:23----
Training Time : 445.46232628822327
Val Infer Time: 40.32131838798523
BAS Score on Validation Data: 0.9721915931139216
Loss on Validation Data: 0.08728248119840155
EarlyStopping counter: 3 out of 7
----Epoch:24----
Training Time : 445.5383212566376
Val Infer Time: 40.3482506275177
BAS Score on Validation Data: 0.9726794820537403
Loss on Validation Data: 0.08441214916714723
EarlyStopping counter: 4 out of 7
----Epoch:25----
Training Time : 445.3594856262207
Val Infer Time: 40.33699011802673
BAS Score on Validation Data: 0.9735773244488067
Loss on Validation Data: 0.09197180886226504
EarlyStopping counter: 5 out of 7
----Epoch:26----
Training Time : 445.44241547584534
Val Infer Time: 40.34426236152649
BAS Score on Validation Data: 0.9714662324099853
Loss on Validation Data: 0.08390325480613156
EarlyStopping counter: 6 out of 7
----Epoch:27----
Training Time : 445.4127640724182
Val Infer Time: 40.33284640312195
BAS Score on Validation Data: 0.9724017309577322
Loss on Validation Data: 0.0936403028410522
EarlyStopping counter: 7 out of 7
Early Stop
Load the best weight after training: /gpfs/fs7/grdi/genarcc/wp1/genomics_unit/IAV/Revision_1/model_weight/transformer_esm/esm2_t12_35M_UR50D_weight/04_HA_Protein_Host/transformer_esm_3.pt
Inference Test Time: 165.85706543922424
Inference Test Time: 5.618187189102173
High Quality
0.9649430930588531 0.9707832182480902 0.9774939124752589 0.9649430930588531 0.9608916306768188
              precision    recall  f1-score   support

           0       0.99      0.99      0.99     27476
           1       0.98      1.00      0.99      4958
           2       0.97      0.90      0.93      3818

    accuracy                           0.98     36252
   macro avg       0.98      0.96      0.97     36252
weighted avg       0.98      0.98      0.98     36252

Low Quality
0.9122728626750075 0.7846665529592358 0.7263260157633308 0.9122728626750075 0.6565167596214652
              precision    recall  f1-score   support

           0       1.00      0.90      0.95      1119
           1       0.47      1.00      0.64        91
           2       0.71      0.83      0.77        12

    accuracy                           0.91      1222
   macro avg       0.73      0.91      0.78      1222
weighted avg       0.96      0.91      0.92      1222


High Quality Post 2020
                     mean       std       sem  count
Model                                               
transformer_esm  0.969294  0.002736  0.001368      4
                     mean       std       sem  count
Model                                               
transformer_esm  0.966719  0.003252  0.001626      4
                     mean       std       sem  count
Model                                               
transformer_esm  0.958609  0.004185  0.002093      4

Low Quality Post 2020
                     mean       std       sem  count
Model                                               
transformer_esm  0.712685  0.074747  0.037373      4
                     mean       std       sem  count
Model                                               
transformer_esm  0.915799  0.022999  0.011499      4
                     mean       std       sem  count
Model                                               
transformer_esm  0.675358  0.076378  0.038189      4
Saving Results
Fold: 4
Data Shape Before Sampling:  (79265, 586) (79265,)
Subtype/Host: 0 ,count:  44372 ,index count: (array([False,  True]), array([34893, 44372])) ,downsampling:  (16000, 586) (16000,)
Subtype/Host: 1 ,count:  24160 ,index count: (array([False,  True]), array([55105, 24160])) ,downsampling:  (16000, 586) (16000,)
Subtype/Host: 2 ,count:  10733 ,index count: (array([False,  True]), array([68532, 10733])) ,keep:  (10733, 586) (10733,)
CV Train Shape (42733, 586) (42733,)
CV Val Shape (8807, 586) (8807,)
Total Trainable Parameters:  33562837
Total Parameters:  33562837
----Epoch:1----
Training Time : 445.21900057792664
Val Infer Time: 40.313554525375366
BAS Score on Validation Data: 0.9361422711084635
Loss on Validation Data: 0.19037682768227399
Validation loss decreased (inf --> 0.190377).  Saving model ...
----Epoch:2----
Training Time : 445.4713361263275
Val Infer Time: 40.36270880699158
BAS Score on Validation Data: 0.9341852431569458
Loss on Validation Data: 0.1875336814361314
Validation loss decreased (0.190377 --> 0.187534).  Saving model ...
----Epoch:3----
Training Time : 445.4609522819519
Val Infer Time: 40.3364417552948
BAS Score on Validation Data: 0.9531118360693703
Loss on Validation Data: 0.11858063961203763
Validation loss decreased (0.187534 --> 0.118581).  Saving model ...
----Epoch:4----
Training Time : 445.4834291934967
Val Infer Time: 40.33830666542053
BAS Score on Validation Data: 0.958028544710707
Loss on Validation Data: 0.13047075715671846
EarlyStopping counter: 1 out of 7
----Epoch:5----
Training Time : 445.46599197387695
Val Infer Time: 40.3380069732666
BAS Score on Validation Data: 0.9562807732384462
Loss on Validation Data: 0.1520225331592171
EarlyStopping counter: 2 out of 7
----Epoch:6----
Training Time : 445.4624910354614
Val Infer Time: 40.33272361755371
BAS Score on Validation Data: 0.9571036271852612
Loss on Validation Data: 0.10695761039961076
Validation loss decreased (0.118581 --> 0.106958).  Saving model ...
----Epoch:7----
Training Time : 445.4829158782959
Val Infer Time: 40.348087310791016
BAS Score on Validation Data: 0.9589664332098434
Loss on Validation Data: 0.11686390233428581
EarlyStopping counter: 1 out of 7
----Epoch:8----
Training Time : 445.4626307487488
Val Infer Time: 40.34483456611633
BAS Score on Validation Data: 0.9573451141015142
Loss on Validation Data: 0.10683445500182932
EarlyStopping counter: 2 out of 7
----Epoch:9----
Training Time : 445.405553817749
Val Infer Time: 40.32706880569458
BAS Score on Validation Data: 0.9610461831477064
Loss on Validation Data: 0.10880370338217936
EarlyStopping counter: 3 out of 7
----Epoch:10----
Training Time : 445.40998244285583
Val Infer Time: 40.341941356658936
BAS Score on Validation Data: 0.960794866016828
Loss on Validation Data: 0.1087779862050345
EarlyStopping counter: 4 out of 7
----Epoch:11----
Training Time : 445.4560067653656
Val Infer Time: 40.34728407859802
BAS Score on Validation Data: 0.959503557303108
Loss on Validation Data: 0.11546924892278132
EarlyStopping counter: 5 out of 7
----Epoch:12----
Training Time : 445.42104268074036
Val Infer Time: 40.35634779930115
BAS Score on Validation Data: 0.9598729726365375
Loss on Validation Data: 0.09981274743820878
Validation loss decreased (0.106958 --> 0.099813).  Saving model ...
----Epoch:13----
Training Time : 445.5269637107849
Val Infer Time: 40.343318700790405
BAS Score on Validation Data: 0.9613570251308131
Loss on Validation Data: 0.10810156276220105
EarlyStopping counter: 1 out of 7
----Epoch:14----
Training Time : 445.5065577030182
Val Infer Time: 40.345887899398804
BAS Score on Validation Data: 0.9631389040592602
Loss on Validation Data: 0.10352178174745885
EarlyStopping counter: 2 out of 7
----Epoch:15----
Training Time : 445.4078838825226
Val Infer Time: 40.31076455116272
BAS Score on Validation Data: 0.9610770402024005
Loss on Validation Data: 0.10110781426824954
EarlyStopping counter: 3 out of 7
----Epoch:16----
Training Time : 445.4540181159973
Val Infer Time: 40.28546690940857
BAS Score on Validation Data: 0.964377461456631
Loss on Validation Data: 0.1038926844012694
EarlyStopping counter: 4 out of 7
----Epoch:17----
Training Time : 445.39256715774536
Val Infer Time: 40.35401678085327
BAS Score on Validation Data: 0.9639472389404741
Loss on Validation Data: 0.11283345235025753
EarlyStopping counter: 5 out of 7
----Epoch:18----
Training Time : 445.4940969944
Val Infer Time: 40.30358624458313
BAS Score on Validation Data: 0.9645343559663441
Loss on Validation Data: 0.10540551729365319
EarlyStopping counter: 6 out of 7
----Epoch:19----
Training Time : 445.4277448654175
Val Infer Time: 40.33859372138977
BAS Score on Validation Data: 0.9643350323726553
Loss on Validation Data: 0.10279394505356533
EarlyStopping counter: 7 out of 7
Early Stop
Load the best weight after training: /gpfs/fs7/grdi/genarcc/wp1/genomics_unit/IAV/Revision_1/model_weight/transformer_esm/esm2_t12_35M_UR50D_weight/04_HA_Protein_Host/transformer_esm_4.pt
Inference Test Time: 165.91502213478088
Inference Test Time: 5.618556022644043
High Quality
0.9233136879058127 0.8430869365477491 0.8128754525031593 0.9233136879058127 0.7669678512589354
              precision    recall  f1-score   support

           0       0.99      0.86      0.92     27476
           1       0.98      1.00      0.99      4958
           2       0.47      0.92      0.62      3818

    accuracy                           0.88     36252
   macro avg       0.81      0.92      0.84     36252
weighted avg       0.93      0.88      0.90     36252

Low Quality
0.922773309502532 0.6375696812183658 0.6069105237723506 0.922773309502532 0.5875866023126219
              precision    recall  f1-score   support

           0       1.00      0.85      0.92      1119
           1       0.75      1.00      0.85        91
           2       0.07      0.92      0.14        12

    accuracy                           0.86      1222
   macro avg       0.61      0.92      0.64      1222
weighted avg       0.97      0.86      0.91      1222


High Quality Post 2020
                     mean       std       sem  count
Model                                               
transformer_esm  0.944052  0.056491  0.025264      5
                     mean       std       sem  count
Model                                               
transformer_esm  0.958038  0.019615  0.008772      5
                     mean       std       sem  count
Model                                               
transformer_esm  0.920281  0.085781  0.038363      5

Low Quality Post 2020
                     mean      std       sem  count
Model                                              
transformer_esm  0.697662  0.07293  0.032615      5
                     mean      std       sem  count
Model                                              
transformer_esm  0.917194  0.02016  0.009016      5
                     mean       std       sem  count
Model                                               
transformer_esm  0.657803  0.076916  0.034398      5
Saving Results
Fold: 5
Data Shape Before Sampling:  (79265, 586) (79265,)
Subtype/Host: 0 ,count:  44372 ,index count: (array([False,  True]), array([34893, 44372])) ,downsampling:  (16000, 586) (16000,)
Subtype/Host: 1 ,count:  24161 ,index count: (array([False,  True]), array([55104, 24161])) ,downsampling:  (16000, 586) (16000,)
Subtype/Host: 2 ,count:  10732 ,index count: (array([False,  True]), array([68533, 10732])) ,keep:  (10732, 586) (10732,)
CV Train Shape (42732, 586) (42732,)
CV Val Shape (8807, 586) (8807,)
Total Trainable Parameters:  33562837
Total Parameters:  33562837
----Epoch:1----
Training Time : 445.1982011795044
Val Infer Time: 40.34333920478821
BAS Score on Validation Data: 0.9407463881881427
Loss on Validation Data: 0.14712412609124853
Validation loss decreased (inf --> 0.147124).  Saving model ...
----Epoch:2----
Training Time : 445.5176384449005
Val Infer Time: 40.34579586982727
BAS Score on Validation Data: 0.9538016074151322
Loss on Validation Data: 0.15760640969391967
EarlyStopping counter: 1 out of 7
----Epoch:3----
Training Time : 445.45856165885925
Val Infer Time: 40.33443903923035
BAS Score on Validation Data: 0.9565275366159504
Loss on Validation Data: 0.14727791927862857
EarlyStopping counter: 2 out of 7
----Epoch:4----
Training Time : 445.4312434196472
Val Infer Time: 40.33996319770813
BAS Score on Validation Data: 0.9559687213044109
Loss on Validation Data: 0.14256841456517577
Validation loss decreased (0.147124 --> 0.142568).  Saving model ...
----Epoch:5----
Training Time : 445.45019125938416
Val Infer Time: 40.3483510017395
BAS Score on Validation Data: 0.9555106809081958
Loss on Validation Data: 0.12677327927583287
Validation loss decreased (0.142568 --> 0.126773).  Saving model ...
----Epoch:6----
Training Time : 445.5347385406494
Val Infer Time: 40.341511487960815
BAS Score on Validation Data: 0.9552755862881707
Loss on Validation Data: 0.1138982088545479
Validation loss decreased (0.126773 --> 0.113898).  Saving model ...
----Epoch:7----
Training Time : 445.4117362499237
Val Infer Time: 40.345481634140015
BAS Score on Validation Data: 0.9581551853920258
Loss on Validation Data: 0.11024058235394162
Validation loss decreased (0.113898 --> 0.110241).  Saving model ...
----Epoch:8----
Training Time : 445.41315054893494
Val Infer Time: 40.33657908439636
BAS Score on Validation Data: 0.9542931821694864
Loss on Validation Data: 0.11931633153311112
EarlyStopping counter: 1 out of 7
----Epoch:9----
Training Time : 445.39863562583923
Val Infer Time: 40.3117938041687
BAS Score on Validation Data: 0.9559696281041051
Loss on Validation Data: 0.10775160878994569
Validation loss decreased (0.110241 --> 0.107752).  Saving model ...
----Epoch:10----
Training Time : 445.4038562774658
Val Infer Time: 40.34994649887085
BAS Score on Validation Data: 0.9618142749524465
Loss on Validation Data: 0.10866241721669212
EarlyStopping counter: 1 out of 7
----Epoch:11----
Training Time : 445.44736886024475
Val Infer Time: 40.344725370407104
BAS Score on Validation Data: 0.9606111956887364
Loss on Validation Data: 0.11206034344175587
EarlyStopping counter: 2 out of 7
----Epoch:12----
Training Time : 445.4245014190674
Val Infer Time: 40.33519244194031
BAS Score on Validation Data: 0.9593493839142825
Loss on Validation Data: 0.11066195590904934
EarlyStopping counter: 3 out of 7
----Epoch:13----
Training Time : 445.441853761673
Val Infer Time: 40.341516733169556
BAS Score on Validation Data: 0.9592410213508277
Loss on Validation Data: 0.10842824759690659
EarlyStopping counter: 4 out of 7
----Epoch:14----
Training Time : 445.4108703136444
Val Infer Time: 40.34651064872742
BAS Score on Validation Data: 0.9609981934051662
Loss on Validation Data: 0.1084988570115799
EarlyStopping counter: 5 out of 7
----Epoch:15----
Training Time : 445.4686448574066
Val Infer Time: 40.34127998352051
BAS Score on Validation Data: 0.9625621185557875
Loss on Validation Data: 0.12099766737430953
EarlyStopping counter: 6 out of 7
----Epoch:16----
Training Time : 445.38247632980347
Val Infer Time: 40.34051847457886
BAS Score on Validation Data: 0.9623683677430751
Loss on Validation Data: 0.1079871874634578
EarlyStopping counter: 7 out of 7
Early Stop
Load the best weight after training: /gpfs/fs7/grdi/genarcc/wp1/genomics_unit/IAV/Revision_1/model_weight/transformer_esm/esm2_t12_35M_UR50D_weight/04_HA_Protein_Host/transformer_esm_5.pt
Inference Test Time: 165.89359068870544
Inference Test Time: 5.6181511878967285
High Quality
0.9609920634654476 0.9661480968629051 0.9718637456769895 0.9609920634654476 0.9556174998476433
              precision    recall  f1-score   support

           0       0.99      0.99      0.99     27476
           1       0.98      0.99      0.98      4958
           2       0.95      0.90      0.92      3818

    accuracy                           0.98     36252
   macro avg       0.97      0.96      0.97     36252
weighted avg       0.98      0.98      0.98     36252

Low Quality
0.9373696753053321 0.6642085232945955 0.6131682610472048 0.9373696753053321 0.6525991619090636
              precision    recall  f1-score   support

           0       1.00      0.90      0.94      1119
           1       0.72      1.00      0.84        91
           2       0.12      0.92      0.21        12

    accuracy                           0.90      1222
   macro avg       0.61      0.94      0.66      1222
weighted avg       0.97      0.90      0.93      1222


High Quality Post 2020
                     mean       std       sem  count
Model                                               
transformer_esm  0.947735  0.051326  0.020954      6
                    mean       std       sem  count
Model                                              
transformer_esm  0.95853  0.017585  0.007179      6
                    mean       std       sem  count
Model                                              
transformer_esm  0.92617  0.078069  0.031872      6

Low Quality Post 2020
                     mean       std       sem  count
Model                                               
transformer_esm  0.692086  0.066645  0.027208      6
                     mean       std       sem  count
Model                                               
transformer_esm  0.920556  0.019824  0.008093      6
                     mean       std       sem  count
Model                                               
transformer_esm  0.656936  0.068828  0.028099      6
Saving Results
Fold: 6
Data Shape Before Sampling:  (79265, 586) (79265,)
Subtype/Host: 0 ,count:  44372 ,index count: (array([False,  True]), array([34893, 44372])) ,downsampling:  (16000, 586) (16000,)
Subtype/Host: 1 ,count:  24161 ,index count: (array([False,  True]), array([55104, 24161])) ,downsampling:  (16000, 586) (16000,)
Subtype/Host: 2 ,count:  10732 ,index count: (array([False,  True]), array([68533, 10732])) ,keep:  (10732, 586) (10732,)
CV Train Shape (42732, 586) (42732,)
CV Val Shape (8807, 586) (8807,)
Total Trainable Parameters:  33562837
Total Parameters:  33562837
----Epoch:1----
Training Time : 445.2156755924225
Val Infer Time: 40.346213579177856
BAS Score on Validation Data: 0.9498595162787679
Loss on Validation Data: 0.17845319467259274
Validation loss decreased (inf --> 0.178453).  Saving model ...
----Epoch:2----
Training Time : 445.4724726676941
Val Infer Time: 40.34550595283508
BAS Score on Validation Data: 0.9588526129257081
Loss on Validation Data: 0.12721508950588928
Validation loss decreased (0.178453 --> 0.127215).  Saving model ...
----Epoch:3----
Training Time : 445.4649119377136
Val Infer Time: 40.357367753982544
BAS Score on Validation Data: 0.9541040934863118
Loss on Validation Data: 0.1283617752664925
EarlyStopping counter: 1 out of 7
----Epoch:4----
Training Time : 445.4992356300354
Val Infer Time: 40.34627079963684
BAS Score on Validation Data: 0.9634866365720492
Loss on Validation Data: 0.11168984633505992
Validation loss decreased (0.127215 --> 0.111690).  Saving model ...
----Epoch:5----
Training Time : 445.44943714141846
Val Infer Time: 40.354398250579834
BAS Score on Validation Data: 0.957768187675596
Loss on Validation Data: 0.11472006589579194
EarlyStopping counter: 1 out of 7
----Epoch:6----
Training Time : 445.54177069664
Val Infer Time: 40.35086226463318
BAS Score on Validation Data: 0.9621124383104975
Loss on Validation Data: 0.09999162501628524
Validation loss decreased (0.111690 --> 0.099992).  Saving model ...
----Epoch:7----
Training Time : 445.45191740989685
Val Infer Time: 40.35360360145569
BAS Score on Validation Data: 0.9429153835854307
Loss on Validation Data: 0.23042392633531406
EarlyStopping counter: 1 out of 7
----Epoch:8----
Training Time : 445.4624252319336
Val Infer Time: 40.32240152359009
BAS Score on Validation Data: 0.9633961833025545
Loss on Validation Data: 0.11100039712787754
EarlyStopping counter: 2 out of 7
----Epoch:9----
Training Time : 445.51370763778687
Val Infer Time: 40.347161293029785
BAS Score on Validation Data: 0.9643566542036357
Loss on Validation Data: 0.10379494254922737
EarlyStopping counter: 3 out of 7
----Epoch:10----
Training Time : 445.46979117393494
Val Infer Time: 40.359816789627075
BAS Score on Validation Data: 0.9653769560205113
Loss on Validation Data: 0.10716691566968634
EarlyStopping counter: 4 out of 7
----Epoch:11----
Training Time : 445.4591431617737
Val Infer Time: 40.347825050354004
BAS Score on Validation Data: 0.9654287390890199
Loss on Validation Data: 0.09897094918668027
Validation loss decreased (0.099992 --> 0.098971).  Saving model ...
----Epoch:12----
Training Time : 445.4236614704132
Val Infer Time: 40.344332695007324
BAS Score on Validation Data: 0.9619895521708305
Loss on Validation Data: 0.09787793636349017
Validation loss decreased (0.098971 --> 0.097878).  Saving model ...
----Epoch:13----
Training Time : 445.49429082870483
Val Infer Time: 40.356451988220215
BAS Score on Validation Data: 0.9641578383706862
Loss on Validation Data: 0.0982677607520389
EarlyStopping counter: 1 out of 7
----Epoch:14----
Training Time : 445.45503544807434
Val Infer Time: 40.345600843429565
BAS Score on Validation Data: 0.9688312006195949
Loss on Validation Data: 0.09600239319294906
Validation loss decreased (0.097878 --> 0.096002).  Saving model ...
----Epoch:15----
Training Time : 445.49424719810486
Val Infer Time: 40.34891939163208
BAS Score on Validation Data: 0.9684883379321702
Loss on Validation Data: 0.09425304209867465
Validation loss decreased (0.096002 --> 0.094253).  Saving model ...
----Epoch:16----
Training Time : 445.43721628189087
Val Infer Time: 40.3487982749939
BAS Score on Validation Data: 0.9690111566490499
Loss on Validation Data: 0.1013138441544404
EarlyStopping counter: 1 out of 7
----Epoch:17----
Training Time : 445.4095757007599
Val Infer Time: 40.332430362701416
BAS Score on Validation Data: 0.969206986572034
Loss on Validation Data: 0.10353505148795313
EarlyStopping counter: 2 out of 7
----Epoch:18----
Training Time : 445.47434258461
Val Infer Time: 40.35603713989258
BAS Score on Validation Data: 0.9696336049989841
Loss on Validation Data: 0.09751290534757942
EarlyStopping counter: 3 out of 7
----Epoch:19----
Training Time : 445.4329483509064
Val Infer Time: 40.347180128097534
BAS Score on Validation Data: 0.971376179571584
Loss on Validation Data: 0.09068352642698564
Validation loss decreased (0.094253 --> 0.090684).  Saving model ...
----Epoch:20----
Training Time : 445.4673914909363
Val Infer Time: 40.34602642059326
BAS Score on Validation Data: 0.967817136133533
Loss on Validation Data: 0.09582476273130126
EarlyStopping counter: 1 out of 7
----Epoch:21----
Training Time : 445.51264119148254
Val Infer Time: 40.343344926834106
BAS Score on Validation Data: 0.9679839792954655
Loss on Validation Data: 0.08622530411314759
Validation loss decreased (0.090684 --> 0.086225).  Saving model ...
----Epoch:22----
Training Time : 445.4747233390808
Val Infer Time: 40.34380531311035
BAS Score on Validation Data: 0.9709856920361931
Loss on Validation Data: 0.0996156084449098
EarlyStopping counter: 1 out of 7
----Epoch:23----
Training Time : 445.47079205513
Val Infer Time: 40.349369287490845
BAS Score on Validation Data: 0.9694956611784229
Loss on Validation Data: 0.08567627223269285
EarlyStopping counter: 2 out of 7
----Epoch:24----
Training Time : 445.4884443283081
Val Infer Time: 40.34432816505432
BAS Score on Validation Data: 0.9691444820499132
Loss on Validation Data: 0.08929240959359036
EarlyStopping counter: 3 out of 7
----Epoch:25----
Training Time : 445.4497284889221
Val Infer Time: 40.32940173149109
BAS Score on Validation Data: 0.9720199531289123
Loss on Validation Data: 0.0908368197086257
EarlyStopping counter: 4 out of 7
----Epoch:26----
Training Time : 445.45768666267395
Val Infer Time: 40.35130500793457
BAS Score on Validation Data: 0.9692499492904622
Loss on Validation Data: 0.08486122267735798
Validation loss decreased (0.086225 --> 0.084861).  Saving model ...
----Epoch:27----
Training Time : 445.4155693054199
Val Infer Time: 40.34729552268982
BAS Score on Validation Data: 0.9710386474152788
Loss on Validation Data: 0.10465888346231583
EarlyStopping counter: 1 out of 7
----Epoch:28----
Training Time : 445.4093859195709
Val Infer Time: 40.3480749130249
BAS Score on Validation Data: 0.9709443482288806
Loss on Validation Data: 0.0970323459090044
EarlyStopping counter: 2 out of 7
----Epoch:29----
Training Time : 445.4577467441559
Val Infer Time: 40.351656675338745
BAS Score on Validation Data: 0.9700158062889764
Loss on Validation Data: 0.09781443727526652
EarlyStopping counter: 3 out of 7
----Epoch:30----
Training Time : 445.49332427978516
Val Infer Time: 40.350526571273804
BAS Score on Validation Data: 0.9688729442346897
Loss on Validation Data: 0.10557323735058848
EarlyStopping counter: 4 out of 7
----Epoch:31----
Training Time : 445.4132089614868
Val Infer Time: 40.348634004592896
BAS Score on Validation Data: 0.9698252329915856
Loss on Validation Data: 0.09696704756820311
EarlyStopping counter: 5 out of 7
----Epoch:32----
Training Time : 445.43323159217834
Val Infer Time: 40.33684730529785
BAS Score on Validation Data: 0.9701060815517314
Loss on Validation Data: 0.08557950029406103
EarlyStopping counter: 6 out of 7
----Epoch:33----
Training Time : 445.39963698387146
Val Infer Time: 40.334224462509155
BAS Score on Validation Data: 0.9695173122880733
Loss on Validation Data: 0.1113953334785512
EarlyStopping counter: 7 out of 7
Early Stop
Load the best weight after training: /gpfs/fs7/grdi/genarcc/wp1/genomics_unit/IAV/Revision_1/model_weight/transformer_esm/esm2_t12_35M_UR50D_weight/04_HA_Protein_Host/transformer_esm_6.pt
Inference Test Time: 165.8943796157837
Inference Test Time: 5.618356466293335
High Quality
0.965435733064508 0.959924798007678 0.9545592087823165 0.965435733064508 0.9450494141493276
              precision    recall  f1-score   support

           0       0.99      0.98      0.99     27476
           1       0.98      1.00      0.99      4958
           2       0.90      0.92      0.91      3818

    accuracy                           0.98     36252
   macro avg       0.95      0.97      0.96     36252
weighted avg       0.98      0.98      0.98     36252

Low Quality
0.8860589812332439 0.5752403657558203 0.5284900284900285 0.8860589812332439 0.5391143970740399
              precision    recall  f1-score   support

           0       1.00      0.82      0.90      1119
           1       0.50      1.00      0.67        91
           2       0.09      0.83      0.16        12

    accuracy                           0.84      1222
   macro avg       0.53      0.89      0.58      1222
weighted avg       0.95      0.84      0.88      1222


High Quality Post 2020
                     mean      std       sem  count
Model                                              
transformer_esm  0.949476  0.04708  0.017795      7
                     mean       std       sem  count
Model                                               
transformer_esm  0.959517  0.016264  0.006147      7
                     mean       std       sem  count
Model                                               
transformer_esm  0.928867  0.071624  0.027071      7

Low Quality Post 2020
                     mean       std       sem  count
Model                                               
transformer_esm  0.675394  0.075178  0.028415      7
                     mean       std      sem  count
Model                                              
transformer_esm  0.915628  0.022305  0.00843      7
                     mean       std       sem  count
Model                                               
transformer_esm  0.640104  0.077012  0.029108      7
Saving Results
Fold: 7
Data Shape Before Sampling:  (79265, 586) (79265,)
Subtype/Host: 0 ,count:  44372 ,index count: (array([False,  True]), array([34893, 44372])) ,downsampling:  (16000, 586) (16000,)
Subtype/Host: 1 ,count:  24161 ,index count: (array([False,  True]), array([55104, 24161])) ,downsampling:  (16000, 586) (16000,)
Subtype/Host: 2 ,count:  10732 ,index count: (array([False,  True]), array([68533, 10732])) ,keep:  (10732, 586) (10732,)
CV Train Shape (42732, 586) (42732,)
CV Val Shape (8807, 586) (8807,)
Total Trainable Parameters:  33562837
Total Parameters:  33562837
----Epoch:1----
Training Time : 445.3149268627167
Val Infer Time: 40.353755235672
BAS Score on Validation Data: 0.9501400962451146
Loss on Validation Data: 0.22801567851633264
Validation loss decreased (inf --> 0.228016).  Saving model ...
----Epoch:2----
Training Time : 445.50741624832153
Val Infer Time: 40.3398175239563
BAS Score on Validation Data: 0.9550061712930584
Loss on Validation Data: 0.17350189779898612
Validation loss decreased (0.228016 --> 0.173502).  Saving model ...
----Epoch:3----
Training Time : 445.48143887519836
Val Infer Time: 40.35637831687927
BAS Score on Validation Data: 0.9556881413380641INFO:root:Train epoch 11 in 444.889667 seconds
INFO:root:Train epoch 12 in 444.865638 seconds
INFO:root:Train epoch 13 in 444.870077 seconds
INFO:root:Train epoch 14 in 444.830852 seconds
INFO:root:Train epoch 15 in 444.895937 seconds
INFO:root:Train epoch 16 in 444.840590 seconds
INFO:root:Train epoch 17 in 444.931380 seconds
INFO:root:Train epoch 18 in 444.976477 seconds
INFO:root:Train epoch 19 in 444.837814 seconds
INFO:root:Train epoch 20 in 444.906196 seconds
INFO:root:Train epoch 21 in 444.994911 seconds
INFO:root:Train epoch 22 in 445.014195 seconds
INFO:root:Train epoch 23 in 445.246818 seconds
INFO:root:Train epoch 24 in 445.044853 seconds
INFO:root:Train epoch 25 in 444.876655 seconds
INFO:root:Train epoch 26 in 445.165518 seconds
INFO:root:Train epoch 27 in 444.876154 seconds
INFO:root:Train epoch 28 in 444.851350 seconds
INFO:root:Train epoch 29 in 444.896808 seconds
INFO:root:Train epoch 30 in 444.958096 seconds
INFO:root:Finish training and load weight for prediction:/gpfs/fs7/grdi/genarcc/wp1/genomics_unit/IAV/Revision_1/model_weight/transformer_esm/esm2_t12_35M_UR50D_weight/04_HA_Protein_Host/transformer_esm_8.pt
INFO:root:Fold: 9
/gpfs/fs7/grdi/genarcc/common/conda/miniconda3/envs/hai_pytorch/lib/python3.12/site-packages/esm/pretrained.py:70: FutureWarning: You are using `torch.load` with `weights_only=False` (the current default value), which uses the default pickle module implicitly. It is possible to construct malicious pickle data which will execute arbitrary code during unpickling (See https://github.com/pytorch/pytorch/blob/main/SECURITY.md#untrusted-models for more details). In a future release, the default value for `weights_only` will be flipped to `True`. This limits the functions that could be executed during unpickling. Arbitrary objects will no longer be allowed to be loaded via this mode unless they are explicitly allowlisted by the user via `torch.serialization.add_safe_globals`. We recommend you start setting `weights_only=True` for any use case where you don't have full control of the loaded file. Please open an issue on GitHub for any issues related to this experimental feature.
  model_data = torch.load(str(model_location), map_location="cpu")
/gpfs/fs7/grdi/genarcc/common/conda/miniconda3/envs/hai_pytorch/lib/python3.12/site-packages/esm/pretrained.py:74: FutureWarning: You are using `torch.load` with `weights_only=False` (the current default value), which uses the default pickle module implicitly. It is possible to construct malicious pickle data which will execute arbitrary code during unpickling (See https://github.com/pytorch/pytorch/blob/main/SECURITY.md#untrusted-models for more details). In a future release, the default value for `weights_only` will be flipped to `True`. This limits the functions that could be executed during unpickling. Arbitrary objects will no longer be allowed to be loaded via this mode unless they are explicitly allowlisted by the user via `torch.serialization.add_safe_globals`. We recommend you start setting `weights_only=True` for any use case where you don't have full control of the loaded file. Please open an issue on GitHub for any issues related to this experimental feature.
  regression_data = torch.load(regression_location, map_location="cpu")
INFO:root:Start Training Model
INFO:root:Train epoch 1 in 444.762314 seconds
INFO:root:Train epoch 2 in 445.142483 seconds
INFO:root:Train epoch 3 in 444.926544 seconds
INFO:root:Train epoch 4 in 444.872505 seconds
INFO:root:Train epoch 5 in 444.948993 seconds
INFO:root:Train epoch 6 in 444.962852 seconds
INFO:root:Train epoch 7 in 444.885244 seconds
INFO:root:Train epoch 8 in 444.955039 seconds
INFO:root:Train epoch 9 in 444.947989 seconds
INFO:root:Train epoch 10 in 444.895934 seconds
INFO:root:Train epoch 11 in 444.921817 seconds
INFO:root:Train epoch 12 in 444.889002 seconds
INFO:root:Train epoch 13 in 444.905385 seconds
INFO:root:Train epoch 14 in 444.914497 seconds
INFO:root:Train epoch 15 in 444.980845 seconds
INFO:root:Train epoch 16 in 444.868843 seconds
INFO:root:Train epoch 17 in 444.851228 seconds
INFO:root:Train epoch 18 in 444.950950 seconds
INFO:root:Train epoch 19 in 444.872485 seconds
INFO:root:Train epoch 20 in 444.884684 seconds
INFO:root:Train epoch 21 in 444.941698 seconds
INFO:root:Train epoch 22 in 444.893643 seconds
INFO:root:Train epoch 23 in 444.908897 seconds
INFO:root:Train epoch 24 in 444.897130 seconds
INFO:root:Train epoch 25 in 444.896006 seconds
INFO:root:Train epoch 26 in 444.865026 seconds
INFO:root:Train epoch 27 in 444.879807 seconds
INFO:root:Train epoch 28 in 444.886168 seconds
INFO:root:Train epoch 29 in 444.921971 seconds
INFO:root:Train epoch 30 in 444.966720 seconds
INFO:root:Train epoch 31 in 444.914417 seconds
INFO:root:Train epoch 32 in 444.949417 seconds
INFO:root:Finish training and load weight for prediction:/gpfs/fs7/grdi/genarcc/wp1/genomics_unit/IAV/Revision_1/model_weight/transformer_esm/esm2_t12_35M_UR50D_weight/04_HA_Protein_Host/transformer_esm_9.pt

Loss on Validation Data: 0.126218913750642
Validation loss decreased (0.173502 --> 0.126219).  Saving model ...
----Epoch:4----
Training Time : 445.4583463668823
Val Infer Time: 40.342193841934204
BAS Score on Validation Data: 0.9598971654685706
Loss on Validation Data: 0.11428824826008707
Validation loss decreased (0.126219 --> 0.114288).  Saving model ...
----Epoch:5----
Training Time : 445.4423303604126
Val Infer Time: 40.331100940704346
BAS Score on Validation Data: 0.9593534078379253
Loss on Validation Data: 0.12422643092872603
EarlyStopping counter: 1 out of 7
----Epoch:6----
Training Time : 445.506831407547
Val Infer Time: 40.34607291221619
BAS Score on Validation Data: 0.9569720206270206
Loss on Validation Data: 0.111116468196944
Validation loss decreased (0.114288 --> 0.111116).  Saving model ...
----Epoch:7----
Training Time : 445.48031973838806
Val Infer Time: 40.35257339477539
BAS Score on Validation Data: 0.9598177459563274
Loss on Validation Data: 0.11579826437156189
EarlyStopping counter: 1 out of 7
----Epoch:8----
Training Time : 445.44068455696106
Val Infer Time: 40.34434676170349
BAS Score on Validation Data: 0.9609203188985121
Loss on Validation Data: 0.10244948640583838
Validation loss decreased (0.111116 --> 0.102449).  Saving model ...
----Epoch:9----
Training Time : 445.49324202537537
Val Infer Time: 40.34033727645874
BAS Score on Validation Data: 0.9578378800380647
Loss on Validation Data: 0.10532714799826837
EarlyStopping counter: 1 out of 7
----Epoch:10----
Training Time : 445.44222927093506
Val Infer Time: 40.355379819869995
BAS Score on Validation Data: 0.9620055166514189
Loss on Validation Data: 0.09884476772782838
Validation loss decreased (0.102449 --> 0.098845).  Saving model ...
----Epoch:11----
Training Time : 445.4778525829315
Val Infer Time: 40.34478807449341
BAS Score on Validation Data: 0.9622537678488065
Loss on Validation Data: 0.11963278561175895
EarlyStopping counter: 1 out of 7
----Epoch:12----
Training Time : 445.4199073314667
Val Infer Time: 40.340384006500244
BAS Score on Validation Data: 0.961528838168289
Loss on Validation Data: 0.10016914474059983
EarlyStopping counter: 2 out of 7
----Epoch:13----
Training Time : 445.4316596984863
Val Infer Time: 40.31784534454346
BAS Score on Validation Data: 0.9625283790781388
Loss on Validation Data: 0.1025963744639581
EarlyStopping counter: 3 out of 7
----Epoch:14----
Training Time : 445.40196919441223
Val Infer Time: 40.34534788131714
BAS Score on Validation Data: 0.962021212538208
Loss on Validation Data: 0.10999640899556824
EarlyStopping counter: 4 out of 7
----Epoch:15----
Training Time : 445.4535336494446
Val Infer Time: 40.346537828445435
BAS Score on Validation Data: 0.9657060676345184
Loss on Validation Data: 0.0996525624216082
EarlyStopping counter: 5 out of 7
----Epoch:16----
Training Time : 445.36524081230164
Val Infer Time: 40.288991928100586
BAS Score on Validation Data: 0.9649037975520288
Loss on Validation Data: 0.10529030955112303
EarlyStopping counter: 6 out of 7
----Epoch:17----
Training Time : 444.85397267341614
Val Infer Time: 40.287407636642456
BAS Score on Validation Data: 0.9604522088531967
Loss on Validation Data: 0.10105976934394584
EarlyStopping counter: 7 out of 7
Early Stop
Load the best weight after training: /gpfs/fs7/grdi/genarcc/wp1/genomics_unit/IAV/Revision_1/model_weight/transformer_esm/esm2_t12_35M_UR50D_weight/04_HA_Protein_Host/transformer_esm_7.pt
Inference Test Time: 165.6951835155487
Inference Test Time: 5.610579967498779
High Quality
0.963126786582719 0.97056558261127 0.9791705917080762 0.963126786582719 0.9607909877468661
              precision    recall  f1-score   support

           0       0.99      0.99      0.99     27476
           1       0.98      1.00      0.99      4958
           2       0.97      0.90      0.93      3818

    accuracy                           0.98     36252
   macro avg       0.98      0.96      0.97     36252
weighted avg       0.98      0.98      0.98     36252

Low Quality
0.8883675901102174 0.7112418587363255 0.6293647192285876 0.8883675901102174 0.6797957572702097
              precision    recall  f1-score   support

           0       1.00      0.92      0.96      1119
           1       0.53      1.00      0.69        91
           2       0.36      0.75      0.49        12

    accuracy                           0.92      1222
   macro avg       0.63      0.89      0.71      1222
weighted avg       0.96      0.92      0.93      1222


High Quality Post 2020
                     mean       std       sem  count
Model                                               
transformer_esm  0.952113  0.044221  0.015634      8
                     mean       std       sem  count
Model                                               
transformer_esm  0.959968  0.015112  0.005343      8
                     mean       std       sem  count
Model                                               
transformer_esm  0.932858  0.067264  0.023782      8

Low Quality Post 2020
                     mean       std       sem  count
Model                                               
transformer_esm  0.679875  0.070746  0.025012      8
                     mean       std       sem  count
Model                                               
transformer_esm  0.912221  0.022789  0.008057      8
                     mean       std       sem  count
Model                                               
transformer_esm  0.645066  0.072667  0.025692      8
Saving Results
Fold: 8
Data Shape Before Sampling:  (79265, 586) (79265,)
Subtype/Host: 0 ,count:  44372 ,index count: (array([False,  True]), array([34893, 44372])) ,downsampling:  (16000, 586) (16000,)
Subtype/Host: 1 ,count:  24161 ,index count: (array([False,  True]), array([55104, 24161])) ,downsampling:  (16000, 586) (16000,)
Subtype/Host: 2 ,count:  10732 ,index count: (array([False,  True]), array([68533, 10732])) ,keep:  (10732, 586) (10732,)
CV Train Shape (42732, 586) (42732,)
CV Val Shape (8807, 586) (8807,)
Total Trainable Parameters:  33562837
Total Parameters:  33562837
----Epoch:1----
Training Time : 444.6543164253235
Val Infer Time: 40.288965702056885
BAS Score on Validation Data: 0.9547394766970289
Loss on Validation Data: 0.13448971794054343
Validation loss decreased (inf --> 0.134490).  Saving model ...
----Epoch:2----
Training Time : 444.9208126068115
Val Infer Time: 40.29210066795349
BAS Score on Validation Data: 0.9563703768939525
Loss on Validation Data: 0.14150778218374951
EarlyStopping counter: 1 out of 7
----Epoch:3----
Training Time : 444.87393045425415
Val Infer Time: 40.296186685562134
BAS Score on Validation Data: 0.9578944595330109
Loss on Validation Data: 0.10531386375373257
Validation loss decreased (0.134490 --> 0.105314).  Saving model ...
----Epoch:4----
Training Time : 444.8392505645752
Val Infer Time: 40.28373861312866
BAS Score on Validation Data: 0.9601924033080292
Loss on Validation Data: 0.11418991799101881
EarlyStopping counter: 1 out of 7
----Epoch:5----
Training Time : 444.871705532074
Val Infer Time: 40.2936224937439
BAS Score on Validation Data: 0.9580386406843857
Loss on Validation Data: 0.1064825655379589
EarlyStopping counter: 2 out of 7
----Epoch:6----
Training Time : 444.91300201416016
Val Infer Time: 40.28599214553833
BAS Score on Validation Data: 0.9530651369854516
Loss on Validation Data: 0.16453007608652115
EarlyStopping counter: 3 out of 7
----Epoch:7----
Training Time : 444.83028769493103
Val Infer Time: 40.29133582115173
BAS Score on Validation Data: 0.9622208008739522
Loss on Validation Data: 0.10020577562028084
Validation loss decreased (0.105314 --> 0.100206).  Saving model ...
----Epoch:8----
Training Time : 444.8492748737335
Val Infer Time: 40.28515815734863
BAS Score on Validation Data: 0.9586870024657257
Loss on Validation Data: 0.13193462058172925
EarlyStopping counter: 1 out of 7
----Epoch:9----
Training Time : 444.8997046947479
Val Infer Time: 40.282182455062866
BAS Score on Validation Data: 0.9620448250583
Loss on Validation Data: 0.10784672820211752
EarlyStopping counter: 2 out of 7
----Epoch:10----
Training Time : 444.85939049720764
Val Infer Time: 40.296905279159546
BAS Score on Validation Data: 0.9636262430980294
Loss on Validation Data: 0.12459025329545788
EarlyStopping counter: 3 out of 7
----Epoch:11----
Training Time : 444.889666557312
Val Infer Time: 40.29306983947754
BAS Score on Validation Data: 0.9665462354151995
Loss on Validation Data: 0.11211236811958361
EarlyStopping counter: 4 out of 7
----Epoch:12----
Training Time : 444.86563777923584
Val Infer Time: 40.284804821014404
BAS Score on Validation Data: 0.9648030830280775
Loss on Validation Data: 0.09614945518905701
Validation loss decreased (0.100206 --> 0.096149).  Saving model ...
----Epoch:13----
Training Time : 444.8700771331787
Val Infer Time: 40.28846096992493
BAS Score on Validation Data: 0.9672824674467672
Loss on Validation Data: 0.10445564817907153
EarlyStopping counter: 1 out of 7
----Epoch:14----
Training Time : 444.83085227012634
Val Infer Time: 40.29188299179077
BAS Score on Validation Data: 0.9643705395739528
Loss on Validation Data: 0.09821966066416624
EarlyStopping counter: 2 out of 7
----Epoch:15----
Training Time : 444.89593720436096
Val Infer Time: 40.2885103225708
BAS Score on Validation Data: 0.966325486364647
Loss on Validation Data: 0.11613509376141903
EarlyStopping counter: 3 out of 7
----Epoch:16----
Training Time : 444.8405900001526
Val Infer Time: 40.28946566581726
BAS Score on Validation Data: 0.9678175963326886
Loss on Validation Data: 0.10849125478146733
EarlyStopping counter: 4 out of 7
----Epoch:17----
Training Time : 444.93138003349304
Val Infer Time: 40.28751754760742
BAS Score on Validation Data: 0.9693708302253842
Loss on Validation Data: 0.09699879901186712
EarlyStopping counter: 5 out of 7
----Epoch:18----
Training Time : 444.97647738456726
Val Infer Time: 40.297683238983154
BAS Score on Validation Data: 0.9693748541490272
Loss on Validation Data: 0.10725897176029242
EarlyStopping counter: 6 out of 7
----Epoch:19----
Training Time : 444.83781385421753
Val Infer Time: 40.291184425354004
BAS Score on Validation Data: 0.9633860563449974
Loss on Validation Data: 0.09483278940931178
Validation loss decreased (0.096149 --> 0.094833).  Saving model ...
----Epoch:20----
Training Time : 444.9061963558197
Val Infer Time: 40.2919864654541
BAS Score on Validation Data: 0.9682262013644655
Loss on Validation Data: 0.10486513192670932
EarlyStopping counter: 1 out of 7
----Epoch:21----
Training Time : 444.99491119384766
Val Infer Time: 40.301660776138306
BAS Score on Validation Data: 0.9656933108649385
Loss on Validation Data: 0.10983289023726314
EarlyStopping counter: 2 out of 7
----Epoch:22----
Training Time : 445.01419496536255
Val Infer Time: 40.289177894592285
BAS Score on Validation Data: 0.9677782879258073
Loss on Validation Data: 0.10235791326756927
EarlyStopping counter: 3 out of 7
----Epoch:23----
Training Time : 445.24681758880615
Val Infer Time: 40.305362939834595
BAS Score on Validation Data: 0.9700331814782545
Loss on Validation Data: 0.09057421509878359
Validation loss decreased (0.094833 --> 0.090574).  Saving model ...
----Epoch:24----
Training Time : 445.0448532104492
Val Infer Time: 40.28760123252869
BAS Score on Validation Data: 0.9676716483746813
Loss on Validation Data: 0.09327149200860572
EarlyStopping counter: 1 out of 7
----Epoch:25----
Training Time : 444.87665486335754
Val Infer Time: 40.29749584197998
BAS Score on Validation Data: 0.964324993836258
Loss on Validation Data: 0.09105328074318991
EarlyStopping counter: 2 out of 7
----Epoch:26----
Training Time : 445.165518283844
Val Infer Time: 40.29361057281494
BAS Score on Validation Data: 0.9696190814227719
Loss on Validation Data: 0.10710873631625503
EarlyStopping counter: 3 out of 7
----Epoch:27----
Training Time : 444.87615442276
Val Infer Time: 40.294663190841675
BAS Score on Validation Data: 0.9692899698087647
Loss on Validation Data: 0.09916967858114968
EarlyStopping counter: 4 out of 7
----Epoch:28----
Training Time : 444.851350069046
Val Infer Time: 40.294058322906494
BAS Score on Validation Data: 0.9712107773140275
Loss on Validation Data: 0.1002396499954056
EarlyStopping counter: 5 out of 7
----Epoch:29----
Training Time : 444.89680767059326
Val Infer Time: 40.29856014251709
BAS Score on Validation Data: 0.9688856270987433
Loss on Validation Data: 0.10810162878824749
EarlyStopping counter: 6 out of 7
----Epoch:30----
Training Time : 444.95809626579285
Val Infer Time: 40.29505395889282
BAS Score on Validation Data: 0.9698938269490035
Loss on Validation Data: 0.10146814926891871
EarlyStopping counter: 7 out of 7
Early Stop
Load the best weight after training: /gpfs/fs7/grdi/genarcc/wp1/genomics_unit/IAV/Revision_1/model_weight/transformer_esm/esm2_t12_35M_UR50D_weight/04_HA_Protein_Host/transformer_esm_8.pt
Inference Test Time: 165.72714829444885
Inference Test Time: 5.612184762954712
High Quality
0.965842587534569 0.9541579685927584 0.9432293895552659 0.965842587534569 0.936502127244022
              precision    recall  f1-score   support

           0       0.99      0.98      0.98     27476
           1       0.98      1.00      0.99      4958
           2       0.86      0.92      0.89      3818

    accuracy                           0.97     36252
   macro avg       0.94      0.97      0.95     36252
weighted avg       0.98      0.97      0.97     36252

Low Quality
0.9308162049448913 0.6314843603240314 0.5696765330335957 0.9308162049448913 0.6158461771305541
              precision    recall  f1-score   support

           0       1.00      0.88      0.93      1119
           1       0.58      1.00      0.73        91
           2       0.13      0.92      0.23        12

    accuracy                           0.89      1222
   macro avg       0.57      0.93      0.63      1222
weighted avg       0.96      0.89      0.91      1222


High Quality Post 2020
                    mean      std      sem  count
Model                                            
transformer_esm  0.95234  0.04137  0.01379      9
                     mean       std       sem  count
Model                                               
transformer_esm  0.960621  0.014271  0.004757      9
                     mean       std       sem  count
Model                                               
transformer_esm  0.933263  0.062932  0.020977      9

Low Quality Post 2020
                     mean       std       sem  count
Model                                               
transformer_esm  0.674498  0.068114  0.022705      9
                     mean     std     sem  count
Model                                           
transformer_esm  0.914287  0.0222  0.0074      9
                     mean       std       sem  count
Model                                               
transformer_esm  0.641819  0.068668  0.022889      9
Saving Results
Fold: 9
Data Shape Before Sampling:  (79265, 586) (79265,)
Subtype/Host: 0 ,count:  44372 ,index count: (array([False,  True]), array([34893, 44372])) ,downsampling:  (16000, 586) (16000,)
Subtype/Host: 1 ,count:  24161 ,index count: (array([False,  True]), array([55104, 24161])) ,downsampling:  (16000, 586) (16000,)
Subtype/Host: 2 ,count:  10732 ,index count: (array([False,  True]), array([68533, 10732])) ,keep:  (10732, 586) (10732,)
CV Train Shape (42732, 586) (42732,)
CV Val Shape (8807, 586) (8807,)
Total Trainable Parameters:  33562837
Total Parameters:  33562837
----Epoch:1----
Training Time : 444.7623143196106
Val Infer Time: 40.30383229255676
BAS Score on Validation Data: 0.9496596624321411
Loss on Validation Data: 0.16097513933166646
Validation loss decreased (inf --> 0.160975).  Saving model ...
----Epoch:2----
Training Time : 445.1424832344055
Val Infer Time: 40.290783405303955
BAS Score on Validation Data: 0.951118210929273
Loss on Validation Data: 0.1271705795281931
Validation loss decreased (0.160975 --> 0.127171).  Saving model ...
----Epoch:3----
Training Time : 444.9265441894531
Val Infer Time: 40.29635405540466
BAS Score on Validation Data: 0.9578956318435878
Loss on Validation Data: 0.12449310482412144
Validation loss decreased (0.127171 --> 0.124493).  Saving model ...
----Epoch:4----
Training Time : 444.8725049495697
Val Infer Time: 40.28474307060242
BAS Score on Validation Data: 0.960266119594141
Loss on Validation Data: 0.1131307525911193
Validation loss decreased (0.124493 --> 0.113131).  Saving model ...
----Epoch:5----
Training Time : 444.94899344444275
Val Infer Time: 40.291826486587524
BAS Score on Validation Data: 0.9610555454029072
Loss on Validation Data: 0.1083738753248168
Validation loss decreased (0.113131 --> 0.108374).  Saving model ...
----Epoch:6----
Training Time : 444.9628517627716
Val Infer Time: 40.28679347038269
BAS Score on Validation Data: 0.9564497964061959
Loss on Validation Data: 0.11211188498587496
EarlyStopping counter: 1 out of 7
----Epoch:7----
Training Time : 444.88524413108826
Val Infer Time: 40.2905375957489
BAS Score on Validation Data: 0.9622439969891919
Loss on Validation Data: 0.10496712556999663
Validation loss decreased (0.108374 --> 0.104967).  Saving model ...
----Epoch:8----
Training Time : 444.95503878593445
Val Infer Time: 40.284574031829834
BAS Score on Validation Data: 0.9589644653081238
Loss on Validation Data: 0.1034309570947527
Validation loss decreased (0.104967 --> 0.103431).  Saving model ...
----Epoch:9----
Training Time : 444.94798851013184
Val Infer Time: 40.27967858314514
BAS Score on Validation Data: 0.9626130854116618
Loss on Validation Data: 0.1045613866434365
EarlyStopping counter: 1 out of 7
----Epoch:10----
Training Time : 444.89593386650085
Val Infer Time: 40.295990228652954
BAS Score on Validation Data: 0.9639833034594103
Loss on Validation Data: 0.12464201431788936
EarlyStopping counter: 2 out of 7
----Epoch:11----
Training Time : 444.9218170642853
Val Infer Time: 40.291062116622925
BAS Score on Validation Data: 0.9649533672133667
Loss on Validation Data: 0.10633783233419493
EarlyStopping counter: 3 out of 7
----Epoch:12----
Training Time : 444.8890016078949
Val Infer Time: 40.28293442726135
BAS Score on Validation Data: 0.9635236274705464
Loss on Validation Data: 0.11642608969080923
EarlyStopping counter: 4 out of 7
----Epoch:13----
Training Time : 444.9053852558136
Val Infer Time: 40.289411544799805
BAS Score on Validation Data: 0.9645118691122617
Loss on Validation Data: 0.10676557078039732
EarlyStopping counter: 5 out of 7
----Epoch:14----
Training Time : 444.9144968986511
Val Infer Time: 40.29600143432617
BAS Score on Validation Data: 0.9596327717838551
Loss on Validation Data: 0.09664437480513817
Validation loss decreased (0.103431 --> 0.096644).  Saving model ...
----Epoch:15----
Training Time : 444.980845451355
Val Infer Time: 40.28795576095581
BAS Score on Validation Data: 0.9665760852661051
Loss on Validation Data: 0.10480852267853376
EarlyStopping counter: 1 out of 7
----Epoch:16----
Training Time : 444.86884331703186
Val Infer Time: 40.286015033721924
BAS Score on Validation Data: 0.9654287390890199
Loss on Validation Data: 0.09716884767218237
EarlyStopping counter: 2 out of 7
----Epoch:17----
Training Time : 444.8512279987335
Val Infer Time: 40.290367603302
BAS Score on Validation Data: 0.9649106730887377
Loss on Validation Data: 0.0926096128380817
Validation loss decreased (0.096644 --> 0.092610).  Saving model ...
----Epoch:18----
Training Time : 444.9509496688843
Val Infer Time: 40.297999143600464
BAS Score on Validation Data: 0.9647836287285282
Loss on Validation Data: 0.10456012303441548
EarlyStopping counter: 1 out of 7
----Epoch:19----
Training Time : 444.87248492240906
Val Infer Time: 40.28590774536133
BAS Score on Validation Data: 0.9644515312045557
Loss on Validation Data: 0.12626831705574001
EarlyStopping counter: 2 out of 7
----Epoch:20----
Training Time : 444.8846843242645
Val Infer Time: 40.288405418395996
BAS Score on Validation Data: 0.9643130095694725
Loss on Validation Data: 0.09426925985304557
EarlyStopping counter: 3 out of 7
----Epoch:21----
Training Time : 444.94169759750366
Val Infer Time: 40.283968448638916
BAS Score on Validation Data: 0.9665642790060591
Loss on Validation Data: 0.09936464715249621
EarlyStopping counter: 4 out of 7
----Epoch:22----
Training Time : 444.89364290237427
Val Infer Time: 40.2813458442688
BAS Score on Validation Data: 0.9676122172666695
Loss on Validation Data: 0.08769685568530923
Validation loss decreased (0.092610 --> 0.087697).  Saving model ...
----Epoch:23----
Training Time : 444.90889739990234
Val Infer Time: 40.29113531112671
BAS Score on Validation Data: 0.9679011136741013
Loss on Validation Data: 0.11468600563492383
EarlyStopping counter: 1 out of 7
----Epoch:24----
Training Time : 444.89712953567505
Val Infer Time: 40.28522181510925
BAS Score on Validation Data: 0.9647040749193853
Loss on Validation Data: 0.1097087126003369
EarlyStopping counter: 2 out of 7
----Epoch:25----
Training Time : 444.8960061073303
Val Infer Time: 40.29446816444397
BAS Score on Validation Data: 0.9673997846572021
Loss on Validation Data: 0.08489847053652225
Validation loss decreased (0.087697 --> 0.084898).  Saving model ...
----Epoch:26----
Training Time : 444.86502599716187
Val Infer Time: 40.29221320152283
BAS Score on Validation Data: 0.9660614049835705
Loss on Validation Data: 0.08817749615464245
EarlyStopping counter: 1 out of 7
----Epoch:27----
Training Time : 444.87980699539185
Val Infer Time: 40.290055990219116
BAS Score on Validation Data: 0.9685056090202352
Loss on Validation Data: 0.09061147892688219
EarlyStopping counter: 2 out of 7
----Epoch:28----
Training Time : 444.8861677646637
Val Infer Time: 40.29318690299988
BAS Score on Validation Data: 0.9646720147442251
Loss on Validation Data: 0.08804975246396456
EarlyStopping counter: 3 out of 7
----Epoch:29----
Training Time : 444.9219710826874
Val Infer Time: 40.29242539405823
BAS Score on Validation Data: 0.9694701038449592
Loss on Validation Data: 0.0902546791838941
EarlyStopping counter: 4 out of 7
----Epoch:30----
Training Time : 444.96671986579895
Val Infer Time: 40.29111313819885
BAS Score on Validation Data: 0.9701193724259936
Loss on Validation Data: 0.08485772966515219
EarlyStopping counter: 5 out of 7
----Epoch:31----
Training Time : 444.9144172668457
Val Infer Time: 40.29249048233032
BAS Score on Validation Data: 0.9678454409788494
Loss on Validation Data: 0.08593632310099117
EarlyStopping counter: 6 out of 7
----Epoch:32----
Training Time : 444.9494173526764
Val Infer Time: 40.28274321556091
BAS Score on Validation Data: 0.9691285477650112
Loss on Validation Data: 0.09202470071613789
EarlyStopping counter: 7 out of 7
Early Stop
Load the best weight after training: /gpfs/fs7/grdi/genarcc/wp1/genomics_unit/IAV/Revision_1/model_weight/transformer_esm/esm2_t12_35M_UR50D_weight/04_HA_Protein_Host/transformer_esm_9.pt
Inference Test Time: 165.71136355400085
Inference Test Time: 5.6116392612457275
High Quality
0.9551557034420416 0.9098093148453934 0.8794788753076398 0.9551557034420416 0.8704370999341416
              precision    recall  f1-score   support

           0       0.99      0.93      0.96     27476
           1       0.98      1.00      0.99      4958
           2       0.67      0.93      0.78      3818

    accuracy                           0.94     36252
   macro avg       0.88      0.96      0.91     36252
weighted avg       0.96      0.94      0.95     36252

Low Quality
0.9111557938635686 0.5766462205990229 0.5310748306977643 0.9111557938635686 0.5314585628272852
              precision    recall  f1-score   support

           0       1.00      0.82      0.90      1119
           1       0.51      1.00      0.67        91
           2       0.09      0.92      0.16        12

    accuracy                           0.83      1222
   macro avg       0.53      0.91      0.58      1222
weighted avg       0.95      0.83      0.87      1222


High Quality Post 2020
                     mean       std       sem  count
Model                                               
transformer_esm  0.948087  0.041258  0.013047     10
                     mean       std      sem  count
Model                                              
transformer_esm  0.960074  0.013565  0.00429     10
                    mean      std       sem  count
Model                                             
transformer_esm  0.92698  0.06257  0.019787     10

Low Quality Post 2020
                     mean       std       sem  count
Model                                               
transformer_esm  0.664713  0.071285  0.022542     10
                     mean       std       sem  count
Model                                               
transformer_esm  0.913974  0.020954  0.006626     10
                     mean       std       sem  count
Model                                               
transformer_esm  0.630783  0.073548  0.023258     10
Saving Results
