warning: refusing to reload ordenv; ORDENV_SETUP already set
CUDA_VISIBLE_DEVICES=0
Wed Apr 16 18:01:16 2025       
+-----------------------------------------------------------------------------------------+
| NVIDIA-SMI 550.127.08             Driver Version: 550.127.08     CUDA Version: 12.4     |
|-----------------------------------------+------------------------+----------------------+
| GPU  Name                 Persistence-M | Bus-Id          Disp.A | Volatile Uncorr. ECC |
| Fan  Temp   Perf          Pwr:Usage/Cap |           Memory-Usage | GPU-Util  Compute M. |
|                                         |                        |               MIG M. |
|=========================================+========================+======================|
|   0  NVIDIA A100-SXM4-40GB          Off |   00000000:B7:00.0 Off |                    0 |
| N/A   39C    P0             54W /  400W |       1MiB /  40960MiB |      0%      Default |
|                                         |                        |             Disabled |
+-----------------------------------------+------------------------+----------------------+
                                                                                         
+-----------------------------------------------------------------------------------------+
| Processes:                                                                              |
|  GPU   GI   CI        PID   Type   Process name                              GPU Memory |
|        ID   ID                                                               Usage      |
|=========================================================================================|
|  No running processes found                                                             |
+-----------------------------------------------------------------------------------------+
INFO:root:Fold: 0
/gpfs/fs7/grdi/genarcc/common/conda/miniconda3/envs/hai_pytorch/lib/python3.12/site-packages/esm/pretrained.py:70: FutureWarning: You are using `torch.load` with `weights_only=False` (the current default value), which uses the default pickle module implicitly. It is possible to construct malicious pickle data which will execute arbitrary code during unpickling (See https://github.com/pytorch/pytorch/blob/main/SECURITY.md#untrusted-models for more details). In a future release, the default value for `weights_only` will be flipped to `True`. This limits the functions that could be executed during unpickling. Arbitrary objects will no longer be allowed to be loaded via this mode unless they are explicitly allowlisted by the user via `torch.serialization.add_safe_globals`. We recommend you start setting `weights_only=True` for any use case where you don't have full control of the loaded file. Please open an issue on GitHub for any issues related to this experimental feature.
  model_data = torch.load(str(model_location), map_location="cpu")
/gpfs/fs7/grdi/genarcc/common/conda/miniconda3/envs/hai_pytorch/lib/python3.12/site-packages/esm/pretrained.py:74: FutureWarning: You are using `torch.load` with `weights_only=False` (the current default value), which uses the default pickle module implicitly. It is possible to construct malicious pickle data which will execute arbitrary code during unpickling (See https://github.com/pytorch/pytorch/blob/main/SECURITY.md#untrusted-models for more details). In a future release, the default value for `weights_only` will be flipped to `True`. This limits the functions that could be executed during unpickling. Arbitrary objects will no longer be allowed to be loaded via this mode unless they are explicitly allowlisted by the user via `torch.serialization.add_safe_globals`. We recommend you start setting `weights_only=True` for any use case where you don't have full control of the loaded file. Please open an issue on GitHub for any issues related to this experimental feature.
  regression_data = torch.load(regression_location, map_location="cpu")
INFO:root:Start Training Model
INFO:root:Train epoch 1 in 175.304895 seconds
INFO:root:Train epoch 2 in 174.834370 seconds
INFO:root:Train epoch 3 in 174.860680 seconds
INFO:root:Train epoch 4 in 174.837384 seconds
INFO:root:Train epoch 5 in 174.850703 seconds
INFO:root:Train epoch 6 in 174.915541 seconds
INFO:root:Train epoch 7 in 174.885139 seconds
INFO:root:Train epoch 8 in 174.864946 seconds
INFO:root:Train epoch 9 in 174.865214 seconds
INFO:root:Train epoch 10 in 174.819577 seconds
INFO:root:Finish training and load weight for prediction:/gpfs/fs7/grdi/genarcc/wp1/genomics_unit/IAV/Revision_1/model_weight/transformer_esm/06_NA_Protein_Subtype/transformer_esm_0.pt
/gpfs/fs7/grdi/genarcc/common/conda/miniconda3/envs/hai_pytorch/lib/python3.12/site-packages/sklearn/metrics/_classification.py:2480: UserWarning: y_pred contains classes not in y_true
  warnings.warn("y_pred contains classes not in y_true")
/gpfs/fs7/grdi/genarcc/common/conda/miniconda3/envs/hai_pytorch/lib/python3.12/site-packages/sklearn/metrics/_classification.py:1531: UndefinedMetricWarning: Recall is ill-defined and being set to 0.0 in labels with no true samples. Use `zero_division` parameter to control this behavior.
  _warn_prf(average, modifier, f"{metric.capitalize()} is", len(result))
INFO:root:Fold: 1
/gpfs/fs7/grdi/genarcc/common/conda/miniconda3/envs/hai_pytorch/lib/python3.12/site-packages/esm/pretrained.py:70: FutureWarning: You are using `torch.load` with `weights_only=False` (the current default value), which uses the default pickle module implicitly. It is possible to construct malicious pickle data which will execute arbitrary code during unpickling (See https://github.com/pytorch/pytorch/blob/main/SECURITY.md#untrusted-models for more details). In a future release, the default value for `weights_only` will be flipped to `True`. This limits the functions that could be executed during unpickling. Arbitrary objects will no longer be allowed to be loaded via this mode unless they are explicitly allowlisted by the user via `torch.serialization.add_safe_globals`. We recommend you start setting `weights_only=True` for any use case where you don't have full control of the loaded file. Please open an issue on GitHub for any issues related to this experimental feature.
  model_data = torch.load(str(model_location), map_location="cpu")
/gpfs/fs7/grdi/genarcc/common/conda/miniconda3/envs/hai_pytorch/lib/python3.12/site-packages/esm/pretrained.py:74: FutureWarning: You are using `torch.load` with `weights_only=False` (the current default value), which uses the default pickle module implicitly. It is possible to construct malicious pickle data which will execute arbitrary code during unpickling (See https://github.com/pytorch/pytorch/blob/main/SECURITY.md#untrusted-models for more details). In a future release, the default value for `weights_only` will be flipped to `True`. This limits the functions that could be executed during unpickling. Arbitrary objects will no longer be allowed to be loaded via this mode unless they are explicitly allowlisted by the user via `torch.serialization.add_safe_globals`. We recommend you start setting `weights_only=True` for any use case where you don't have full control of the loaded file. Please open an issue on GitHub for any issues related to this experimental feature.
  regression_data = torch.load(regression_location, map_location="cpu")
INFO:root:Start Training Model
INFO:root:Train epoch 1 in 174.889370 seconds
/gpfs/fs7/grdi/genarcc/common/conda/miniconda3/envs/hai_pytorch/lib/python3.12/site-packages/sklearn/metrics/_classification.py:2480: UserWarning: y_pred contains classes not in y_true
  warnings.warn("y_pred contains classes not in y_true")
INFO:root:Train epoch 2 in 174.919479 seconds
INFO:root:Train epoch 3 in 174.905205 seconds
INFO:root:Train epoch 4 in 174.884852 seconds
INFO:root:Train epoch 5 in 174.917403 seconds
INFO:root:Train epoch 6 in 174.925380 seconds
INFO:root:Train epoch 7 in 174.924335 seconds
INFO:root:Train epoch 8 in 174.886624 seconds
INFO:root:Train epoch 9 in 174.896452 seconds
INFO:root:Finish training and load weight for prediction:/gpfs/fs7/grdi/genarcc/wp1/genomics_unit/IAV/Revision_1/model_weight/transformer_esm/06_NA_Protein_Subtype/transformer_esm_1.pt
/gpfs/fs7/grdi/genarcc/common/conda/miniconda3/envs/hai_pytorch/lib/python3.12/site-packages/sklearn/metrics/_classification.py:2480: UserWarning: y_pred contains classes not in y_true
  warnings.warn("y_pred contains classes not in y_true")
/gpfs/fs7/grdi/genarcc/common/conda/miniconda3/envs/hai_pytorch/lib/python3.12/site-packages/sklearn/metrics/_classification.py:1531: UndefinedMetricWarning: Recall is ill-defined and being set to 0.0 in labels with no true samples. Use `zero_division` parameter to control this behavior.
  _warn_prf(average, modifier, f"{metric.capitalize()} is", len(result))
/gpfs/fs7/grdi/genarcc/common/conda/miniconda3/envs/hai_pytorch/lib/python3.12/site-packages/sklearn/metrics/_classification.py:2480: UserWarning: y_pred contains classes not in y_true
  warnings.warn("y_pred contains classes not in y_true")
/gpfs/fs7/grdi/genarcc/common/conda/miniconda3/envs/hai_pytorch/lib/python3.12/site-packages/sklearn/metrics/_classification.py:1531: UndefinedMetricWarning: Recall is ill-defined and being set to 0.0 in labels with no true samples. Use `zero_division` parameter to control this behavior.
  _warn_prf(average, modifier, f"{metric.capitalize()} is", len(result))
INFO:root:Fold: 2
/gpfs/fs7/grdi/genarcc/common/conda/miniconda3/envs/hai_pytorch/lib/python3.12/site-packages/esm/pretrained.py:70: FutureWarning: You are using `torch.load` with `weights_only=False` (the current default value), which uses the default pickle module implicitly. It is possible to construct malicious pickle data which will execute arbitrary code during unpickling (See https://github.com/pytorch/pytorch/blob/main/SECURITY.md#untrusted-models for more details). In a future release, the default value for `weights_only` will be flipped to `True`. This limits the functions that could be executed during unpickling. Arbitrary objects will no longer be allowed to be loaded via this mode unless they are explicitly allowlisted by the user via `torch.serialization.add_safe_globals`. We recommend you start setting `weights_only=True` for any use case where you don't have full control of the loaded file. Please open an issue on GitHub for any issues related to this experimental feature.
  model_data = torch.load(str(model_location), map_location="cpu")
/gpfs/fs7/grdi/genarcc/common/conda/miniconda3/envs/hai_pytorch/lib/python3.12/site-packages/esm/pretrained.py:74: FutureWarning: You are using `torch.load` with `weights_only=False` (the current default value), which uses the default pickle module implicitly. It is possible to construct malicious pickle data which will execute arbitrary code during unpickling (See https://github.com/pytorch/pytorch/blob/main/SECURITY.md#untrusted-models for more details). In a future release, the default value for `weights_only` will be flipped to `True`. This limits the functions that could be executed during unpickling. Arbitrary objects will no longer be allowed to be loaded via this mode unless they are explicitly allowlisted by the user via `torch.serialization.add_safe_globals`. We recommend you start setting `weights_only=True` for any use case where you don't have full control of the loaded file. Please open an issue on GitHub for any issues related to this experimental feature.
  regression_data = torch.load(regression_location, map_location="cpu")
INFO:root:Start Training Model
INFO:root:Train epoch 1 in 174.873244 seconds
INFO:root:Train epoch 2 in 174.873747 seconds
INFO:root:Train epoch 3 in 174.858349 seconds
INFO:root:Train epoch 4 in 174.869194 seconds
INFO:root:Train epoch 5 in 174.823358 seconds
INFO:root:Train epoch 6 in 174.835938 seconds
INFO:root:Train epoch 7 in 174.834090 seconds
INFO:root:Train epoch 8 in 174.828536 seconds
INFO:root:Train epoch 9 in 174.853068 seconds
INFO:root:Finish training and load weight for prediction:/gpfs/fs7/grdi/genarcc/wp1/genomics_unit/IAV/Revision_1/model_weight/transformer_esm/06_NA_Protein_Subtype/transformer_esm_2.pt
INFO:root:Fold: 3
/gpfs/fs7/grdi/genarcc/common/conda/miniconda3/envs/hai_pytorch/lib/python3.12/site-packages/esm/pretrained.py:70: FutureWarning: You are using `torch.load` with `weights_only=False` (the current default value), which uses the default pickle module implicitly. It is possible to construct malicious pickle data which will execute arbitrary code during unpickling (See https://github.com/pytorch/pytorch/blob/main/SECURITY.md#untrusted-models for more details). In a future release, the default value for `weights_only` will be flipped to `True`. This limits the functions that could be executed during unpickling. Arbitrary objects will no longer be allowed to be loaded via this mode unless they are explicitly allowlisted by the user via `torch.serialization.add_safe_globals`. We recommend you start setting `weights_only=True` for any use case where you don't have full control of the loaded file. Please open an issue on GitHub for any issues related to this experimental feature.
  model_data = torch.load(str(model_location), map_location="cpu")
/gpfs/fs7/grdi/genarcc/common/conda/miniconda3/envs/hai_pytorch/lib/python3.12/site-packages/esm/pretrained.py:74: FutureWarning: You are using `torch.load` with `weights_only=False` (the current default value), which uses the default pickle module implicitly. It is possible to construct malicious pickle data which will execute arbitrary code during unpickling (See https://github.com/pytorch/pytorch/blob/main/SECURITY.md#untrusted-models for more details). In a future release, the default value for `weights_only` will be flipped to `True`. This limits the functions that could be executed during unpickling. Arbitrary objects will no longer be allowed to be loaded via this mode unless they are explicitly allowlisted by the user via `torch.serialization.add_safe_globals`. We recommend you start setting `weights_only=True` for any use case where you don't have full control of the loaded file. Please open an issue on GitHub for any issues related to this experimental feature.
  regression_data = torch.load(regression_location, map_location="cpu")
INFO:root:Start Training Model
INFO:root:Train epoch 1 in 174.834345 seconds
INFO:root:Train epoch 2 in 174.858311 seconds
INFO:root:Train epoch 3 in 174.878599 seconds
/gpfs/fs7/grdi/genarcc/common/conda/miniconda3/envs/hai_pytorch/lib/python3.12/site-packages/sklearn/metrics/_classification.py:2480: UserWarning: y_pred contains classes not in y_true
  warnings.warn("y_pred contains classes not in y_true")
INFO:root:Train epoch 4 in 174.902519 seconds
INFO:root:Train epoch 5 in 174.840196 seconds
INFO:root:Train epoch 6 in 174.874136 seconds
INFO:root:Train epoch 7 in 174.867148 seconds
INFO:root:Train epoch 8 in 174.838431 seconds
INFO:root:Train epoch 9 in 174.869609 seconds
INFO:root:Train epoch 10 in 174.880298 seconds
INFO:root:Train epoch 11 in 174.870250 seconds
INFO:root:Train epoch 12 in 174.851880 seconds
INFO:root:Train epoch 13 in 174.881957 seconds
INFO:root:Train epoch 14 in 174.872020 seconds
INFO:root:Train epoch 15 in 174.855678 seconds
INFO:root:Train epoch 16 in 174.863180 seconds
INFO:root:Train epoch 17 in 174.845465 seconds
INFO:root:Train epoch 18 in 174.850330 seconds
INFO:root:Train epoch 19 in 174.876130 seconds
INFO:root:Finish training and load weight for prediction:/gpfs/fs7/grdi/genarcc/wp1/genomics_unit/IAV/Revision_1/model_weight/transformer_esm/06_NA_Protein_Subtype/transformer_esm_3.pt
/gpfs/fs7/grdi/genarcc/common/conda/miniconda3/envs/hai_pytorch/lib/python3.12/site-packages/sklearn/metrics/_classification.py:2480: UserWarning: y_pred contains classes not in y_true
  warnings.warn("y_pred contains classes not in y_true")
/gpfs/fs7/grdi/genarcc/common/conda/miniconda3/envs/hai_pytorch/lib/python3.12/site-packages/sklearn/metrics/_classification.py:1531: UndefinedMetricWarning: Recall is ill-defined and being set to 0.0 in labels with no true samples. Use `zero_division` parameter to control this behavior.
  _warn_prf(average, modifier, f"{metric.capitalize()} is", len(result))
INFO:root:Fold: 4
/gpfs/fs7/grdi/genarcc/common/conda/miniconda3/envs/hai_pytorch/lib/python3.12/site-packages/esm/pretrained.py:70: FutureWarning: You are using `torch.load` with `weights_only=False` (the current default value), which uses the default pickle module implicitly. It is possible to construct malicious pickle data which will execute arbitrary code during unpickling (See https://github.com/pytorch/pytorch/blob/main/SECURITY.md#untrusted-models for more details). In a future release, the default value for `weights_only` will be flipped to `True`. This limits the functions that could be executed during unpickling. Arbitrary objects will no longer be allowed to be loaded via this mode unless they are explicitly allowlisted by the user via `torch.serialization.add_safe_globals`. We recommend you start setting `weights_only=True` for any use case where you don't have full control of the loaded file. Please open an issue on GitHub for any issues related to this experimental feature.
  model_data = torch.load(str(model_location), map_location="cpu")
/gpfs/fs7/grdi/genarcc/common/conda/miniconda3/envs/hai_pytorch/lib/python3.12/site-packages/esm/pretrained.py:74: FutureWarning: You are using `torch.load` with `weights_only=False` (the current default value), which uses the default pickle module implicitly. It is possible to construct malicious pickle data which will execute arbitrary code during unpickling (See https://github.com/pytorch/pytorch/blob/main/SECURITY.md#untrusted-models for more details). In a future release, the default value for `weights_only` will be flipped to `True`. This limits the functions that could be executed during unpickling. Arbitrary objects will no longer be allowed to be loaded via this mode unless they are explicitly allowlisted by the user via `torch.serialization.add_safe_globals`. We recommend you start setting `weights_only=True` for any use case where you don't have full control of the loaded file. Please open an issue on GitHub for any issues related to this experimental feature.
  regression_data = torch.load(regression_location, map_location="cpu")
INFO:root:Start Training Model
INFO:root:Train epoch 1 in 174.851032 seconds
INFO:root:Train epoch 2 in 174.860292 seconds
INFO:root:Train epoch 3 in 174.855629 seconds
INFO:root:Train epoch 4 in 174.876402 seconds
INFO:root:Train epoch 5 in 174.847777 seconds
INFO:root:Train epoch 6 in 174.900569 seconds
INFO:root:Train epoch 7 in 174.939029 seconds
INFO:root:Train epoch 8 in 174.902536 seconds
INFO:root:Train epoch 9 in 174.897196 seconds
INFO:root:Train epoch 10 in 174.918130 seconds
INFO:root:Finish training and load weight for prediction:/gpfs/fs7/grdi/genarcc/wp1/genomics_unit/IAV/Revision_1/model_weight/transformer_esm/06_NA_Protein_Subtype/transformer_esm_4.pt
/gpfs/fs7/grdi/genarcc/common/conda/miniconda3/envs/hai_pytorch/lib/python3.12/site-packages/sklearn/metrics/_classification.py:2480: UserWarning: y_pred contains classes not in y_true
  warnings.warn("y_pred contains classes not in y_true")
/gpfs/fs7/grdi/genarcc/common/conda/miniconda3/envs/hai_pytorch/lib/python3.12/site-packages/sklearn/metrics/_classification.py:1531: UndefinedMetricWarning: Recall is ill-defined and being set to 0.0 in labels with no true samples. Use `zero_division` parameter to control this behavior.
  _warn_prf(average, modifier, f"{metric.capitalize()} is", len(result))
INFO:root:Fold: 5
/gpfs/fs7/grdi/genarcc/common/conda/miniconda3/envs/hai_pytorch/lib/python3.12/site-packages/esm/pretrained.py:70: FutureWarning: You are using `torch.load` with `weights_only=False` (the current default value), which uses the default pickle module implicitly. It is possible to construct malicious pickle data which will execute arbitrary code during unpickling (See https://github.com/pytorch/pytorch/blob/main/SECURITY.md#untrusted-models for more details). In a future release, the default value for `weights_only` will be flipped to `True`. This limits the functions that could be executed during unpickling. Arbitrary objects will no longer be allowed to be loaded via this mode unless they are explicitly allowlisted by the user via `torch.serialization.add_safe_globals`. We recommend you start setting `weights_only=True` for any use case where you don't have full control of the loaded file. Please open an issue on GitHub for any issues related to this experimental feature.
  model_data = torch.load(str(model_location), map_location="cpu")
/gpfs/fs7/grdi/genarcc/common/conda/miniconda3/envs/hai_pytorch/lib/python3.12/site-packages/esm/pretrained.py:74: FutureWarning: You are using `torch.load` with `weights_only=False` (the current default value), which uses the default pickle module implicitly. It is possible to construct malicious pickle data which will execute arbitrary code during unpickling (See https://github.com/pytorch/pytorch/blob/main/SECURITY.md#untrusted-models for more details). In a future release, the default value for `weights_only` will be flipped to `True`. This limits the functions that could be executed during unpickling. Arbitrary objects will no longer be allowed to be loaded via this mode unless they are explicitly allowlisted by the user via `torch.serialization.add_safe_globals`. We recommend you start setting `weights_only=True` for any use case where you don't have full control of the loaded file. Please open an issue on GitHub for any issues related to this experimental feature.
  regression_data = torch.load(regression_location, map_location="cpu")
INFO:root:Start Training Model
INFO:root:Train epoch 1 in 174.889290 seconds
INFO:root:Train epoch 2 in 174.904065 seconds
INFO:root:Train epoch 3 in 174.890182 seconds
INFO:root:Train epoch 4 in 174.895975 seconds
INFO:root:Train epoch 5 in 174.891102 seconds
/gpfs/fs7/grdi/genarcc/common/conda/miniconda3/envs/hai_pytorch/lib/python3.12/site-packages/sklearn/metrics/_classification.py:2480: UserWarning: y_pred contains classes not in y_true
  warnings.warn("y_pred contains classes not in y_true")
INFO:root:Train epoch 6 in 174.866436 seconds
INFO:root:Train epoch 7 in 174.878606 seconds
INFO:root:Train epoch 8 in 174.883517 seconds
INFO:root:Train epoch 9 in 174.955116 seconds
INFO:root:Train epoch 10 in 174.893193 seconds
INFO:root:Train epoch 11 in 174.876788 seconds
/gpfs/fs7/grdi/genarcc/common/conda/miniconda3/envs/hai_pytorch/lib/python3.12/site-packages/sklearn/metrics/_classification.py:2480: UserWarning: y_pred contains classes not in y_true
  warnings.warn("y_pred contains classes not in y_true")
INFO:root:Train epoch 12 in 174.891152 seconds
INFO:root:Train epoch 13 in 174.915326 seconds
INFO:root:Train epoch 14 in 174.901476 seconds
INFO:root:Train epoch 15 in 174.866823 seconds
INFO:root:Finish training and load weight for prediction:/gpfs/fs7/grdi/genarcc/wp1/genomics_unit/IAV/Revision_1/model_weight/transformer_esm/06_NA_Protein_Subtype/transformer_esm_5.pt
INFO:root:Fold: 6
/gpfs/fs7/grdi/genarcc/common/conda/miniconda3/envs/hai_pytorch/lib/python3.12/site-packages/esm/pretrained.py:70: FutureWarning: You are using `torch.load` with `weights_only=False` (the current default value), which uses the default pickle module implicitly. It is possible to construct malicious pickle data which will execute arbitrary code during unpickling (See https://github.com/pytorch/pytorch/blob/main/SECURITY.md#untrusted-models for more details). In a future release, the default value for `weights_only` will be flipped to `True`. This limits the functions that could be executed during unpickling. Arbitrary objects will no longer be allowed to be loaded via this mode unless they are explicitly allowlisted by the user via `torch.serialization.add_safe_globals`. We recommend you start setting `weights_only=True` for any use case where you don't have full control of the loaded file. Please open an issue on GitHub for any issues related to this experimental feature.
  model_data = torch.load(str(model_location), map_location="cpu")
/gpfs/fs7/grdi/genarcc/common/conda/miniconda3/envs/hai_pytorch/lib/python3.12/site-packages/esm/pretrained.py:74: FutureWarning: You are using `torch.load` with `weights_only=False` (the current default value), which uses the default pickle module implicitly. It is possible to construct malicious pickle data which will execute arbitrary code during unpickling (See https://github.com/pytorch/pytorch/blob/main/SECURITY.md#untrusted-models for more details). In a future release, the default value for `weights_only` will be flipped to `True`. This limits the functions that could be executed during unpickling. Arbitrary objects will no longer be allowed to be loaded via this mode unless they are explicitly allowlisted by the user via `torch.serialization.add_safe_globals`. We recommend you start setting `weights_only=True` for any use case where you don't have full control of the loaded file. Please open an issue on GitHub for any issues related to this experimental feature.
  regression_data = torch.load(regression_location, map_location="cpu")
INFO:root:Start Training Model
INFO:root:Train epoch 1 in 174.865446 seconds
INFO:root:Train epoch 2 in 174.866630 seconds
INFO:root:Train epoch 3 in 174.896809 seconds
INFO:root:Train epoch 4 in 174.914082 seconds
INFO:root:Train epoch 5 in 174.902111 seconds
INFO:root:Train epoch 6 in 174.981313 seconds
INFO:root:Train epoch 7 in 174.854142 seconds
INFO:root:Train epoch 8 in 174.848971 seconds
INFO:root:Train epoch 9 in 174.883636 seconds
INFO:root:Train epoch 10 in 174.871652 seconds
INFO:root:Train epoch 11 in 174.864638 seconds
INFO:root:Train epoch 12 in 174.858378 seconds
INFO:root:Finish training and load weight for prediction:/gpfs/fs7/grdi/genarcc/wp1/genomics_unit/IAV/Revision_1/model_weight/transformer_esm/06_NA_Protein_Subtype/transformer_esm_6.pt
/gpfs/fs7/grdi/genarcc/common/conda/miniconda3/envs/hai_pytorch/lib/python3.12/site-packages/sklearn/metrics/_classification.py:2480: UserWarning: y_pred contains classes not in y_true
  warnings.warn("y_pred contains classes not in y_true")
/gpfs/fs7/grdi/genarcc/common/conda/miniconda3/envs/hai_pytorch/lib/python3.12/site-packages/sklearn/metrics/_classification.py:1531: UndefinedMetricWarning: Recall is ill-defined and being set to 0.0 in labels with no true samples. Use `zero_division` parameter to control this behavior.
  _warn_prf(average, modifier, f"{metric.capitalize()} is", len(result))
INFO:root:Fold: 7
/gpfs/fs7/grdi/genarcc/common/conda/miniconda3/envs/hai_pytorch/lib/python3.12/site-packages/esm/pretrained.py:70: FutureWarning: You are using `torch.load` with `weights_only=False` (the current default value), which uses the default pickle module implicitly. It is possible to construct malicious pickle data which will execute arbitrary code during unpickling (See https://github.com/pytorch/pytorch/blob/main/SECURITY.md#untrusted-models for more details). In a future release, the default value for `weights_only` will be flipped to `True`. This limits the functions that could be executed during unpickling. Arbitrary objects will no longer be allowed to be loaded via this mode unless they are explicitly allowlisted by the user via `torch.serialization.add_safe_globals`. We recommend you start setting `weights_only=True` for any use case where you don't have full control of the loaded file. Please open an issue on GitHub for any issues related to this experimental feature.
  model_data = torch.load(str(model_location), map_location="cpu")
/gpfs/fs7/grdi/genarcc/common/conda/miniconda3/envs/hai_pytorch/lib/python3.12/site-packages/esm/pretrained.py:74: FutureWarning: You are using `torch.load` with `weights_only=False` (the current default value), which uses the default pickle module implicitly. It is possible to construct malicious pickle data which will execute arbitrary code during unpickling (See https://github.com/pytorch/pytorch/blob/main/SECURITY.md#untrusted-models for more details). In a future release, the default value for `weights_only` will be flipped to `True`. This limits the functions that could be executed during unpickling. Arbitrary objects will no longer be allowed to be loaded via this mode unless they are explicitly allowlisted by the user via `torch.serialization.add_safe_globals`. We recommend you start setting `weights_only=True` for any use case where you don't have full control of the loaded file. Please open an issue on GitHub for any issues related to this experimental feature.
  regression_data = torch.load(regression_location, map_location="cpu")
INFO:root:Start Training Model
INFO:root:Train epoch 1 in 175.002960 seconds
INFO:root:Train epoch 2 in 174.910492 seconds
INFO:root:Train epoch 3 in 174.856618 seconds
INFO:root:Train epoch 4 in 174.868938 seconds
/gpfs/fs7/grdi/genarcc/common/conda/miniconda3/envs/hai_pytorch/lib/python3.12/site-packages/sklearn/metrics/_classification.py:2480: UserWarning: y_pred contains classes not in y_true
  warnings.warn("y_pred contains classes not in y_true")
INFO:root:Train epoch 5 in 174.876120 seconds
INFO:root:Train epoch 6 in 174.867346 seconds
INFO:root:Train epoch 7 in 174.851010 seconds
INFO:root:Train epoch 8 in 174.877719 seconds
INFO:root:Train epoch 9 in 174.899779 seconds
/gpfs/fs7/grdi/genarcc/common/conda/miniconda3/envs/hai_pytorch/lib/python3.12/site-packages/sklearn/metrics/_classification.py:2480: UserWarning: y_pred contains classes not in y_true
  warnings.warn("y_pred contains classes not in y_true")
INFO:root:Finish training and load weight for prediction:/gpfs/fs7/grdi/genarcc/wp1/genomics_unit/IAV/Revision_1/model_weight/transformer_esm/06_NA_Protein_Subtype/transformer_esm_7.pt
/gpfs/fs7/grdi/genarcc/common/conda/miniconda3/envs/hai_pytorch/lib/python3.12/site-packages/sklearn/metrics/_classification.py:2480: UserWarning: y_pred contains classes not in y_true
  warnings.warn("y_pred contains classes not in y_true")
/gpfs/fs7/grdi/genarcc/common/conda/miniconda3/envs/hai_pytorch/lib/python3.12/site-packages/sklearn/metrics/_classification.py:1531: UndefinedMetricWarning: Recall is ill-defined and being set to 0.0 in labels with no true samples. Use `zero_division` parameter to control this behavior.
  _warn_prf(average, modifier, f"{metric.capitalize()} is", len(result))
/gpfs/fs7/grdi/genarcc/common/conda/miniconda3/envs/hai_pytorch/lib/python3.12/site-packages/sklearn/metrics/_classification.py:2480: UserWarning: y_pred contains classes not in y_true
  warnings.warn("y_pred contains classes not in y_true")
/gpfs/fs7/grdi/genarcc/common/conda/miniconda3/envs/hai_pytorch/lib/python3.12/site-packages/sklearn/metrics/_classification.py:1531: UndefinedMetricWarning: Recall is ill-defined and being set to 0.0 in labels with no true samples. Use `zero_division` parameter to control this behavior.
  _warn_prf(average, modifier, f"{metric.capitalize()} is", len(result))
INFO:root:Fold: 8
/gpfs/fs7/grdi/genarcc/common/conda/miniconda3/envs/hai_pytorch/lib/python3.12/site-packages/esm/pretrained.py:70: FutureWarning: You are using `torch.load` with `weights_only=False` (the current default value), which uses the default pickle module implicitly. It is possible to construct malicious pickle data which will execute arbitrary code during unpickling (See https://github.com/pytorch/pytorch/blob/main/SECURITY.md#untrusted-models for more details). In a future release, the default value for `weights_only` will be flipped to `True`. This limits the functions that could be executed during unpickling. Arbitrary objects will no longer be allowed to be loaded via this mode unless they are explicitly allowlisted by the user via `torch.serialization.add_safe_globals`. We recommend you start setting `weights_only=True` for any use case where you don't have full control of the loaded file. Please open an issue on GitHub for any issues related to this experimental feature.
  model_data = torch.load(str(model_location), map_location="cpu")
/gpfs/fs7/grdi/genarcc/common/conda/miniconda3/envs/hai_pytorch/lib/python3.12/site-packages/esm/pretrained.py:74: FutureWarning: You are using `torch.load` with `weights_only=False` (the current default value), which uses the default pickle module implicitly. It is possible to construct malicious pickle data which will execute arbitrary code during unpickling (See https://github.com/pytorch/pytorch/blob/main/SECURITY.md#untrusted-models for more details). In a future release, the default value for `weights_only` will be flipped to `True`. This limits the functions that could be executed during unpickling. Arbitrary objects will no longer be allowed to be loaded via this mode unless they are explicitly allowlisted by the user via `torch.serialization.add_safe_globals`. We recommend you start setting `weights_only=True` for any use case where you don't have full control of the loaded file. Please open an issue on GitHub for any issues related to this experimental feature.
  regression_data = torch.load(regression_location, map_location="cpu")
INFO:root:Start Training Model
INFO:root:Train epoch 1 in 174.925331 seconds
INFO:root:Train epoch 2 in 174.890606 seconds
INFO:root:Train epoch 3 in 174.863560 seconds
INFO:root:Train epoch 4 in 174.857987 seconds
/gpfs/fs7/grdi/genarcc/common/conda/miniconda3/envs/hai_pytorch/lib/python3.12/site-packages/sklearn/metrics/_classification.py:2480: UserWarning: y_pred contains classes not in y_true
  warnings.warn("y_pred contains classes not in y_true")
INFO:root:Train epoch 5 in 174.871612 seconds
INFO:root:Train epoch 6 in 174.891721 seconds
INFO:root:Train epoch 7 in 174.849823 seconds
INFO:root:Train epoch 8 in 174.870594 seconds
INFO:root:Train epoch 9 in 174.904589 seconds
INFO:root:Finish training and load weight for prediction:/gpfs/fs7/grdi/genarcc/wp1/genomics_unit/IAV/Revision_1/model_weight/transformer_esm/06_NA_Protein_Subtype/transformer_esm_8.pt
/gpfs/fs7/grdi/genarcc/common/conda/miniconda3/envs/hai_pytorch/lib/python3.12/site-packages/sklearn/metrics/_classification.py:2480: UserWarning: y_pred contains classes not in y_true
  warnings.warn("y_pred contains classes not in y_true")
/gpfs/fs7/grdi/genarcc/common/conda/miniconda3/envs/hai_pytorch/lib/python3.12/site-packages/sklearn/metrics/_classification.py:1531: UndefinedMetricWarning: Recall is ill-defined and being set to 0.0 in labels with no true samples. Use `zero_division` parameter to control this behavior.
  _warn_prf(average, modifier, f"{metric.capitalize()} is", len(result))
INFO:root:Fold: 9
/gpfs/fs7/grdi/genarcc/common/conda/miniconda3/envs/hai_pytorch/lib/python3.12/site-packages/esm/pretrained.py:70: FutureWarning: You are using `torch.load` with `weights_only=False` (the current default value), which uses the default pickle module implicitly. It is possible to construct malicious pickle data which will execute arbitrary code during unpickling (See https://github.com/pytorch/pytorch/blob/main/SECURITY.md#untrusted-models for more details). In a future release, the default value for `weights_only` will be flipped to `True`. This limits the functions that could be executed during unpickling. Arbitrary objects will no longer be allowed to be loaded via this mode unless they are explicitly allowlisted by the user via `torch.serialization.add_safe_globals`. We recommend you start setting `weights_only=True` for any use case where you don't have full control of the loaded file. Please open an issue on GitHub for any issues related to this experimental feature.
  model_data = torch.load(str(model_location), map_location="cpu")
/gpfs/fs7/grdi/genarcc/common/conda/miniconda3/envs/hai_pytorch/lib/python3.12/site-packages/esm/pretrained.py:74: FutureWarning: You are using `torch.load` with `weights_only=False` (the current default value), which uses the default pickle module implicitly. It is possible to construct malicious pickle data which will execute arbitrary code during unpickling (See https://github.com/pytorch/pytorch/blob/main/SECURITY.md#untrusted-models for more details). In a future release, the default value for `weights_only` will be flipped to `True`. This limits the functions that could be executed during unpickling. Arbitrary objects will no longer be allowed to be loaded via this mode unless they are explicitly allowlisted by the user via `torch.serialization.add_safe_globals`. We recommend you start setting `weights_only=True` for any use case where you don't have full control of the loaded file. Please open an issue on GitHub for any issues related to this experimental feature.
  regression_data = torch.load(regression_location, map_location="cpu")
INFO:root:Start Training Model
INFO:root:Train epoch 1 in 174.848173 seconds
INFO:root:Train epoch 2 in 174.894885 seconds
INFO:root:Train epoch 3 in 174.892352 seconds
INFO:root:Train epoch 4 in 174.866602 seconds
INFO:root:Train epoch 5 in 174.862166 seconds
INFO:root:Train epoch 6 in 174.856414 seconds
INFO:root:Train epoch 7 in 174.875005 seconds
INFO:root:Train epoch 8 in 174.879490 seconds
INFO:root:Train epoch 9 in 174.887829 seconds
INFO:root:Finish training and load weight for prediction:/gpfs/fs7/grdi/genarcc/wp1/genomics_unit/IAV/Revision_1/model_weight/transformer_esm/06_NA_Protein_Subtype/transformer_esm_9.pt
/gpfs/fs7/grdi/genarcc/common/conda/miniconda3/envs/hai_pytorch/lib/python3.12/site-packages/sklearn/metrics/_classification.py:2480: UserWarning: y_pred contains classes not in y_true
  warnings.warn("y_pred contains classes not in y_true")
/gpfs/fs7/grdi/genarcc/common/conda/miniconda3/envs/hai_pytorch/lib/python3.12/site-packages/sklearn/metrics/_classification.py:1531: UndefinedMetricWarning: Recall is ill-defined and being set to 0.0 in labels with no true samples. Use `zero_division` parameter to control this behavior.
  _warn_prf(average, modifier, f"{metric.capitalize()} is", len(result))
Training data shape: (66636, 497) (66636,)
Test High-quality Data Shape: (28219, 497) (28219,)
Test Low-quality Data Shape (Post 2020): (720, 497) (720,)
Number of classes: 11
Rare subtype information after sampling
(1200, 497) (1200,)
[[  9 600]
 [ 10 600]]
Other subtype information without sampling
(66633, 497) (66633,)
[[    0 25331]
 [    1 32569]
 [    2  1018]
 [    3   243]
 [    4   353]
 [    5  2541]
 [    6   729]
 [    7  2436]
 [    8  1413]]
Fold: 0
Data Shape Before Sampling:  (59969, 497) (59969,)
Subtype/Host: 0 ,count:  22797 ,index count: (array([False,  True]), array([37172, 22797])) ,downsampling:  (6000, 497) (6000,)
Subtype/Host: 1 ,count:  29313 ,index count: (array([False,  True]), array([30656, 29313])) ,downsampling:  (6000, 497) (6000,)
Subtype/Host: 2 ,count:  916 ,index count: (array([False,  True]), array([59053,   916])) ,keep:  (916, 497) (916,)
Subtype/Host: 3 ,count:  218 ,index count: (array([False,  True]), array([59751,   218])) ,upsampling:  (600, 497) (600,)
Subtype/Host: 4 ,count:  318 ,index count: (array([False,  True]), array([59651,   318])) ,upsampling:  (600, 497) (600,)
Subtype/Host: 5 ,count:  2287 ,index count: (array([False,  True]), array([57682,  2287])) ,keep:  (2287, 497) (2287,)
Subtype/Host: 6 ,count:  656 ,index count: (array([False,  True]), array([59313,   656])) ,keep:  (656, 497) (656,)
Subtype/Host: 7 ,count:  2192 ,index count: (array([False,  True]), array([57777,  2192])) ,keep:  (2192, 497) (2192,)
Subtype/Host: 8 ,count:  1272 ,index count: (array([False,  True]), array([58697,  1272])) ,keep:  (1272, 497) (1272,)
CV Train Shape (21723, 497) (21723,)
CV Val Shape (6664, 497) (6664,)
Total Trainable Parameters:  33563085
Total Parameters:  33563085
----Epoch:1----
Training Time : 175.30489492416382
Val Infer Time: 23.107409238815308
BAS Score on Validation Data: 0.9952756604803107
Loss on Validation Data: 0.027945840187620318
Validation loss decreased (inf --> 0.027946).  Saving model ...
----Epoch:2----
Training Time : 174.83436965942383
Val Infer Time: 23.114670038223267
BAS Score on Validation Data: 0.99687610656765
Loss on Validation Data: 0.007503700598575282
Validation loss decreased (0.027946 --> 0.007504).  Saving model ...
----Epoch:3----
Training Time : 174.86067986488342
Val Infer Time: 23.104682683944702
BAS Score on Validation Data: 0.9969199546777965
Loss on Validation Data: 0.0061828932194618515
Validation loss decreased (0.007504 --> 0.006183).  Saving model ...
----Epoch:4----
Training Time : 174.83738374710083
Val Infer Time: 23.10363245010376
BAS Score on Validation Data: 0.9969199546777965
Loss on Validation Data: 0.009593609756117233
EarlyStopping counter: 1 out of 7
----Epoch:5----
Training Time : 174.85070323944092
Val Infer Time: 23.11134958267212
BAS Score on Validation Data: 0.9937341443130472
Loss on Validation Data: 0.012134951089272658
EarlyStopping counter: 2 out of 7
----Epoch:6----
Training Time : 174.915540933609
Val Infer Time: 23.114360332489014
BAS Score on Validation Data: 0.99687610656765
Loss on Validation Data: 0.009656824421084098
EarlyStopping counter: 3 out of 7
----Epoch:7----
Training Time : 174.88513851165771
Val Infer Time: 23.101105213165283
BAS Score on Validation Data: 0.99687610656765
Loss on Validation Data: 0.010049404603157317
EarlyStopping counter: 4 out of 7
----Epoch:8----
Training Time : 174.8649456501007
Val Infer Time: 23.104174613952637
BAS Score on Validation Data: 0.99687610656765
Loss on Validation Data: 0.010585514873123624
EarlyStopping counter: 5 out of 7
----Epoch:9----
Training Time : 174.86521363258362
Val Infer Time: 23.11329221725464
BAS Score on Validation Data: 0.99687610656765
Loss on Validation Data: 0.010164894413149527
EarlyStopping counter: 6 out of 7
----Epoch:10----
Training Time : 174.8195765018463
Val Infer Time: 23.10460090637207
BAS Score on Validation Data: 0.99687610656765
Loss on Validation Data: 0.007999255647214406
EarlyStopping counter: 7 out of 7
Early Stop
Load the best weight after training: /gpfs/fs7/grdi/genarcc/wp1/genomics_unit/IAV/Revision_1/model_weight/transformer_esm/06_NA_Protein_Subtype/transformer_esm_0.pt
Inference Test Time: 97.65681385993958
Inference Test Time: 2.507018566131592
High Quality
0.9999670446168187 0.9975775484357481 0.9952472624033426 0.9999670446168187 0.9997418702507338
              precision    recall  f1-score   support

           0       1.00      1.00      1.00     13173
           1       1.00      1.00      1.00     13594
           2       0.99      1.00      1.00       130
           3       1.00      1.00      1.00        39
           4       1.00      1.00      1.00        81
           5       1.00      1.00      1.00       256
           6       1.00      1.00      1.00        45
           7       1.00      1.00      1.00       839
           8       0.97      1.00      0.98        62

    accuracy                           1.00     28219
   macro avg       1.00      1.00      1.00     28219
weighted avg       1.00      1.00      1.00     28219

Low Quality
0.9594588801295639 0.47527997125334537 0.46568627450980393 0.5996618000809775 0.8353845632717746
              precision    recall  f1-score   support

           0       1.00      0.96      0.98       363
           1       1.00      0.84      0.91       347
           2       0.67      1.00      0.80         2
           3       0.00       nan      0.00         0
           4       0.00       nan      0.00         0
           5       0.00       nan      0.00         0
           7       1.00      1.00      1.00         7
           8       0.06      1.00      0.11         1

    accuracy                           0.90       720
   macro avg       0.47      0.96      0.48       720
weighted avg       1.00      0.90      0.95       720


High Quality Post 2020
                     mean  std  sem  count
Model                                     
transformer_esm  0.997578  NaN  NaN      1
                     mean  std  sem  count
Model                                     
transformer_esm  0.999967  NaN  NaN      1
                     mean  std  sem  count
Model                                     
transformer_esm  0.999742  NaN  NaN      1

Low Quality Post 2020
                    mean  std  sem  count
Model                                    
transformer_esm  0.47528  NaN  NaN      1
                     mean  std  sem  count
Model                                     
transformer_esm  0.959459  NaN  NaN      1
                     mean  std  sem  count
Model                                     
transformer_esm  0.835385  NaN  NaN      1
Saving Results
Fold: 1
Data Shape Before Sampling:  (59969, 497) (59969,)
Subtype/Host: 0 ,count:  22798 ,index count: (array([False,  True]), array([37171, 22798])) ,downsampling:  (6000, 497) (6000,)
Subtype/Host: 1 ,count:  29312 ,index count: (array([False,  True]), array([30657, 29312])) ,downsampling:  (6000, 497) (6000,)
Subtype/Host: 2 ,count:  916 ,index count: (array([False,  True]), array([59053,   916])) ,keep:  (916, 497) (916,)
Subtype/Host: 3 ,count:  218 ,index count: (array([False,  True]), array([59751,   218])) ,upsampling:  (600, 497) (600,)
Subtype/Host: 4 ,count:  318 ,index count: (array([False,  True]), array([59651,   318])) ,upsampling:  (600, 497) (600,)
Subtype/Host: 5 ,count:  2287 ,index count: (array([False,  True]), array([57682,  2287])) ,keep:  (2287, 497) (2287,)
Subtype/Host: 6 ,count:  656 ,index count: (array([False,  True]), array([59313,   656])) ,keep:  (656, 497) (656,)
Subtype/Host: 7 ,count:  2192 ,index count: (array([False,  True]), array([57777,  2192])) ,keep:  (2192, 497) (2192,)
Subtype/Host: 8 ,count:  1272 ,index count: (array([False,  True]), array([58697,  1272])) ,keep:  (1272, 497) (1272,)
CV Train Shape (21723, 497) (21723,)
CV Val Shape (6664, 497) (6664,)
Total Trainable Parameters:  33563085
Total Parameters:  33563085
----Epoch:1----
Training Time : 174.88936972618103
Val Infer Time: 23.107796907424927
BAS Score on Validation Data: 0.9898938905885513
Loss on Validation Data: 0.015371018619628614
Validation loss decreased (inf --> 0.015371).  Saving model ...
----Epoch:2----
Training Time : 174.9194793701172
Val Infer Time: 23.11396622657776
BAS Score on Validation Data: 0.9929380306189928
Loss on Validation Data: 0.011636966224492451
Validation loss decreased (0.015371 --> 0.011637).  Saving model ...
----Epoch:3----
Training Time : 174.90520524978638
Val Infer Time: 23.10986065864563
BAS Score on Validation Data: 0.992894165198104
Loss on Validation Data: 0.014027428630579031
EarlyStopping counter: 1 out of 7
----Epoch:4----
Training Time : 174.8848521709442
Val Infer Time: 23.108458280563354
BAS Score on Validation Data: 0.9913136169337281
Loss on Validation Data: 0.01730140658656946
EarlyStopping counter: 2 out of 7
----Epoch:5----
Training Time : 174.9174027442932
Val Infer Time: 23.106628894805908
BAS Score on Validation Data: 0.9884935861745482
Loss on Validation Data: 0.015001813992501447
EarlyStopping counter: 3 out of 7
----Epoch:6----
Training Time : 174.92538022994995
Val Infer Time: 23.112769603729248
BAS Score on Validation Data: 0.9854494461441069
Loss on Validation Data: 0.01632958588203745
EarlyStopping counter: 4 out of 7
----Epoch:7----
Training Time : 174.92433524131775
Val Infer Time: 23.119754791259766
BAS Score on Validation Data: 0.9898938905885513
Loss on Validation Data: 0.015130316277154896
EarlyStopping counter: 5 out of 7
----Epoch:8----
Training Time : 174.88662433624268
Val Infer Time: 23.116334199905396
BAS Score on Validation Data: 0.9854494461441069
Loss on Validation Data: 0.01676482181443552
EarlyStopping counter: 6 out of 7
----Epoch:9----
Training Time : 174.89645171165466
Val Infer Time: 23.110355854034424
BAS Score on Validation Data: 0.9929039160623113
Loss on Validation Data: 0.01742712370873068
EarlyStopping counter: 7 out of 7
Early Stop
Load the best weight after training: /gpfs/fs7/grdi/genarcc/wp1/genomics_unit/IAV/Revision_1/model_weight/transformer_esm/06_NA_Protein_Subtype/transformer_esm_1.pt
Inference Test Time: 97.6662290096283
Inference Test Time: 2.5066587924957275
High Quality
0.9643183579942173 0.8802969226771177 0.8988475361630084 0.8678865221947956 0.9981943623181352
              precision    recall  f1-score   support

           0       1.00      1.00      1.00     13173
           1       1.00      1.00      1.00     13594
           2       0.99      1.00      1.00       130
           3       1.00      1.00      1.00        39
           4       1.00      0.68      0.81        81
           5       1.00      1.00      1.00       256
           6       1.00      1.00      1.00        45
           7       1.00      1.00      1.00       839
           8       1.00      1.00      1.00        62
          10       0.00       nan      0.00         0

    accuracy                           1.00     28219
   macro avg       0.90      0.96      0.88     28219
weighted avg       1.00      1.00      1.00     28219

Low Quality
0.8876501456800121 0.5071683272392811 0.5407223796033994 0.49313896982222893 0.9400900668502221
              precision    recall  f1-score   support

           0       0.99      0.96      0.98       363
           1       1.00      0.97      0.99       347
           2       1.00      0.50      0.67         2
           5       0.00       nan      0.00         0
           6       0.00       nan      0.00         0
           7       0.88      1.00      0.93         7
           8       1.00      1.00      1.00         1
           9       0.00       nan      0.00         0
          10       0.00       nan      0.00         0

    accuracy                           0.97       720
   macro avg       0.54      0.89      0.51       720
weighted avg       0.99      0.97      0.98       720


High Quality Post 2020
                     mean      std      sem  count
Model                                             
transformer_esm  0.938937  0.08293  0.05864      2
                     mean       std       sem  count
Model                                               
transformer_esm  0.982143  0.025207  0.017824      2
                     mean       std       sem  count
Model                                               
transformer_esm  0.998968  0.001094  0.000774      2

Low Quality Post 2020
                     mean       std       sem  count
Model                                               
transformer_esm  0.491224  0.022548  0.015944      2
                     mean       std       sem  count
Model                                               
transformer_esm  0.923555  0.050776  0.035904      2
                     mean       std       sem  count
Model                                               
transformer_esm  0.887737  0.074038  0.052353      2
Saving Results
Fold: 2
Data Shape Before Sampling:  (59969, 497) (59969,)
Subtype/Host: 0 ,count:  22798 ,index count: (array([False,  True]), array([37171, 22798])) ,downsampling:  (6000, 497) (6000,)
Subtype/Host: 1 ,count:  29312 ,index count: (array([False,  True]), array([30657, 29312])) ,downsampling:  (6000, 497) (6000,)
Subtype/Host: 2 ,count:  916 ,index count: (array([False,  True]), array([59053,   916])) ,keep:  (916, 497) (916,)
Subtype/Host: 3 ,count:  218 ,index count: (array([False,  True]), array([59751,   218])) ,upsampling:  (600, 497) (600,)
Subtype/Host: 4 ,count:  318 ,index count: (array([False,  True]), array([59651,   318])) ,upsampling:  (600, 497) (600,)
Subtype/Host: 5 ,count:  2287 ,index count: (array([False,  True]), array([57682,  2287])) ,keep:  (2287, 497) (2287,)
Subtype/Host: 6 ,count:  656 ,index count: (array([False,  True]), array([59313,   656])) ,keep:  (656, 497) (656,)
Subtype/Host: 7 ,count:  2192 ,index count: (array([False,  True]), array([57777,  2192])) ,keep:  (2192, 497) (2192,)
Subtype/Host: 8 ,count:  1272 ,index count: (array([False,  True]), array([58697,  1272])) ,keep:  (1272, 497) (1272,)
CV Train Shape (21723, 497) (21723,)
CV Val Shape (6664, 497) (6664,)
Total Trainable Parameters:  33563085
Total Parameters:  33563085
----Epoch:1----
Training Time : 174.87324357032776
Val Infer Time: 23.109076499938965
BAS Score on Validation Data: 0.998001670185912
Loss on Validation Data: 0.012110435221183814
Validation loss decreased (inf --> 0.012110).  Saving model ...
----Epoch:2----
Training Time : 174.87374687194824
Val Infer Time: 23.11379885673523
BAS Score on Validation Data: 0.998001670185912
Loss on Validation Data: 0.0069970771599044065
Validation loss decreased (0.012110 --> 0.006997).  Saving model ...
----Epoch:3----
Training Time : 174.85834884643555
Val Infer Time: 23.108354568481445
BAS Score on Validation Data: 0.998001670185912
Loss on Validation Data: 0.008605729628122595
EarlyStopping counter: 1 out of 7
----Epoch:4----
Training Time : 174.86919403076172
Val Infer Time: 23.107489109039307
BAS Score on Validation Data: 0.998001670185912
Loss on Validation Data: 0.0060893997692605525
EarlyStopping counter: 2 out of 7
----Epoch:5----
Training Time : 174.82335782051086
Val Infer Time: 23.102056741714478
BAS Score on Validation Data: 0.998001670185912
Loss on Validation Data: 0.00996353808772621
EarlyStopping counter: 3 out of 7
----Epoch:6----
Training Time : 174.83593797683716
Val Infer Time: 23.09980535507202
BAS Score on Validation Data: 0.998001670185912
Loss on Validation Data: 0.007984573529525236
EarlyStopping counter: 4 out of 7
----Epoch:7----
Training Time : 174.83408951759338
Val Infer Time: 23.103686809539795
BAS Score on Validation Data: 0.7748866292381618
Loss on Validation Data: 0.08813912760127675
EarlyStopping counter: 5 out of 7
----Epoch:8----
Training Time : 174.82853627204895
Val Infer Time: 23.1097309589386
BAS Score on Validation Data: 0.998001670185912
Loss on Validation Data: 0.0072802183837696694
EarlyStopping counter: 6 out of 7
----Epoch:9----
Training Time : 174.85306811332703
Val Infer Time: 23.105255126953125
BAS Score on Validation Data: 0.998001670185912
Loss on Validation Data: 0.006640192976836382
EarlyStopping counter: 7 out of 7
Early Stop
Load the best weight after training: /gpfs/fs7/grdi/genarcc/wp1/genomics_unit/IAV/Revision_1/model_weight/transformer_esm/06_NA_Protein_Subtype/transformer_esm_2.pt
Inference Test Time: 97.65425491333008
Inference Test Time: 2.506671905517578
High Quality
0.9999836529187713 0.9993495219288236 0.9987194846255648 0.9999836529187713 0.9998709231196048
              precision    recall  f1-score   support

           0       1.00      1.00      1.00     13173
           1       1.00      1.00      1.00     13594
           2       0.99      1.00      1.00       130
           3       1.00      1.00      1.00        39
           4       1.00      1.00      1.00        81
           5       1.00      1.00      1.00       256
           6       1.00      1.00      1.00        45
           7       1.00      1.00      1.00       839
           8       1.00      1.00      1.00        62

    accuracy                           1.00     28219
   macro avg       1.00      1.00      1.00     28219
weighted avg       1.00      1.00      1.00     28219

Low Quality
0.994965108247791 0.7701922992588695 0.7111111111111111 0.994965108247791 0.976188461903036
              precision    recall  f1-score   support

           0       1.00      0.98      0.99       363
           1       1.00      0.99      1.00       347
           2       0.22      1.00      0.36         2
           7       1.00      1.00      1.00         7
           8       0.33      1.00      0.50         1

    accuracy                           0.99       720
   macro avg       0.71      0.99      0.77       720
weighted avg       1.00      0.99      0.99       720


High Quality Post 2020
                     mean       std       sem  count
Model                                               
transformer_esm  0.959075  0.068229  0.039392      3
                    mean       std       sem  count
Model                                              
transformer_esm  0.98809  0.020587  0.011886      3
                     mean       std       sem  count
Model                                               
transformer_esm  0.999269  0.000933  0.000539      3

Low Quality Post 2020
                     mean      std       sem  count
Model                                              
transformer_esm  0.584214  0.16185  0.093444      3
                     mean       std       sem  count
Model                                               
transformer_esm  0.947358  0.054671  0.031564      3
                     mean       std       sem  count
Model                                               
transformer_esm  0.917221  0.073135  0.042224      3
Saving Results
Fold: 3
Data Shape Before Sampling:  (59970, 497) (59970,)
Subtype/Host: 0 ,count:  22798 ,index count: (array([False,  True]), array([37172, 22798])) ,downsampling:  (6000, 497) (6000,)
Subtype/Host: 1 ,count:  29312 ,index count: (array([False,  True]), array([30658, 29312])) ,downsampling:  (6000, 497) (6000,)
Subtype/Host: 2 ,count:  916 ,index count: (array([False,  True]), array([59054,   916])) ,keep:  (916, 497) (916,)
Subtype/Host: 3 ,count:  219 ,index count: (array([False,  True]), array([59751,   219])) ,upsampling:  (600, 497) (600,)
Subtype/Host: 4 ,count:  318 ,index count: (array([False,  True]), array([59652,   318])) ,upsampling:  (600, 497) (600,)
Subtype/Host: 5 ,count:  2287 ,index count: (array([False,  True]), array([57683,  2287])) ,keep:  (2287, 497) (2287,)
Subtype/Host: 6 ,count:  656 ,index count: (array([False,  True]), array([59314,   656])) ,keep:  (656, 497) (656,)
Subtype/Host: 7 ,count:  2192 ,index count: (array([False,  True]), array([57778,  2192])) ,keep:  (2192, 497) (2192,)
Subtype/Host: 8 ,count:  1272 ,index count: (array([False,  True]), array([58698,  1272])) ,keep:  (1272, 497) (1272,)
CV Train Shape (21723, 497) (21723,)
CV Val Shape (6663, 497) (6663,)
Total Trainable Parameters:  33563085
Total Parameters:  33563085
----Epoch:1----
Training Time : 174.83434462547302
Val Infer Time: 23.103418111801147
BAS Score on Validation Data: 0.9977689079824358
Loss on Validation Data: 0.011707891607612514
Validation loss decreased (inf --> 0.011708).  Saving model ...
----Epoch:2----
Training Time : 174.8583106994629
Val Infer Time: 23.108566284179688
BAS Score on Validation Data: 0.8819610105879241
Loss on Validation Data: 0.029905536350165827
EarlyStopping counter: 1 out of 7
----Epoch:3----
Training Time : 174.87859916687012
Val Infer Time: 23.102461338043213
BAS Score on Validation Data: 0.995590258744963
Loss on Validation Data: 0.009660469084303007
Validation loss decreased (0.011708 --> 0.009660).  Saving model ...
----Epoch:4----
Training Time : 174.90251851081848
Val Infer Time: 23.101545095443726
BAS Score on Validation Data: 0.9945943048078326
Loss on Validation Data: 0.005195794470480679
Validation loss decreased (0.009660 --> 0.005196).  Saving model ...
----Epoch:5----
Training Time : 174.84019589424133
Val Infer Time: 23.099822998046875
BAS Score on Validation Data: 0.9962242099575064
Loss on Validation Data: 0.006484245057688451
EarlyStopping counter: 1 out of 7
----Epoch:6----
Training Time : 174.87413620948792
Val Infer Time: 23.096333980560303
BAS Score on Validation Data: 0.9973135345762427
Loss on Validation Data: 0.008986800539813619
EarlyStopping counter: 2 out of 7
----Epoch:7----
Training Time : 174.8671476840973
Val Infer Time: 23.10090708732605
BAS Score on Validation Data: 0.9973135345762427
Loss on Validation Data: 0.007934736748707523
EarlyStopping counter: 3 out of 7
----Epoch:8----
Training Time : 174.83843111991882
Val Infer Time: 23.103729486465454
BAS Score on Validation Data: 0.9973135345762427
Loss on Validation Data: 0.0087638133735748
EarlyStopping counter: 4 out of 7
----Epoch:9----
Training Time : 174.8696093559265
Val Infer Time: 23.09895396232605
BAS Score on Validation Data: 0.9962907033881039
Loss on Validation Data: 0.004021862963547052
Validation loss decreased (0.005196 --> 0.004022).  Saving model ...
----Epoch:10----
Training Time : 174.8802981376648
Val Infer Time: 23.108922481536865
BAS Score on Validation Data: 0.9962907033881039
Loss on Validation Data: 0.0038554259917786392
EarlyStopping counter: 1 out of 7
----Epoch:11----
Training Time : 174.87024974822998
Val Infer Time: 23.095947265625
BAS Score on Validation Data: 0.9978127734033246
Loss on Validation Data: 0.004533335380639991
EarlyStopping counter: 2 out of 7
----Epoch:12----
Training Time : 174.85188031196594
Val Infer Time: 23.100335121154785
BAS Score on Validation Data: 0.9978127734033246
Loss on Validation Data: 0.0030012581133354414
Validation loss decreased (0.004022 --> 0.003001).  Saving model ...
----Epoch:13----
Training Time : 174.88195705413818
Val Infer Time: 23.101582765579224
BAS Score on Validation Data: 0.9978127734033246
Loss on Validation Data: 0.0027953418263273327
EarlyStopping counter: 1 out of 7
----Epoch:14----
Training Time : 174.8720200061798
Val Infer Time: 23.099166870117188
BAS Score on Validation Data: 0.9978127734033246
Loss on Validation Data: 0.00283431613426824
EarlyStopping counter: 2 out of 7
----Epoch:15----
Training Time : 174.85567831993103
Val Infer Time: 23.100602865219116
BAS Score on Validation Data: 0.9977689079824358
Loss on Validation Data: 0.005485737463302713
EarlyStopping counter: 3 out of 7
----Epoch:16----
Training Time : 174.8631796836853
Val Infer Time: 23.0971736907959
BAS Score on Validation Data: 0.9978127734033246
Loss on Validation Data: 0.002970676390442093
EarlyStopping counter: 4 out of 7
----Epoch:17----
Training Time : 174.84546542167664
Val Infer Time: 23.10252070426941
BAS Score on Validation Data: 0.9978127734033246
Loss on Validation Data: 0.0035427950236065014
EarlyStopping counter: 5 out of 7
----Epoch:18----
Training Time : 174.85033011436462
Val Infer Time: 23.098666667938232
BAS Score on Validation Data: 0.9978127734033246
Loss on Validation Data: 0.004225869903044467
EarlyStopping counter: 6 out of 7
----Epoch:19----
Training Time : 174.87613010406494
Val Infer Time: 23.097338438034058
BAS Score on Validation Data: 0.9977786588466433
Loss on Validation Data: 0.005615591643835828
EarlyStopping counter: 7 out of 7
Early Stop
Load the best weight after training: /gpfs/fs7/grdi/genarcc/wp1/genomics_unit/IAV/Revision_1/model_weight/transformer_esm/06_NA_Protein_Subtype/transformer_esm_3.pt
Inference Test Time: 97.65234565734863
Inference Test Time: 2.5065431594848633
High Quality
0.9999836529187713 0.9993495219288236 0.9987194846255648 0.9999836529187713 0.9998709231196048
              precision    recall  f1-score   support

           0       1.00      1.00      1.00     13173
           1       1.00      1.00      1.00     13594
           2       0.99      1.00      1.00       130
           3       1.00      1.00      1.00        39
           4       1.00      1.00      1.00        81
           5       1.00      1.00      1.00       256
           6       1.00      1.00      1.00        45
           7       1.00      1.00      1.00       839
           8       1.00      1.00      1.00        62

    accuracy                           1.00     28219
   macro avg       1.00      1.00      1.00     28219
weighted avg       1.00      1.00      1.00     28219

Low Quality
0.8943125253054518 0.5594821840385215 0.5875 0.5589453283159074 0.9708863323296919
              precision    recall  f1-score   support

           0       1.00      0.99      1.00       363
           1       1.00      0.98      0.99       347
           2       1.00      0.50      0.67         2
           3       0.00       nan      0.00         0
           6       0.00       nan      0.00         0
           7       0.70      1.00      0.82         7
           8       1.00      1.00      1.00         1
          10       0.00       nan      0.00         0

    accuracy                           0.98       720
   macro avg       0.59      0.89      0.56       720
weighted avg       1.00      0.98      0.99       720


High Quality Post 2020
                     mean       std       sem  count
Model                                               
transformer_esm  0.969143  0.059237  0.029618      4
                     mean      std       sem  count
Model                                              
transformer_esm  0.991063  0.01783  0.008915      4
                    mean       std      sem  count
Model                                             
transformer_esm  0.99942  0.000819  0.00041      4

Low Quality Post 2020
                     mean       std       sem  count
Model                                               
transformer_esm  0.578031  0.132727  0.066363      4
                     mean       std       sem  count
Model                                               
transformer_esm  0.934097  0.051924  0.025962      4
                     mean       std       sem  count
Model                                               
transformer_esm  0.930637  0.065466  0.032733      4
Saving Results
Fold: 4
Data Shape Before Sampling:  (59970, 497) (59970,)
Subtype/Host: 0 ,count:  22798 ,index count: (array([False,  True]), array([37172, 22798])) ,downsampling:  (6000, 497) (6000,)
Subtype/Host: 1 ,count:  29312 ,index count: (array([False,  True]), array([30658, 29312])) ,downsampling:  (6000, 497) (6000,)
Subtype/Host: 2 ,count:  916 ,index count: (array([False,  True]), array([59054,   916])) ,keep:  (916, 497) (916,)
Subtype/Host: 3 ,count:  219 ,index count: (array([False,  True]), array([59751,   219])) ,upsampling:  (600, 497) (600,)
Subtype/Host: 4 ,count:  318 ,index count: (array([False,  True]), array([59652,   318])) ,upsampling:  (600, 497) (600,)
Subtype/Host: 5 ,count:  2287 ,index count: (array([False,  True]), array([57683,  2287])) ,keep:  (2287, 497) (2287,)
Subtype/Host: 6 ,count:  656 ,index count: (array([False,  True]), array([59314,   656])) ,keep:  (656, 497) (656,)
Subtype/Host: 7 ,count:  2192 ,index count: (array([False,  True]), array([57778,  2192])) ,keep:  (2192, 497) (2192,)
Subtype/Host: 8 ,count:  1272 ,index count: (array([False,  True]), array([58698,  1272])) ,keep:  (1272, 497) (1272,)
CV Train Shape (21723, 497) (21723,)
CV Val Shape (6663, 497) (6663,)
Total Trainable Parameters:  33563085
Total Parameters:  33563085
----Epoch:1----
Training Time : 174.8510320186615
Val Infer Time: 23.103978157043457
BAS Score on Validation Data: 0.9964645812716033
Loss on Validation Data: 0.017525675845818156
Validation loss decreased (inf --> 0.017526).  Saving model ...
----Epoch:2----
Training Time : 174.86029243469238
Val Infer Time: 23.11016321182251
BAS Score on Validation Data: 0.9969199546777965
Loss on Validation Data: 0.008499037522784185
Validation loss decreased (0.017526 --> 0.008499).  Saving model ...
----Epoch:3----
Training Time : 174.85562872886658
Val Infer Time: 23.103090047836304
BAS Score on Validation Data: 0.9969199546777965
Loss on Validation Data: 0.005513492200111288
Validation loss decreased (0.008499 --> 0.005513).  Saving model ...
----Epoch:4----
Training Time : 174.8764021396637
Val Infer Time: 23.10100030899048
BAS Score on Validation Data: 0.9969199546777965
Loss on Validation Data: 0.005439653427364947
EarlyStopping counter: 1 out of 7
----Epoch:5----
Training Time : 174.8477771282196
Val Infer Time: 23.101316690444946
BAS Score on Validation Data: 0.9955538344592172
Loss on Validation Data: 0.009485631297591324
EarlyStopping counter: 2 out of 7
----Epoch:6----
Training Time : 174.90056943893433
Val Infer Time: 23.107070922851562
BAS Score on Validation Data: 0.9969199546777965
Loss on Validation Data: 0.005598803115111677
EarlyStopping counter: 3 out of 7
----Epoch:7----
Training Time : 174.9390287399292
Val Infer Time: 23.10269546508789
BAS Score on Validation Data: 0.9969199546777965
Loss on Validation Data: 0.005653410785852207
EarlyStopping counter: 4 out of 7
----Epoch:8----
Training Time : 174.90253591537476
Val Infer Time: 23.11064910888672
BAS Score on Validation Data: 0.9969199546777965
Loss on Validation Data: 0.005712938628025485
EarlyStopping counter: 5 out of 7
----Epoch:9----
Training Time : 174.89719605445862
Val Infer Time: 23.10157871246338
BAS Score on Validation Data: 0.9969199546777965
Loss on Validation Data: 0.0062904692295065335
EarlyStopping counter: 6 out of 7
----Epoch:10----
Training Time : 174.91813015937805
Val Infer Time: 23.111846923828125
BAS Score on Validation Data: 0.9969199546777965
Loss on Validation Data: 0.006242262549642799
EarlyStopping counter: 7 out of 7
Early Stop
Load the best weight after training: /gpfs/fs7/grdi/genarcc/wp1/genomics_unit/IAV/Revision_1/model_weight/transformer_esm/06_NA_Protein_Subtype/transformer_esm_4.pt
Inference Test Time: 97.69230246543884
Inference Test Time: 2.507629156112671
High Quality
0.9999836529187713 0.9993495219288236 0.9987194846255648 0.9999836529187713 0.9998709231196048
              precision    recall  f1-score   support

           0       1.00      1.00      1.00     13173
           1       1.00      1.00      1.00     13594
           2       0.99      1.00      1.00       130
           3       1.00      1.00      1.00        39
           4       1.00      1.00      1.00        81
           5       1.00      1.00      1.00       256
           6       1.00      1.00      1.00        45
           7       1.00      1.00      1.00       839
           8       1.00      1.00      1.00        62

    accuracy                           1.00     28219
   macro avg       1.00      1.00      1.00     28219
weighted avg       1.00      1.00      1.00     28219

Low Quality
0.9911337636252491 0.5180141964884935 0.4791666666666667 0.6194586022657806 0.9583459740894998
              precision    recall  f1-score   support

           0       1.00      0.96      0.98       363
           1       1.00      0.99      1.00       347
           2       0.33      1.00      0.50         2
           3       0.00       nan      0.00         0
           4       0.00       nan      0.00         0
           6       0.00       nan      0.00         0
           7       1.00      1.00      1.00         7
           8       0.50      1.00      0.67         1

    accuracy                           0.98       720
   macro avg       0.48      0.99      0.52       720
weighted avg       1.00      0.98      0.99       720


High Quality Post 2020
                     mean       std       sem  count
Model                                               
transformer_esm  0.975185  0.053049  0.023724      5
                     mean       std       sem  count
Model                                               
transformer_esm  0.992847  0.015948  0.007132      5
                    mean       std      sem  count
Model                                             
transformer_esm  0.99951  0.000737  0.00033      5

Low Quality Post 2020
                     mean       std       sem  count
Model                                               
transformer_esm  0.566027  0.118037  0.052788      5
                     mean       std      sem  count
Model                                              
transformer_esm  0.945504  0.051698  0.02312      5
                     mean       std       sem  count
Model                                               
transformer_esm  0.936179  0.058033  0.025953      5
Saving Results
Fold: 5
Data Shape Before Sampling:  (59970, 497) (59970,)
Subtype/Host: 0 ,count:  22798 ,index count: (array([False,  True]), array([37172, 22798])) ,downsampling:  (6000, 497) (6000,)
Subtype/Host: 1 ,count:  29312 ,index count: (array([False,  True]), array([30658, 29312])) ,downsampling:  (6000, 497) (6000,)
Subtype/Host: 2 ,count:  916 ,index count: (array([False,  True]), array([59054,   916])) ,keep:  (916, 497) (916,)
Subtype/Host: 3 ,count:  219 ,index count: (array([False,  True]), array([59751,   219])) ,upsampling:  (600, 497) (600,)
Subtype/Host: 4 ,count:  318 ,index count: (array([False,  True]), array([59652,   318])) ,upsampling:  (600, 497) (600,)
Subtype/Host: 5 ,count:  2287 ,index count: (array([False,  True]), array([57683,  2287])) ,keep:  (2287, 497) (2287,)
Subtype/Host: 6 ,count:  656 ,index count: (array([False,  True]), array([59314,   656])) ,keep:  (656, 497) (656,)
Subtype/Host: 7 ,count:  2192 ,index count: (array([False,  True]), array([57778,  2192])) ,keep:  (2192, 497) (2192,)
Subtype/Host: 8 ,count:  1272 ,index count: (array([False,  True]), array([58698,  1272])) ,keep:  (1272, 497) (1272,)
CV Train Shape (21723, 497) (21723,)
CV Val Shape (6663, 497) (6663,)
Total Trainable Parameters:  33563085
Total Parameters:  33563085
----Epoch:1----
Training Time : 174.8892903327942
Val Infer Time: 23.10751962661743
BAS Score on Validation Data: 0.9968355390946103
Loss on Validation Data: 0.018913568242600088
Validation loss decreased (inf --> 0.018914).  Saving model ...
----Epoch:2----
Training Time : 174.9040651321411
Val Infer Time: 23.111032485961914
BAS Score on Validation Data: 0.9969037682079731
Loss on Validation Data: 0.006201051811701016
Validation loss decreased (0.018914 --> 0.006201).  Saving model ...
----Epoch:3----
Training Time : 174.89018177986145
Val Infer Time: 23.106798887252808
BAS Score on Validation Data: 0.9969037682079731
Loss on Validation Data: 0.00626680792465864
EarlyStopping counter: 1 out of 7
----Epoch:4----
Training Time : 174.89597463607788
Val Infer Time: 23.107019186019897
BAS Score on Validation Data: 0.9969037682079731
Loss on Validation Data: 0.006436794316359911
EarlyStopping counter: 2 out of 7
----Epoch:5----
Training Time : 174.89110159873962
Val Infer Time: 23.103718519210815
BAS Score on Validation Data: 0.7312651829653193
Loss on Validation Data: 0.14444889598771146
EarlyStopping counter: 3 out of 7
----Epoch:6----
Training Time : 174.86643624305725
Val Infer Time: 23.099016904830933
BAS Score on Validation Data: 0.9969378827646543
Loss on Validation Data: 0.007206683238727625
EarlyStopping counter: 4 out of 7
----Epoch:7----
Training Time : 174.8786060810089
Val Infer Time: 23.104509830474854
BAS Score on Validation Data: 0.9969378827646543
Loss on Validation Data: 0.008438556047065103
EarlyStopping counter: 5 out of 7
----Epoch:8----
Training Time : 174.88351702690125
Val Infer Time: 23.112632751464844
BAS Score on Validation Data: 0.9969378827646543
Loss on Validation Data: 0.004229007776442004
Validation loss decreased (0.006201 --> 0.004229).  Saving model ...
----Epoch:9----
Training Time : 174.9551157951355
Val Infer Time: 23.10169529914856
BAS Score on Validation Data: 0.9969378827646543
Loss on Validation Data: 0.006971996249546103
EarlyStopping counter: 1 out of 7
----Epoch:10----
Training Time : 174.89319348335266
Val Infer Time: 23.11249589920044
BAS Score on Validation Data: 0.9969378827646543
Loss on Validation Data: 0.004112691440893926
EarlyStopping counter: 2 out of 7
----Epoch:11----
Training Time : 174.8767876625061
Val Infer Time: 23.09738326072693
BAS Score on Validation Data: 0.8759764293911869
Loss on Validation Data: 0.10042666579690276
EarlyStopping counter: 3 out of 7
----Epoch:12----
Training Time : 174.8911521434784
Val Infer Time: 23.111303091049194
BAS Score on Validation Data: 0.9969378827646543
Loss on Validation Data: 0.00401758858889484
EarlyStopping counter: 4 out of 7
----Epoch:13----
Training Time : 174.91532635688782
Val Infer Time: 23.10006356239319
BAS Score on Validation Data: 0.9969378827646543
Loss on Validation Data: 0.0054757085693003076
EarlyStopping counter: 5 out of 7
----Epoch:14----
Training Time : 174.90147590637207
Val Infer Time: 23.101973295211792
BAS Score on Validation Data: 0.9969378827646543
Loss on Validation Data: 0.00406276215166249
EarlyStopping counter: 6 out of 7
----Epoch:15----
Training Time : 174.86682319641113
Val Infer Time: 23.10309338569641
BAS Score on Validation Data: 0.9969378827646543
Loss on Validation Data: 0.004465411941090022
EarlyStopping counter: 7 out of 7
Early Stop
Load the best weight after training: /gpfs/fs7/grdi/genarcc/wp1/genomics_unit/IAV/Revision_1/model_weight/transformer_esm/06_NA_Protein_Subtype/transformer_esm_5.pt
Inference Test Time: 97.7057101726532
Inference Test Time: 2.5087504386901855
High Quality
0.9999836529187713 0.9993495219288236 0.9987194846255648 0.9999836529187713 0.9998709231196048
              precision    recall  f1-score   support

           0       1.00      1.00      1.00     13173
           1       1.00      1.00      1.00     13594
           2       0.99      1.00      1.00       130
           3       1.00      1.00      1.00        39
           4       1.00      1.00      1.00        81
           5       1.00      1.00      1.00       256
           6       1.00      1.00      1.00        45
           7       1.00      1.00      1.00       839
           8       1.00      1.00      1.00        62

    accuracy                           1.00     28219
   macro avg       1.00      1.00      1.00     28219
weighted avg       1.00      1.00      1.00     28219

Low Quality
0.8697248694890822 0.8498652862289227 0.8488710011305912 0.8697248694890822 0.9865044100589324
              precision    recall  f1-score   support

           0       1.00      1.00      1.00       363
           1       1.00      0.99      1.00       347
           2       0.25      0.50      0.33         2
           7       1.00      0.86      0.92         7
           8       1.00      1.00      1.00         1

    accuracy                           0.99       720
   macro avg       0.85      0.87      0.85       720
weighted avg       1.00      0.99      0.99       720


High Quality Post 2020
                     mean       std       sem  count
Model                                               
transformer_esm  0.979212  0.048464  0.019785      6
                     mean       std       sem  count
Model                                               
transformer_esm  0.994037  0.014559  0.005944      6
                    mean       std       sem  count
Model                                              
transformer_esm  0.99957  0.000676  0.000276      6

Low Quality Post 2020
                     mean       std       sem  count
Model                                               
transformer_esm  0.613334  0.156759  0.063997      6
                     mean       std       sem  count
Model                                               
transformer_esm  0.932874  0.055635  0.022713      6
                     mean       std      sem  count
Model                                              
transformer_esm  0.944567  0.055825  0.02279      6
Saving Results
Fold: 6
Data Shape Before Sampling:  (59970, 497) (59970,)
Subtype/Host: 0 ,count:  22798 ,index count: (array([False,  True]), array([37172, 22798])) ,downsampling:  (6000, 497) (6000,)
Subtype/Host: 1 ,count:  29312 ,index count: (array([False,  True]), array([30658, 29312])) ,downsampling:  (6000, 497) (6000,)
Subtype/Host: 2 ,count:  916 ,index count: (array([False,  True]), array([59054,   916])) ,keep:  (916, 497) (916,)
Subtype/Host: 3 ,count:  219 ,index count: (array([False,  True]), array([59751,   219])) ,upsampling:  (600, 497) (600,)
Subtype/Host: 4 ,count:  318 ,index count: (array([False,  True]), array([59652,   318])) ,upsampling:  (600, 497) (600,)
Subtype/Host: 5 ,count:  2286 ,index count: (array([False,  True]), array([57684,  2286])) ,keep:  (2286, 497) (2286,)
Subtype/Host: 6 ,count:  656 ,index count: (array([False,  True]), array([59314,   656])) ,keep:  (656, 497) (656,)
Subtype/Host: 7 ,count:  2193 ,index count: (array([False,  True]), array([57777,  2193])) ,keep:  (2193, 497) (2193,)
Subtype/Host: 8 ,count:  1272 ,index count: (array([False,  True]), array([58698,  1272])) ,keep:  (1272, 497) (1272,)
CV Train Shape (21723, 497) (21723,)
CV Val Shape (6663, 497) (6663,)
Total Trainable Parameters:  33563085
Total Parameters:  33563085
----Epoch:1----
Training Time : 174.86544585227966
Val Infer Time: 23.106133222579956
BAS Score on Validation Data: 0.9982355630866887
Loss on Validation Data: 0.013301136391014573
Validation loss decreased (inf --> 0.013301).  Saving model ...
----Epoch:2----
Training Time : 174.86663007736206
Val Infer Time: 23.112200498580933
BAS Score on Validation Data: 0.9982355630866887
Loss on Validation Data: 0.0070421942905188675
Validation loss decreased (0.013301 --> 0.007042).  Saving model ...
----Epoch:3----
Training Time : 174.89680862426758
Val Infer Time: 23.10349702835083
BAS Score on Validation Data: 0.9982355630866887
Loss on Validation Data: 0.012186916660891766
EarlyStopping counter: 1 out of 7
----Epoch:4----
Training Time : 174.9140820503235
Val Infer Time: 23.10702657699585
BAS Score on Validation Data: 0.9982355630866887
Loss on Validation Data: 0.008492532348509267
EarlyStopping counter: 2 out of 7
----Epoch:5----
Training Time : 174.90211057662964
Val Infer Time: 23.10061502456665
BAS Score on Validation Data: 0.9982355630866887
Loss on Validation Data: 0.005141830895556712
Validation loss decreased (0.007042 --> 0.005142).  Saving model ...
----Epoch:6----
Training Time : 174.98131251335144
Val Infer Time: 23.1062593460083
BAS Score on Validation Data: 0.9982355630866887
Loss on Validation Data: 0.005606566108274441
EarlyStopping counter: 1 out of 7
----Epoch:7----
Training Time : 174.85414242744446
Val Infer Time: 23.101973295211792
BAS Score on Validation Data: 0.9982355630866887
Loss on Validation Data: 0.005564331486355374
EarlyStopping counter: 2 out of 7
----Epoch:8----
Training Time : 174.84897112846375
Val Infer Time: 23.105315685272217
BAS Score on Validation Data: 0.9982355630866887
Loss on Validation Data: 0.005748470683702441
EarlyStopping counter: 3 out of 7
----Epoch:9----
Training Time : 174.8836362361908
Val Infer Time: 23.101466178894043
BAS Score on Validation Data: 0.7724917821369262
Loss on Validation Data: 0.2530057854999445
EarlyStopping counter: 4 out of 7
----Epoch:10----
Training Time : 174.8716516494751
Val Infer Time: 23.1092791557312
BAS Score on Validation Data: 0.9982355630866887
Loss on Validation Data: 0.006549051972331688
EarlyStopping counter: 5 out of 7
----Epoch:11----
Training Time : 174.8646376132965
Val Infer Time: 23.09870219230652
BAS Score on Validation Data: 0.9982355630866887
Loss on Validation Data: 0.005737542640139309
EarlyStopping counter: 6 out of 7
----Epoch:12----
Training Time : 174.8583779335022
Val Infer Time: 23.104546785354614
BAS Score on Validation Data: 0.9982355630866887
Loss on Validation Data: 0.005280534881321684
EarlyStopping counter: 7 out of 7
Early Stop
Load the best weight after training: /gpfs/fs7/grdi/genarcc/wp1/genomics_unit/IAV/Revision_1/model_weight/transformer_esm/06_NA_Protein_Subtype/transformer_esm_6.pt
Inference Test Time: 97.67877316474915
Inference Test Time: 2.510006904602051
High Quality
0.9999836529187713 0.9993495219288236 0.9987194846255648 0.9999836529187713 0.9998709231196048
              precision    recall  f1-score   support

           0       1.00      1.00      1.00     13173
           1       1.00      1.00      1.00     13594
           2       0.99      1.00      1.00       130
           3       1.00      1.00      1.00        39
           4       1.00      1.00      1.00        81
           5       1.00      1.00      1.00       256
           6       1.00      1.00      1.00        45
           7       1.00      1.00      1.00       839
           8       1.00      1.00      1.00        62

    accuracy                           1.00     28219
   macro avg       1.00      1.00      1.00     28219
weighted avg       1.00      1.00      1.00     28219

Low Quality
0.9641390135495452 0.5977001305836644 0.59375 0.6025868834684658 0.9631836392514569
              precision    recall  f1-score   support

           0       1.00      0.98      0.99       363
           1       1.00      0.99      0.99       347
           2       1.00      1.00      1.00         2
           3       0.00       nan      0.00         0
           4       0.00       nan      0.00         0
           7       0.75      0.86      0.80         7
           8       1.00      1.00      1.00         1
           9       0.00       nan      0.00         0

    accuracy                           0.98       720
   macro avg       0.59      0.96      0.60       720
weighted avg       1.00      0.98      0.99       720


High Quality Post 2020
                     mean       std       sem  count
Model                                               
transformer_esm  0.982089  0.044891  0.016967      7
                     mean       std       sem  count
Model                                               
transformer_esm  0.994886  0.013479  0.005095      7
                     mean       std       sem  count
Model                                               
transformer_esm  0.999613  0.000627  0.000237      7

Low Quality Post 2020
                   mean       std       sem  count
Model                                             
transformer_esm  0.6111  0.143223  0.054133      7
                     mean       std       sem  count
Model                                               
transformer_esm  0.937341  0.052144  0.019709      7
                     mean       std       sem  count
Model                                               
transformer_esm  0.947226  0.051444  0.019444      7
Saving Results
Fold: 7
Data Shape Before Sampling:  (59970, 497) (59970,)
Subtype/Host: 0 ,count:  22798 ,index count: (array([False,  True]), array([37172, 22798])) ,downsampling:  (6000, 497) (6000,)
Subtype/Host: 1 ,count:  29312 ,index count: (array([False,  True]), array([30658, 29312])) ,downsampling:  (6000, 497) (6000,)
Subtype/Host: 2 ,count:  916 ,index count: (array([False,  True]), array([59054,   916])) ,keep:  (916, 497) (916,)
Subtype/Host: 3 ,count:  219 ,index count: (array([False,  True]), array([59751,   219])) ,upsampling:  (600, 497) (600,)
Subtype/Host: 4 ,count:  317 ,index count: (array([False,  True]), array([59653,   317])) ,upsampling:  (600, 497) (600,)
Subtype/Host: 5 ,count:  2287 ,index count: (array([False,  True]), array([57683,  2287])) ,keep:  (2287, 497) (2287,)
Subtype/Host: 6 ,count:  657 ,index count: (array([False,  True]), array([59313,   657])) ,keep:  (657, 497) (657,)
Subtype/Host: 7 ,count:  2193 ,index count: (array([False,  True]), array([57777,  2193])) ,keep:  (2193, 497) (2193,)
Subtype/Host: 8 ,count:  1271 ,index count: (array([False,  True]), array([58699,  1271])) ,keep:  (1271, 497) (1271,)
CV Train Shape (21724, 497) (21724,)
CV Val Shape (6663, 497) (6663,)
Total Trainable Parameters:  33563085
Total Parameters:  33563085
----Epoch:1----
Training Time : 175.00295996665955
Val Infer Time: 23.100343465805054
BAS Score on Validation Data: 0.9966189776812612
Loss on Validation Data: 0.017086099129188004
Validation loss decreased (inf --> 0.017086).  Saving model ...
----Epoch:2----
Training Time : 174.91049194335938
Val Infer Time: 23.107485055923462
BAS Score on Validation Data: 0.9966189776812612
Loss on Validation Data: 0.009922455576288573
Validation loss decreased (0.017086 --> 0.009922).  Saving model ...
----Epoch:3----
Training Time : 174.85661816596985
Val Infer Time: 23.099862813949585
BAS Score on Validation Data: 0.9919552334949502
Loss on Validation Data: 0.012493447966552808
EarlyStopping counter: 1 out of 7
----Epoch:4----
Training Time : 174.86893796920776
Val Infer Time: 23.098331451416016
BAS Score on Validation Data: 0.9965507485678986
Loss on Validation Data: 0.012434837594892915
EarlyStopping counter: 2 out of 7
----Epoch:5----
Training Time : 174.87611961364746
Val Infer Time: 23.102222442626953
BAS Score on Validation Data: 0.9966189776812612
Loss on Validation Data: 0.011820855534558338
EarlyStopping counter: 3 out of 7
----Epoch:6----
Training Time : 174.8673460483551
Val Infer Time: 23.094863176345825
BAS Score on Validation Data: 0.9966189776812612
Loss on Validation Data: 0.010734170059049357
EarlyStopping counter: 4 out of 7
----Epoch:7----
Training Time : 174.85100960731506
Val Infer Time: 23.09746217727661
BAS Score on Validation Data: 0.9966189776812612
Loss on Validation Data: 0.010707487352827743
EarlyStopping counter: 5 out of 7
----Epoch:8----
Training Time : 174.8777186870575
Val Infer Time: 23.102221727371216
BAS Score on Validation Data: 0.9966189776812612
Loss on Validation Data: 0.010034943313949739
EarlyStopping counter: 6 out of 7
----Epoch:9----
Training Time : 174.89977931976318
Val Infer Time: 23.098445415496826
BAS Score on Validation Data: 0.8796365836573531
Loss on Validation Data: 0.03579255352359328
EarlyStopping counter: 7 out of 7
Early Stop
Load the best weight after training: /gpfs/fs7/grdi/genarcc/wp1/genomics_unit/IAV/Revision_1/model_weight/transformer_esm/06_NA_Protein_Subtype/transformer_esm_7.pt
Inference Test Time: 97.6497061252594
Inference Test Time: 2.507117748260498
High Quality
0.9975145171163022 0.8982909742303231 0.8988475361630084 0.897763065404672 0.9998063826221906
              precision    recall  f1-score   support

           0       1.00      1.00      1.00     13173
           1       1.00      1.00      1.00     13594
           2       0.99      1.00      1.00       130
           3       1.00      1.00      1.00        39
           4       1.00      1.00      1.00        81
           5       1.00      1.00      1.00       256
           6       1.00      0.98      0.99        45
           7       1.00      1.00      1.00       839
           8       1.00      1.00      1.00        62
           9       0.00       nan      0.00         0

    accuracy                           1.00     28219
   macro avg       0.90      1.00      0.90     28219
weighted avg       1.00      1.00      1.00     28219

Low Quality
0.8882011098673399 0.6623887511208864 0.7142857142857143 0.6344293641909571 0.943468493098481
              precision    recall  f1-score   support

           0       1.00      0.97      0.98       363
           1       1.00      0.97      0.99       347
           2       1.00      0.50      0.67         2
           6       0.00       nan      0.00         0
           7       1.00      1.00      1.00         7
           8       1.00      1.00      1.00         1
           9       0.00       nan      0.00         0

    accuracy                           0.97       720
   macro avg       0.71      0.89      0.66       720
weighted avg       1.00      0.97      0.98       720


High Quality Post 2020
                     mean      std       sem  count
Model                                              
transformer_esm  0.971614  0.05104  0.018045      8
                     mean       std       sem  count
Model                                               
transformer_esm  0.995215  0.012514  0.004424      8
                     mean       std       sem  count
Model                                               
transformer_esm  0.999637  0.000585  0.000207      8

Low Quality Post 2020
                     mean       std       sem  count
Model                                               
transformer_esm  0.617511  0.133833  0.047317      8
                     mean       std      sem  count
Model                                              
transformer_esm  0.931198  0.051307  0.01814      8
                     mean       std       sem  count
Model                                               
transformer_esm  0.946756  0.047647  0.016846      8
Saving Results
Fold: 8
Data Shape Before Sampling:  (59970, 497) (59970,)
Subtype/Host: 0 ,count:  22798 ,index count: (array([False,  True]), array([37172, 22798])) ,downsampling:  (6000, 497) (6000,)
Subtype/Host: 1 ,count:  29312 ,index count: (array([False,  True]), array([30658, 29312])) ,downsampling:  (6000, 497) (6000,)
Subtype/Host: 2 ,count:  917 ,index count: (array([False,  True]), array([59053,   917])) ,keep:  (917, 497) (917,)
Subtype/Host: 3 ,count:  219 ,index count: (array([False,  True]), array([59751,   219])) ,upsampling:  (600, 497) (600,)
Subtype/Host: 4 ,count:  317 ,index count: (array([False,  True]), array([59653,   317])) ,upsampling:  (600, 497) (600,)
Subtype/Host: 5 ,count:  2287 ,index count: (array([False,  True]), array([57683,  2287])) ,keep:  (2287, 497) (2287,)
Subtype/Host: 6 ,count:  656 ,index count: (array([False,  True]), array([59314,   656])) ,keep:  (656, 497) (656,)
Subtype/Host: 7 ,count:  2193 ,index count: (array([False,  True]), array([57777,  2193])) ,keep:  (2193, 497) (2193,)
Subtype/Host: 8 ,count:  1271 ,index count: (array([False,  True]), array([58699,  1271])) ,keep:  (1271, 497) (1271,)
CV Train Shape (21724, 497) (21724,)
CV Val Shape (6663, 497) (6663,)
Total Trainable Parameters:  33563085
Total Parameters:  33563085
----Epoch:1----
Training Time : 174.92533087730408
Val Infer Time: 23.09951639175415
BAS Score on Validation Data: 0.9936788925615604
Loss on Validation Data: 0.011758537463950768
Validation loss decreased (inf --> 0.011759).  Saving model ...
----Epoch:2----
Training Time : 174.89060592651367
Val Infer Time: 23.10454034805298
BAS Score on Validation Data: 0.9936106634481976
Loss on Validation Data: 0.00933309173396383
Validation loss decreased (0.011759 --> 0.009333).  Saving model ...
----Epoch:3----
Training Time : 174.86356043815613
Val Infer Time: 23.102242946624756
BAS Score on Validation Data: 0.9936788925615604
Loss on Validation Data: 0.01403011985091965
EarlyStopping counter: 1 out of 7
----Epoch:4----
Training Time : 174.85798692703247
Val Infer Time: 23.099478244781494
BAS Score on Validation Data: 0.9935083197781537
Loss on Validation Data: 0.010096413878507859
EarlyStopping counter: 2 out of 7
----Epoch:5----
Training Time : 174.8716115951538
Val Infer Time: 23.10299587249756
BAS Score on Validation Data: 0.9936788925615604
Loss on Validation Data: 0.008956963793512736
EarlyStopping counter: 3 out of 7
----Epoch:6----
Training Time : 174.8917212486267
Val Infer Time: 23.095545530319214
BAS Score on Validation Data: 0.9936788925615604
Loss on Validation Data: 0.009079660497137633
EarlyStopping counter: 4 out of 7
----Epoch:7----
Training Time : 174.8498227596283
Val Infer Time: 23.098222970962524
BAS Score on Validation Data: 0.993644778004879
Loss on Validation Data: 0.010105737727535076
EarlyStopping counter: 5 out of 7
----Epoch:8----
Training Time : 174.8705940246582
Val Infer Time: 23.103782653808594
BAS Score on Validation Data: 0.9936788925615604
Loss on Validation Data: 0.00913689659574068
EarlyStopping counter: 6 out of 7
----Epoch:9----
Training Time : 174.90458941459656
Val Infer Time: 23.098103523254395
BAS Score on Validation Data: 0.9928964199481017
Loss on Validation Data: 0.00988210454806251
EarlyStopping counter: 7 out of 7
Early Stop
Load the best weight after training: /gpfs/fs7/grdi/genarcc/wp1/genomics_unit/IAV/Revision_1/model_weight/transformer_esm/06_NA_Protein_Subtype/transformer_esm_8.pt
Inference Test Time: 97.6364438533783
Inference Test Time: 2.5069222450256348
High Quality
0.9999673058375428 0.9969258876469189 0.9939913522378581 0.9999673058375428 0.9997418775056184
              precision    recall  f1-score   support

           0       1.00      1.00      1.00     13173
           1       1.00      1.00      1.00     13594
           2       0.99      1.00      1.00       130
           3       1.00      1.00      1.00        39
           4       1.00      1.00      1.00        81
           5       1.00      1.00      1.00       256
           6       0.96      1.00      0.98        45
           7       1.00      1.00      1.00       839
           8       1.00      1.00      1.00        62

    accuracy                           1.00     28219
   macro avg       0.99      1.00      1.00     28219
weighted avg       1.00      1.00      1.00     28219

Low Quality
0.8788267797175315 0.6587965955613014 0.7142857142857143 0.6277334140839511 0.9059913257081749
              precision    recall  f1-score   support

           0       1.00      0.98      0.99       363
           1       1.00      0.91      0.95       347
           2       1.00      0.50      0.67         2
           5       0.00       nan      0.00         0
           6       0.00       nan      0.00         0
           7       1.00      1.00      1.00         7
           8       1.00      1.00      1.00         1

    accuracy                           0.95       720
   macro avg       0.71      0.88      0.66       720
weighted avg       1.00      0.95      0.97       720


High Quality Post 2020
                     mean       std       sem  count
Model                                               
transformer_esm  0.974427  0.048483  0.016161      9
                     mean       std       sem  count
Model                                               
transformer_esm  0.995743  0.011812  0.003937      9
                     mean       std       sem  count
Model                                               
transformer_esm  0.999649  0.000548  0.000183      9

Low Quality Post 2020
                     mean       std       sem  count
Model                                               
transformer_esm  0.622099  0.125943  0.041981      9
                     mean      std       sem  count
Model                                              
transformer_esm  0.925379  0.05107  0.017023      9
                     mean       std       sem  count
Model                                               
transformer_esm  0.942227  0.046595  0.015532      9
Saving Results
Fold: 9
Data Shape Before Sampling:  (59970, 497) (59970,)
Subtype/Host: 0 ,count:  22798 ,index count: (array([False,  True]), array([37172, 22798])) ,downsampling:  (6000, 497) (6000,)
Subtype/Host: 1 ,count:  29312 ,index count: (array([False,  True]), array([30658, 29312])) ,downsampling:  (6000, 497) (6000,)
Subtype/Host: 2 ,count:  917 ,index count: (array([False,  True]), array([59053,   917])) ,keep:  (917, 497) (917,)
Subtype/Host: 3 ,count:  219 ,index count: (array([False,  True]), array([59751,   219])) ,upsampling:  (600, 497) (600,)
Subtype/Host: 4 ,count:  317 ,index count: (array([False,  True]), array([59653,   317])) ,upsampling:  (600, 497) (600,)
Subtype/Host: 5 ,count:  2287 ,index count: (array([False,  True]), array([57683,  2287])) ,keep:  (2287, 497) (2287,)
Subtype/Host: 6 ,count:  656 ,index count: (array([False,  True]), array([59314,   656])) ,keep:  (656, 497) (656,)
Subtype/Host: 7 ,count:  2193 ,index count: (array([False,  True]), array([57777,  2193])) ,keep:  (2193, 497) (2193,)
Subtype/Host: 8 ,count:  1271 ,index count: (array([False,  True]), array([58699,  1271])) ,keep:  (1271, 497) (1271,)
CV Train Shape (21724, 497) (21724,)
CV Val Shape (6663, 497) (6663,)
Total Trainable Parameters:  33563085
Total Parameters:  33563085
----Epoch:1----
Training Time : 174.84817337989807
Val Infer Time: 23.100872039794922
BAS Score on Validation Data: 0.9954989006188644
Loss on Validation Data: 0.013799216758691522
Validation loss decreased (inf --> 0.013799).  Saving model ...
----Epoch:2----
Training Time : 174.8948850631714
Val Infer Time: 23.109129190444946
BAS Score on Validation Data: 0.9954989006188644
Loss on Validation Data: 0.010804325514851788
Validation loss decreased (0.013799 --> 0.010804).  Saving model ...
----Epoch:3----
Training Time : 174.8923523426056
Val Infer Time: 23.103577136993408
BAS Score on Validation Data: 0.9954989006188644
Loss on Validation Data: 0.010306947073357794
EarlyStopping counter: 1 out of 7
----Epoch:4----
Training Time : 174.86660242080688
Val Infer Time: 23.097479820251465
BAS Score on Validation Data: 0.9954989006188644
Loss on Validation Data: 0.011281755697473708
EarlyStopping counter: 2 out of 7
----Epoch:5----
Training Time : 174.86216592788696
Val Infer Time: 23.103875875473022
BAS Score on Validation Data: 0.9884713019425091
Loss on Validation Data: 0.223966920930426
EarlyStopping counter: 3 out of 7
----Epoch:6----
Training Time : 174.85641431808472
Val Infer Time: 23.095081567764282
BAS Score on Validation Data: 0.9954989006188644
Loss on Validation Data: 0.01777055299626836
EarlyStopping counter: 4 out of 7
----Epoch:7----
Training Time : 174.87500476837158
Val Infer Time: 23.095016717910767
BAS Score on Validation Data: 0.9908692709892348
Loss on Validation Data: 0.0164927083181644
EarlyStopping counter: 5 out of 7
----Epoch:8----
Training Time : 174.8794903755188
Val Infer Time: 23.101295948028564
BAS Score on Validation Data: 0.9954989006188644
Loss on Validation Data: 0.015488933748932893
EarlyStopping counter: 6 out of 7
----Epoch:9----
Training Time : 174.88782930374146
Val Infer Time: 23.09703016281128
BAS Score on Validation Data: 0.9931019399649735
Loss on Validation Data: 0.01713328482870374
EarlyStopping counter: 7 out of 7
Early Stop
Load the best weight after training: /gpfs/fs7/grdi/genarcc/wp1/genomics_unit/IAV/Revision_1/model_weight/transformer_esm/06_NA_Protein_Subtype/transformer_esm_9.pt
Inference Test Time: 97.64072728157043
Inference Test Time: 2.506986379623413
High Quality
0.9999836529187713 0.9993495219288236 0.9987194846255648 0.9999836529187713 0.9998709231196048
              precision    recall  f1-score   support

           0       1.00      1.00      1.00     13173
           1       1.00      1.00      1.00     13594
           2       0.99      1.00      1.00       130
           3       1.00      1.00      1.00        39
           4       1.00      1.00      1.00        81
           5       1.00      1.00      1.00       256
           6       1.00      1.00      1.00        45
           7       1.00      1.00      1.00       839
           8       1.00      1.00      1.00        62

    accuracy                           1.00     28219
   macro avg       1.00      1.00      1.00     28219
weighted avg       1.00      1.00      1.00     28219

Low Quality
0.9805558863457737 0.6213749463749464 0.6071428571428571 0.7003970616755526 0.9152838669488779
              precision    recall  f1-score   support

           0       1.00      0.98      0.99       363
           1       1.00      0.92      0.96       347
           2       1.00      1.00      1.00         2
           5       0.00       nan      0.00         0
           6       0.00       nan      0.00         0
           7       1.00      1.00      1.00         7
           8       0.25      1.00      0.40         1

    accuracy                           0.95       720
   macro avg       0.61      0.98      0.62       720
weighted avg       1.00      0.95      0.97       720


High Quality Post 2020
                     mean       std       sem  count
Model                                               
transformer_esm  0.976919  0.046385  0.014668     10
                     mean       std       sem  count
Model                                               
transformer_esm  0.996167  0.011217  0.003547     10
                     mean       std       sem  count
Model                                               
transformer_esm  0.999671  0.000522  0.000165     10

Low Quality Post 2020
                     mean       std       sem  count
Model                                               
transformer_esm  0.622026  0.118741  0.037549     10
                     mean       std       sem  count
Model                                               
transformer_esm  0.930897  0.051213  0.016195     10
                     mean       std       sem  count
Model                                               
transformer_esm  0.939533  0.044749  0.014151     10
Saving Results
