,Model,Balanced Accuracy,F1-Score (Macro),Precision (Macro),Recall (Macro),MCC
0,Baseline_no_gMLP,0.9743148159683642,0.9799719825213851,0.9861355221045892,0.9743148159683642,0.9774207949647997
1,Baseline_no_gMLP,0.9698025376151654,0.9777918698319835,0.9866769877963556,0.9698025376151654,0.9750141468495943
2,Baseline_no_gMLP,0.966450270348481,0.9759047489400214,0.9863925104070272,0.966450270348481,0.9723544616130522
