,Model,Balanced Accuracy,F1-Score (Macro),Precision (Macro),Recall (Macro),MCC
0,Baseline_no_gMLP,0.932051282051282,0.7571328949990038,0.7196625613557907,0.932051282051282,0.8286808175469894
1,Baseline_no_gMLP,0.8815541601255887,0.8784583011789299,0.8759418062067194,0.8815541601255887,0.9433774782473104
2,Baseline_no_gMLP,0.8689037153322867,0.8634010814275355,0.8581329693936932,0.8689037153322867,0.9431101386402111
3,Baseline_no_gMLP,0.8668628990057562,0.8239070810762285,0.7933471825388173,0.8668628990057562,0.9202284295621402
4,Baseline_no_gMLP,0.8815541601255887,0.8681483293366048,0.8555553419375976,0.8815541601255887,0.9433947853413933
