,Model,Balanced Accuracy,F1-Score (Macro),Precision (Macro),Recall (Macro),MCC
0,Baseline_no_gMLP,0.9743148159683642,0.9799719825213851,0.9861355221045892,0.9743148159683642,0.9774207949647997
1,Baseline_no_gMLP,0.9698025376151654,0.9777918698319835,0.9866769877963556,0.9698025376151654,0.9750141468495943
2,Baseline_no_gMLP,0.966450270348481,0.9759047489400214,0.9863925104070272,0.966450270348481,0.9723544616130522
3,Baseline_no_gMLP,0.9699083337015271,0.9779011823979542,0.9867900870139207,0.9699083337015271,0.9751338025640541
4,Baseline_no_gMLP,0.9727997901137363,0.9796621895347336,0.9872196539042181,0.9727997901137363,0.9769348243220506
5,Baseline_no_gMLP,0.9704755498255299,0.9781924723049964,0.9867561253973504,0.9704755498255299,0.9754347812661723
6,Baseline_no_gMLP,0.9733105490106632,0.9798712861145721,0.9870846800956296,0.9733105490106632,0.9771767080658581
7,Baseline_no_gMLP,0.9708601282314523,0.9784210466250282,0.9868013349891323,0.9708601282314523,0.9756751280667781
8,Baseline_no_gMLP,0.9719177188477394,0.9790483500728503,0.9869256174016504,0.9719177188477394,0.9763360230144648
