,Model,Balanced Accuracy,F1-Score (Macro),Precision (Macro),Recall (Macro),MCC
0,Transformer-FNET-64,0.885239870218307,0.6787584721348612,0.6631812904496557,0.729021069591547,0.9920156894490609
1,Transformer-FNET-128,0.974649973766369,0.8433010243641268,0.8371595873647292,0.8528187270455727,0.9977740632054444
2,Transformer-MHA-64,0.9498989195942845,0.7527499902581682,0.7189906858688033,0.8865723249546655,0.9508496583116886
3,Transformer-MHA-128,0.9755333559322839,0.9626909576317094,0.9568323399800527,0.9755333559322839,0.8397355880942364
4,Transformer-FNET-64,0.905735011271228,0.7241083869947811,0.6889159456035686,0.7925181348623245,0.9942863331962216
5,Transformer-FNET-128,0.9551649819864441,0.8001869568951042,0.7879990021487631,0.8357693592381386,0.9977120336945597
6,Transformer-MHA-64,0.9498941588896563,0.8200304228263915,0.7989041679907553,0.8865678816303458,0.9752772683084547
7,Transformer-MHA-128,0.8614584613282111,0.6533260083005098,0.6871355267665589,0.8040278972396637,0.6067704633084136
