,Model,Balanced Accuracy,F1-Score (Macro),Precision (Macro),Recall (Macro),MCC
0,Transformer-FNET-64,0.885239870218307,0.6787584721348612,0.6631812904496557,0.729021069591547,0.9920156894490609
1,Transformer-FNET-128,0.974649973766369,0.8433010243641268,0.8371595873647292,0.8528187270455727,0.9977740632054444
2,Transformer-MHA-64,0.9498989195942845,0.7527499902581682,0.7189906858688033,0.8865723249546655,0.9508496583116886
3,Transformer-MHA-128,0.9755333559322839,0.9626909576317094,0.9568323399800527,0.9755333559322839,0.8397355880942364
