,Model,Balanced Accuracy,F1-Score (Macro),Precision (Macro),Recall (Macro),MCC
0,Transformer-FNET-64,0.6184493929080137,0.23670083039912382,0.22702485249418916,0.30922469645400685,0.7944475296036647
1,Transformer-FNET-128,0.803972980503948,0.3353151973315227,0.3406010373923574,0.45941313171654174,0.8313094321711134
2,Transformer-MHA-64,0.8107108563444492,0.34058036306882605,0.3341913445948754,0.498898988519661,0.7306998151457453
3,Transformer-MHA-128,0.9101360529901452,0.7312715806392928,0.7163052008883464,0.8090098248801291,0.7117065382748277
