,Model,Balanced Accuracy,F1-Score (Macro),Precision (Macro),Recall (Macro),MCC
0,Transformer-FNET-64,0.9638049046694931,0.9705923571233331,0.9778263245433599,0.9638049046694931,0.9687028561938009
1,Transformer-FNET-128,0.967869008630338,0.9251585283436089,0.8945727570223818,0.967869008630338,0.9107373497142633
2,Transformer-MHA-64,0.9642241739848871,0.9212773513482606,0.8906840368201792,0.9642241739848871,0.9067283305557796
3,Transformer-MHA-128,0.9643323065441494,0.9324359892126655,0.9070255699949574,0.9643323065441494,0.9220172109661685
4,Transformer-FNET-64,0.9657994221806506,0.9612440967345672,0.9567832785213599,0.9657994221806506,0.955810872563635
5,Transformer-FNET-128,0.972611715914146,0.9788337285095134,0.9856370256839107,0.972611715914146,0.9762202835131869
6,Transformer-MHA-64,0.9474852885838838,0.9233513825387548,0.9055291917434682,0.9474852885838838,0.9194216127604365
7,Transformer-MHA-128,0.9590315765374559,0.9220908697054503,0.8966437207706974,0.9590315765374559,0.9120483535974038
