,Model,Balanced Accuracy,F1-Score (Macro),Precision (Macro),Recall (Macro),MCC
0,Transformer-FNET-64,0.9638049046694931,0.9705923571233331,0.9778263245433599,0.9638049046694931,0.9687028561938009
1,Transformer-FNET-128,0.967869008630338,0.9251585283436089,0.8945727570223818,0.967869008630338,0.9107373497142633
2,Transformer-MHA-64,0.9642241739848871,0.9212773513482606,0.8906840368201792,0.9642241739848871,0.9067283305557796
3,Transformer-MHA-128,0.9643323065441494,0.9324359892126655,0.9070255699949574,0.9643323065441494,0.9220172109661685
