,Model,Balanced Accuracy,F1-Score (Macro),Precision (Macro),Recall (Macro),MCC
0,Transformer-FNET-64,0.901652248460759,0.7075522921149,0.6879249092810092,0.901652248460759,0.7406396864491321
1,Transformer-FNET-128,0.9027305521226493,0.7092248814838014,0.692245492501247,0.9027305521226493,0.7408439194684301
2,Transformer-MHA-64,0.9279771646792924,0.7082182307538784,0.6902222929598388,0.9279771646792924,0.7326006466397313
3,Transformer-MHA-128,0.8832231092109512,0.6895830093501932,0.6825427348850561,0.8832231092109512,0.6936295618478019
