,Model,Balanced Accuracy,F1-Score (Macro),Precision (Macro),Recall (Macro),MCC
0,Baseline_no_gMLP,0.9683497170092344,0.8906399430362013,0.8390305661059866,0.9683497170092344,0.932568797305165
1,Baseline_no_gMLP,0.9594131665177241,0.7703953718511173,0.7177448241278027,0.9594131665177241,0.8233456268020235
2,Baseline_no_gMLP,0.9623920166815609,0.8061224489795918,0.7395833333333334,0.9623920166815609,0.8549270932440945
3,Baseline_no_gMLP,0.9662645218945487,0.847581892703046,0.7900281662781663,0.9662645218945487,0.902660028233569
4,Baseline_no_gMLP,0.947497765862377,0.7163746891406467,0.6873933365808721,0.947497765862377,0.7215616813993166
5,Baseline_no_gMLP,0.9458643084648446,0.8014474027932121,0.7591212673179886,0.9458643084648446,0.8477075846417536
6,Baseline_no_gMLP,0.9683497170092344,0.8813870474247832,0.8303304292752486,0.9683497170092344,0.9321186506804586
7,Baseline_no_gMLP,0.9701370271075365,0.9403547468063597,0.9142368499866017,0.9701370271075365,0.9595459296924437
8,Baseline_no_gMLP,0.9680518319928507,0.8778779115744837,0.8239087301587301,0.9680518319928507,0.9282874268991591
