,Model,Balanced Accuracy,F1-Score (Macro),Precision (Macro),Recall (Macro),MCC
0,Baseline_no_gMLP,0.9683497170092344,0.8906399430362013,0.8390305661059866,0.9683497170092344,0.932568797305165
