,Model,Balanced Accuracy,F1-Score (Macro),Precision (Macro),Recall (Macro),MCC
0,Baseline_no_gMLP,0.9575578519418407,0.9615623433253274,0.9662289323361534,0.9575578519418407,0.9486875206260358
1,Baseline_no_gMLP,0.9560405190251956,0.9362739784743335,0.919052746478104,0.9560405190251956,0.9109152503829392
2,Baseline_no_gMLP,0.9564978351334831,0.958909318820146,0.9618730567642994,0.9564978351334831,0.9457083063070755
3,Baseline_no_gMLP,0.960683528516877,0.9613650300056329,0.9623015847939419,0.960683528516877,0.9478174911326184
4,Baseline_no_gMLP,0.9562250888857173,0.9523393916794768,0.9485556067673347,0.9562250888857173,0.9347163975891839
5,Baseline_no_gMLP,0.9584857140317995,0.9613337291339795,0.9645879831708668,0.9584857140317995,0.9477490265834234
6,Baseline_no_gMLP,0.9560342236677841,0.9593682636870903,0.963190079378618,0.9560342236677841,0.9452053167743112
7,Baseline_no_gMLP,0.9526323348380111,0.9578436510537248,0.9640476408950418,0.9526323348380111,0.9445097051601149
8,Baseline_no_gMLP,0.9627041245890006,0.9655668118030901,0.9688783105893011,0.9627041245890006,0.9537028253114608
