,Model,Balanced Accuracy,F1-Score (Macro),Precision (Macro),Recall (Macro),MCC
0,Baseline_no_gMLP,0.9683497170092344,0.8906399430362013,0.8390305661059866,0.9683497170092344,0.932568797305165
1,Baseline_no_gMLP,0.9594131665177241,0.7703953718511173,0.7177448241278027,0.9594131665177241,0.8233456268020235
