,Model,Balanced Accuracy,F1-Score (Macro),Precision (Macro),Recall (Macro),MCC
0,Baseline_no_gMLP,0.9575578519418407,0.9615623433253274,0.9662289323361534,0.9575578519418407,0.9486875206260358
1,Baseline_no_gMLP,0.9560405190251956,0.9362739784743335,0.919052746478104,0.9560405190251956,0.9109152503829392
2,Baseline_no_gMLP,0.9564978351334831,0.958909318820146,0.9618730567642994,0.9564978351334831,0.9457083063070755
3,Baseline_no_gMLP,0.960683528516877,0.9613650300056329,0.9623015847939419,0.960683528516877,0.9478174911326184
