warning: refusing to reload ordenv; ORDENV_SETUP already set
CUDA_VISIBLE_DEVICES=0
Sun Apr 27 16:37:20 2025       
+-----------------------------------------------------------------------------------------+
| NVIDIA-SMI 550.127.08             Driver Version: 550.127.08     CUDA Version: 12.4     |
|-----------------------------------------+------------------------+----------------------+
| GPU  Name                 Persistence-M | Bus-Id          Disp.A | Volatile Uncorr. ECC |
| Fan  Temp   Perf          Pwr:Usage/Cap |           Memory-Usage | GPU-Util  Compute M. |
|                                         |                        |               MIG M. |
|=========================================+========================+======================|
|   0  NVIDIA A100-SXM4-40GB          Off |   00000000:0F:00.0 Off |                    0 |
| N/A   28C    P0             51W /  400W |       1MiB /  40960MiB |      0%      Default |
|                                         |                        |             Disabled |
+-----------------------------------------+------------------------+----------------------+
                                                                                         
+-----------------------------------------------------------------------------------------+
| Processes:                                                                              |
|  GPU   GI   CI        PID   Type   Process name                              GPU Memory |
|        ID   ID                                                               Usage      |
|=========================================================================================|
|  No running processes found                                                             |
+-----------------------------------------------------------------------------------------+
Train data shape: (90744, 2, 64, 64) (90744,)
Test High-quality Data Shape: (32257, 2, 64, 64) (32257,)
Test Low-quality Data Shape: (1463, 2, 64, 64) (1463,)
Number of classes: 3
************Fold: 0
Data Shape Before Sampling:  (81669, 2, 64, 64) (81669,)
Subtype/Host: 0 ,count:  52273 ,index count: (array([False,  True]), array([29396, 52273])) ,downsampling:  (16000, 2, 64, 64) (16000,)
Subtype/Host: 1 ,count:  18507 ,index count: (array([False,  True]), array([63162, 18507])) ,downsampling:  (16000, 2, 64, 64) (16000,)
Subtype/Host: 2 ,count:  10889 ,index count: (array([False,  True]), array([70780, 10889])) ,keep:  (10889, 2, 64, 64) (10889,)
Train shape:  (42889, 2, 64, 64) (42889,)
[[    0 16000]
 [    1 16000]
 [    2 10889]]
Val shape:  (9075, 2, 64, 64) (9075,)
[[   0 5809]
 [   1 2057]
 [   2 1209]]
Emb Dim: 64
Transformer-FNET-64
=====================================================================================================================================================================
Layer (type:depth-idx)                   Input Shape               Output Shape              Kernel Shape              Param #                   Mult-Adds
=====================================================================================================================================================================
TransfomerBlock                          [2, 2, 64, 64]            [2, 3]                    --                        --                        --
├─ModuleList: 1-1                        --                        --                        --                        --                        --
│    └─MakePatches: 2-1                  [2, 1, 64, 64]            [2, 256, 64]              --                        --                        --
│    │    └─Unfold: 3-1                  [2, 1, 64, 64]            [2, 16, 256]              [4, 4]                    --                        --
│    │    └─Linear: 3-2                  [2, 256, 16]              [2, 256, 64]              --                        1,088                     2,176
│    │    └─PositionalEncoding: 3-3      [2, 256, 64]              [2, 256, 64]              --                        --                        --
│    └─MakePatches: 2-2                  [2, 1, 64, 64]            [2, 256, 64]              --                        --                        --
│    │    └─Unfold: 3-4                  [2, 1, 64, 64]            [2, 16, 256]              [4, 4]                    --                        --
│    │    └─Linear: 3-5                  [2, 256, 16]              [2, 256, 64]              --                        1,088                     2,176
│    │    └─PositionalEncoding: 3-6      [2, 256, 64]              [2, 256, 64]              --                        --                        --
├─FNET: 1-2                              [2, 512, 64]              [2, 512, 64]              --                        --                        --
│    └─LayerNorm: 2-3                    [2, 512, 64]              [2, 512, 64]              --                        128                       256
│    └─Sequential: 2-4                   [2, 512, 64]              [2, 512, 64]              --                        --                        --
│    │    └─Linear: 3-7                  [2, 512, 64]              [2, 512, 64]              --                        4,160                     8,320
│    │    └─ReLU: 3-8                    [2, 512, 64]              [2, 512, 64]              --                        --                        --
│    │    └─Dropout: 3-9                 [2, 512, 64]              [2, 512, 64]              --                        --                        --
│    │    └─Linear: 3-10                 [2, 512, 64]              [2, 512, 64]              --                        4,160                     8,320
│    └─LayerNorm: 2-5                    [2, 512, 64]              [2, 512, 64]              --                        128                       256
├─Sequential: 1-3                        [2, 64]                   [2, 3]                    --                        --                        --
│    └─Linear: 2-6                       [2, 64]                   [2, 64]                   --                        4,160                     8,320
│    └─ReLU: 2-7                         [2, 64]                   [2, 64]                   --                        --                        --
│    └─Linear: 2-8                       [2, 64]                   [2, 32]                   --                        2,080                     4,160
│    └─ReLU: 2-9                         [2, 32]                   [2, 32]                   --                        --                        --
│    └─Linear: 2-10                      [2, 32]                   [2, 3]                    --                        99                        198
=====================================================================================================================================================================
Total params: 17,091
Trainable params: 17,091
Non-trainable params: 0
Total mult-adds (Units.MEGABYTES): 0.03
=====================================================================================================================================================================
Input size (MB): 0.07
Forward/backward pass size (MB): 2.62
Params size (MB): 0.07
Estimated Total Size (MB): 2.76
=====================================================================================================================================================================
Total Trainable Parameters:  17091
Total Parameters:  17091
Epoch 0: 
BAS Score on Validation Data (Training Time 4.560226):  0.3333333333333333
Epoch 1: 
BAS Score on Validation Data (Training Time 1.528785):  0.5777444177934657
Epoch 2: 
BAS Score on Validation Data (Training Time 1.527219):  0.6552439220105013
Epoch 3: 
BAS Score on Validation Data (Training Time 1.522906):  0.6560945569767397
Epoch 4: 
BAS Score on Validation Data (Training Time 1.523746):  0.8109526379551837
Epoch 5: 
BAS Score on Validation Data (Training Time 1.531118):  0.8873933170565845
Epoch 6: 
BAS Score on Validation Data (Training Time 1.524094):  0.9141952122958111
Epoch 7: 
BAS Score on Validation Data (Training Time 1.513863):  0.9213398923396078
Epoch 8: 
BAS Score on Validation Data (Training Time 1.516526):  0.9270131862621498
Epoch 9: 
BAS Score on Validation Data (Training Time 1.516854):  0.9320142536675577
Epoch 10: 
BAS Score on Validation Data (Training Time 1.516160):  0.9293861734757476
Epoch 11: 
BAS Score on Validation Data (Training Time 1.526422):  0.9368441038577909
Epoch 12: 
BAS Score on Validation Data (Training Time 1.513507):  0.9389910248458871
Epoch 13: 
BAS Score on Validation Data (Training Time 1.521006):  0.9400127036978517
Epoch 14: 
BAS Score on Validation Data (Training Time 1.515064):  0.9401475645997026
Epoch 15: 
BAS Score on Validation Data (Training Time 1.514725):  0.941656236488068
Epoch 16: 
BAS Score on Validation Data (Training Time 1.516694):  0.9440693976007101
Epoch 17: 
BAS Score on Validation Data (Training Time 1.517673):  0.9439545328534692
Epoch 18: 
BAS Score on Validation Data (Training Time 1.518579):  0.9453837751145056
Epoch 19: 
BAS Score on Validation Data (Training Time 1.515808):  0.9461377371267067
Epoch 20: 
BAS Score on Validation Data (Training Time 1.519462):  0.9499417709627472
Epoch 21: 
BAS Score on Validation Data (Training Time 1.515320):  0.9469095900283128
Epoch 22: 
BAS Score on Validation Data (Training Time 1.515807):  0.9495610210102331
Epoch 23: 
BAS Score on Validation Data (Training Time 1.516000):  0.9511118177461081
Epoch 24: 
BAS Score on Validation Data (Training Time 1.516167):  0.9527086952418967
Epoch 25: 
BAS Score on Validation Data (Training Time 1.516031):  0.9534694472829616
Epoch 26: 
BAS Score on Validation Data (Training Time 1.516767):  0.9539948828851831
Epoch 27: 
BAS Score on Validation Data (Training Time 1.517684):  0.9542604944597409
Epoch 28: 
BAS Score on Validation Data (Training Time 1.516688):  0.9542367157221755
Epoch 29: 
BAS Score on Validation Data (Training Time 1.522944):  0.9547733524862042
Epoch 30: 
BAS Score on Validation Data (Training Time 1.522658):  0.9553092603989785
Epoch 31: 
BAS Score on Validation Data (Training Time 1.519908):  0.9566618258605878
Epoch 32: 
BAS Score on Validation Data (Training Time 1.514663):  0.9566337362913453
Epoch 33: 
BAS Score on Validation Data (Training Time 1.515456):  0.9553460719328415
Epoch 34: 
BAS Score on Validation Data (Training Time 1.521693):  0.9580988606324575
Epoch 35: 
BAS Score on Validation Data (Training Time 1.517808):  0.9587560493893551
Epoch 36: 
BAS Score on Validation Data (Training Time 1.524098):  0.958679573192461
Epoch 37: 
BAS Score on Validation Data (Training Time 1.524309):  0.9555756008247908
Epoch 38: 
BAS Score on Validation Data (Training Time 1.518017):  0.9569451549951018
Epoch 39: 
BAS Score on Validation Data (Training Time 1.523388):  0.9595853848152149
Epoch 40: 
BAS Score on Validation Data (Training Time 1.520105):  0.9577643920423901
Epoch 41: 
BAS Score on Validation Data (Training Time 1.516821):  0.9586838840241381
Epoch 42: 
BAS Score on Validation Data (Training Time 1.518181):  0.9607265128768124
Epoch 43: 
BAS Score on Validation Data (Training Time 1.518852):  0.960483303625869
Epoch 44: 
BAS Score on Validation Data (Training Time 1.522491):  0.9600455453823492
Epoch 45: 
BAS Score on Validation Data (Training Time 1.527100):  0.9607399196050915
Epoch 46: 
BAS Score on Validation Data (Training Time 1.517255):  0.9597247571512758
Epoch 47: 
BAS Score on Validation Data (Training Time 1.521785):  0.9613014378899215
Epoch 48: 
BAS Score on Validation Data (Training Time 1.517162):  0.9581559692247298
Epoch 49: 
BAS Score on Validation Data (Training Time 1.519885):  0.9597517439372824
Epoch 50: 
BAS Score on Validation Data (Training Time 1.522206):  0.9597556998496864
Epoch 51: 
BAS Score on Validation Data (Training Time 1.526289):  0.9610069075936002
Epoch 52: 
BAS Score on Validation Data (Training Time 1.521217):  0.9625663259928293
Epoch 53: 
BAS Score on Validation Data (Training Time 1.531302):  0.9612101785507973
Epoch 54: 
BAS Score on Validation Data (Training Time 1.526148):  0.9602862754361059
Epoch 55: 
BAS Score on Validation Data (Training Time 1.516137):  0.9609918508206553
Epoch 56: 
BAS Score on Validation Data (Training Time 1.517191):  0.961979926187198
Epoch 57: 
BAS Score on Validation Data (Training Time 1.518671):  0.9584912669673181
Epoch 58: 
BAS Score on Validation Data (Training Time 1.517660):  0.9614285062809392
Epoch 59: 
BAS Score on Validation Data (Training Time 1.522356):  0.9599159977941447
Epoch 60: 
BAS Score on Validation Data (Training Time 1.523568):  0.9611628947063814
Epoch 61: 
BAS Score on Validation Data (Training Time 1.520918):  0.961979926187198
Epoch 62: 
BAS Score on Validation Data (Training Time 1.522419):  0.9613987584066551
Epoch 63: 
BAS Score on Validation Data (Training Time 1.520479):  0.9619337451260179
Epoch 64: 
BAS Score on Validation Data (Training Time 1.519700):  0.9626349093776239
Epoch 65: 
BAS Score on Validation Data (Training Time 1.524085):  0.9622094550791472
Epoch 66: 
BAS Score on Validation Data (Training Time 1.525240):  0.9627395754450271
Epoch 67: 
BAS Score on Validation Data (Training Time 1.526511):  0.9626349093776239
Epoch 68: 
BAS Score on Validation Data (Training Time 1.525756):  0.9624851650322764
Epoch 69: 
BAS Score on Validation Data (Training Time 1.519704):  0.9620373084101853
Epoch 70: 
BAS Score on Validation Data (Training Time 1.519728):  0.9614003164104304
Epoch 71: 
BAS Score on Validation Data (Training Time 1.518694):  0.9619911273490053
Epoch 72: 
BAS Score on Validation Data (Training Time 1.519713):  0.9627608749854059
Epoch 73: 
BAS Score on Validation Data (Training Time 1.521149):  0.9625887283164438
Epoch 74: 
BAS Score on Validation Data (Training Time 1.524488):  0.9623242195251218
Epoch 75: 
BAS Score on Validation Data (Training Time 1.521629):  0.9636814697503896
Epoch 76: 
BAS Score on Validation Data (Training Time 1.529725):  0.9619449462878252
Epoch 77: 
BAS Score on Validation Data (Training Time 1.521710):  0.9629953622717285
Epoch 78: 
BAS Score on Validation Data (Training Time 1.518991):  0.9625425472552638
Epoch 79: 
BAS Score on Validation Data (Training Time 1.527057):  0.9646020645153736
Epoch 80: 
BAS Score on Validation Data (Training Time 1.522567):  0.9635779064662223
Epoch 81: 
BAS Score on Validation Data (Training Time 1.525337):  0.9624963661940837
Epoch 82: 
BAS Score on Validation Data (Training Time 1.529854):  0.9625999294782511
Epoch 83: 
BAS Score on Validation Data (Training Time 1.525056):  0.9652570477057996
Epoch 84: 
BAS Score on Validation Data (Training Time 1.522876):  0.9646233640557522
Epoch 85: 
BAS Score on Validation Data (Training Time 1.524222):  0.9654865765977488
Epoch 86: 
BAS Score on Validation Data (Training Time 1.519844):  0.9642339924398842
Epoch 87: 
BAS Score on Validation Data (Training Time 1.527079):  0.9633696771146517
Epoch 88: 
BAS Score on Validation Data (Training Time 1.519457):  0.9645085996097776
Epoch 89: 
BAS Score on Validation Data (Training Time 1.524991):  0.9612151369451708
Epoch 90: 
BAS Score on Validation Data (Training Time 1.525071):  0.9620597107337998
Epoch 91: 
BAS Score on Validation Data (Training Time 1.529024):  0.9650037400762846
Epoch 92: 
BAS Score on Validation Data (Training Time 1.521328):  0.9627157967074617
Epoch 93: 
BAS Score on Validation Data (Training Time 1.523263):  0.9629341244376036
Epoch 94: 
BAS Score on Validation Data (Training Time 1.518903):  0.9643487568858587
Epoch 95: 
BAS Score on Validation Data (Training Time 1.520006):  0.9652220678064266
Epoch 96: 
BAS Score on Validation Data (Training Time 1.521591):  0.9656013410437234
Epoch 97: 
BAS Score on Validation Data (Training Time 1.526304):  0.9647955107247141
Epoch 98: 
BAS Score on Validation Data (Training Time 1.520778):  0.9654403955365688
Epoch 99: 
BAS Score on Validation Data (Training Time 1.530189):  0.9642440908184554
Epoch 100: 
BAS Score on Validation Data (Training Time 1.524966):  0.9634855443438622
Epoch 101: 
BAS Score on Validation Data (Training Time 1.520344):  0.9644736197104048
Epoch 102: 
BAS Score on Validation Data (Training Time 1.520100):  0.9659456343816473
Epoch 103: 
BAS Score on Validation Data (Training Time 1.527444):  0.962991506660591
Epoch 104: 
BAS Score on Validation Data (Training Time 1.519040):  0.9611591311361344
Epoch 105: 
BAS Score on Validation Data (Training Time 1.524352):  0.9662675253959566
Epoch 106: 
BAS Score on Validation Data (Training Time 1.523329):  0.9620996490275461
Epoch 107: 
BAS Score on Validation Data (Training Time 1.522588):  0.9624453187794209
Epoch 108: 
BAS Score on Validation Data (Training Time 1.520786):  0.9658994533204672
Epoch 109: 
BAS Score on Validation Data (Training Time 1.522007):  0.9634855443438622
Epoch 110: 
BAS Score on Validation Data (Training Time 1.520729):  0.9651436596737758
Epoch 111: 
BAS Score on Validation Data (Training Time 1.520636):  0.9631636533295529
Epoch 112: 
BAS Score on Validation Data (Training Time 1.516899):  0.9638435180407802
Epoch 113: 
BAS Score on Validation Data (Training Time 1.523548):  0.9652220678064266
Epoch 114: 
BAS Score on Validation Data (Training Time 1.528442):  0.9635902104112656
Epoch 115: 
BAS Score on Validation Data (Training Time 1.519236):  0.9659568355434547
Epoch 116: 
BAS Score on Validation Data (Training Time 1.526041):  0.9642552919802628
Epoch 117: 
BAS Score on Validation Data (Training Time 1.519195):  0.9653007495697928
Epoch 118: 
BAS Score on Validation Data (Training Time 1.518436):  0.966232545496584
Epoch 119: 
BAS Score on Validation Data (Training Time 1.522615):  0.9634855443438622
Epoch 120: 
BAS Score on Validation Data (Training Time 1.523501):  0.963877121526202
Epoch 121: 
BAS Score on Validation Data (Training Time 1.520110):  0.9664396720649187
Epoch 122: 
BAS Score on Validation Data (Training Time 1.528562):  0.966014217766442
Epoch 123: 
BAS Score on Validation Data (Training Time 1.519008):  0.9632784177755275
Epoch 124: 
BAS Score on Validation Data (Training Time 1.517284):  0.9628991445382309
Epoch 125: 
BAS Score on Validation Data (Training Time 1.518068):  0.9633357999985148
Epoch 126: 
BAS Score on Validation Data (Training Time 1.520622):  0.9648651968927447
Epoch 127: 
BAS Score on Validation Data (Training Time 1.521589):  0.9659568355434547
Epoch 128: 
BAS Score on Validation Data (Training Time 1.526194):  0.9624051068549595
Epoch 129: 
BAS Score on Validation Data (Training Time 1.520638):  0.9642102137023186
Epoch 130: 
BAS Score on Validation Data (Training Time 1.523486):  0.9663710886801241
Epoch 131: 
BAS Score on Validation Data (Training Time 1.519825):  0.965716105489698
Epoch 132: 
BAS Score on Validation Data (Training Time 1.518238):  0.9660603988276218
Epoch 133: 
BAS Score on Validation Data (Training Time 1.521902):  0.966543235349086
Epoch 134: 
BAS Score on Validation Data (Training Time 1.527912):  0.9648190158315645
Epoch 135: 
BAS Score on Validation Data (Training Time 1.517139):  0.9629565267612182
Epoch 136: 
BAS Score on Validation Data (Training Time 1.522780):  0.9661289822124166
Epoch 137: 
BAS Score on Validation Data (Training Time 1.526465):  0.9665544365108932
Epoch 138: 
BAS Score on Validation Data (Training Time 1.521176):  0.9660704972061934
Epoch 139: 
BAS Score on Validation Data (Training Time 1.521068):  0.9652556712918486
Epoch 140: 
BAS Score on Validation Data (Training Time 1.517774):  0.9657497089751198
Epoch 141: 
BAS Score on Validation Data (Training Time 1.519752):  0.9669462873239482
Epoch 142: 
BAS Score on Validation Data (Training Time 1.520282):  0.9656923267521326
Epoch 143: 
BAS Score on Validation Data (Training Time 1.525375):  0.9658070911981071
Epoch 144: 
BAS Score on Validation Data (Training Time 1.519668):  0.9630139089842055
Epoch 145: 
BAS Score on Validation Data (Training Time 1.526664):  0.9661751632735965
Epoch 146: 
BAS Score on Validation Data (Training Time 1.521892):  0.9649900597172906
Epoch 147: 
BAS Score on Validation Data (Training Time 1.520841):  0.9674053451078466
Epoch 148: 
BAS Score on Validation Data (Training Time 1.519889):  0.9630139089842055
Epoch 149: 
BAS Score on Validation Data (Training Time 1.518219):  0.9661289822124166
High Quality
0.9736251901378684 0.9778742007218573 0.9825484186790231 0.9736251901378684 0.9727599886473269
              precision    recall  f1-score   support

           0       0.99      0.99      0.99     23726
           1       0.98      1.00      0.99      5353
           2       0.97      0.93      0.95      3178

    accuracy                           0.99     32257
   macro avg       0.98      0.97      0.98     32257
weighted avg       0.99      0.99      0.99     32257

Low Quality Post 2020
0.9022075910147173 0.7359848420854047 0.7063847438484815 0.9022075910147173 0.844202938220038
              precision    recall  f1-score   support

           0       1.00      0.96      0.98      1291
           1       0.98      1.00      0.99       160
           2       0.15      0.75      0.24        12

    accuracy                           0.96      1463
   macro avg       0.71      0.90      0.74      1463
weighted avg       0.99      0.96      0.97      1463

Emb Dim: 128
Transformer-FNET-128
=====================================================================================================================================================================
Layer (type:depth-idx)                   Input Shape               Output Shape              Kernel Shape              Param #                   Mult-Adds
=====================================================================================================================================================================
TransfomerBlock                          [2, 2, 64, 64]            [2, 3]                    --                        --                        --
├─ModuleList: 1-1                        --                        --                        --                        --                        --
│    └─MakePatches: 2-1                  [2, 1, 64, 64]            [2, 256, 128]             --                        --                        --
│    │    └─Unfold: 3-1                  [2, 1, 64, 64]            [2, 16, 256]              [4, 4]                    --                        --
│    │    └─Linear: 3-2                  [2, 256, 16]              [2, 256, 128]             --                        2,176                     4,352
│    │    └─PositionalEncoding: 3-3      [2, 256, 128]             [2, 256, 128]             --                        --                        --
│    └─MakePatches: 2-2                  [2, 1, 64, 64]            [2, 256, 128]             --                        --                        --
│    │    └─Unfold: 3-4                  [2, 1, 64, 64]            [2, 16, 256]              [4, 4]                    --                        --
│    │    └─Linear: 3-5                  [2, 256, 16]              [2, 256, 128]             --                        2,176                     4,352
│    │    └─PositionalEncoding: 3-6      [2, 256, 128]             [2, 256, 128]             --                        --                        --
├─FNET: 1-2                              [2, 512, 128]             [2, 512, 128]             --                        --                        --
│    └─LayerNorm: 2-3                    [2, 512, 128]             [2, 512, 128]             --                        256                       512
│    └─Sequential: 2-4                   [2, 512, 128]             [2, 512, 128]             --                        --                        --
│    │    └─Linear: 3-7                  [2, 512, 128]             [2, 512, 128]             --                        16,512                    33,024
│    │    └─ReLU: 3-8                    [2, 512, 128]             [2, 512, 128]             --                        --                        --
│    │    └─Dropout: 3-9                 [2, 512, 128]             [2, 512, 128]             --                        --                        --
│    │    └─Linear: 3-10                 [2, 512, 128]             [2, 512, 128]             --                        16,512                    33,024
│    └─LayerNorm: 2-5                    [2, 512, 128]             [2, 512, 128]             --                        256                       512
├─Sequential: 1-3                        [2, 128]                  [2, 3]                    --                        --                        --
│    └─Linear: 2-6                       [2, 128]                  [2, 64]                   --                        8,256                     16,512
│    └─ReLU: 2-7                         [2, 64]                   [2, 64]                   --                        --                        --
│    └─Linear: 2-8                       [2, 64]                   [2, 32]                   --                        2,080                     4,160
│    └─ReLU: 2-9                         [2, 32]                   [2, 32]                   --                        --                        --
│    └─Linear: 2-10                      [2, 32]                   [2, 3]                    --                        99                        198
=====================================================================================================================================================================
Total params: 48,323
Trainable params: 48,323
Non-trainable params: 0
Total mult-adds (Units.MEGABYTES): 0.10
=====================================================================================================================================================================
Input size (MB): 0.07
Forward/backward pass size (MB): 5.24
Params size (MB): 0.19
Estimated Total Size (MB): 5.50
=====================================================================================================================================================================
Total Trainable Parameters:  48323
Total Parameters:  48323
Epoch 0: 
BAS Score on Validation Data (Training Time 1.919712):  0.47749767423462036
Epoch 1: 
BAS Score on Validation Data (Training Time 1.900912):  0.6569993661175241
Epoch 2: 
BAS Score on Validation Data (Training Time 1.892356):  0.6567156630510287
Epoch 3: 
BAS Score on Validation Data (Training Time 1.893399):  0.7858993155055581
Epoch 4: 
BAS Score on Validation Data (Training Time 1.900051):  0.8619177483569235
Epoch 5: 
BAS Score on Validation Data (Training Time 1.893086):  0.8975503552096541
Epoch 6: 
BAS Score on Validation Data (Training Time 1.892848):  0.9164831556646343
Epoch 7: 
BAS Score on Validation Data (Training Time 1.894374):  0.9268956880009819
Epoch 8: 
BAS Score on Validation Data (Training Time 1.895639):  0.9330669945319078
Epoch 9: 
BAS Score on Validation Data (Training Time 1.896936):  0.9342331666914226
Epoch 10: 
BAS Score on Validation Data (Training Time 1.899899):  0.9400931358071499
Epoch 11: 
BAS Score on Validation Data (Training Time 1.893123):  0.9382120269961444
Epoch 12: 
BAS Score on Validation Data (Training Time 1.896621):  0.9445984151833543
Epoch 13: 
BAS Score on Validation Data (Training Time 1.894884):  0.9399312418334996
Epoch 14: 
BAS Score on Validation Data (Training Time 1.894373):  0.9475133524746272
Epoch 15: 
BAS Score on Validation Data (Training Time 1.903043):  0.9489133020819188
Epoch 16: 
BAS Score on Validation Data (Training Time 1.894085):  0.9502388807575214
Epoch 17: 
BAS Score on Validation Data (Training Time 1.898785):  0.9446069365454419
Epoch 18: 
BAS Score on Validation Data (Training Time 1.900829):  0.9518115052824968
Epoch 19: 
BAS Score on Validation Data (Training Time 1.898573):  0.9515671932483176
Epoch 20: 
BAS Score on Validation Data (Training Time 1.900723):  0.9512610878582076
Epoch 21: 
BAS Score on Validation Data (Training Time 1.893086):  0.9549671726275263
Epoch 22: 
BAS Score on Validation Data (Training Time 1.895740):  0.9553799490489784
Epoch 23: 
BAS Score on Validation Data (Training Time 1.893576):  0.9546787847973723
Epoch 24: 
BAS Score on Validation Data (Training Time 1.902070):  0.9533890151736633
Epoch 25: 
BAS Score on Validation Data (Training Time 1.897273):  0.9545391388305964
Epoch 26: 
BAS Score on Validation Data (Training Time 1.902030):  0.9592118991248126
Epoch 27: 
BAS Score on Validation Data (Training Time 1.893876):  0.9559480840332236
Epoch 28: 
BAS Score on Validation Data (Training Time 1.895554):  0.9598048153285926
Epoch 29: 
BAS Score on Validation Data (Training Time 1.894735):  0.9582956151915057
Epoch 30: 
BAS Score on Validation Data (Training Time 1.899555):  0.9606532447283594
Epoch 31: 
BAS Score on Validation Data (Training Time 1.898430):  0.9598924926872942
Epoch 32: 
BAS Score on Validation Data (Training Time 1.895831):  0.9601603098283239
Epoch 33: 
BAS Score on Validation Data (Training Time 1.893645):  0.9613588201129089
Epoch 34: 
BAS Score on Validation Data (Training Time 1.894646):  0.9615164572703558
Epoch 35: 
BAS Score on Validation Data (Training Time 1.898854):  0.9602266876466468
Epoch 36: 
BAS Score on Validation Data (Training Time 1.900817):  0.9590888679347568
Epoch 37: 
BAS Score on Validation Data (Training Time 1.899663):  0.9608838764035444
Epoch 38: 
BAS Score on Validation Data (Training Time 1.900561):  0.9624053804856745
Epoch 39: 
BAS Score on Validation Data (Training Time 1.896557):  0.9591462501577442
Epoch 40: 
BAS Score on Validation Data (Training Time 1.893524):  0.9616074429787651
Epoch 41: 
BAS Score on Validation Data (Training Time 1.900842):  0.9611145080787296
Epoch 42: 
BAS Score on Validation Data (Training Time 1.900900):  0.9637276508115696
Epoch 43: 
BAS Score on Validation Data (Training Time 1.902721):  0.9596998756304744
Epoch 44: 
BAS Score on Validation Data (Training Time 1.899432):  0.9645998589489019
Epoch 45: 
BAS Score on Validation Data (Training Time 1.896746):  0.959584008401264
Epoch 46: 
BAS Score on Validation Data (Training Time 1.895050):  0.964267869556021
Epoch 47: 
BAS Score on Validation Data (Training Time 1.894850):  0.9599744828003679
Epoch 48: 
BAS Score on Validation Data (Training Time 1.903138):  0.9627045955456542
Epoch 49: 
BAS Score on Validation Data (Training Time 1.901840):  0.9595479257186553
Epoch 50: 
BAS Score on Validation Data (Training Time 1.899216):  0.9646695451169323
Epoch 51: 
BAS Score on Validation Data (Training Time 1.899911):  0.9649340539082543
Epoch 52: 
BAS Score on Validation Data (Training Time 1.896316):  0.961687227525367
Epoch 53: 
BAS Score on Validation Data (Training Time 1.898329):  0.9641968069740395
Epoch 54: 
BAS Score on Validation Data (Training Time 1.900054):  0.9651187781529744
Epoch 55: 
BAS Score on Validation Data (Training Time 1.900554):  0.9640831453113008
Epoch 56: 
BAS Score on Validation Data (Training Time 1.896220):  0.9598236356717846
Epoch 57: 
BAS Score on Validation Data (Training Time 1.900080):  0.9593295979885134
Epoch 58: 
BAS Score on Validation Data (Training Time 1.892024):  0.959881017894772
Epoch 59: 
BAS Score on Validation Data (Training Time 1.898575):  0.958292033211083
Epoch 60: 
BAS Score on Validation Data (Training Time 1.900264):  0.9645298991501563
Epoch 61: 
BAS Score on Validation Data (Training Time 1.898381):  0.9644837180889763
Epoch 62: 
BAS Score on Validation Data (Training Time 1.892714):  0.9637229660479112
Epoch 63: 
BAS Score on Validation Data (Training Time 1.896829):  0.9658297671524368
Epoch 64: 
BAS Score on Validation Data (Training Time 1.891293):  0.9658549223039531
Epoch 65: 
BAS Score on Validation Data (Training Time 1.889946):  0.9526469126382985
Epoch 66: 
BAS Score on Validation Data (Training Time 1.898005):  0.9644848208722121
Epoch 67: 
BAS Score on Validation Data (Training Time 1.899592):  0.9635046383177692
Epoch 68: 
BAS Score on Validation Data (Training Time 1.890381):  0.9632863105876271
Epoch 69: 
BAS Score on Validation Data (Training Time 1.897257):  0.9654728962387548
Epoch 70: 
BAS Score on Validation Data (Training Time 1.892914):  0.9637803482708985
Epoch 71: 
BAS Score on Validation Data (Training Time 1.889203):  0.9651971862856255
Epoch 72: 
BAS Score on Validation Data (Training Time 1.894029):  0.9656338417459094
Epoch 73: 
BAS Score on Validation Data (Training Time 1.891172):  0.9640481654119282
Epoch 74: 
BAS Score on Validation Data (Training Time 1.895294):  0.9632863105876271
Epoch 75: 
BAS Score on Validation Data (Training Time 1.891783):  0.9616894330918386
Epoch 76: 
BAS Score on Validation Data (Training Time 1.886111):  0.9664609716052973
Epoch 77: 
BAS Score on Validation Data (Training Time 1.887761):  0.9656450429077167
Epoch 78: 
BAS Score on Validation Data (Training Time 1.889932):  0.9660243161450134
Epoch 79: 
BAS Score on Validation Data (Training Time 1.889766):  0.9660243161450134
Epoch 80: 
BAS Score on Validation Data (Training Time 1.901367):  0.966575736051272
Epoch 81: 
BAS Score on Validation Data (Training Time 1.897153):  0.9661390805909881
Epoch 82: 
BAS Score on Validation Data (Training Time 1.888830):  0.9668514460044012
Epoch 83: 
BAS Score on Validation Data (Training Time 1.887425):  0.9677821391479565
Epoch 84: 
BAS Score on Validation Data (Training Time 1.894408):  0.9647255509259688
Epoch 85: 
BAS Score on Validation Data (Training Time 1.895827):  0.9661390805909881
Epoch 86: 
BAS Score on Validation Data (Training Time 1.894490):  0.9649326774943034
Epoch 87: 
BAS Score on Validation Data (Training Time 1.895204):  0.9683335590542151
Epoch 88: 
BAS Score on Validation Data (Training Time 1.891357):  0.9618254970781921
Epoch 89: 
BAS Score on Validation Data (Training Time 1.891846):  0.9686092690073446
Epoch 90: 
BAS Score on Validation Data (Training Time 1.896436):  0.9665981383748865
Epoch 91: 
BAS Score on Validation Data (Training Time 1.898863):  0.9661726840764099
Epoch 92: 
BAS Score on Validation Data (Training Time 1.902251):  0.9638601328175005
Epoch 93: 
BAS Score on Validation Data (Training Time 1.901471):  0.9670921760581578
Epoch 94: 
BAS Score on Validation Data (Training Time 1.892259):  0.9666443194360665
Epoch 95: 
BAS Score on Validation Data (Training Time 1.892102):  0.9673217049501072
Epoch 96: 
BAS Score on Validation Data (Training Time 1.896296):  0.9688038179999209
Epoch 97: 
BAS Score on Validation Data (Training Time 1.899480):  0.9687352346151265
Epoch 98: 
BAS Score on Validation Data (Training Time 1.902821):  0.966079219170814
Epoch 99: 
BAS Score on Validation Data (Training Time 1.906578):  0.9662863457391486
Epoch 100: 
BAS Score on Validation Data (Training Time 1.897478):  0.9650203548530051
Epoch 101: 
BAS Score on Validation Data (Training Time 1.899069):  0.9689535623452684
Epoch 102: 
BAS Score on Validation Data (Training Time 1.893710):  0.9686778523921391
Epoch 103: 
BAS Score on Validation Data (Training Time 1.897295):  0.9680813542079362
Epoch 104: 
BAS Score on Validation Data (Training Time 1.901845):  0.9665158746310979
Epoch 105: 
BAS Score on Validation Data (Training Time 1.898749):  0.9655851814875426
Epoch 106: 
BAS Score on Validation Data (Training Time 1.895399):  0.9671358779221512
Epoch 107: 
BAS Score on Validation Data (Training Time 1.892633):  0.9680553699038992
Epoch 108: 
BAS Score on Validation Data (Training Time 1.894713):  0.9677334788895897
Epoch 109: 
BAS Score on Validation Data (Training Time 1.898837):  0.9648807088862289
Epoch 110: 
BAS Score on Validation Data (Training Time 1.901074):  0.9684570454648104
Epoch 111: 
BAS Score on Validation Data (Training Time 1.897141):  0.9683122595138364
Epoch 112: 
BAS Score on Validation Data (Training Time 1.894372):  0.9674115878752804
Epoch 113: 
BAS Score on Validation Data (Training Time 1.899804):  0.9693765374465584
Epoch 114: 
BAS Score on Validation Data (Training Time 1.894366):  0.9607593684982714
Epoch 115: 
BAS Score on Validation Data (Training Time 1.899021):  0.9698030945282708
Epoch 116: 
BAS Score on Validation Data (Training Time 1.899065):  0.9692440554406275
Epoch 117: 
BAS Score on Validation Data (Training Time 1.900415):  0.9643909820346348
Epoch 118: 
BAS Score on Validation Data (Training Time 1.890533):  0.968399663241823
Epoch 119: 
BAS Score on Validation Data (Training Time 1.897897):  0.9693877386083655
Epoch 120: 
BAS Score on Validation Data (Training Time 1.891695):  0.9695981735264079
Epoch 121: 
BAS Score on Validation Data (Training Time 1.898690):  0.968399663241823
Epoch 122: 
BAS Score on Validation Data (Training Time 1.904481):  0.9699290601360527
Epoch 123: 
BAS Score on Validation Data (Training Time 1.897774):  0.9696894328655321
Epoch 124: 
BAS Score on Validation Data (Training Time 1.895329):  0.9669940263889035
Epoch 125: 
BAS Score on Validation Data (Training Time 1.896802):  0.9700225250416487
Epoch 126: 
BAS Score on Validation Data (Training Time 1.896521):  0.966922963806922
Epoch 127: 
BAS Score on Validation Data (Training Time 1.897707):  0.9689161032487089
Epoch 128: 
BAS Score on Validation Data (Training Time 1.902244):  0.9652181118940226
Epoch 129: 
BAS Score on Validation Data (Training Time 1.896439):  0.96875626052479
Epoch 130: 
BAS Score on Validation Data (Training Time 1.892247):  0.9693415575471854
Epoch 131: 
BAS Score on Validation Data (Training Time 1.891593):  0.9696634485614949
Epoch 132: 
BAS Score on Validation Data (Training Time 1.891605):  0.9706053428668575
Epoch 133: 
BAS Score on Validation Data (Training Time 1.901013):  0.9681113757129355
Epoch 134: 
BAS Score on Validation Data (Training Time 1.898724):  0.9685368300114122
Epoch 135: 
BAS Score on Validation Data (Training Time 1.897143):  0.968213836213867
Epoch 136: 
BAS Score on Validation Data (Training Time 1.891075):  0.9699041786152515
Epoch 137: 
BAS Score on Validation Data (Training Time 1.890492):  0.9693076804310486
Epoch 138: 
BAS Score on Validation Data (Training Time 1.896319):  0.9705277638867272
Epoch 139: 
BAS Score on Validation Data (Training Time 1.898865):  0.9681348808197859
Epoch 140: 
BAS Score on Validation Data (Training Time 1.901576):  0.9664863083466381
Epoch 141: 
BAS Score on Validation Data (Training Time 1.899526):  0.9700301442230334
Epoch 142: 
BAS Score on Validation Data (Training Time 1.890935):  0.970238373574604
Epoch 143: 
BAS Score on Validation Data (Training Time 1.891858):  0.9707897934808626
Epoch 144: 
BAS Score on Validation Data (Training Time 1.892609):  0.9689284071937521
Epoch 145: 
BAS Score on Validation Data (Training Time 1.895425):  0.9684332667272448
Epoch 146: 
BAS Score on Validation Data (Training Time 1.897421):  0.970238373574604
Epoch 147: 
BAS Score on Validation Data (Training Time 1.901967):  0.967558853023441
Epoch 148: 
BAS Score on Validation Data (Training Time 1.894335):  0.9709395378262099
Epoch 149: 
BAS Score on Validation Data (Training Time 1.894765):  0.9692142155254527
High Quality
0.9730871961983154 0.9784388373524081 0.984363355503323 0.9730871961983154 0.9734842231225076
              precision    recall  f1-score   support

           0       0.99      1.00      0.99     23726
           1       0.98      1.00      0.99      5353
           2       0.98      0.92      0.95      3178

    accuracy                           0.99     32257
   macro avg       0.98      0.97      0.98     32257
weighted avg       0.99      0.99      0.99     32257

Low Quality Post 2020
0.9081461399431965 0.773230450541444 0.7351930715074347 0.9081461399431965 0.8963790967218557
              precision    recall  f1-score   support

           0       1.00      0.97      0.99      1291
           1       0.99      1.00      0.99       160
           2       0.22      0.75      0.34        12

    accuracy                           0.98      1463
   macro avg       0.74      0.91      0.77      1463
weighted avg       0.99      0.98      0.98      1463

Emb Dim: 64
Transformer-MHA-64
=====================================================================================================================================================================
Layer (type:depth-idx)                   Input Shape               Output Shape              Kernel Shape              Param #                   Mult-Adds
=====================================================================================================================================================================
TransfomerBlock                          [2, 2, 64, 64]            [2, 3]                    --                        --                        --
├─ModuleList: 1-1                        --                        --                        --                        --                        --
│    └─MakePatches: 2-1                  [2, 1, 64, 64]            [2, 256, 64]              --                        --                        --
│    │    └─Unfold: 3-1                  [2, 1, 64, 64]            [2, 16, 256]              [4, 4]                    --                        --
│    │    └─Linear: 3-2                  [2, 256, 16]              [2, 256, 64]              --                        1,088                     2,176
│    │    └─PositionalEncoding: 3-3      [2, 256, 64]              [2, 256, 64]              --                        --                        --
│    └─MakePatches: 2-2                  [2, 1, 64, 64]            [2, 256, 64]              --                        --                        --
│    │    └─Unfold: 3-4                  [2, 1, 64, 64]            [2, 16, 256]              [4, 4]                    --                        --
│    │    └─Linear: 3-5                  [2, 256, 16]              [2, 256, 64]              --                        1,088                     2,176
│    │    └─PositionalEncoding: 3-6      [2, 256, 64]              [2, 256, 64]              --                        --                        --
├─TransformerEncoderLayer: 1-2           [2, 512, 64]              [2, 512, 64]              --                        --                        --
│    └─MultiheadAttention: 2-3           [2, 512, 64]              [2, 512, 64]              --                        16,640                    --
│    └─Dropout: 2-4                      [2, 512, 64]              [2, 512, 64]              --                        --                        --
│    └─LayerNorm: 2-5                    [2, 512, 64]              [2, 512, 64]              --                        128                       256
│    └─Linear: 2-6                       [2, 512, 64]              [2, 512, 2048]            --                        133,120                   266,240
│    └─Dropout: 2-7                      [2, 512, 2048]            [2, 512, 2048]            --                        --                        --
│    └─Linear: 2-8                       [2, 512, 2048]            [2, 512, 64]              --                        131,136                   262,272
│    └─Dropout: 2-9                      [2, 512, 64]              [2, 512, 64]              --                        --                        --
│    └─LayerNorm: 2-10                   [2, 512, 64]              [2, 512, 64]              --                        128                       256
├─Sequential: 1-3                        [2, 64]                   [2, 3]                    --                        --                        --
│    └─Linear: 2-11                      [2, 64]                   [2, 64]                   --                        4,160                     8,320
│    └─ReLU: 2-12                        [2, 64]                   [2, 64]                   --                        --                        --
│    └─Linear: 2-13                      [2, 64]                   [2, 32]                   --                        2,080                     4,160
│    └─ReLU: 2-14                        [2, 32]                   [2, 32]                   --                        --                        --
│    └─Linear: 2-15                      [2, 32]                   [2, 3]                    --                        99                        198
=====================================================================================================================================================================
Total params: 289,667
Trainable params: 289,667
Non-trainable params: 0
Total mult-adds (Units.MEGABYTES): 0.55
=====================================================================================================================================================================
Input size (MB): 0.07
Forward/backward pass size (MB): 18.88
Params size (MB): 1.09
Estimated Total Size (MB): 20.03
=====================================================================================================================================================================
Total Trainable Parameters:  289667
Total Parameters:  289667
Epoch 0: 
BAS Score on Validation Data (Training Time 3.448147):  0.6569892677389527
Epoch 1: 
BAS Score on Validation Data (Training Time 2.981148):  0.6568171210699907
Epoch 2: 
BAS Score on Validation Data (Training Time 2.966202):  0.8868374212495761
Epoch 3: 
BAS Score on Validation Data (Training Time 2.967972):  0.9285772436699394
Epoch 4: 
BAS Score on Validation Data (Training Time 2.973253):  0.9422296117577775
Epoch 5: 
BAS Score on Validation Data (Training Time 2.975441):  0.9452979293902942
Epoch 6: 
BAS Score on Validation Data (Training Time 2.968485):  0.9466021082242518
Epoch 7: 
BAS Score on Validation Data (Training Time 2.970212):  0.9419004019351882
Epoch 8: 
BAS Score on Validation Data (Training Time 2.971766):  0.9377331541167657
Epoch 9: 
BAS Score on Validation Data (Training Time 2.971574):  0.9499522242605916
Epoch 10: 
BAS Score on Validation Data (Training Time 2.969420):  0.9418125239739538
Epoch 11: 
BAS Score on Validation Data (Training Time 2.969210):  0.9448419520804864
Epoch 12: 
BAS Score on Validation Data (Training Time 2.976924):  0.9442590339540112
Epoch 13: 
BAS Score on Validation Data (Training Time 2.974166):  0.9499421989102023
Epoch 14: 
BAS Score on Validation Data (Training Time 2.971717):  0.940702967160755
Epoch 15: 
BAS Score on Validation Data (Training Time 2.971349):  0.9510912197838995
Epoch 16: 
BAS Score on Validation Data (Training Time 2.976777):  0.9400987494939012
Epoch 17: 
BAS Score on Validation Data (Training Time 2.974723):  0.9586896715710324
Epoch 18: 
BAS Score on Validation Data (Training Time 2.971339):  0.9508064139341684
Epoch 19: 
BAS Score on Validation Data (Training Time 2.966745):  0.9564412652908899
Epoch 20: 
BAS Score on Validation Data (Training Time 2.967071):  0.9552964822206874
Epoch 21: 
BAS Score on Validation Data (Training Time 2.972529):  0.9422310879423003
Epoch 22: 
BAS Score on Validation Data (Training Time 2.970047):  0.9586612080698084
Epoch 23: 
BAS Score on Validation Data (Training Time 2.967938):  0.950015093126674
Epoch 24: 
BAS Score on Validation Data (Training Time 2.965955):  0.9547302791721989
Epoch 25: 
BAS Score on Validation Data (Training Time 2.964534):  0.9512192906568869
Epoch 26: 
BAS Score on Validation Data (Training Time 2.969373):  0.9559491595433753
Epoch 27: 
BAS Score on Validation Data (Training Time 2.977554):  0.9590639864139554
Epoch 28: 
BAS Score on Validation Data (Training Time 2.960504):  0.9529736319806738
Epoch 29: 
BAS Score on Validation Data (Training Time 2.960734):  0.9564443000098826
Epoch 30: 
BAS Score on Validation Data (Training Time 2.961444):  0.9582472012907699
Epoch 31: 
BAS Score on Validation Data (Training Time 2.962728):  0.9503583567095443
Epoch 32: 
BAS Score on Validation Data (Training Time 2.971488):  0.9608355900771591
Epoch 33: 
BAS Score on Validation Data (Training Time 2.961489):  0.9614520844159719
Epoch 34: 
BAS Score on Validation Data (Training Time 2.960563):  0.9618762626017642
Epoch 35: 
BAS Score on Validation Data (Training Time 2.966356):  0.9545480068515815
Epoch 36: 
BAS Score on Validation Data (Training Time 2.969461):  0.9575222583015983
Epoch 37: 
BAS Score on Validation Data (Training Time 2.969628):  0.9615734655613618
Epoch 38: 
BAS Score on Validation Data (Training Time 2.957859):  0.9441688773981229
Epoch 39: 
BAS Score on Validation Data (Training Time 2.959292):  0.9649293691445958
Epoch 40: 
BAS Score on Validation Data (Training Time 2.968506):  0.9553356726504708
Epoch 41: 
BAS Score on Validation Data (Training Time 2.968206):  0.9594915459776375
Epoch 42: 
BAS Score on Validation Data (Training Time 2.960507):  0.9615269295809087
Epoch 43: 
BAS Score on Validation Data (Training Time 2.967731):  0.957312926166792
Epoch 44: 
BAS Score on Validation Data (Training Time 2.965327):  0.964551198690535
Epoch 45: 
BAS Score on Validation Data (Training Time 2.972792):  0.9544613319748493
Epoch 46: 
BAS Score on Validation Data (Training Time 2.968429):  0.9628394564475055
Epoch 47: 
BAS Score on Validation Data (Training Time 2.961085):  0.9577858376391332
Epoch 48: 
BAS Score on Validation Data (Training Time 2.966918):  0.9632299308466094
Epoch 49: 
BAS Score on Validation Data (Training Time 2.966522):  0.9649900597172906
Epoch 50: 
BAS Score on Validation Data (Training Time 2.964763):  0.9557340398616745
Epoch 51: 
BAS Score on Validation Data (Training Time 2.967848):  0.9434025841677943
Epoch 52: 
BAS Score on Validation Data (Training Time 2.961895):  0.9647513346274731
Epoch 53: 
BAS Score on Validation Data (Training Time 2.963808):  0.9629216198900276
Epoch 54: 
BAS Score on Validation Data (Training Time 2.966917):  0.9650003314253107
Epoch 55: 
BAS Score on Validation Data (Training Time 2.968192):  0.9648396595488711
Epoch 56: 
BAS Score on Validation Data (Training Time 2.966460):  0.9658531719580208
Epoch 57: 
BAS Score on Validation Data (Training Time 2.960982):  0.9483425140403435
Epoch 58: 
BAS Score on Validation Data (Training Time 2.961941):  0.963131781177355
Epoch 59: 
BAS Score on Validation Data (Training Time 2.966190):  0.9653420452647815
Epoch 60: 
BAS Score on Validation Data (Training Time 2.972411):  0.9634638708715021
Epoch 61: 
BAS Score on Validation Data (Training Time 2.967604):  0.9660547846101762
Epoch 62: 
BAS Score on Validation Data (Training Time 2.959767):  0.9664011101851232
Epoch 63: 
BAS Score on Validation Data (Training Time 2.964087):  0.9648255322297133
Epoch 64: 
BAS Score on Validation Data (Training Time 2.969419):  0.9669304013984824
Epoch 65: 
BAS Score on Validation Data (Training Time 2.968630):  0.9664044915630129
Epoch 66: 
BAS Score on Validation Data (Training Time 2.961024):  0.9669438081267613
Epoch 67: 
BAS Score on Validation Data (Training Time 2.962223):  0.9661827824549812
Epoch 68: 
BAS Score on Validation Data (Training Time 2.965696):  0.9643044804873512
Epoch 69: 
BAS Score on Validation Data (Training Time 2.966675):  0.9663302209325906
Epoch 70: 
BAS Score on Validation Data (Training Time 2.966610):  0.9677471592485838
Epoch 71: 
BAS Score on Validation Data (Training Time 2.967630):  0.9663213986667035
Epoch 72: 
BAS Score on Validation Data (Training Time 2.973150):  0.9655198061511893
Epoch 73: 
BAS Score on Validation Data (Training Time 2.978739):  0.9565123088601628
Epoch 74: 
BAS Score on Validation Data (Training Time 2.978770):  0.9651936043052028
Epoch 75: 
BAS Score on Validation Data (Training Time 2.970718):  0.969386080303324
Epoch 76: 
BAS Score on Validation Data (Training Time 2.974560):  0.966109514306528
Epoch 77: 
BAS Score on Validation Data (Training Time 2.971674):  0.9682568822547881
Epoch 78: 
BAS Score on Validation Data (Training Time 2.977018):  0.9671225442220543
Epoch 79: 
BAS Score on Validation Data (Training Time 2.976380):  0.9686879507707106
Epoch 80: 
BAS Score on Validation Data (Training Time 2.968356):  0.9651214116669014
Epoch 81: 
BAS Score on Validation Data (Training Time 2.972238):  0.9591905532986412
Epoch 82: 
BAS Score on Validation Data (Training Time 2.978792):  0.9662422699431739
Epoch 83: 
BAS Score on Validation Data (Training Time 2.974562):  0.969840179692849
Epoch 84: 
BAS Score on Validation Data (Training Time 2.974806):  0.9595529381285027
Epoch 85: 
BAS Score on Validation Data (Training Time 2.969553):  0.9679428840525784
Epoch 86: 
BAS Score on Validation Data (Training Time 2.971497):  0.9698152981720476
Epoch 87: 
BAS Score on Validation Data (Training Time 2.977567):  0.9664357161525144
Epoch 88: 
BAS Score on Validation Data (Training Time 2.974757):  0.9692098043925093
Epoch 89: 
BAS Score on Validation Data (Training Time 2.978914):  0.9597272903639364
Epoch 90: 
BAS Score on Validation Data (Training Time 2.972140):  0.9661614829146026
Epoch 91: 
BAS Score on Validation Data (Training Time 2.980222):  0.9688251175402997
Epoch 92: 
BAS Score on Validation Data (Training Time 2.977543):  0.9658144094756927
Epoch 93: 
BAS Score on Validation Data (Training Time 2.989602):  0.9625305709564094
Epoch 94: 
BAS Score on Validation Data (Training Time 2.985379):  0.967333707991351
Epoch 95: 
BAS Score on Validation Data (Training Time 2.979358):  0.9641501516796117
Epoch 96: 
BAS Score on Validation Data (Training Time 2.990416):  0.968289109326259
Epoch 97: 
BAS Score on Validation Data (Training Time 2.988559):  0.9697004334248066
Epoch 98: 
BAS Score on Validation Data (Training Time 2.994591):  0.9627093343247867
Epoch 99: 
BAS Score on Validation Data (Training Time 2.978250):  0.9594492745430689
Epoch 100: 
BAS Score on Validation Data (Training Time 2.967055):  0.970363510029865
Epoch 101: 
BAS Score on Validation Data (Training Time 2.967286):  0.9640161656853796
Epoch 102: 
BAS Score on Validation Data (Training Time 2.997181):  0.9628426752482793
Epoch 103: 
BAS Score on Validation Data (Training Time 2.980521):  0.9697983094633459
Epoch 104: 
BAS Score on Validation Data (Training Time 2.970591):  0.9656401575415253
Epoch 105: 
BAS Score on Validation Data (Training Time 2.961204):  0.9684707258238042
Epoch 106: 
BAS Score on Validation Data (Training Time 2.975606):  0.9592154075463585
Epoch 107: 
BAS Score on Validation Data (Training Time 2.982899):  0.9685312157939664
Epoch 108: 
BAS Score on Validation Data (Training Time 2.977139):  0.9673856765994254
Epoch 109: 
BAS Score on Validation Data (Training Time 2.963397):  0.9459908536402089
Epoch 110: 
BAS Score on Validation Data (Training Time 2.975162):  0.965791733521363
Epoch 111: 
BAS Score on Validation Data (Training Time 2.985636):  0.9622661624663538
Epoch 112: 
BAS Score on Validation Data (Training Time 2.977862):  0.967879540953248
Epoch 113: 
BAS Score on Validation Data (Training Time 2.966549):  0.9692142885536349
Epoch 114: 
BAS Score on Validation Data (Training Time 2.971735):  0.9675375534830625
Epoch 115: 
BAS Score on Validation Data (Training Time 2.984241):  0.9595257507399632
Epoch 116: 
BAS Score on Validation Data (Training Time 2.984428):  0.9695843928661474
Epoch 117: 
BAS Score on Validation Data (Training Time 2.981444):  0.970381227589821
Epoch 118: 
BAS Score on Validation Data (Training Time 2.979768):  0.9681668177397903
Epoch 119: 
BAS Score on Validation Data (Training Time 2.974689):  0.970972585789826
Epoch 120: 
BAS Score on Validation Data (Training Time 2.983231):  0.9688138891054082
Epoch 121: 
BAS Score on Validation Data (Training Time 2.983694):  0.9692625938927287
Epoch 122: 
BAS Score on Validation Data (Training Time 2.979564):  0.962869076747439
Epoch 123: 
BAS Score on Validation Data (Training Time 2.971395):  0.9718297371542132
Epoch 124: 
BAS Score on Validation Data (Training Time 2.979803):  0.9709905769804971
Epoch 125: 
BAS Score on Validation Data (Training Time 2.993633):  0.9717398542290399
Epoch 126: 
BAS Score on Validation Data (Training Time 2.991815):  0.9624223501816678
Epoch 127: 
BAS Score on Validation Data (Training Time 2.994190):  0.9635580373552682
Epoch 128: 
BAS Score on Validation Data (Training Time 3.000791):  0.9705275632841945
Epoch 129: 
BAS Score on Validation Data (Training Time 2.995823):  0.9711227853557127
Epoch 130: 
BAS Score on Validation Data (Training Time 2.974001):  0.9576102175513906
Epoch 131: 
BAS Score on Validation Data (Training Time 2.972934):  0.9677394124928486
Epoch 132: 
BAS Score on Validation Data (Training Time 2.968849):  0.9687677353173124
Epoch 133: 
BAS Score on Validation Data (Training Time 2.968260):  0.9697872086028051
Epoch 134: 
BAS Score on Validation Data (Training Time 2.974585):  0.9690571256294357
Epoch 135: 
BAS Score on Validation Data (Training Time 2.970329):  0.9675451453913628
Epoch 136: 
BAS Score on Validation Data (Training Time 2.973231):  0.9708057524345106
Epoch 137: 
BAS Score on Validation Data (Training Time 2.973369):  0.9713155027137991
Epoch 138: 
BAS Score on Validation Data (Training Time 2.972757):  0.9561056749048781
Epoch 139: 
BAS Score on Validation Data (Training Time 2.978810):  0.9714742426544819
Epoch 140: 
BAS Score on Validation Data (Training Time 2.982773):  0.9697307285605209
Epoch 141: 
BAS Score on Validation Data (Training Time 2.970735):  0.9703429393407408
Epoch 142: 
BAS Score on Validation Data (Training Time 2.974952):  0.97082788112741
Epoch 143: 
BAS Score on Validation Data (Training Time 2.971742):  0.9717163491221893
Epoch 144: 
BAS Score on Validation Data (Training Time 2.974466):  0.9699233456173406
Epoch 145: 
BAS Score on Validation Data (Training Time 2.981659):  0.9695525397266579
Epoch 146: 
BAS Score on Validation Data (Training Time 2.968158):  0.9613353417484479
Epoch 147: 
BAS Score on Validation Data (Training Time 2.972771):  0.9613612257512187
Epoch 148: 
BAS Score on Validation Data (Training Time 2.977481):  0.970678237083329
Epoch 149: 
BAS Score on Validation Data (Training Time 2.978183):  0.97018427242824
High Quality
0.9041148469994987 0.8048347848363551 0.7908024618875932 0.9041148469994987 0.7372786628820105
              precision    recall  f1-score   support

           0       1.00      0.82      0.90     23726
           1       0.98      0.93      0.96      5353
           2       0.40      0.96      0.56      3178

    accuracy                           0.85     32257
   macro avg       0.79      0.90      0.80     32257
weighted avg       0.93      0.85      0.87     32257

Low Quality Post 2020
0.8377200060246149 0.6184553003277627 0.6679323319680955 0.8377200060246149 0.5161296088279593
              precision    recall  f1-score   support

           0       1.00      0.71      0.83      1291
           1       0.98      0.97      0.97       160
           2       0.03      0.83      0.05        12

    accuracy                           0.74      1463
   macro avg       0.67      0.84      0.62      1463
weighted avg       0.99      0.74      0.84      1463

Emb Dim: 128
Transformer-MHA-128
=====================================================================================================================================================================
Layer (type:depth-idx)                   Input Shape               Output Shape              Kernel Shape              Param #                   Mult-Adds
=====================================================================================================================================================================
TransfomerBlock                          [2, 2, 64, 64]            [2, 3]                    --                        --                        --
├─ModuleList: 1-1                        --                        --                        --                        --                        --
│    └─MakePatches: 2-1                  [2, 1, 64, 64]            [2, 256, 128]             --                        --                        --
│    │    └─Unfold: 3-1                  [2, 1, 64, 64]            [2, 16, 256]              [4, 4]                    --                        --
│    │    └─Linear: 3-2                  [2, 256, 16]              [2, 256, 128]             --                        2,176                     4,352
│    │    └─PositionalEncoding: 3-3      [2, 256, 128]             [2, 256, 128]             --                        --                        --
│    └─MakePatches: 2-2                  [2, 1, 64, 64]            [2, 256, 128]             --                        --                        --
│    │    └─Unfold: 3-4                  [2, 1, 64, 64]            [2, 16, 256]              [4, 4]                    --                        --
│    │    └─Linear: 3-5                  [2, 256, 16]              [2, 256, 128]             --                        2,176                     4,352
│    │    └─PositionalEncoding: 3-6      [2, 256, 128]             [2, 256, 128]             --                        --                        --
├─TransformerEncoderLayer: 1-2           [2, 512, 128]             [2, 512, 128]             --                        --                        --
│    └─MultiheadAttention: 2-3           [2, 512, 128]             [2, 512, 128]             --                        66,048                    --
│    └─Dropout: 2-4                      [2, 512, 128]             [2, 512, 128]             --                        --                        --
│    └─LayerNorm: 2-5                    [2, 512, 128]             [2, 512, 128]             --                        256                       512
│    └─Linear: 2-6                       [2, 512, 128]             [2, 512, 2048]            --                        264,192                   528,384
│    └─Dropout: 2-7                      [2, 512, 2048]            [2, 512, 2048]            --                        --                        --
│    └─Linear: 2-8                       [2, 512, 2048]            [2, 512, 128]             --                        262,272                   524,544
│    └─Dropout: 2-9                      [2, 512, 128]             [2, 512, 128]             --                        --                        --
│    └─LayerNorm: 2-10                   [2, 512, 128]             [2, 512, 128]             --                        256                       512
├─Sequential: 1-3                        [2, 128]                  [2, 3]                    --                        --                        --
│    └─Linear: 2-11                      [2, 128]                  [2, 64]                   --                        8,256                     16,512
│    └─ReLU: 2-12                        [2, 64]                   [2, 64]                   --                        --                        --
│    └─Linear: 2-13                      [2, 64]                   [2, 32]                   --                        2,080                     4,160
│    └─ReLU: 2-14                        [2, 32]                   [2, 32]                   --                        --                        --
│    └─Linear: 2-15                      [2, 32]                   [2, 3]                    --                        99                        198
=====================================================================================================================================================================
Total params: 607,811
Trainable params: 607,811
Non-trainable params: 0
Total mult-adds (Units.MEGABYTES): 1.08
=====================================================================================================================================================================
Input size (MB): 0.07
Forward/backward pass size (MB): 20.97
Params size (MB): 2.17
Estimated Total Size (MB): 23.21
=====================================================================================================================================================================
Total Trainable Parameters:  607811
Total Parameters:  607811
Epoch 0: 
BAS Score on Validation Data (Training Time 3.483319):  0.6511362809942461
Epoch 1: 
BAS Score on Validation Data (Training Time 3.415741):  0.8487012338499326
Epoch 2: 
BAS Score on Validation Data (Training Time 3.415668):  0.9303468963846777
Epoch 3: 
BAS Score on Validation Data (Training Time 3.413829):  0.9127483605057662
Epoch 4: 
BAS Score on Validation Data (Training Time 3.413337):  0.9494573574247994
Epoch 5: 
BAS Score on Validation Data (Training Time 3.423780):  0.9427379038038626
Epoch 6: 
BAS Score on Validation Data (Training Time 3.419654):  0.9533577905841618
Epoch 7: 
BAS Score on Validation Data (Training Time 3.414287):  0.9575474407261989
Epoch 8: 
BAS Score on Validation Data (Training Time 3.416021):  0.957894313562576
Epoch 9: 
BAS Score on Validation Data (Training Time 3.415314):  0.9512284868547551
Epoch 10: 
BAS Score on Validation Data (Training Time 3.417742):  0.9471322013170477
Epoch 11: 
BAS Score on Validation Data (Training Time 3.416141):  0.945518508442006
Epoch 12: 
BAS Score on Validation Data (Training Time 3.420416):  0.9327760349329819
Epoch 13: 
BAS Score on Validation Data (Training Time 3.428058):  0.9487684698451524
Epoch 14: 
BAS Score on Validation Data (Training Time 3.415244):  0.9583496890647855
Epoch 15: 
BAS Score on Validation Data (Training Time 3.413542):  0.9559233758418709
Epoch 16: 
BAS Score on Validation Data (Training Time 3.424093):  0.9484376562636897
Epoch 17: 
BAS Score on Validation Data (Training Time 3.423410):  0.9535647165499638
Epoch 18: 
BAS Score on Validation Data (Training Time 3.414011):  0.9476217275661091
Epoch 19: 
BAS Score on Validation Data (Training Time 3.414564):  0.9608750541376576
Epoch 20: 
BAS Score on Validation Data (Training Time 3.419119):  0.9573818834835679
Epoch 21: 
BAS Score on Validation Data (Training Time 3.425583):  0.9482338380450624
Epoch 22: 
BAS Score on Validation Data (Training Time 3.414353):  0.9614973632964489
Epoch 23: 
BAS Score on Validation Data (Training Time 3.420548):  0.9608952508948004
Epoch 24: 
BAS Score on Validation Data (Training Time 3.433913):  0.9593972519195207
Epoch 25: 
BAS Score on Validation Data (Training Time 3.434587):  0.9562136683346973
Epoch 26: 
BAS Score on Validation Data (Training Time 3.419923):  0.9549273803901445
Epoch 27: 
BAS Score on Validation Data (Training Time 3.416143):  0.9605484783596898
Epoch 28: 
BAS Score on Validation Data (Training Time 3.423899):  0.9558309134182444
Epoch 29: 
BAS Score on Validation Data (Training Time 3.426305):  0.9615242497811892
Epoch 30: 
BAS Score on Validation Data (Training Time 3.422254):  0.9614072797687427
Epoch 31: 
BAS Score on Validation Data (Training Time 3.414319):  0.9620468512669508
Epoch 32: 
BAS Score on Validation Data (Training Time 3.424427):  0.9622151423247751
Epoch 33: 
BAS Score on Validation Data (Training Time 3.421236):  0.9525076838666452
Epoch 34: 
BAS Score on Validation Data (Training Time 3.425182):  0.963242882354349
Epoch 35: 
BAS Score on Validation Data (Training Time 3.417248):  0.9577462732773684
Epoch 36: 
BAS Score on Validation Data (Training Time 3.421128):  0.9587386867486721
Epoch 37: 
BAS Score on Validation Data (Training Time 3.425023):  0.9613351144035255
Epoch 38: 
BAS Score on Validation Data (Training Time 3.426883):  0.9593656533980379
Epoch 39: 
BAS Score on Validation Data (Training Time 3.414792):  0.9644954665122135
Epoch 40: 
BAS Score on Validation Data (Training Time 3.422166):  0.9620202194002173
Epoch 41: 
BAS Score on Validation Data (Training Time 3.421886):  0.9554933828361002
Epoch 42: 
BAS Score on Validation Data (Training Time 3.425562):  0.9631334312220209
Epoch 43: 
BAS Score on Validation Data (Training Time 3.415664):  0.9620657719114091
Epoch 44: 
BAS Score on Validation Data (Training Time 3.421559):  0.9655969299107799
Epoch 45: 
BAS Score on Validation Data (Training Time 3.425337):  0.9614935807134936
Epoch 46: 
BAS Score on Validation Data (Training Time 3.421358):  0.9605786731941376
Epoch 47: 
BAS Score on Validation Data (Training Time 3.420131):  0.9614678700401713
Epoch 48: 
BAS Score on Validation Data (Training Time 3.420028):  0.9663586844338145
Epoch 49: 
BAS Score on Validation Data (Training Time 3.427979):  0.96153535064173
Epoch 50: 
BAS Score on Validation Data (Training Time 3.423635):  0.9629713099034481
Epoch 51: 
BAS Score on Validation Data (Training Time 3.415757):  0.9671768186978668
Epoch 52: 
BAS Score on Validation Data (Training Time 3.424467):  0.9649366061336234
Epoch 53: 
BAS Score on Validation Data (Training Time 3.426491):  0.9651464937902355
Epoch 54: 
BAS Score on Validation Data (Training Time 3.426733):  0.9669416025602896
Epoch 55: 
BAS Score on Validation Data (Training Time 3.425437):  0.9647827325464231
Epoch 56: 
BAS Score on Validation Data (Training Time 3.420047):  0.9596319938238502
Epoch 57: 
BAS Score on Validation Data (Training Time 3.429483):  0.9622087179675171
Epoch 58: 
BAS Score on Validation Data (Training Time 3.425528):  0.9681348725594102
Epoch 59: 
BAS Score on Validation Data (Training Time 3.413270):  0.9661356719400139
Epoch 60: 
BAS Score on Validation Data (Training Time 3.420054):  0.9680602279970062
Epoch 61: 
BAS Score on Validation Data (Training Time 3.431557):  0.9681177105212599
Epoch 62: 
BAS Score on Validation Data (Training Time 3.424902):  0.9677846183451432
Epoch 63: 
BAS Score on Validation Data (Training Time 3.421903):  0.9609282068175258
Epoch 64: 
BAS Score on Validation Data (Training Time 3.419435):  0.9653443511325196
Epoch 65: 
BAS Score on Validation Data (Training Time 3.429360):  0.9694185810055099
Epoch 66: 
BAS Score on Validation Data (Training Time 3.418523):  0.9523688397793059
Epoch 67: 
BAS Score on Validation Data (Training Time 3.417058):  0.9681872963880239
Epoch 68: 
BAS Score on Validation Data (Training Time 3.418939):  0.9681175099187271
Epoch 69: 
BAS Score on Validation Data (Training Time 3.427436):  0.9452206507832689
Epoch 70: 
BAS Score on Validation Data (Training Time 3.425476):  0.9689426348141761
Epoch 71: 
BAS Score on Validation Data (Training Time 3.416770):  0.9693497239900002
Epoch 72: 
BAS Score on Validation Data (Training Time 3.418370):  0.9674353666128459
Epoch 73: 
BAS Score on Validation Data (Training Time 3.420656):  0.964953513553767
Epoch 74: 
BAS Score on Validation Data (Training Time 3.428067):  0.9596646678554848
Epoch 75: 
BAS Score on Validation Data (Training Time 3.413101):  0.9647950364914664
Epoch 76: 
BAS Score on Validation Data (Training Time 3.421516):  0.9525401572957469
Epoch 77: 
BAS Score on Validation Data (Training Time 3.421200):  0.9586740129904889
Epoch 78: 
BAS Score on Validation Data (Training Time 3.425538):  0.9701613418559037
Epoch 79: 
BAS Score on Validation Data (Training Time 3.417418):  0.9669487392480507
Epoch 80: 
BAS Score on Validation Data (Training Time 3.421026):  0.9630284642508183
Epoch 81: 
BAS Score on Validation Data (Training Time 3.418656):  0.958701056814621
Epoch 82: 
BAS Score on Validation Data (Training Time 3.431400):  0.9686839865979308
Epoch 83: 
BAS Score on Validation Data (Training Time 3.425361):  0.9706316008016097
Epoch 84: 
BAS Score on Validation Data (Training Time 3.416439):  0.9688765306265683
Epoch 85: 
BAS Score on Validation Data (Training Time 3.421957):  0.9678002033668097
Epoch 86: 
BAS Score on Validation Data (Training Time 3.432001):  0.9702345097030904
Epoch 87: 
BAS Score on Validation Data (Training Time 3.417541):  0.9721934983980255
Epoch 88: 
BAS Score on Validation Data (Training Time 3.417769):  0.9695327981900546
Epoch 89: 
BAS Score on Validation Data (Training Time 3.420007):  0.964069264349774
Epoch 90: 
BAS Score on Validation Data (Training Time 3.423836):  0.9684326109041727
Epoch 91: 
BAS Score on Validation Data (Training Time 3.420079):  0.9632836415402403
Epoch 92: 
BAS Score on Validation Data (Training Time 3.419213):  0.9522087964528542
Epoch 93: 
BAS Score on Validation Data (Training Time 3.421982):  0.9617700925460596
Epoch 94: 
BAS Score on Validation Data (Training Time 3.424248):  0.9705070116077786
Epoch 95: 
BAS Score on Validation Data (Training Time 3.414955):  0.9678998380116574
Epoch 96: 
BAS Score on Validation Data (Training Time 3.414030):  0.9718142251607288
Epoch 97: 
BAS Score on Validation Data (Training Time 3.420430):  0.9599432119250739
Epoch 98: 
BAS Score on Validation Data (Training Time 3.420220):  0.9669279139409198
Epoch 99: 
BAS Score on Validation Data (Training Time 3.425666):  0.9724694819818698
Epoch 100: 
BAS Score on Validation Data (Training Time 3.416815):  0.9607752729057512
Epoch 101: 
BAS Score on Validation Data (Training Time 3.425131):  0.9686436933849114
Epoch 102: 
BAS Score on Validation Data (Training Time 3.419769):  0.9658076924750111
Epoch 103: 
BAS Score on Validation Data (Training Time 3.418972):  0.9684517779062619
Epoch 104: 
BAS Score on Validation Data (Training Time 3.412614):  0.9638070068800219
Epoch 105: 
BAS Score on Validation Data (Training Time 3.420790):  0.9664456139285532
Epoch 106: 
BAS Score on Validation Data (Training Time 3.418140):  0.964681000896746
Epoch 107: 
BAS Score on Validation Data (Training Time 3.420907):  0.9576861839815772
Epoch 108: 
BAS Score on Validation Data (Training Time 3.414542):  0.9578505381397059
Epoch 109: 
BAS Score on Validation Data (Training Time 3.421198):  0.9717275502839966
Epoch 110: 
BAS Score on Validation Data (Training Time 3.419787):  0.9715330012914202
Epoch 111: 
BAS Score on Validation Data (Training Time 3.423034):  0.9625521168544191
Epoch 112: 
BAS Score on Validation Data (Training Time 3.412065):  0.972106723220027
Epoch 113: 
BAS Score on Validation Data (Training Time 3.422554):  0.9661463715954892
Epoch 114: 
BAS Score on Validation Data (Training Time 3.418588):  0.9670879109815789
Epoch 115: 
BAS Score on Validation Data (Training Time 3.423619):  0.9712852806062671
Epoch 116: 
BAS Score on Validation Data (Training Time 3.419584):  0.9683854000879389
Epoch 117: 
BAS Score on Validation Data (Training Time 3.421252):  0.9724612152377886
Epoch 118: 
BAS Score on Validation Data (Training Time 3.425586):  0.9694869637877718
Epoch 119: 
BAS Score on Validation Data (Training Time 3.429945):  0.9612871557233292
Epoch 120: 
BAS Score on Validation Data (Training Time 3.423561):  0.9719595583731326
Epoch 121: 
BAS Score on Validation Data (Training Time 3.428654):  0.9643043529130008
Epoch 122: 
BAS Score on Validation Data (Training Time 3.427417):  0.9678843177577972
Epoch 123: 
BAS Score on Validation Data (Training Time 3.422528):  0.9711262670348689
Epoch 124: 
BAS Score on Validation Data (Training Time 3.427654):  0.9690626312852393
Epoch 125: 
BAS Score on Validation Data (Training Time 3.419760):  0.9705757683220219
Epoch 126: 
BAS Score on Validation Data (Training Time 3.434239):  0.9708946328777145
Epoch 127: 
BAS Score on Validation Data (Training Time 3.431003):  0.964693277568705
Epoch 128: 
BAS Score on Validation Data (Training Time 3.423669):  0.9589069232603281
Epoch 129: 
BAS Score on Validation Data (Training Time 3.417175):  0.9703215394990957
Epoch 130: 
BAS Score on Validation Data (Training Time 3.430055):  0.9699071047726019
Epoch 131: 
BAS Score on Validation Data (Training Time 3.424761):  0.9717842036557296
Epoch 132: 
BAS Score on Validation Data (Training Time 3.424987):  0.9642838202492933
Epoch 133: 
BAS Score on Validation Data (Training Time 3.423816):  0.9675474239860167
Epoch 134: 
BAS Score on Validation Data (Training Time 3.426521):  0.9663196210476871
Epoch 135: 
BAS Score on Validation Data (Training Time 3.425248):  0.9593366883904819
Epoch 136: 
BAS Score on Validation Data (Training Time 3.420656):  0.969744601261672
Epoch 137: 
BAS Score on Validation Data (Training Time 3.424207):  0.9716270947470041
Epoch 138: 
BAS Score on Validation Data (Training Time 3.429287):  0.9660391533027171
Epoch 139: 
BAS Score on Validation Data (Training Time 3.428322):  0.9702056722698851
Epoch 140: 
BAS Score on Validation Data (Training Time 3.425572):  0.9591677770430452
Epoch 141: 
BAS Score on Validation Data (Training Time 3.414124):  0.9723208404197582
Epoch 142: 
BAS Score on Validation Data (Training Time 3.428995):  0.965992972241537
Epoch 143: 
BAS Score on Validation Data (Training Time 3.431320):  0.9732165536639409
Epoch 144: 
BAS Score on Validation Data (Training Time 3.423707):  0.9613328625512613
Epoch 145: 
BAS Score on Validation Data (Training Time 3.422137):  0.9649025094022452
Epoch 146: 
BAS Score on Validation Data (Training Time 3.425398):  0.9295865717603736
Epoch 147: 
BAS Score on Validation Data (Training Time 3.428447):  0.9685148473748771
Epoch 148: 
BAS Score on Validation Data (Training Time 3.416679):  0.9706103742894131
Epoch 149: 
BAS Score on Validation Data (Training Time 3.418442):  0.959443359421824
High Quality
0.8867439269822434 0.8539990606938695 0.8548618795102504 0.8867439269822434 0.8279646642305313
              precision    recall  f1-score   support

           0       0.98      0.96      0.97     23726
           1       0.98      0.76      0.86      5353
           2       0.61      0.94      0.74      3178

    accuracy                           0.92     32257
   macro avg       0.85      0.89      0.85     32257
weighted avg       0.94      0.92      0.93     32257

Low Quality Post 2020
0.8900991909802909 0.68049589726138 0.6934330939965904 0.8900991909802909 0.727349317198384
              precision    recall  f1-score   support

           0       0.99      0.94      0.97      1291
           1       0.98      0.81      0.89       160
           2       0.10      0.92      0.18        12

    accuracy                           0.93      1463
   macro avg       0.69      0.89      0.68      1463
weighted avg       0.98      0.93      0.95      1463


High Quality Post 2020
                          mean  std  sem  count
Model                                          
Transformer-FNET-128  0.978439  NaN  NaN      1
Transformer-FNET-64   0.977874  NaN  NaN      1
Transformer-MHA-128   0.853999  NaN  NaN      1
Transformer-MHA-64    0.804835  NaN  NaN      1
                          mean  std  sem  count
Model                                          
Transformer-FNET-128  0.973087  NaN  NaN      1
Transformer-FNET-64   0.973625  NaN  NaN      1
Transformer-MHA-128   0.886744  NaN  NaN      1
Transformer-MHA-64    0.904115  NaN  NaN      1
                          mean  std  sem  count
Model                                          
Transformer-FNET-128  0.973484  NaN  NaN      1
Transformer-FNET-64   0.972760  NaN  NaN      1
Transformer-MHA-128   0.827965  NaN  NaN      1
Transformer-MHA-64    0.737279  NaN  NaN      1

Low Quality Pre + Post 2020
                          mean  std  sem  count
Model                                          
Transformer-FNET-128  0.773230  NaN  NaN      1
Transformer-FNET-64   0.735985  NaN  NaN      1
Transformer-MHA-128   0.680496  NaN  NaN      1
Transformer-MHA-64    0.618455  NaN  NaN      1
                          mean  std  sem  count
Model                                          
Transformer-FNET-128  0.908146  NaN  NaN      1
Transformer-FNET-64   0.902208  NaN  NaN      1
Transformer-MHA-128   0.890099  NaN  NaN      1
Transformer-MHA-64    0.837720  NaN  NaN      1
                          mean  std  sem  count
Model                                          
Transformer-FNET-128  0.896379  NaN  NaN      1
Transformer-FNET-64   0.844203  NaN  NaN      1
Transformer-MHA-128   0.727349  NaN  NaN      1
Transformer-MHA-64    0.516130  NaN  NaN      1
Saving Results
************Fold: 1
Data Shape Before Sampling:  (81669, 2, 64, 64) (81669,)
Subtype/Host: 0 ,count:  52273 ,index count: (array([False,  True]), array([29396, 52273])) ,downsampling:  (16000, 2, 64, 64) (16000,)
Subtype/Host: 1 ,count:  18507 ,index count: (array([False,  True]), array([63162, 18507])) ,downsampling:  (16000, 2, 64, 64) (16000,)
Subtype/Host: 2 ,count:  10889 ,index count: (array([False,  True]), array([70780, 10889])) ,keep:  (10889, 2, 64, 64) (10889,)
Train shape:  (42889, 2, 64, 64) (42889,)
[[    0 16000]
 [    1 16000]
 [    2 10889]]
Val shape:  (9075, 2, 64, 64) (9075,)
[[   0 5809]
 [   1 2057]
 [   2 1209]]
Emb Dim: 64
Transformer-FNET-64
=====================================================================================================================================================================
Layer (type:depth-idx)                   Input Shape               Output Shape              Kernel Shape              Param #                   Mult-Adds
=====================================================================================================================================================================
TransfomerBlock                          [2, 2, 64, 64]            [2, 3]                    --                        --                        --
├─ModuleList: 1-1                        --                        --                        --                        --                        --
│    └─MakePatches: 2-1                  [2, 1, 64, 64]            [2, 256, 64]              --                        --                        --
│    │    └─Unfold: 3-1                  [2, 1, 64, 64]            [2, 16, 256]              [4, 4]                    --                        --
│    │    └─Linear: 3-2                  [2, 256, 16]              [2, 256, 64]              --                        1,088                     2,176
│    │    └─PositionalEncoding: 3-3      [2, 256, 64]              [2, 256, 64]              --                        --                        --
│    └─MakePatches: 2-2                  [2, 1, 64, 64]            [2, 256, 64]              --                        --                        --
│    │    └─Unfold: 3-4                  [2, 1, 64, 64]            [2, 16, 256]              [4, 4]                    --                        --
│    │    └─Linear: 3-5                  [2, 256, 16]              [2, 256, 64]              --                        1,088                     2,176
│    │    └─PositionalEncoding: 3-6      [2, 256, 64]              [2, 256, 64]              --                        --                        --
├─FNET: 1-2                              [2, 512, 64]              [2, 512, 64]              --                        --                        --
│    └─LayerNorm: 2-3                    [2, 512, 64]              [2, 512, 64]              --                        128                       256
│    └─Sequential: 2-4                   [2, 512, 64]              [2, 512, 64]              --                        --                        --
│    │    └─Linear: 3-7                  [2, 512, 64]              [2, 512, 64]              --                        4,160                     8,320
│    │    └─ReLU: 3-8                    [2, 512, 64]              [2, 512, 64]              --                        --                        --
│    │    └─Dropout: 3-9                 [2, 512, 64]              [2, 512, 64]              --                        --                        --
│    │    └─Linear: 3-10                 [2, 512, 64]              [2, 512, 64]              --                        4,160                     8,320
│    └─LayerNorm: 2-5                    [2, 512, 64]              [2, 512, 64]              --                        128                       256
├─Sequential: 1-3                        [2, 64]                   [2, 3]                    --                        --                        --
│    └─Linear: 2-6                       [2, 64]                   [2, 64]                   --                        4,160                     8,320
│    └─ReLU: 2-7                         [2, 64]                   [2, 64]                   --                        --                        --
│    └─Linear: 2-8                       [2, 64]                   [2, 32]                   --                        2,080                     4,160
│    └─ReLU: 2-9                         [2, 32]                   [2, 32]                   --                        --                        --
│    └─Linear: 2-10                      [2, 32]                   [2, 3]                    --                        99                        198
=====================================================================================================================================================================
Total params: 17,091
Trainable params: 17,091
Non-trainable params: 0
Total mult-adds (Units.MEGABYTES): 0.03
=====================================================================================================================================================================
Input size (MB): 0.07
Forward/backward pass size (MB): 2.62
Params size (MB): 0.07
Estimated Total Size (MB): 2.76
=====================================================================================================================================================================
Total Trainable Parameters:  17091
Total Parameters:  17091
Epoch 0: 
BAS Score on Validation Data (Training Time 1.535988):  0.6172874365932713
Epoch 1: 
BAS Score on Validation Data (Training Time 1.521724):  0.610270039848704
Epoch 2: 
BAS Score on Validation Data (Training Time 1.513203):  0.6528981411981515
Epoch 3: 
BAS Score on Validation Data (Training Time 1.513753):  0.6539443276389357
Epoch 4: 
BAS Score on Validation Data (Training Time 1.513531):  0.8237197568490165
Epoch 5: 
BAS Score on Validation Data (Training Time 1.513249):  0.8587796169820257
Epoch 6: 
BAS Score on Validation Data (Training Time 1.512184):  0.8911915550853547
Epoch 7: 
BAS Score on Validation Data (Training Time 1.512300):  0.902568831010843
Epoch 8: 
BAS Score on Validation Data (Training Time 1.513369):  0.9138314427916231
Epoch 9: 
BAS Score on Validation Data (Training Time 1.511713):  0.909869571195603
Epoch 10: 
BAS Score on Validation Data (Training Time 1.515012):  0.9142119001007137
Epoch 11: 
BAS Score on Validation Data (Training Time 1.514776):  0.9104617395354203
Epoch 12: 
BAS Score on Validation Data (Training Time 1.517426):  0.9178945337786556
Epoch 13: 
BAS Score on Validation Data (Training Time 1.511757):  0.9293596336499047
Epoch 14: 
BAS Score on Validation Data (Training Time 1.512840):  0.9302116260173854
Epoch 15: 
BAS Score on Validation Data (Training Time 1.513942):  0.9346479670895221
Epoch 16: 
BAS Score on Validation Data (Training Time 1.510813):  0.935340864597047
Epoch 17: 
BAS Score on Validation Data (Training Time 1.512826):  0.9362275822458939
Epoch 18: 
BAS Score on Validation Data (Training Time 1.512293):  0.9399469734422251
Epoch 19: 
BAS Score on Validation Data (Training Time 1.512662):  0.9387390936303234
Epoch 20: 
BAS Score on Validation Data (Training Time 1.513157):  0.9413389299361508
Epoch 21: 
BAS Score on Validation Data (Training Time 1.514609):  0.9404258540512851
Epoch 22: 
BAS Score on Validation Data (Training Time 1.511915):  0.9428669504164296
Epoch 23: 
BAS Score on Validation Data (Training Time 1.510855):  0.9445785923581927
Epoch 24: 
BAS Score on Validation Data (Training Time 1.513781):  0.9437644140065445
Epoch 25: 
BAS Score on Validation Data (Training Time 1.512326):  0.9453819434800153
Epoch 26: 
BAS Score on Validation Data (Training Time 1.516845):  0.9457082456272681
Epoch 27: 
BAS Score on Validation Data (Training Time 1.513493):  0.9458972807036653
Epoch 28: 
BAS Score on Validation Data (Training Time 1.513379):  0.9498149762024445
Epoch 29: 
BAS Score on Validation Data (Training Time 1.512725):  0.9482019391504751
Epoch 30: 
BAS Score on Validation Data (Training Time 1.514438):  0.9462628735819679
Epoch 31: 
BAS Score on Validation Data (Training Time 1.512407):  0.9496425559027672
Epoch 32: 
BAS Score on Validation Data (Training Time 1.513959):  0.9511221897553946
Epoch 33: 
BAS Score on Validation Data (Training Time 1.515680):  0.9511448657097241
Epoch 34: 
BAS Score on Validation Data (Training Time 1.515733):  0.9518222512237647
Epoch 35: 
BAS Score on Validation Data (Training Time 1.514766):  0.9468770893261268
Epoch 36: 
BAS Score on Validation Data (Training Time 1.511406):  0.952184636053626
Epoch 37: 
BAS Score on Validation Data (Training Time 1.509877):  0.9529139901757411
Epoch 38: 
BAS Score on Validation Data (Training Time 1.516197):  0.9533300749469006
Epoch 39: 
BAS Score on Validation Data (Training Time 1.510999):  0.9522597358365695
Epoch 40: 
BAS Score on Validation Data (Training Time 1.514245):  0.9544971873125355
Epoch 41: 
BAS Score on Validation Data (Training Time 1.522135):  0.9539143694873267
Epoch 42: 
BAS Score on Validation Data (Training Time 1.513461):  0.9554188848607552
Epoch 43: 
BAS Score on Validation Data (Training Time 1.515551):  0.9545231716165725
Epoch 44: 
BAS Score on Validation Data (Training Time 1.513386):  0.9546646492178389
Epoch 45: 
BAS Score on Validation Data (Training Time 1.515243):  0.9550663247787502
Epoch 46: 
BAS Score on Validation Data (Training Time 1.519340):  0.9555614652452573
Epoch 47: 
BAS Score on Validation Data (Training Time 1.513577):  0.9560465073331931
Epoch 48: 
BAS Score on Validation Data (Training Time 1.512925):  0.9533578095968703
Epoch 49: 
BAS Score on Validation Data (Training Time 1.522834):  0.9561511734005963
Epoch 50: 
BAS Score on Validation Data (Training Time 1.511539):  0.9571652330711761
Epoch 51: 
BAS Score on Validation Data (Training Time 1.514619):  0.9570356854829716
Epoch 52: 
BAS Score on Validation Data (Training Time 1.513879):  0.9571042688677661
Epoch 53: 
BAS Score on Validation Data (Training Time 1.516396):  0.9571436599000823
Epoch 54: 
BAS Score on Validation Data (Training Time 1.516232):  0.9576106104960806
Epoch 55: 
BAS Score on Validation Data (Training Time 1.516799):  0.9585189013160212
Epoch 56: 
BAS Score on Validation Data (Training Time 1.516443):  0.957619606091416
Epoch 57: 
BAS Score on Validation Data (Training Time 1.516868):  0.9586820523896478
Epoch 58: 
BAS Score on Validation Data (Training Time 1.513160):  0.9588754985989884
Epoch 59: 
BAS Score on Validation Data (Training Time 1.512508):  0.9585424064228718
Epoch 60: 
BAS Score on Validation Data (Training Time 1.513931):  0.9584276419768972
Epoch 61: 
BAS Score on Validation Data (Training Time 1.518366):  0.9587195114862072
Epoch 62: 
BAS Score on Validation Data (Training Time 1.512816):  0.9592388859108193
Epoch 63: 
BAS Score on Validation Data (Training Time 1.519131):  0.9590429605042918
Epoch 64: 
BAS Score on Validation Data (Training Time 1.521155):  0.9597813102217422
Epoch 65: 
BAS Score on Validation Data (Training Time 1.512021):  0.9590588464297576
Epoch 66: 
BAS Score on Validation Data (Training Time 1.514803):  0.9609090315550608
Epoch 67: 
BAS Score on Validation Data (Training Time 1.513824):  0.9604633804994412
Epoch 68: 
BAS Score on Validation Data (Training Time 1.515808):  0.9607019049867261
Epoch 69: 
BAS Score on Validation Data (Training Time 1.518977):  0.9602165892680755
Epoch 70: 
BAS Score on Validation Data (Training Time 1.522280):  0.9609574181827125
Epoch 71: 
BAS Score on Validation Data (Training Time 1.512659):  0.960642043566552
Epoch 72: 
BAS Score on Validation Data (Training Time 1.519147):  0.9596358767080719
Epoch 73: 
BAS Score on Validation Data (Training Time 1.516694):  0.9619318131902611
Epoch 74: 
BAS Score on Validation Data (Training Time 1.513840):  0.9617372641976846
Epoch 75: 
BAS Score on Validation Data (Training Time 1.514415):  0.960721828113154
Epoch 76: 
BAS Score on Validation Data (Training Time 1.520301):  0.9611011013504506
Epoch 77: 
BAS Score on Validation Data (Training Time 1.517758):  0.9624121705145384
Epoch 78: 
BAS Score on Validation Data (Training Time 1.517191):  0.9626889832509035
Epoch 79: 
BAS Score on Validation Data (Training Time 1.513858):  0.9626192970828731
Epoch 80: 
BAS Score on Validation Data (Training Time 1.519928):  0.9622873076899924
Epoch 81: 
BAS Score on Validation Data (Training Time 1.512709):  0.9624121705145384
Epoch 82: 
BAS Score on Validation Data (Training Time 1.514414):  0.9629534920422257
Epoch 83: 
BAS Score on Validation Data (Training Time 1.513481):  0.9630682564882003
Epoch 84: 
BAS Score on Validation Data (Training Time 1.518519):  0.9629646932040329
Epoch 85: 
BAS Score on Validation Data (Training Time 1.512551):  0.9623198083921783
Epoch 86: 
BAS Score on Validation Data (Training Time 1.528821):  0.9616074429787651
Epoch 87: 
BAS Score on Validation Data (Training Time 1.534405):  0.9626416994064876
Epoch 88: 
BAS Score on Validation Data (Training Time 1.526024):  0.961779589647727
Epoch 89: 
BAS Score on Validation Data (Training Time 1.521604):  0.9611212981075935
Epoch 90: 
BAS Score on Validation Data (Training Time 1.520694):  0.9616074429787651
Epoch 91: 
BAS Score on Validation Data (Training Time 1.521251):  0.9626687864937608
Epoch 92: 
BAS Score on Validation Data (Training Time 1.532640):  0.9632404031571622
Epoch 93: 
BAS Score on Validation Data (Training Time 1.524949):  0.9616249789488968
Epoch 94: 
BAS Score on Validation Data (Training Time 1.528296):  0.9642858607466921
Epoch 95: 
BAS Score on Validation Data (Training Time 1.528756):  0.963320187703764
Epoch 96: 
BAS Score on Validation Data (Training Time 1.520294):  0.9636907389764402
Epoch 97: 
BAS Score on Validation Data (Training Time 1.520826):  0.9630444777506347
Epoch 98: 
BAS Score on Validation Data (Training Time 1.523732):  0.96080050987652
Epoch 99: 
BAS Score on Validation Data (Training Time 1.517987):  0.9633663687649442
Epoch 100: 
BAS Score on Validation Data (Training Time 1.523352):  0.9645041884768341
Epoch 101: 
BAS Score on Validation Data (Training Time 1.525948):  0.9633663687649442
Epoch 102: 
BAS Score on Validation Data (Training Time 1.520050):  0.9639549741370472
Epoch 103: 
BAS Score on Validation Data (Training Time 1.531291):  0.9639437729752399
Epoch 104: 
BAS Score on Validation Data (Training Time 1.520385):  0.9632516043189695
Epoch 105: 
BAS Score on Validation Data (Training Time 1.525121):  0.9647337173687833
Epoch 106: 
BAS Score on Validation Data (Training Time 1.519598):  0.962949910061803
Epoch 107: 
BAS Score on Validation Data (Training Time 1.525248):  0.963538515433906
Epoch 108: 
BAS Score on Validation Data (Training Time 1.523499):  0.9650668095449001
Epoch 109: 
BAS Score on Validation Data (Training Time 1.528647):  0.9636882597792535
Epoch 110: 
BAS Score on Validation Data (Training Time 1.529004):  0.9632054232577895
Epoch 111: 
BAS Score on Validation Data (Training Time 1.523232):  0.963538515433906
Epoch 112: 
BAS Score on Validation Data (Training Time 1.526306):  0.962902626217387
Epoch 113: 
BAS Score on Validation Data (Training Time 1.522190):  0.9653573026402592
Epoch 114: 
BAS Score on Validation Data (Training Time 1.526925):  0.965390906125681
Epoch 115: 
BAS Score on Validation Data (Training Time 1.536577):  0.9635846964950862
Epoch 116: 
BAS Score on Validation Data (Training Time 1.532621):  0.965609233855823
Epoch 117: 
BAS Score on Validation Data (Training Time 1.531651):  0.9653887005592093
Epoch 118: 
BAS Score on Validation Data (Training Time 1.532559):  0.965362716255172
Epoch 119: 
BAS Score on Validation Data (Training Time 1.527085):  0.9653313183362221
Epoch 120: 
BAS Score on Validation Data (Training Time 1.526907):  0.9637680443258553
Epoch 121: 
BAS Score on Validation Data (Training Time 1.533429):  0.9635226295084403
Epoch 122: 
BAS Score on Validation Data (Training Time 1.529277):  0.9631480410348021
Epoch 123: 
BAS Score on Validation Data (Training Time 1.529753):  0.9646301540846159
Epoch 124: 
BAS Score on Validation Data (Training Time 1.540408):  0.9660808692154798
Epoch 125: 
BAS Score on Validation Data (Training Time 1.523787):  0.96502062848372
Epoch 126: 
BAS Score on Validation Data (Training Time 1.536664):  0.9641033420684436
Epoch 127: 
BAS Score on Validation Data (Training Time 1.538066):  0.9655720483899787
Epoch 128: 
BAS Score on Validation Data (Training Time 1.533273):  0.965721792735326
Epoch 129: 
BAS Score on Validation Data (Training Time 1.532813):  0.9651364957129305
Epoch 130: 
BAS Score on Validation Data (Training Time 1.538089):  0.9646052725638147
Epoch 131: 
BAS Score on Validation Data (Training Time 1.535029):  0.9640852505765061
Epoch 132: 
BAS Score on Validation Data (Training Time 1.533422):  0.9639502893733886
Epoch 133: 
BAS Score on Validation Data (Training Time 1.532315):  0.9654245096111028
Epoch 134: 
BAS Score on Validation Data (Training Time 1.524713):  0.9664915403717265
Epoch 135: 
BAS Score on Validation Data (Training Time 1.523261):  0.9643273570442137
Epoch 136: 
BAS Score on Validation Data (Training Time 1.528299):  0.9657564990039837
Epoch 137: 
BAS Score on Validation Data (Training Time 1.523332):  0.9640650538193634
Epoch 138: 
BAS Score on Validation Data (Training Time 1.529460):  0.9638680256296001
Epoch 139: 
BAS Score on Validation Data (Training Time 1.530300):  0.9669550092885686
Epoch 140: 
BAS Score on Validation Data (Training Time 1.530731):  0.9648482081840429
Epoch 141: 
BAS Score on Validation Data (Training Time 1.536302):  0.9656518329365804
Epoch 142: 
BAS Score on Validation Data (Training Time 1.532314):  0.9665825260801357
Epoch 143: 
BAS Score on Validation Data (Training Time 1.525855):  0.96591965007761
Epoch 144: 
BAS Score on Validation Data (Training Time 1.521888):  0.9652758680489915
Epoch 145: 
BAS Score on Validation Data (Training Time 1.526747):  0.9643158822516913
Epoch 146: 
BAS Score on Validation Data (Training Time 1.526767):  0.9647435421166396
Epoch 147: 
BAS Score on Validation Data (Training Time 1.529932):  0.967244125969977
Epoch 148: 
BAS Score on Validation Data (Training Time 1.533346):  0.9664800655792044
Epoch 149: 
BAS Score on Validation Data (Training Time 1.522365):  0.9672195180798906
High Quality
0.9699060720571189 0.9565573977282341 0.9443423983143742 0.9699060720571189 0.9453591618578265
              precision    recall  f1-score   support

           0       0.99      0.98      0.98     23726
           1       0.98      1.00      0.99      5353
           2       0.86      0.93      0.89      3178

    accuracy                           0.98     32257
   macro avg       0.94      0.97      0.96     32257
weighted avg       0.98      0.98      0.98     32257

Low Quality Post 2020
0.8885231087012652 0.6942080142080141 0.6823183829762778 0.8885231087012652 0.7513230042845498
              precision    recall  f1-score   support

           0       1.00      0.92      0.96      1291
           1       0.97      1.00      0.98       160
           2       0.08      0.75      0.14        12

    accuracy                           0.92      1463
   macro avg       0.68      0.89      0.69      1463
weighted avg       0.99      0.92      0.95      1463

Emb Dim: 128
Transformer-FNET-128
=====================================================================================================================================================================
Layer (type:depth-idx)                   Input Shape               Output Shape              Kernel Shape              Param #                   Mult-Adds
=====================================================================================================================================================================
TransfomerBlock                          [2, 2, 64, 64]            [2, 3]                    --                        --                        --
├─ModuleList: 1-1                        --                        --                        --                        --                        --
│    └─MakePatches: 2-1                  [2, 1, 64, 64]            [2, 256, 128]             --                        --                        --
│    │    └─Unfold: 3-1                  [2, 1, 64, 64]            [2, 16, 256]              [4, 4]                    --                        --
│    │    └─Linear: 3-2                  [2, 256, 16]              [2, 256, 128]             --                        2,176                     4,352
│    │    └─PositionalEncoding: 3-3      [2, 256, 128]             [2, 256, 128]             --                        --                        --
│    └─MakePatches: 2-2                  [2, 1, 64, 64]            [2, 256, 128]             --                        --                        --
│    │    └─Unfold: 3-4                  [2, 1, 64, 64]            [2, 16, 256]              [4, 4]                    --                        --
│    │    └─Linear: 3-5                  [2, 256, 16]              [2, 256, 128]             --                        2,176                     4,352
│    │    └─PositionalEncoding: 3-6      [2, 256, 128]             [2, 256, 128]             --                        --                        --
├─FNET: 1-2                              [2, 512, 128]             [2, 512, 128]             --                        --                        --
│    └─LayerNorm: 2-3                    [2, 512, 128]             [2, 512, 128]             --                        256                       512
│    └─Sequential: 2-4                   [2, 512, 128]             [2, 512, 128]             --                        --                        --
│    │    └─Linear: 3-7                  [2, 512, 128]             [2, 512, 128]             --                        16,512                    33,024
│    │    └─ReLU: 3-8                    [2, 512, 128]             [2, 512, 128]             --                        --                        --
│    │    └─Dropout: 3-9                 [2, 512, 128]             [2, 512, 128]             --                        --                        --
│    │    └─Linear: 3-10                 [2, 512, 128]             [2, 512, 128]             --                        16,512                    33,024
│    └─LayerNorm: 2-5                    [2, 512, 128]             [2, 512, 128]             --                        256                       512
├─Sequential: 1-3                        [2, 128]                  [2, 3]                    --                        --                        --
│    └─Linear: 2-6                       [2, 128]                  [2, 64]                   --                        8,256                     16,512
│    └─ReLU: 2-7                         [2, 64]                   [2, 64]                   --                        --                        --
│    └─Linear: 2-8                       [2, 64]                   [2, 32]                   --                        2,080                     4,160
│    └─ReLU: 2-9                         [2, 32]                   [2, 32]                   --                        --                        --
│    └─Linear: 2-10                      [2, 32]                   [2, 3]                    --                        99                        198
=====================================================================================================================================================================
Total params: 48,323
Trainable params: 48,323
Non-trainable params: 0
Total mult-adds (Units.MEGABYTES): 0.10
=====================================================================================================================================================================
Input size (MB): 0.07
Forward/backward pass size (MB): 5.24
Params size (MB): 0.19
Estimated Total Size (MB): 5.50
=====================================================================================================================================================================
Total Trainable Parameters:  48323
Total Parameters:  48323
Epoch 0: 
BAS Score on Validation Data (Training Time 1.894184):  0.6491604579073499
Epoch 1: 
BAS Score on Validation Data (Training Time 1.903260):  0.6423172442451027
Epoch 2: 
BAS Score on Validation Data (Training Time 1.893759):  0.730343071743027
Epoch 3: 
BAS Score on Validation Data (Training Time 1.895421):  0.890945966938491
Epoch 4: 
BAS Score on Validation Data (Training Time 1.899882):  0.9125865781164096
Epoch 5: 
BAS Score on Validation Data (Training Time 1.900844):  0.9189581018728316
Epoch 6: 
BAS Score on Validation Data (Training Time 1.900427):  0.927367970923335
Epoch 7: 
BAS Score on Validation Data (Training Time 1.903599):  0.9293646923455445
Epoch 8: 
BAS Score on Validation Data (Training Time 1.895327):  0.9367409145056049
Epoch 9: 
BAS Score on Validation Data (Training Time 1.896508):  0.938045822190817
Epoch 10: 
BAS Score on Validation Data (Training Time 1.894162):  0.9404933536655523
Epoch 11: 
BAS Score on Validation Data (Training Time 1.892044):  0.9423097429632766
Epoch 12: 
BAS Score on Validation Data (Training Time 1.893085):  0.9438771544758717
Epoch 13: 
BAS Score on Validation Data (Training Time 1.896736):  0.9465707293180102
Epoch 14: 
BAS Score on Validation Data (Training Time 1.894076):  0.9451982217172646
Epoch 15: 
BAS Score on Validation Data (Training Time 1.898366):  0.9491316298120608
Epoch 16: 
BAS Score on Validation Data (Training Time 1.898413):  0.9518998302038947
Epoch 17: 
BAS Score on Validation Data (Training Time 1.896879):  0.9536555479416325
Epoch 18: 
BAS Score on Validation Data (Training Time 1.900997):  0.9536891514270546
Epoch 19: 
BAS Score on Validation Data (Training Time 1.900137):  0.9543596466109648
Epoch 20: 
BAS Score on Validation Data (Training Time 1.900668):  0.9542813387795803
Epoch 21: 
BAS Score on Validation Data (Training Time 1.903427):  0.9547775820293233
Epoch 22: 
BAS Score on Validation Data (Training Time 1.908846):  0.9561063687533671
Epoch 23: 
BAS Score on Validation Data (Training Time 1.893134):  0.9561413486527398
Epoch 24: 
BAS Score on Validation Data (Training Time 1.890178):  0.9575355107131371
Epoch 25: 
BAS Score on Validation Data (Training Time 1.893321):  0.9544448447724796
Epoch 26: 
BAS Score on Validation Data (Training Time 1.890262):  0.9563478276583782
Epoch 27: 
BAS Score on Validation Data (Training Time 1.896358):  0.9584200227955124
Epoch 28: 
BAS Score on Validation Data (Training Time 1.896915):  0.9592096935583408
Epoch 29: 
BAS Score on Validation Data (Training Time 1.885399):  0.9592930600853654
Epoch 30: 
BAS Score on Validation Data (Training Time 1.887491):  0.9597690062766991
Epoch 31: 
BAS Score on Validation Data (Training Time 1.888684):  0.9562723539434533
Epoch 32: 
BAS Score on Validation Data (Training Time 1.892411):  0.9596373534232893
Epoch 33: 
BAS Score on Validation Data (Training Time 1.892675):  0.9611631683370964
Epoch 34: 
BAS Score on Validation Data (Training Time 1.892245):  0.9607625955594211
Epoch 35: 
BAS Score on Validation Data (Training Time 1.885654):  0.9603146386360635
Epoch 36: 
BAS Score on Validation Data (Training Time 1.887858):  0.9603981054643542
Epoch 37: 
BAS Score on Validation Data (Training Time 1.888687):  0.9616695099654109
Epoch 38: 
BAS Score on Validation Data (Training Time 1.893784):  0.9613465161678656
Epoch 39: 
BAS Score on Validation Data (Training Time 1.893399):  0.9612801383495428
Epoch 40: 
BAS Score on Validation Data (Training Time 1.898405):  0.9616706127486468
Epoch 41: 
BAS Score on Validation Data (Training Time 1.890878):  0.9612703136016864
Epoch 42: 
BAS Score on Validation Data (Training Time 1.892229):  0.9610992697159603
Epoch 43: 
BAS Score on Validation Data (Training Time 1.893341):  0.9621184693707381
Epoch 44: 
BAS Score on Validation Data (Training Time 1.898427):  0.961946322701776
Epoch 45: 
BAS Score on Validation Data (Training Time 1.895317):  0.9622996116350354
Epoch 46: 
BAS Score on Validation Data (Training Time 1.900187):  0.9625179393651774
Epoch 47: 
BAS Score on Validation Data (Training Time 1.888368):  0.9625901047303946
Epoch 48: 
BAS Score on Validation Data (Training Time 1.890731):  0.9620610871477506
Epoch 49: 
BAS Score on Validation Data (Training Time 1.893811):  0.962416581647482
Epoch 50: 
BAS Score on Validation Data (Training Time 1.895620):  0.9633136713056153
Epoch 51: 
BAS Score on Validation Data (Training Time 1.893455):  0.962416581647482
Epoch 52: 
BAS Score on Validation Data (Training Time 1.898371):  0.9634284357515899
Epoch 53: 
BAS Score on Validation Data (Training Time 1.887581):  0.963163926960268
Epoch 54: 
BAS Score on Validation Data (Training Time 1.886223):  0.9625576040282088
Epoch 55: 
BAS Score on Validation Data (Training Time 1.890494):  0.9636803669671538
Epoch 56: 
BAS Score on Validation Data (Training Time 1.889898):  0.9631877056978334
Epoch 57: 
BAS Score on Validation Data (Training Time 1.892938):  0.9638413124743085
Epoch 58: 
BAS Score on Validation Data (Training Time 1.894510):  0.9627647305965435
Epoch 59: 
BAS Score on Validation Data (Training Time 1.886966):  0.9616648252017524
Epoch 60: 
BAS Score on Validation Data (Training Time 1.888741):  0.9637727290895138
Epoch 61: 
BAS Score on Validation Data (Training Time 1.890783):  0.9636803669671538
Epoch 62: 
BAS Score on Validation Data (Training Time 1.892268):  0.9637951314131286
Epoch 63: 
BAS Score on Validation Data (Training Time 1.896516):  0.9637951314131286
Epoch 64: 
BAS Score on Validation Data (Training Time 1.899018):  0.9637951314131286
Epoch 65: 
BAS Score on Validation Data (Training Time 1.888770):  0.9637615279277066
Epoch 66: 
BAS Score on Validation Data (Training Time 1.894382):  0.9638525136361157
Epoch 67: 
BAS Score on Validation Data (Training Time 1.894784):  0.9647720056178638
Epoch 68: 
BAS Score on Validation Data (Training Time 1.896040):  0.9639098958591031
Epoch 69: 
BAS Score on Validation Data (Training Time 1.894977):  0.9642577711774495
Epoch 70: 
BAS Score on Validation Data (Training Time 1.899211):  0.9618965596601733
Epoch 71: 
BAS Score on Validation Data (Training Time 1.889703):  0.9645074968265418
Epoch 72: 
BAS Score on Validation Data (Training Time 1.888042):  0.9627608749854059
Epoch 73: 
BAS Score on Validation Data (Training Time 1.891254):  0.9614136228374429
Epoch 74: 
BAS Score on Validation Data (Training Time 1.893800):  0.9628958361885234
Epoch 75: 
BAS Score on Validation Data (Training Time 1.894172):  0.9649250583129186
Epoch 76: 
BAS Score on Validation Data (Training Time 1.896571):  0.9639524949398605
Epoch 77: 
BAS Score on Validation Data (Training Time 1.891764):  0.9647056277995408
Epoch 78: 
BAS Score on Validation Data (Training Time 1.887272):  0.9642192092976543
Epoch 79: 
BAS Score on Validation Data (Training Time 1.891654):  0.9652310634017623
Epoch 80: 
BAS Score on Validation Data (Training Time 1.897325):  0.9638669228463642
Epoch 81: 
BAS Score on Validation Data (Training Time 1.895699):  0.9639142066907801
Epoch 82: 
BAS Score on Validation Data (Training Time 1.894344):  0.9644837180889763
Epoch 83: 
BAS Score on Validation Data (Training Time 1.886998):  0.9613998421771827
Epoch 84: 
BAS Score on Validation Data (Training Time 1.882198):  0.9646619259355477
Epoch 85: 
BAS Score on Validation Data (Training Time 1.885722):  0.964685704673113
Epoch 86: 
BAS Score on Validation Data (Training Time 1.890025):  0.9627683938655242
Epoch 87: 
BAS Score on Validation Data (Training Time 1.890012):  0.9644375370277962
Epoch 88: 
BAS Score on Validation Data (Training Time 1.886611):  0.965531654875693
Epoch 89: 
BAS Score on Validation Data (Training Time 1.897129):  0.9651398040626381
Epoch 90: 
BAS Score on Validation Data (Training Time 1.884819):  0.9661491789695594
Epoch 91: 
BAS Score on Validation Data (Training Time 1.886573):  0.9650542319691419
Epoch 92: 
BAS Score on Validation Data (Training Time 1.888391):  0.9659005561037031
Epoch 93: 
BAS Score on Validation Data (Training Time 1.891907):  0.9662112459562052
Epoch 94: 
BAS Score on Validation Data (Training Time 1.887404):  0.964285587115977
Epoch 95: 
BAS Score on Validation Data (Training Time 1.892582):  0.9661650648950252
Epoch 96: 
BAS Score on Validation Data (Training Time 1.886591):  0.9618423854856273
Epoch 97: 
BAS Score on Validation Data (Training Time 1.887291):  0.9655887634679652
Epoch 98: 
BAS Score on Validation Data (Training Time 1.898290):  0.9662639434155341
Epoch 99: 
BAS Score on Validation Data (Training Time 1.895387):  0.9663202228552855
Epoch 100: 
BAS Score on Validation Data (Training Time 1.896383):  0.9662112459562052
Epoch 101: 
BAS Score on Validation Data (Training Time 1.901698):  0.9622605755219924
Epoch 102: 
BAS Score on Validation Data (Training Time 1.895259):  0.9664970542879058
Epoch 103: 
BAS Score on Validation Data (Training Time 1.893324):  0.9665194566115205
Epoch 104: 
BAS Score on Validation Data (Training Time 1.899535):  0.9665779416177437
Epoch 105: 
BAS Score on Validation Data (Training Time 1.895481):  0.9662570530854038
Epoch 106: 
BAS Score on Validation Data (Training Time 1.897312):  0.963651429232682
Epoch 107: 
BAS Score on Validation Data (Training Time 1.904913):  0.9661141990701867
Epoch 108: 
BAS Score on Validation Data (Training Time 1.893884):  0.9666230198956879
Epoch 109: 
BAS Score on Validation Data (Training Time 1.894394):  0.9640498967451521
Epoch 110: 
BAS Score on Validation Data (Training Time 1.895896):  0.9666656189764452
Epoch 111: 
BAS Score on Validation Data (Training Time 1.892395):  0.9666353238407309
Epoch 112: 
BAS Score on Validation Data (Training Time 1.897243):  0.9667803834224199
Epoch 113: 
BAS Score on Validation Data (Training Time 1.899211):  0.9667265831798552
Epoch 114: 
BAS Score on Validation Data (Training Time 1.894468):  0.9643829889212686
Epoch 115: 
BAS Score on Validation Data (Training Time 1.898553):  0.9648175391163473
Epoch 116: 
BAS Score on Validation Data (Training Time 1.899628):  0.9665429617183708
Epoch 117: 
BAS Score on Validation Data (Training Time 1.898172):  0.9634454054475832
Epoch 118: 
BAS Score on Validation Data (Training Time 1.899235):  0.9668218797199414
Epoch 119: 
BAS Score on Validation Data (Training Time 1.900992):  0.9668839467065872
Epoch 120: 
BAS Score on Validation Data (Training Time 1.893300):  0.966079219170814
Epoch 121: 
BAS Score on Validation Data (Training Time 1.894104):  0.9659878595304233
Epoch 122: 
BAS Score on Validation Data (Training Time 1.892051):  0.9667377843416625
Epoch 123: 
BAS Score on Validation Data (Training Time 1.894263):  0.9667543991183827
Epoch 124: 
BAS Score on Validation Data (Training Time 1.894828):  0.9644743485616593
Epoch 125: 
BAS Score on Validation Data (Training Time 1.897311):  0.9665981383748865
Epoch 126: 
BAS Score on Validation Data (Training Time 1.890324):  0.9661827824549812
Epoch 127: 
BAS Score on Validation Data (Training Time 1.891898):  0.9658810881978148
Epoch 128: 
BAS Score on Validation Data (Training Time 1.886869):  0.9673978072150199
Epoch 129: 
BAS Score on Validation Data (Training Time 1.893559):  0.9653902585629845
Epoch 130: 
BAS Score on Validation Data (Training Time 1.895711):  0.9659517768478146
Epoch 131: 
BAS Score on Validation Data (Training Time 1.895219):  0.9680712558293648
Epoch 132: 
BAS Score on Validation Data (Training Time 1.889894):  0.9668175688882644
Epoch 133: 
BAS Score on Validation Data (Training Time 1.894079):  0.9671448735174866
Epoch 134: 
BAS Score on Validation Data (Training Time 1.887039):  0.9622615780039618
Epoch 135: 
BAS Score on Validation Data (Training Time 1.899748):  0.96615790093418
Epoch 136: 
BAS Score on Validation Data (Training Time 1.896467):  0.9638268842513517
Epoch 137: 
BAS Score on Validation Data (Training Time 1.893182):  0.9667814862056557
Epoch 138: 
BAS Score on Validation Data (Training Time 1.892747):  0.9670874912944992
Epoch 139: 
BAS Score on Validation Data (Training Time 1.892848):  0.9678460377690926
Epoch 140: 
BAS Score on Validation Data (Training Time 1.889327):  0.9670621545531586
Epoch 141: 
BAS Score on Validation Data (Training Time 1.903569):  0.9655310073129965
Epoch 142: 
BAS Score on Validation Data (Training Time 1.904022):  0.9679441874383471
Epoch 143: 
BAS Score on Validation Data (Training Time 1.899575):  0.967012117880841
Epoch 144: 
BAS Score on Validation Data (Training Time 1.892120):  0.9661027242776643
Epoch 145: 
BAS Score on Validation Data (Training Time 1.893850):  0.9673643040308645
Epoch 146: 
BAS Score on Validation Data (Training Time 1.893062):  0.9672368617078653
Epoch 147: 
BAS Score on Validation Data (Training Time 1.895370):  0.9682310985532836
Epoch 148: 
BAS Score on Validation Data (Training Time 1.898711):  0.9656797491763743
Epoch 149: 
BAS Score on Validation Data (Training Time 1.900007):  0.9680181844380545
High Quality
0.9761233378298247 0.9801889134251421 0.9846438700781676 0.9761233378298247 0.9756368731999167
              precision    recall  f1-score   support

           0       0.99      1.00      0.99     23726
           1       0.98      1.00      0.99      5353
           2       0.98      0.93      0.96      3178

    accuracy                           0.99     32257
   macro avg       0.98      0.98      0.98     32257
weighted avg       0.99      0.99      0.99     32257

Low Quality Post 2020
0.927145193218005 0.7310618111651704 0.7033095215673613 0.927145193218005 0.8259535096914753
              precision    recall  f1-score   support

           0       1.00      0.95      0.97      1291
           1       0.98      1.00      0.99       160
           2       0.14      0.83      0.23        12

    accuracy                           0.95      1463
   macro avg       0.70      0.93      0.73      1463
weighted avg       0.99      0.95      0.97      1463

Emb Dim: 64
Transformer-MHA-64
=====================================================================================================================================================================
Layer (type:depth-idx)                   Input Shape               Output Shape              Kernel Shape              Param #                   Mult-Adds
=====================================================================================================================================================================
TransfomerBlock                          [2, 2, 64, 64]            [2, 3]                    --                        --                        --
├─ModuleList: 1-1                        --                        --                        --                        --                        --
│    └─MakePatches: 2-1                  [2, 1, 64, 64]            [2, 256, 64]              --                        --                        --
│    │    └─Unfold: 3-1                  [2, 1, 64, 64]            [2, 16, 256]              [4, 4]                    --                        --
│    │    └─Linear: 3-2                  [2, 256, 16]              [2, 256, 64]              --                        1,088                     2,176
│    │    └─PositionalEncoding: 3-3      [2, 256, 64]              [2, 256, 64]              --                        --                        --
│    └─MakePatches: 2-2                  [2, 1, 64, 64]            [2, 256, 64]              --                        --                        --
│    │    └─Unfold: 3-4                  [2, 1, 64, 64]            [2, 16, 256]              [4, 4]                    --                        --
│    │    └─Linear: 3-5                  [2, 256, 16]              [2, 256, 64]              --                        1,088                     2,176
│    │    └─PositionalEncoding: 3-6      [2, 256, 64]              [2, 256, 64]              --                        --                        --
├─TransformerEncoderLayer: 1-2           [2, 512, 64]              [2, 512, 64]              --                        --                        --
│    └─MultiheadAttention: 2-3           [2, 512, 64]              [2, 512, 64]              --                        16,640                    --
│    └─Dropout: 2-4                      [2, 512, 64]              [2, 512, 64]              --                        --                        --
│    └─LayerNorm: 2-5                    [2, 512, 64]              [2, 512, 64]              --                        128                       256
│    └─Linear: 2-6                       [2, 512, 64]              [2, 512, 2048]            --                        133,120                   266,240
│    └─Dropout: 2-7                      [2, 512, 2048]            [2, 512, 2048]            --                        --                        --
│    └─Linear: 2-8                       [2, 512, 2048]            [2, 512, 64]              --                        131,136                   262,272
│    └─Dropout: 2-9                      [2, 512, 64]              [2, 512, 64]              --                        --                        --
│    └─LayerNorm: 2-10                   [2, 512, 64]              [2, 512, 64]              --                        128                       256
├─Sequential: 1-3                        [2, 64]                   [2, 3]                    --                        --                        --
│    └─Linear: 2-11                      [2, 64]                   [2, 64]                   --                        4,160                     8,320
│    └─ReLU: 2-12                        [2, 64]                   [2, 64]                   --                        --                        --
│    └─Linear: 2-13                      [2, 64]                   [2, 32]                   --                        2,080                     4,160
│    └─ReLU: 2-14                        [2, 32]                   [2, 32]                   --                        --                        --
│    └─Linear: 2-15                      [2, 32]                   [2, 3]                    --                        99                        198
=====================================================================================================================================================================
Total params: 289,667
Trainable params: 289,667
Non-trainable params: 0
Total mult-adds (Units.MEGABYTES): 0.55
=====================================================================================================================================================================
Input size (MB): 0.07
Forward/backward pass size (MB): 18.88
Params size (MB): 1.09
Estimated Total Size (MB): 20.03
=====================================================================================================================================================================
Total Trainable Parameters:  289667
Total Parameters:  289667
Epoch 0: 
BAS Score on Validation Data (Training Time 2.964630):  0.6540728727451709
Epoch 1: 
BAS Score on Validation Data (Training Time 2.961624):  0.652294023832564
Epoch 2: 
BAS Score on Validation Data (Training Time 2.964793):  0.8690861341101033
Epoch 3: 
BAS Score on Validation Data (Training Time 2.969853):  0.9111777687485088
Epoch 4: 
BAS Score on Validation Data (Training Time 2.972509):  0.8963909072498074
Epoch 5: 
BAS Score on Validation Data (Training Time 2.967510):  0.9336322301011922
Epoch 6: 
BAS Score on Validation Data (Training Time 2.962286):  0.9158760570648337
Epoch 7: 
BAS Score on Validation Data (Training Time 2.962021):  0.916404901318029
Epoch 8: 
BAS Score on Validation Data (Training Time 2.962495):  0.9321214256745374
Epoch 9: 
BAS Score on Validation Data (Training Time 2.963096):  0.9399414132402533
Epoch 10: 
BAS Score on Validation Data (Training Time 2.966825):  0.9255662531835469
Epoch 11: 
BAS Score on Validation Data (Training Time 2.963965):  0.9437710574483494
Epoch 12: 
BAS Score on Validation Data (Training Time 2.967378):  0.9324084098176563
Epoch 13: 
BAS Score on Validation Data (Training Time 2.968786):  0.9305538865875919
Epoch 14: 
BAS Score on Validation Data (Training Time 2.976487):  0.9360804168683052
Epoch 15: 
BAS Score on Validation Data (Training Time 2.969635):  0.94657764639053
Epoch 16: 
BAS Score on Validation Data (Training Time 2.971418):  0.9383108046846923
Epoch 17: 
BAS Score on Validation Data (Training Time 2.974330):  0.9422641359059164
Epoch 18: 
BAS Score on Validation Data (Training Time 2.983895):  0.9261379156020464
Epoch 19: 
BAS Score on Validation Data (Training Time 2.970085):  0.9438903060554497
Epoch 20: 
BAS Score on Validation Data (Training Time 2.972553):  0.9451900007282815
Epoch 21: 
BAS Score on Validation Data (Training Time 2.981972):  0.9418995455095832
Epoch 22: 
BAS Score on Validation Data (Training Time 2.976881):  0.9447150570189172
Epoch 23: 
BAS Score on Validation Data (Training Time 2.973955):  0.9383084988169541
Epoch 24: 
BAS Score on Validation Data (Training Time 2.970115):  0.9362771714273533
Epoch 25: 
BAS Score on Validation Data (Training Time 2.978035):  0.9435525291156744
Epoch 26: 
BAS Score on Validation Data (Training Time 2.977193):  0.9484647433509629
Epoch 27: 
BAS Score on Validation Data (Training Time 2.969382):  0.9459225628988377
Epoch 28: 
BAS Score on Validation Data (Training Time 2.971744):  0.9409214682203455
Epoch 29: 
BAS Score on Validation Data (Training Time 2.974639):  0.9478242696720517
Epoch 30: 
BAS Score on Validation Data (Training Time 2.975038):  0.9303556553133262
Epoch 31: 
BAS Score on Validation Data (Training Time 2.971488):  0.9378515462982611
Epoch 32: 
BAS Score on Validation Data (Training Time 2.967000):  0.9382645233222459
Epoch 33: 
BAS Score on Validation Data (Training Time 2.972116):  0.939802842783629
Epoch 34: 
BAS Score on Validation Data (Training Time 2.973297):  0.9394641363900665
Epoch 35: 
BAS Score on Validation Data (Training Time 2.968752):  0.9454667131633804
Epoch 36: 
BAS Score on Validation Data (Training Time 2.973710):  0.9485130296773482
Epoch 37: 
BAS Score on Validation Data (Training Time 2.973366):  0.9467282929165806
Epoch 38: 
BAS Score on Validation Data (Training Time 2.971626):  0.9495573844836421
Epoch 39: 
BAS Score on Validation Data (Training Time 2.977117):  0.9526217924895475
Epoch 40: 
BAS Score on Validation Data (Training Time 2.980063):  0.9284785106751005
Epoch 41: 
BAS Score on Validation Data (Training Time 2.975457):  0.9548880896590947
Epoch 42: 
BAS Score on Validation Data (Training Time 2.978338):  0.9417328124555341
Epoch 43: 
BAS Score on Validation Data (Training Time 2.971118):  0.9425430539074867
Epoch 44: 
BAS Score on Validation Data (Training Time 2.969276):  0.9463433324336559
Epoch 45: 
BAS Score on Validation Data (Training Time 2.976464):  0.9489214952671232
Epoch 46: 
BAS Score on Validation Data (Training Time 2.974841):  0.9564984741844286
Epoch 47: 
BAS Score on Validation Data (Training Time 2.972260):  0.9476734955716507
Epoch 48: 
BAS Score on Validation Data (Training Time 2.971340):  0.9441320385911757
Epoch 49: 
BAS Score on Validation Data (Training Time 2.976940):  0.9400155562963253
Epoch 50: 
BAS Score on Validation Data (Training Time 2.978772):  0.9520612766866869
Epoch 51: 
BAS Score on Validation Data (Training Time 2.970318):  0.9426668869769793
Epoch 52: 
BAS Score on Validation Data (Training Time 2.971704):  0.9491004319649491
Epoch 53: 
BAS Score on Validation Data (Training Time 2.980178):  0.9480943654077353
Epoch 54: 
BAS Score on Validation Data (Training Time 2.976207):  0.953105631492981
Epoch 55: 
BAS Score on Validation Data (Training Time 2.970831):  0.945729945842018
Epoch 56: 
BAS Score on Validation Data (Training Time 2.975172):  0.9498768966020311
Epoch 57: 
BAS Score on Validation Data (Training Time 2.979906):  0.9476487143521157
Epoch 58: 
BAS Score on Validation Data (Training Time 2.979445):  0.9457085460003727
Epoch 59: 
BAS Score on Validation Data (Training Time 2.974916):  0.9470568736584873
Epoch 60: 
BAS Score on Validation Data (Training Time 2.977806):  0.9562285245051094
Epoch 61: 
BAS Score on Validation Data (Training Time 2.976632):  0.9432080351752178
Epoch 62: 
BAS Score on Validation Data (Training Time 2.973560):  0.9530132693706209
Epoch 63: 
BAS Score on Validation Data (Training Time 2.975673):  0.9441792951625074
Epoch 64: 
BAS Score on Validation Data (Training Time 2.977356):  0.9527329749550996
Epoch 65: 
BAS Score on Validation Data (Training Time 2.978714):  0.9582676716786277
Epoch 66: 
BAS Score on Validation Data (Training Time 2.970222):  0.9492983623354153
Epoch 67: 
BAS Score on Validation Data (Training Time 2.971873):  0.9433801818441797
Epoch 68: 
BAS Score on Validation Data (Training Time 2.975253):  0.9543467408583233
Epoch 69: 
BAS Score on Validation Data (Training Time 2.985767):  0.9488616338469491
Epoch 70: 
BAS Score on Validation Data (Training Time 2.974703):  0.9590710228004502
Epoch 71: 
BAS Score on Validation Data (Training Time 2.973336):  0.9579984781236471
Epoch 72: 
BAS Score on Validation Data (Training Time 2.978110):  0.9512349759798199
Epoch 73: 
BAS Score on Validation Data (Training Time 2.979934):  0.9513835172406649
Epoch 74: 
BAS Score on Validation Data (Training Time 2.972105):  0.9494872240823639
Epoch 75: 
BAS Score on Validation Data (Training Time 2.971665):  0.9602198703446988
Epoch 76: 
BAS Score on Validation Data (Training Time 2.976932):  0.951954131422097
Epoch 77: 
BAS Score on Validation Data (Training Time 2.980734):  0.9614025950050843
Epoch 78: 
BAS Score on Validation Data (Training Time 2.970555):  0.946769515583387
Epoch 79: 
BAS Score on Validation Data (Training Time 2.972345):  0.9534994872699748
Epoch 80: 
BAS Score on Validation Data (Training Time 2.977401):  0.9514047164797773
Epoch 81: 
BAS Score on Validation Data (Training Time 2.979293):  0.9624176571576336
Epoch 82: 
BAS Score on Validation Data (Training Time 2.974120):  0.9640147352559549
Epoch 83: 
BAS Score on Validation Data (Training Time 2.977123):  0.9551588139447663
Epoch 84: 
BAS Score on Validation Data (Training Time 2.984618):  0.9546356569371989
Epoch 85: 
BAS Score on Validation Data (Training Time 2.983411):  0.9525248186317111
Epoch 86: 
BAS Score on Validation Data (Training Time 2.981774):  0.9558475009218804
Epoch 87: 
BAS Score on Validation Data (Training Time 2.984489):  0.9471754747028912
Epoch 88: 
BAS Score on Validation Data (Training Time 2.988445):  0.9471809886190705
Epoch 89: 
BAS Score on Validation Data (Training Time 2.989863):  0.9576717017431466
Epoch 90: 
BAS Score on Validation Data (Training Time 2.982539):  0.9545274361624573
Epoch 91: 
BAS Score on Validation Data (Training Time 2.986564):  0.9519019622114898
Epoch 92: 
BAS Score on Validation Data (Training Time 2.978643):  0.9631492168462202
Epoch 93: 
BAS Score on Validation Data (Training Time 2.982258):  0.9494238809830335
Epoch 94: 
BAS Score on Validation Data (Training Time 2.969468):  0.9485371360611025
Epoch 95: 
BAS Score on Validation Data (Training Time 2.981444):  0.9588894063029049
Epoch 96: 
BAS Score on Validation Data (Training Time 2.980536):  0.9556446851852228
Epoch 97: 
BAS Score on Validation Data (Training Time 2.981498):  0.9572776453636199
Epoch 98: 
BAS Score on Validation Data (Training Time 2.976191):  0.9525637354307795
Epoch 99: 
BAS Score on Validation Data (Training Time 2.977637):  0.9548638094151972
Epoch 100: 
BAS Score on Validation Data (Training Time 2.981088):  0.9571618784356759
Epoch 101: 
BAS Score on Validation Data (Training Time 2.982975):  0.9576771153580594
Epoch 102: 
BAS Score on Validation Data (Training Time 2.977454):  0.9536799819715758
Epoch 103: 
BAS Score on Validation Data (Training Time 2.986091):  0.95240251629291
Epoch 104: 
BAS Score on Validation Data (Training Time 2.982870):  0.9581386523391449
Epoch 105: 
BAS Score on Validation Data (Training Time 2.982604):  0.9628584501201459
Epoch 106: 
BAS Score on Validation Data (Training Time 2.976761):  0.950545614166925
Epoch 107: 
BAS Score on Validation Data (Training Time 2.984783):  0.9565640768657045
Epoch 108: 
BAS Score on Validation Data (Training Time 2.984852):  0.9511927045452513
Epoch 109: 
BAS Score on Validation Data (Training Time 2.980205):  0.957094370561033
Epoch 110: 
BAS Score on Validation Data (Training Time 2.978723):  0.9618569680253244
Epoch 111: 
BAS Score on Validation Data (Training Time 2.983738):  0.9578491617257551
Epoch 112: 
BAS Score on Validation Data (Training Time 2.984082):  0.9669033143112092
Epoch 113: 
BAS Score on Validation Data (Training Time 2.970699):  0.9623428119926968
Epoch 114: 
BAS Score on Validation Data (Training Time 2.979685):  0.9580787909189707
Epoch 115: 
BAS Score on Validation Data (Training Time 2.989229):  0.9593515718339782
Epoch 116: 
BAS Score on Validation Data (Training Time 2.986208):  0.9580406759993391
Epoch 117: 
BAS Score on Validation Data (Training Time 2.977559):  0.9610004452109253
Epoch 118: 
BAS Score on Validation Data (Training Time 2.976207):  0.9575781365362842
Epoch 119: 
BAS Score on Validation Data (Training Time 2.982746):  0.9620873990979768
Epoch 120: 
BAS Score on Validation Data (Training Time 2.980868):  0.9503351062207005
Epoch 121: 
BAS Score on Validation Data (Training Time 2.974843):  0.9494200984000781
Epoch 122: 
BAS Score on Validation Data (Training Time 2.972181):  0.95870678732339
Epoch 123: 
BAS Score on Validation Data (Training Time 2.972957):  0.9430879841579864
Epoch 124: 
BAS Score on Validation Data (Training Time 2.977516):  0.9517217221278953
Epoch 125: 
BAS Score on Validation Data (Training Time 2.966111):  0.9489643489658871
Epoch 126: 
BAS Score on Validation Data (Training Time 2.966318):  0.9396456335736372
Epoch 127: 
BAS Score on Validation Data (Training Time 2.977180):  0.9553205613313577
Epoch 128: 
BAS Score on Validation Data (Training Time 2.973543):  0.9577422900918803
Epoch 129: 
BAS Score on Validation Data (Training Time 2.965255):  0.9616541250155826
Epoch 130: 
BAS Score on Validation Data (Training Time 2.968765):  0.9455457956011175
Epoch 131: 
BAS Score on Validation Data (Training Time 2.970542):  0.9625830137977317
Epoch 132: 
BAS Score on Validation Data (Training Time 2.967756):  0.954236715191481
Epoch 133: 
BAS Score on Validation Data (Training Time 2.962834):  0.9637205598789067
Epoch 134: 
BAS Score on Validation Data (Training Time 2.968371):  0.9529796468724907
Epoch 135: 
BAS Score on Validation Data (Training Time 2.979442):  0.9554036542276672
Epoch 136: 
BAS Score on Validation Data (Training Time 2.968156):  0.9582802029685933
Epoch 137: 
BAS Score on Validation Data (Training Time 2.963340):  0.9468229146208861
Epoch 138: 
BAS Score on Validation Data (Training Time 2.969411):  0.9553935831221798
Epoch 139: 
BAS Score on Validation Data (Training Time 2.971535):  0.9622585432849692
Epoch 140: 
BAS Score on Validation Data (Training Time 2.974432):  0.9612152639888268
Epoch 141: 
BAS Score on Validation Data (Training Time 2.966117):  0.9589756069463892
Epoch 142: 
BAS Score on Validation Data (Training Time 2.969301):  0.9635524231378225
Epoch 143: 
BAS Score on Validation Data (Training Time 2.968426):  0.9596587800073241
Epoch 144: 
BAS Score on Validation Data (Training Time 2.972426):  0.9565952741821219
Epoch 145: 
BAS Score on Validation Data (Training Time 2.966653):  0.961664223394154
Epoch 146: 
BAS Score on Validation Data (Training Time 2.969697):  0.9613325076319882
Epoch 147: 
BAS Score on Validation Data (Training Time 2.972761):  0.9657876963204011
Epoch 148: 
BAS Score on Validation Data (Training Time 2.973979):  0.9560810397417076
Epoch 149: 
BAS Score on Validation Data (Training Time 2.967716):  0.9430168212747386
High Quality
0.924343280461906 0.9175356817699942 0.9183936427117224 0.924343280461906 0.8931681627958723
              precision    recall  f1-score   support

           0       0.97      0.98      0.98     23726
           1       0.98      0.84      0.91      5353
           2       0.80      0.95      0.87      3178

    accuracy                           0.95     32257
   macro avg       0.92      0.92      0.92     32257
weighted avg       0.96      0.95      0.95     32257

Low Quality Post 2020
0.9374817109906188 0.7254436400240887 0.706001209937337 0.9374817109906188 0.7959033132170876
              precision    recall  f1-score   support

           0       0.99      0.95      0.97      1291
           1       0.99      0.95      0.97       160
           2       0.14      0.92      0.24        12

    accuracy                           0.95      1463
   macro avg       0.71      0.94      0.73      1463
weighted avg       0.99      0.95      0.96      1463

Emb Dim: 128
Transformer-MHA-128
=====================================================================================================================================================================
Layer (type:depth-idx)                   Input Shape               Output Shape              Kernel Shape              Param #                   Mult-Adds
=====================================================================================================================================================================
TransfomerBlock                          [2, 2, 64, 64]            [2, 3]                    --                        --                        --
├─ModuleList: 1-1                        --                        --                        --                        --                        --
│    └─MakePatches: 2-1                  [2, 1, 64, 64]            [2, 256, 128]             --                        --                        --
│    │    └─Unfold: 3-1                  [2, 1, 64, 64]            [2, 16, 256]              [4, 4]                    --                        --
│    │    └─Linear: 3-2                  [2, 256, 16]              [2, 256, 128]             --                        2,176                     4,352
│    │    └─PositionalEncoding: 3-3      [2, 256, 128]             [2, 256, 128]             --                        --                        --
│    └─MakePatches: 2-2                  [2, 1, 64, 64]            [2, 256, 128]             --                        --                        --
│    │    └─Unfold: 3-4                  [2, 1, 64, 64]            [2, 16, 256]              [4, 4]                    --                        --
│    │    └─Linear: 3-5                  [2, 256, 16]              [2, 256, 128]             --                        2,176                     4,352
│    │    └─PositionalEncoding: 3-6      [2, 256, 128]             [2, 256, 128]             --                        --                        --
├─TransformerEncoderLayer: 1-2           [2, 512, 128]             [2, 512, 128]             --                        --                        --
│    └─MultiheadAttention: 2-3           [2, 512, 128]             [2, 512, 128]             --                        66,048                    --
│    └─Dropout: 2-4                      [2, 512, 128]             [2, 512, 128]             --                        --                        --
│    └─LayerNorm: 2-5                    [2, 512, 128]             [2, 512, 128]             --                        256                       512
│    └─Linear: 2-6                       [2, 512, 128]             [2, 512, 2048]            --                        264,192                   528,384
│    └─Dropout: 2-7                      [2, 512, 2048]            [2, 512, 2048]            --                        --                        --
│    └─Linear: 2-8                       [2, 512, 2048]            [2, 512, 128]             --                        262,272                   524,544
│    └─Dropout: 2-9                      [2, 512, 128]             [2, 512, 128]             --                        --                        --
│    └─LayerNorm: 2-10                   [2, 512, 128]             [2, 512, 128]             --                        256                       512
├─Sequential: 1-3                        [2, 128]                  [2, 3]                    --                        --                        --
│    └─Linear: 2-11                      [2, 128]                  [2, 64]                   --                        8,256                     16,512
│    └─ReLU: 2-12                        [2, 64]                   [2, 64]                   --                        --                        --
│    └─Linear: 2-13                      [2, 64]                   [2, 32]                   --                        2,080                     4,160
│    └─ReLU: 2-14                        [2, 32]                   [2, 32]                   --                        --                        --
│    └─Linear: 2-15                      [2, 32]                   [2, 3]                    --                        99                        198
=====================================================================================================================================================================
Total params: 607,811
Trainable params: 607,811
Non-trainable params: 0
Total mult-adds (Units.MEGABYTES): 1.08
=====================================================================================================================================================================
Input size (MB): 0.07
Forward/backward pass size (MB): 20.97
Params size (MB): 2.17
Estimated Total Size (MB): 23.21
=====================================================================================================================================================================
Total Trainable Parameters:  607811
Total Parameters:  607811
Epoch 0: 
BAS Score on Validation Data (Training Time 3.414178):  0.6548762238669933
Epoch 1: 
BAS Score on Validation Data (Training Time 3.408981):  0.7370864501578939
Epoch 2: 
BAS Score on Validation Data (Training Time 3.407175):  0.9288257579741535
Epoch 3: 
BAS Score on Validation Data (Training Time 3.407048):  0.927722115751505
Epoch 4: 
BAS Score on Validation Data (Training Time 3.405890):  0.9239765123755195
Epoch 5: 
BAS Score on Validation Data (Training Time 3.408612):  0.9416781373053507
Epoch 6: 
BAS Score on Validation Data (Training Time 3.407270):  0.948351309563841
Epoch 7: 
BAS Score on Validation Data (Training Time 3.402363):  0.9453478384882614
Epoch 8: 
BAS Score on Validation Data (Training Time 3.397724):  0.9276459399277154
Epoch 9: 
BAS Score on Validation Data (Training Time 3.395713):  0.9473565902247989
Epoch 10: 
BAS Score on Validation Data (Training Time 3.411932):  0.9266927441592792
Epoch 11: 
BAS Score on Validation Data (Training Time 3.406520):  0.9313448607361887
Epoch 12: 
BAS Score on Validation Data (Training Time 3.396842):  0.9457988028575275
Epoch 13: 
BAS Score on Validation Data (Training Time 3.410487):  0.9482330088925418
Epoch 14: 
BAS Score on Validation Data (Training Time 3.425816):  0.94526537414194
Epoch 15: 
BAS Score on Validation Data (Training Time 3.417629):  0.9405624920414581
Epoch 16: 
BAS Score on Validation Data (Training Time 3.428801):  0.9467024089138097
Epoch 17: 
BAS Score on Validation Data (Training Time 3.422702):  0.9507143984707055
Epoch 18: 
BAS Score on Validation Data (Training Time 3.423238):  0.9454003353450574
Epoch 19: 
BAS Score on Validation Data (Training Time 3.416949):  0.947564418371304
Epoch 20: 
BAS Score on Validation Data (Training Time 3.417682):  0.9443753208703013
Epoch 21: 
BAS Score on Validation Data (Training Time 3.430609):  0.9394078569503153
Epoch 22: 
BAS Score on Validation Data (Training Time 3.429603):  0.9483273759788409
Epoch 23: 
BAS Score on Validation Data (Training Time 3.426442):  0.9377558758261934
Epoch 24: 
BAS Score on Validation Data (Training Time 3.430209):  0.9564011181342352
Epoch 25: 
BAS Score on Validation Data (Training Time 3.434229):  0.9449276702303471
Epoch 26: 
BAS Score on Validation Data (Training Time 3.421810):  0.9509255189768612
Epoch 27: 
BAS Score on Validation Data (Training Time 3.449077):  0.9613554032015591
Epoch 28: 
BAS Score on Validation Data (Training Time 3.432616):  0.9450974380033886
Epoch 29: 
BAS Score on Validation Data (Training Time 3.420669):  0.9522940136270774
Epoch 30: 
BAS Score on Validation Data (Training Time 3.435540):  0.938858268678547
Epoch 31: 
BAS Score on Validation Data (Training Time 3.430151):  0.9609109362177334
Epoch 32: 
BAS Score on Validation Data (Training Time 3.419176):  0.9591317864013273
Epoch 33: 
BAS Score on Validation Data (Training Time 3.434005):  0.9449238876473917
Epoch 34: 
BAS Score on Validation Data (Training Time 3.427094):  0.960326733718198
Epoch 35: 
BAS Score on Validation Data (Training Time 3.428647):  0.9470856920789842
Epoch 36: 
BAS Score on Validation Data (Training Time 3.421558):  0.9527349799190384
Epoch 37: 
BAS Score on Validation Data (Training Time 3.435095):  0.9620530667613004
Epoch 38: 
BAS Score on Validation Data (Training Time 3.430966):  0.9546111493483789
Epoch 39: 
BAS Score on Validation Data (Training Time 3.425683):  0.9563552189641458
Epoch 40: 
BAS Score on Validation Data (Training Time 3.441928):  0.95035832943646
Epoch 41: 
BAS Score on Validation Data (Training Time 3.444589):  0.9520788939453766
Epoch 42: 
BAS Score on Validation Data (Training Time 3.437174):  0.9450189053190385
Epoch 43: 
BAS Score on Validation Data (Training Time 3.433292):  0.9585880859777197
Epoch 44: 
BAS Score on Validation Data (Training Time 3.462963):  0.9549767422266816
Epoch 45: 
BAS Score on Validation Data (Training Time 3.464650):  0.9570180949666715
Epoch 46: 
BAS Score on Validation Data (Training Time 3.441954):  0.9559723637464265
Epoch 47: 
BAS Score on Validation Data (Training Time 3.440410):  0.9637478202956284
Epoch 48: 
BAS Score on Validation Data (Training Time 3.427814):  0.9624625538457533
Epoch 49: 
BAS Score on Validation Data (Training Time 3.419346):  0.9551415433449738
Epoch 50: 
BAS Score on Validation Data (Training Time 3.423705):  0.9627092720489371
Epoch 51: 
BAS Score on Validation Data (Training Time 3.429085):  0.9579901110782997
Epoch 52: 
BAS Score on Validation Data (Training Time 3.424438):  0.9633991158247609
Epoch 53: 
BAS Score on Validation Data (Training Time 3.423156):  0.9610584940093174
Epoch 54: 
BAS Score on Validation Data (Training Time 3.427574):  0.9539537599889484
Epoch 55: 
BAS Score on Validation Data (Training Time 3.418049):  0.9476242607787696
Epoch 56: 
BAS Score on Validation Data (Training Time 3.416859):  0.9535351147320439
Epoch 57: 
BAS Score on Validation Data (Training Time 3.421759):  0.9500727324596249
Epoch 58: 
BAS Score on Validation Data (Training Time 3.424296):  0.9510158731126309
Epoch 59: 
BAS Score on Validation Data (Training Time 3.415860):  0.9634166600552684
Epoch 60: 
BAS Score on Validation Data (Training Time 3.417810):  0.9595114525833138
Epoch 61: 
BAS Score on Validation Data (Training Time 3.422127):  0.9575781935744095
Epoch 62: 
BAS Score on Validation Data (Training Time 3.422202):  0.9524007576866018
Epoch 63: 
BAS Score on Validation Data (Training Time 3.421834):  0.9541545517489588
Epoch 64: 
BAS Score on Validation Data (Training Time 3.429169):  0.9516733925383688
Epoch 65: 
BAS Score on Validation Data (Training Time 3.422000):  0.9550096548862658
Epoch 66: 
BAS Score on Validation Data (Training Time 3.415684):  0.9597668464653255
Epoch 67: 
BAS Score on Validation Data (Training Time 3.422321):  0.9637546103244922
Epoch 68: 
BAS Score on Validation Data (Training Time 3.427173):  0.9626555068091377
Epoch 69: 
BAS Score on Validation Data (Training Time 3.418844):  0.9581922519791767
Epoch 70: 
BAS Score on Validation Data (Training Time 3.422569):  0.965217629400399
Epoch 71: 
BAS Score on Validation Data (Training Time 3.422166):  0.9295583981568057
Epoch 72: 
BAS Score on Validation Data (Training Time 3.423015):  0.9554002455766931
Epoch 73: 
BAS Score on Validation Data (Training Time 3.417696):  0.9616606414137313
Epoch 74: 
BAS Score on Validation Data (Training Time 3.425176):  0.9596051721069164
Epoch 75: 
BAS Score on Validation Data (Training Time 3.426382):  0.9604901203971226
Epoch 76: 
BAS Score on Validation Data (Training Time 3.417355):  0.9602012773464293
Epoch 77: 
BAS Score on Validation Data (Training Time 3.421588):  0.9597660986013626
Epoch 78: 
BAS Score on Validation Data (Training Time 3.421703):  0.96367805283904
Epoch 79: 
BAS Score on Validation Data (Training Time 3.426980):  0.9626970221193677
Epoch 80: 
BAS Score on Validation Data (Training Time 3.413094):  0.9436825534290839
Epoch 81: 
BAS Score on Validation Data (Training Time 3.419420):  0.9575807890629197
Epoch 82: 
BAS Score on Validation Data (Training Time 3.421230):  0.963612303570705
Epoch 83: 
BAS Score on Validation Data (Training Time 3.418025):  0.9640651998757278
Epoch 84: 
BAS Score on Validation Data (Training Time 3.414924):  0.962624209191454
Epoch 85: 
BAS Score on Validation Data (Training Time 3.426500):  0.9624407610594184
Epoch 86: 
BAS Score on Validation Data (Training Time 3.415457):  0.9568698813520152
Epoch 87: 
BAS Score on Validation Data (Training Time 3.422371):  0.9640035068210634
Epoch 88: 
BAS Score on Validation Data (Training Time 3.424273):  0.9554059708477379
Epoch 89: 
BAS Score on Validation Data (Training Time 3.424803):  0.9619803648869857
Epoch 90: 
BAS Score on Validation Data (Training Time 3.410819):  0.9631777533756264
Epoch 91: 
BAS Score on Validation Data (Training Time 3.424087):  0.9638743141521319
Epoch 92: 
BAS Score on Validation Data (Training Time 3.424807):  0.9543245498895742
Epoch 93: 
BAS Score on Validation Data (Training Time 3.418100):  0.960268484317273
Epoch 94: 
BAS Score on Validation Data (Training Time 3.421896):  0.959308772150688
Epoch 95: 
BAS Score on Validation Data (Training Time 3.426259):  0.9643023479490617
Epoch 96: 
BAS Score on Validation Data (Training Time 3.417269):  0.9540863993342708
Epoch 97: 
BAS Score on Validation Data (Training Time 3.420531):  0.9562644606006591
Epoch 98: 
BAS Score on Validation Data (Training Time 3.417650):  0.959962652557878
Epoch 99: 
BAS Score on Validation Data (Training Time 3.424197):  0.9568104509019477
Epoch 100: 
BAS Score on Validation Data (Training Time 3.422338):  0.9600496010653252
Epoch 101: 
BAS Score on Validation Data (Training Time 3.424113):  0.9637609261201082
Epoch 102: 
BAS Score on Validation Data (Training Time 3.428219):  0.9587240223897225
Epoch 103: 
BAS Score on Validation Data (Training Time 3.415901):  0.9598642482706171
Epoch 104: 
BAS Score on Validation Data (Training Time 3.421616):  0.9630889542209805
Epoch 105: 
BAS Score on Validation Data (Training Time 3.419383):  0.953155605889449
Epoch 106: 
BAS Score on Validation Data (Training Time 3.423427):  0.9308127136478941
Epoch 107: 
BAS Score on Validation Data (Training Time 3.416065):  0.9643167761720187
Epoch 108: 
BAS Score on Validation Data (Training Time 3.430919):  0.9613736299975284
Epoch 109: 
BAS Score on Validation Data (Training Time 3.421592):  0.9485171696715335
Epoch 110: 
BAS Score on Validation Data (Training Time 3.416587):  0.9632835222262655
Epoch 111: 
BAS Score on Validation Data (Training Time 3.419354):  0.9577890374271987
Epoch 112: 
BAS Score on Validation Data (Training Time 3.434326):  0.9614283514335046
Epoch 113: 
BAS Score on Validation Data (Training Time 3.417476):  0.9614716793655164
Epoch 114: 
BAS Score on Validation Data (Training Time 3.423373):  0.958702996480059
Epoch 115: 
BAS Score on Validation Data (Training Time 3.424020):  0.9540812403373645
Epoch 116: 
BAS Score on Validation Data (Training Time 3.429109):  0.9547817760389824
Epoch 117: 
BAS Score on Validation Data (Training Time 3.417417):  0.9635076184905934
Epoch 118: 
BAS Score on Validation Data (Training Time 3.425116):  0.9571188621597959
Epoch 119: 
BAS Score on Validation Data (Training Time 3.425387):  0.9502436410413191
Epoch 120: 
BAS Score on Validation Data (Training Time 3.419706):  0.957365423023588
Epoch 121: 
BAS Score on Validation Data (Training Time 3.421776):  0.9613175238872255
Epoch 122: 
BAS Score on Validation Data (Training Time 3.424186):  0.9617621374581101
Epoch 123: 
BAS Score on Validation Data (Training Time 3.422542):  0.9600897399616043
Epoch 124: 
BAS Score on Validation Data (Training Time 3.421955):  0.9639782513682807
Epoch 125: 
BAS Score on Validation Data (Training Time 3.421945):  0.9562069970891138
Epoch 126: 
BAS Score on Validation Data (Training Time 3.419201):  0.9573808074427217
Epoch 127: 
BAS Score on Validation Data (Training Time 3.419607):  0.9620143042789723
Epoch 128: 
BAS Score on Validation Data (Training Time 3.427187):  0.9575786025091563
Epoch 129: 
BAS Score on Validation Data (Training Time 3.426271):  0.9633758653359171
Epoch 130: 
BAS Score on Validation Data (Training Time 3.415905):  0.9565219057324024
Epoch 131: 
BAS Score on Validation Data (Training Time 3.422093):  0.9612131314505374
Epoch 132: 
BAS Score on Validation Data (Training Time 3.420702):  0.957183678951692
Epoch 133: 
BAS Score on Validation Data (Training Time 3.424051):  0.9599363946231257
Epoch 134: 
BAS Score on Validation Data (Training Time 3.416202):  0.9629896204799322
Epoch 135: 
BAS Score on Validation Data (Training Time 3.425385):  0.966548448361466
Epoch 136: 
BAS Score on Validation Data (Training Time 3.420726):  0.9622185154422893
Epoch 137: 
BAS Score on Validation Data (Training Time 3.413484):  0.9617939443118072
Epoch 138: 
BAS Score on Validation Data (Training Time 3.416570):  0.9580863828272711
Epoch 139: 
BAS Score on Validation Data (Training Time 3.424989):  0.9595970786922838
Epoch 140: 
BAS Score on Validation Data (Training Time 3.417401):  0.9614788433263616
Epoch 141: 
BAS Score on Validation Data (Training Time 3.418816):  0.9624621989264804
Epoch 142: 
BAS Score on Validation Data (Training Time 3.417417):  0.9246541960475919
Epoch 143: 
BAS Score on Validation Data (Training Time 3.423097):  0.9653847363864295
Epoch 144: 
BAS Score on Validation Data (Training Time 3.419166):  0.9645790603841605
Epoch 145: 
BAS Score on Validation Data (Training Time 3.423174):  0.961454555352783
Epoch 146: 
BAS Score on Validation Data (Training Time 3.425362):  0.9630614119131682
Epoch 147: 
BAS Score on Validation Data (Training Time 3.415634):  0.9468279490660932
Epoch 148: 
BAS Score on Validation Data (Training Time 3.424429):  0.9588420138968466
Epoch 149: 
BAS Score on Validation Data (Training Time 3.422261):  0.9528855831819478
High Quality
0.8539321890773578 0.7060374978503915 0.7401369618888632 0.8539321890773578 0.6001715176247008
              precision    recall  f1-score   support

           0       1.00      0.59      0.74     23726
           1       0.98      1.00      0.99      5353
           2       0.24      0.97      0.39      3178

    accuracy                           0.69     32257
   macro avg       0.74      0.85      0.71     32257
weighted avg       0.92      0.69      0.75     32257

Low Quality Post 2020
0.7922583699113521 0.5515418665058032 0.6677376732382233 0.7922583699113521 0.4229567019558194
              precision    recall  f1-score   support

           0       1.00      0.46      0.63      1291
           1       0.99      1.00      0.99       160
           2       0.02      0.92      0.03        12

    accuracy                           0.52      1463
   macro avg       0.67      0.79      0.55      1463
weighted avg       0.99      0.52      0.67      1463


High Quality Post 2020
                          mean       std       sem  count
Model                                                    
Transformer-FNET-128  0.979314  0.001237  0.000875      2
Transformer-FNET-64   0.967216  0.015073  0.010658      2
Transformer-MHA-128   0.780018  0.104625  0.073981      2
Transformer-MHA-64    0.861185  0.079692  0.056350      2
                          mean       std       sem  count
Model                                                    
Transformer-FNET-128  0.974605  0.002147  0.001518      2
Transformer-FNET-64   0.971766  0.002630  0.001860      2
Transformer-MHA-128   0.870338  0.023201  0.016406      2
Transformer-MHA-64    0.914229  0.014304  0.010114      2
                          mean       std       sem  count
Model                                                    
Transformer-FNET-128  0.974561  0.001522  0.001076      2
Transformer-FNET-64   0.959060  0.019375  0.013700      2
Transformer-MHA-128   0.714068  0.161074  0.113897      2
Transformer-MHA-64    0.815223  0.110231  0.077945      2

Low Quality Pre + Post 2020
                          mean       std       sem  count
Model                                                    
Transformer-FNET-128  0.752146  0.029818  0.021084      2
Transformer-FNET-64   0.715096  0.029541  0.020888      2
Transformer-MHA-128   0.616019  0.091184  0.064477      2
Transformer-MHA-64    0.671949  0.075652  0.053494      2
                          mean       std       sem  count
Model                                                    
Transformer-FNET-128  0.917646  0.013434  0.009500      2
Transformer-FNET-64   0.895365  0.009676  0.006842      2
Transformer-MHA-128   0.841179  0.069184  0.048920      2
Transformer-MHA-64    0.887601  0.070542  0.049881      2
                          mean       std       sem  count
Model                                                    
Transformer-FNET-128  0.861166  0.049798  0.035213      2
Transformer-FNET-64   0.797763  0.065676  0.046440      2
Transformer-MHA-128   0.575153  0.215238  0.152196      2
Transformer-MHA-64    0.656016  0.197830  0.139887      2
Saving Results
************Fold: 2
Data Shape Before Sampling:  (81669, 2, 64, 64) (81669,)
Subtype/Host: 0 ,count:  52274 ,index count: (array([False,  True]), array([29395, 52274])) ,downsampling:  (16000, 2, 64, 64) (16000,)
Subtype/Host: 1 ,count:  18507 ,index count: (array([False,  True]), array([63162, 18507])) ,downsampling:  (16000, 2, 64, 64) (16000,)
Subtype/Host: 2 ,count:  10888 ,index count: (array([False,  True]), array([70781, 10888])) ,keep:  (10888, 2, 64, 64) (10888,)
Train shape:  (42888, 2, 64, 64) (42888,)
[[    0 16000]
 [    1 16000]
 [    2 10888]]
Val shape:  (9075, 2, 64, 64) (9075,)
[[   0 5808]
 [   1 2057]
 [   2 1210]]
Emb Dim: 64
Transformer-FNET-64
=====================================================================================================================================================================
Layer (type:depth-idx)                   Input Shape               Output Shape              Kernel Shape              Param #                   Mult-Adds
=====================================================================================================================================================================
TransfomerBlock                          [2, 2, 64, 64]            [2, 3]                    --                        --                        --
├─ModuleList: 1-1                        --                        --                        --                        --                        --
│    └─MakePatches: 2-1                  [2, 1, 64, 64]            [2, 256, 64]              --                        --                        --
│    │    └─Unfold: 3-1                  [2, 1, 64, 64]            [2, 16, 256]              [4, 4]                    --                        --
│    │    └─Linear: 3-2                  [2, 256, 16]              [2, 256, 64]              --                        1,088                     2,176
│    │    └─PositionalEncoding: 3-3      [2, 256, 64]              [2, 256, 64]              --                        --                        --
│    └─MakePatches: 2-2                  [2, 1, 64, 64]            [2, 256, 64]              --                        --                        --
│    │    └─Unfold: 3-4                  [2, 1, 64, 64]            [2, 16, 256]              [4, 4]                    --                        --
│    │    └─Linear: 3-5                  [2, 256, 16]              [2, 256, 64]              --                        1,088                     2,176
│    │    └─PositionalEncoding: 3-6      [2, 256, 64]              [2, 256, 64]              --                        --                        --
├─FNET: 1-2                              [2, 512, 64]              [2, 512, 64]              --                        --                        --
│    └─LayerNorm: 2-3                    [2, 512, 64]              [2, 512, 64]              --                        128                       256
│    └─Sequential: 2-4                   [2, 512, 64]              [2, 512, 64]              --                        --                        --
│    │    └─Linear: 3-7                  [2, 512, 64]              [2, 512, 64]              --                        4,160                     8,320
│    │    └─ReLU: 3-8                    [2, 512, 64]              [2, 512, 64]              --                        --                        --
│    │    └─Dropout: 3-9                 [2, 512, 64]              [2, 512, 64]              --                        --                        --
│    │    └─Linear: 3-10                 [2, 512, 64]              [2, 512, 64]              --                        4,160                     8,320
│    └─LayerNorm: 2-5                    [2, 512, 64]              [2, 512, 64]              --                        128                       256
├─Sequential: 1-3                        [2, 64]                   [2, 3]                    --                        --                        --
│    └─Linear: 2-6                       [2, 64]                   [2, 64]                   --                        4,160                     8,320
│    └─ReLU: 2-7                         [2, 64]                   [2, 64]                   --                        --                        --
│    └─Linear: 2-8                       [2, 64]                   [2, 32]                   --                        2,080                     4,160
│    └─ReLU: 2-9                         [2, 32]                   [2, 32]                   --                        --                        --
│    └─Linear: 2-10                      [2, 32]                   [2, 3]                    --                        99                        198
=====================================================================================================================================================================
Total params: 17,091
Trainable params: 17,091
Non-trainable params: 0
Total mult-adds (Units.MEGABYTES): 0.03
=====================================================================================================================================================================
Input size (MB): 0.07
Forward/backward pass size (MB): 2.62
Params size (MB): 0.07
Estimated Total Size (MB): 2.76
=====================================================================================================================================================================
Total Trainable Parameters:  17091
Total Parameters:  17091
Epoch 0: 
BAS Score on Validation Data (Training Time 1.538577):  0.335342056932966
Epoch 1: 
BAS Score on Validation Data (Training Time 1.516665):  0.6477103926970237
Epoch 2: 
BAS Score on Validation Data (Training Time 1.515634):  0.6529330740560687
Epoch 3: 
BAS Score on Validation Data (Training Time 1.518251):  0.7079356398206665
Epoch 4: 
BAS Score on Validation Data (Training Time 1.516510):  0.8506691243990709
Epoch 5: 
BAS Score on Validation Data (Training Time 1.515353):  0.8885728947226273
Epoch 6: 
BAS Score on Validation Data (Training Time 1.517198):  0.8920657105817534
Epoch 7: 
BAS Score on Validation Data (Training Time 1.519239):  0.9143169664560039
Epoch 8: 
BAS Score on Validation Data (Training Time 1.513995):  0.9188475665748393
Epoch 9: 
BAS Score on Validation Data (Training Time 1.519631):  0.9222789391238589
Epoch 10: 
BAS Score on Validation Data (Training Time 1.515558):  0.9237481769567331
Epoch 11: 
BAS Score on Validation Data (Training Time 1.515649):  0.9253882406957272
Epoch 12: 
BAS Score on Validation Data (Training Time 1.517271):  0.9276191054934371
Epoch 13: 
BAS Score on Validation Data (Training Time 1.513485):  0.9289175174201912
Epoch 14: 
BAS Score on Validation Data (Training Time 1.519265):  0.9320470750283585
Epoch 15: 
BAS Score on Validation Data (Training Time 1.514215):  0.931745260087506
Epoch 16: 
BAS Score on Validation Data (Training Time 1.517900):  0.9335129368551828
Epoch 17: 
BAS Score on Validation Data (Training Time 1.511254):  0.9347688111057094
Epoch 18: 
BAS Score on Validation Data (Training Time 1.513000):  0.9347458542645709
Epoch 19: 
BAS Score on Validation Data (Training Time 1.508768):  0.9384284016636958
Epoch 20: 
BAS Score on Validation Data (Training Time 1.512014):  0.9400468589639712
Epoch 21: 
BAS Score on Validation Data (Training Time 1.512977):  0.9383136174580025
Epoch 22: 
BAS Score on Validation Data (Training Time 1.514047):  0.942739561389294
Epoch 23: 
BAS Score on Validation Data (Training Time 1.520353):  0.9421926484092259
Epoch 24: 
BAS Score on Validation Data (Training Time 1.514165):  0.9440420245233079
Epoch 25: 
BAS Score on Validation Data (Training Time 1.521930):  0.9446834656727704
Epoch 26: 
BAS Score on Validation Data (Training Time 1.518218):  0.9421561875438881
Epoch 27: 
BAS Score on Validation Data (Training Time 1.518292):  0.9453721709069303
Epoch 28: 
BAS Score on Validation Data (Training Time 1.514567):  0.9475571220223626
Epoch 29: 
BAS Score on Validation Data (Training Time 1.520229):  0.9485213093501863
Epoch 30: 
BAS Score on Validation Data (Training Time 1.513283):  0.9485118565332469
Epoch 31: 
BAS Score on Validation Data (Training Time 1.511282):  0.9492383730351645
Epoch 32: 
BAS Score on Validation Data (Training Time 1.516210):  0.9505239561389294
Epoch 33: 
BAS Score on Validation Data (Training Time 1.518474):  0.9508169934640524
Epoch 34: 
BAS Score on Validation Data (Training Time 1.515152):  0.9501856803327392
Epoch 35: 
BAS Score on Validation Data (Training Time 1.517417):  0.9514969210824825
Epoch 36: 
BAS Score on Validation Data (Training Time 1.517348):  0.9513537784259709
Epoch 37: 
BAS Score on Validation Data (Training Time 1.520266):  0.9534826878409767
Epoch 38: 
BAS Score on Validation Data (Training Time 1.519686):  0.954348970993356
Epoch 39: 
BAS Score on Validation Data (Training Time 1.519821):  0.9546804947874467
Epoch 40: 
BAS Score on Validation Data (Training Time 1.518536):  0.9526521903527251
Epoch 41: 
BAS Score on Validation Data (Training Time 1.518075):  0.9534225949332901
Epoch 42: 
BAS Score on Validation Data (Training Time 1.522806):  0.9560119915734889
Epoch 43: 
BAS Score on Validation Data (Training Time 1.526200):  0.9473052719710474
Epoch 44: 
BAS Score on Validation Data (Training Time 1.520553):  0.9570862366985362
Epoch 45: 
BAS Score on Validation Data (Training Time 1.524321):  0.9555515043482958
Epoch 46: 
BAS Score on Validation Data (Training Time 1.521853):  0.957430589315616
Epoch 47: 
BAS Score on Validation Data (Training Time 1.519146):  0.9545859666180521
Epoch 48: 
BAS Score on Validation Data (Training Time 1.519790):  0.9548216118403284
Epoch 49: 
BAS Score on Validation Data (Training Time 1.522429):  0.9577864203532652
Epoch 50: 
BAS Score on Validation Data (Training Time 1.519521):  0.9575696807648679
Epoch 51: 
BAS Score on Validation Data (Training Time 1.524938):  0.9578566412791011
Epoch 52: 
BAS Score on Validation Data (Training Time 1.524129):  0.9570977151191055
Epoch 53: 
BAS Score on Validation Data (Training Time 1.520683):  0.9568310106411712
Epoch 54: 
BAS Score on Validation Data (Training Time 1.521340):  0.955737859882245
Epoch 55: 
BAS Score on Validation Data (Training Time 1.518857):  0.9585581753362501
Epoch 56: 
BAS Score on Validation Data (Training Time 1.518202):  0.9585237400745422
Epoch 57: 
BAS Score on Validation Data (Training Time 1.520516):  0.9575926376060067
Epoch 58: 
BAS Score on Validation Data (Training Time 1.520918):  0.9569383676335548
Epoch 59: 
BAS Score on Validation Data (Training Time 1.524501):  0.9576513801112733
Epoch 60: 
BAS Score on Validation Data (Training Time 1.523012):  0.9592853670393776
Epoch 61: 
BAS Score on Validation Data (Training Time 1.517642):  0.9598835953114028
Epoch 62: 
BAS Score on Validation Data (Training Time 1.522537):  0.9594474153297683
Epoch 63: 
BAS Score on Validation Data (Training Time 1.522110):  0.9595547723221519
Epoch 64: 
BAS Score on Validation Data (Training Time 1.518433):  0.9594575433479177
Epoch 65: 
BAS Score on Validation Data (Training Time 1.527363):  0.9609294819856317
Epoch 66: 
BAS Score on Validation Data (Training Time 1.523530):  0.9607829633230702
Epoch 67: 
BAS Score on Validation Data (Training Time 1.515831):  0.9600557716199427
Epoch 68: 
BAS Score on Validation Data (Training Time 1.526857):  0.9589153567763193
Epoch 69: 
BAS Score on Validation Data (Training Time 1.518711):  0.9592968454599471
Epoch 70: 
BAS Score on Validation Data (Training Time 1.519006):  0.9579856047102037
Epoch 71: 
BAS Score on Validation Data (Training Time 1.518688):  0.9585966618052179
Epoch 72: 
BAS Score on Validation Data (Training Time 1.531096):  0.9603339545184465
Epoch 73: 
BAS Score on Validation Data (Training Time 1.516752):  0.9594129800680603
Epoch 74: 
BAS Score on Validation Data (Training Time 1.526794):  0.9597526062766705
Epoch 75: 
BAS Score on Validation Data (Training Time 1.526110):  0.9599092529573813
Epoch 76: 
BAS Score on Validation Data (Training Time 1.522322):  0.9590443202074218
Epoch 77: 
BAS Score on Validation Data (Training Time 1.520634):  0.9599551666396587
Epoch 78: 
BAS Score on Validation Data (Training Time 1.517951):  0.9606209150326798
Epoch 79: 
BAS Score on Validation Data (Training Time 1.522990):  0.9585608761410901
Epoch 80: 
BAS Score on Validation Data (Training Time 1.521178):  0.9598147247879868
Epoch 81: 
BAS Score on Validation Data (Training Time 1.520041):  0.9546258034894399
Epoch 82: 
BAS Score on Validation Data (Training Time 1.525507):  0.9613325771079783
Epoch 83: 
BAS Score on Validation Data (Training Time 1.526312):  0.9611718792200076
Epoch 84: 
BAS Score on Validation Data (Training Time 1.516244):  0.9577357802625182
Epoch 85: 
BAS Score on Validation Data (Training Time 1.515619):  0.9604716955652784
Epoch 86: 
BAS Score on Validation Data (Training Time 1.522474):  0.9581159185437261
Epoch 87: 
BAS Score on Validation Data (Training Time 1.517949):  0.963939528979636
Epoch 88: 
BAS Score on Validation Data (Training Time 1.526223):  0.9631947820450494
Epoch 89: 
BAS Score on Validation Data (Training Time 1.524833):  0.9575264678874303
Epoch 90: 
BAS Score on Validation Data (Training Time 1.518075):  0.9599308593961
Epoch 91: 
BAS Score on Validation Data (Training Time 1.525908):  0.9618389780154485
Epoch 92: 
BAS Score on Validation Data (Training Time 1.518906):  0.9599308593961
Epoch 93: 
BAS Score on Validation Data (Training Time 1.519951):  0.9641920542321613
Epoch 94: 
BAS Score on Validation Data (Training Time 1.530046):  0.9579153837843678
Epoch 95: 
BAS Score on Validation Data (Training Time 1.520751):  0.9620671960244153
Epoch 96: 
BAS Score on Validation Data (Training Time 1.519439):  0.9640786204288879
Epoch 97: 
BAS Score on Validation Data (Training Time 1.524916):  0.9619537622211419
Epoch 98: 
BAS Score on Validation Data (Training Time 1.526499):  0.961849106033598
Epoch 99: 
BAS Score on Validation Data (Training Time 1.525871):  0.9620111543239885
Epoch 100: 
BAS Score on Validation Data (Training Time 1.521420):  0.9613568843515368
Epoch 101: 
BAS Score on Validation Data (Training Time 1.521846):  0.9619064981364446
Epoch 102: 
BAS Score on Validation Data (Training Time 1.519971):  0.9597701615081294
Epoch 103: 
BAS Score on Validation Data (Training Time 1.532912):  0.9606452222762384
Epoch 104: 
BAS Score on Validation Data (Training Time 1.521923):  0.9614716685572301
Epoch 105: 
BAS Score on Validation Data (Training Time 1.525731):  0.9625047264084697
Epoch 106: 
BAS Score on Validation Data (Training Time 1.533677):  0.9630556905957975
Epoch 107: 
BAS Score on Validation Data (Training Time 1.521750):  0.9627802085021336
Epoch 108: 
BAS Score on Validation Data (Training Time 1.524742):  0.9630009992977908
Epoch 109: 
BAS Score on Validation Data (Training Time 1.529660):  0.9604271322854211
Epoch 110: 
BAS Score on Validation Data (Training Time 1.523692):  0.964434451466537
Epoch 111: 
BAS Score on Validation Data (Training Time 1.530919):  0.9645836709339384
Epoch 112: 
BAS Score on Validation Data (Training Time 1.528038):  0.9609780964727489
Epoch 113: 
BAS Score on Validation Data (Training Time 1.521936):  0.9620226327445579
Epoch 114: 
BAS Score on Validation Data (Training Time 1.527871):  0.9645836709339384
Epoch 115: 
BAS Score on Validation Data (Training Time 1.528030):  0.9619665910441312
Epoch 116: 
BAS Score on Validation Data (Training Time 1.522965):  0.9616438448657699
Epoch 117: 
BAS Score on Validation Data (Training Time 1.528077):  0.9645836709339384
Epoch 118: 
BAS Score on Validation Data (Training Time 1.524355):  0.9557878247717819
Epoch 119: 
BAS Score on Validation Data (Training Time 1.522943):  0.9645721925133689
Epoch 120: 
BAS Score on Validation Data (Training Time 1.533033):  0.9618058931561606
Epoch 121: 
BAS Score on Validation Data (Training Time 1.536931):  0.9635607411008481
Epoch 122: 
BAS Score on Validation Data (Training Time 1.530709):  0.9620813752498245
Epoch 123: 
BAS Score on Validation Data (Training Time 1.522766):  0.9618220979851996
Epoch 124: 
BAS Score on Validation Data (Training Time 1.534391):  0.9635607411008481
Epoch 125: 
BAS Score on Validation Data (Training Time 1.530965):  0.9619193269594338
Epoch 126: 
BAS Score on Validation Data (Training Time 1.529853):  0.9629152487441258
Epoch 127: 
BAS Score on Validation Data (Training Time 1.527093):  0.9625337600604981
Epoch 128: 
BAS Score on Validation Data (Training Time 1.531238):  0.9634473072975748
Epoch 129: 
BAS Score on Validation Data (Training Time 1.535615):  0.965377032355642
Epoch 130: 
BAS Score on Validation Data (Training Time 1.537852):  0.9622994652406417
Epoch 131: 
BAS Score on Validation Data (Training Time 1.529732):  0.9635046994004214
Epoch 132: 
BAS Score on Validation Data (Training Time 1.543920):  0.9650887214389888
Epoch 133: 
BAS Score on Validation Data (Training Time 1.549749):  0.9649624588127262
Epoch 134: 
BAS Score on Validation Data (Training Time 1.535642):  0.9649050667098796
Epoch 135: 
BAS Score on Validation Data (Training Time 1.523118):  0.9641130556905959
Epoch 136: 
BAS Score on Validation Data (Training Time 1.519126):  0.9643311456814131
Epoch 137: 
BAS Score on Validation Data (Training Time 1.528414):  0.9633602063414898
Epoch 138: 
BAS Score on Validation Data (Training Time 1.523092):  0.9647200615783503
Epoch 139: 
BAS Score on Validation Data (Training Time 1.524276):  0.9643311456814131
Epoch 140: 
BAS Score on Validation Data (Training Time 1.522205):  0.9594318857019392
Epoch 141: 
BAS Score on Validation Data (Training Time 1.526358):  0.9643885377842598
Epoch 142: 
BAS Score on Validation Data (Training Time 1.521025):  0.9647673256630477
Epoch 143: 
BAS Score on Validation Data (Training Time 1.523972):  0.9649395019715876
Epoch 144: 
BAS Score on Validation Data (Training Time 1.527858):  0.9648247177658943
Epoch 145: 
BAS Score on Validation Data (Training Time 1.524372):  0.9600733268514018
Epoch 146: 
BAS Score on Validation Data (Training Time 1.522168):  0.9636370388375736
Epoch 147: 
BAS Score on Validation Data (Training Time 1.523451):  0.9621664506022795
Epoch 148: 
BAS Score on Validation Data (Training Time 1.521153):  0.964124534111165
Epoch 149: 
BAS Score on Validation Data (Training Time 1.527835):  0.9641819262140118
High Quality
0.9743233299122119 0.9779932123707765 0.9820258563815375 0.9743233299122119 0.972844040149765
              precision    recall  f1-score   support

           0       0.99      0.99      0.99     23726
           1       0.98      1.00      0.99      5353
           2       0.97      0.93      0.95      3178

    accuracy                           0.99     32257
   macro avg       0.98      0.97      0.98     32257
weighted avg       0.99      0.99      0.99     32257

Low Quality Post 2020
0.912019106635683 0.8198929327113236 0.7774131798968401 0.912019106635683 0.9356736802413774
              precision    recall  f1-score   support

           0       1.00      0.99      0.99      1291
           1       0.99      1.00      0.99       160
           2       0.35      0.75      0.47        12

    accuracy                           0.99      1463
   macro avg       0.78      0.91      0.82      1463
weighted avg       0.99      0.99      0.99      1463

Emb Dim: 128
Transformer-FNET-128
=====================================================================================================================================================================
Layer (type:depth-idx)                   Input Shape               Output Shape              Kernel Shape              Param #                   Mult-Adds
=====================================================================================================================================================================
TransfomerBlock                          [2, 2, 64, 64]            [2, 3]                    --                        --                        --
├─ModuleList: 1-1                        --                        --                        --                        --                        --
│    └─MakePatches: 2-1                  [2, 1, 64, 64]            [2, 256, 128]             --                        --                        --
│    │    └─Unfold: 3-1                  [2, 1, 64, 64]            [2, 16, 256]              [4, 4]                    --                        --
│    │    └─Linear: 3-2                  [2, 256, 16]              [2, 256, 128]             --                        2,176                     4,352
│    │    └─PositionalEncoding: 3-3      [2, 256, 128]             [2, 256, 128]             --                        --                        --
│    └─MakePatches: 2-2                  [2, 1, 64, 64]            [2, 256, 128]             --                        --                        --
│    │    └─Unfold: 3-4                  [2, 1, 64, 64]            [2, 16, 256]              [4, 4]                    --                        --
│    │    └─Linear: 3-5                  [2, 256, 16]              [2, 256, 128]             --                        2,176                     4,352
│    │    └─PositionalEncoding: 3-6      [2, 256, 128]             [2, 256, 128]             --                        --                        --
├─FNET: 1-2                              [2, 512, 128]             [2, 512, 128]             --                        --                        --
│    └─LayerNorm: 2-3                    [2, 512, 128]             [2, 512, 128]             --                        256                       512
│    └─Sequential: 2-4                   [2, 512, 128]             [2, 512, 128]             --                        --                        --
│    │    └─Linear: 3-7                  [2, 512, 128]             [2, 512, 128]             --                        16,512                    33,024
│    │    └─ReLU: 3-8                    [2, 512, 128]             [2, 512, 128]             --                        --                        --
│    │    └─Dropout: 3-9                 [2, 512, 128]             [2, 512, 128]             --                        --                        --
│    │    └─Linear: 3-10                 [2, 512, 128]             [2, 512, 128]             --                        16,512                    33,024
│    └─LayerNorm: 2-5                    [2, 512, 128]             [2, 512, 128]             --                        256                       512
├─Sequential: 1-3                        [2, 128]                  [2, 3]                    --                        --                        --
│    └─Linear: 2-6                       [2, 128]                  [2, 64]                   --                        8,256                     16,512
│    └─ReLU: 2-7                         [2, 64]                   [2, 64]                   --                        --                        --
│    └─Linear: 2-8                       [2, 64]                   [2, 32]                   --                        2,080                     4,160
│    └─ReLU: 2-9                         [2, 32]                   [2, 32]                   --                        --                        --
│    └─Linear: 2-10                      [2, 32]                   [2, 3]                    --                        99                        198
=====================================================================================================================================================================
Total params: 48,323
Trainable params: 48,323
Non-trainable params: 0
Total mult-adds (Units.MEGABYTES): 0.10
=====================================================================================================================================================================
Input size (MB): 0.07
Forward/backward pass size (MB): 5.24
Params size (MB): 0.19
Estimated Total Size (MB): 5.50
=====================================================================================================================================================================
Total Trainable Parameters:  48323
Total Parameters:  48323
Epoch 0: 
BAS Score on Validation Data (Training Time 1.911215):  0.3333333333333333
Epoch 1: 
BAS Score on Validation Data (Training Time 1.893847):  0.648578026251823
Epoch 2: 
BAS Score on Validation Data (Training Time 1.898356):  0.6564981364446605
Epoch 3: 
BAS Score on Validation Data (Training Time 1.891802):  0.7004577864203533
Epoch 4: 
BAS Score on Validation Data (Training Time 1.896284):  0.8627309188138065
Epoch 5: 
BAS Score on Validation Data (Training Time 1.891597):  0.8885647923081078
Epoch 6: 
BAS Score on Validation Data (Training Time 1.902100):  0.9186537838275807
Epoch 7: 
BAS Score on Validation Data (Training Time 1.891813):  0.9261897045319505
Epoch 8: 
BAS Score on Validation Data (Training Time 1.894692):  0.9320788094852266
Epoch 9: 
BAS Score on Validation Data (Training Time 1.897719):  0.9348498352509047
Epoch 10: 
BAS Score on Validation Data (Training Time 1.896919):  0.9373055420515314
Epoch 11: 
BAS Score on Validation Data (Training Time 1.895806):  0.9414418246637498
Epoch 12: 
BAS Score on Validation Data (Training Time 1.894461):  0.9424127640036731
Epoch 13: 
BAS Score on Validation Data (Training Time 1.896975):  0.9449812294063632
Epoch 14: 
BAS Score on Validation Data (Training Time 1.898044):  0.9394884675633338
Epoch 15: 
BAS Score on Validation Data (Training Time 1.897832):  0.9466699076324745
Epoch 16: 
BAS Score on Validation Data (Training Time 1.901782):  0.9444194619996761
Epoch 17: 
BAS Score on Validation Data (Training Time 1.897087):  0.9489048236374439
Epoch 18: 
BAS Score on Validation Data (Training Time 1.892690):  0.9449859558148327
Epoch 19: 
BAS Score on Validation Data (Training Time 1.898778):  0.9477265975260627
Epoch 20: 
BAS Score on Validation Data (Training Time 1.893905):  0.9520985253605575
Epoch 21: 
BAS Score on Validation Data (Training Time 1.893129):  0.9518102144439043
Epoch 22: 
BAS Score on Validation Data (Training Time 1.895415):  0.9536710689785556
Epoch 23: 
BAS Score on Validation Data (Training Time 1.893921):  0.9549390968508616
Epoch 24: 
BAS Score on Validation Data (Training Time 1.893134):  0.9544137903095122
Epoch 25: 
BAS Score on Validation Data (Training Time 1.897056):  0.9537804515745693
Epoch 26: 
BAS Score on Validation Data (Training Time 1.891803):  0.9570308701993194
Epoch 27: 
BAS Score on Validation Data (Training Time 1.891524):  0.958082833684438
Epoch 28: 
BAS Score on Validation Data (Training Time 1.893607):  0.9566021174309944
Epoch 29: 
BAS Score on Validation Data (Training Time 1.888947):  0.9579147085831577
Epoch 30: 
BAS Score on Validation Data (Training Time 1.894985):  0.9589018527521201
Epoch 31: 
BAS Score on Validation Data (Training Time 1.894269):  0.957774266731486
Epoch 32: 
BAS Score on Validation Data (Training Time 1.886262):  0.9589707232755361
Epoch 33: 
BAS Score on Validation Data (Training Time 1.886532):  0.9539310214443905
Epoch 34: 
BAS Score on Validation Data (Training Time 1.895365):  0.9583481877599525
Epoch 35: 
BAS Score on Validation Data (Training Time 1.887884):  0.9599693458650678
Epoch 36: 
BAS Score on Validation Data (Training Time 1.889615):  0.9568789499270783
Epoch 37: 
BAS Score on Validation Data (Training Time 1.892722):  0.9596682061254254
Epoch 38: 
BAS Score on Validation Data (Training Time 1.884864):  0.9603710905849944
Epoch 39: 
BAS Score on Validation Data (Training Time 1.886749):  0.9590713282558202
Epoch 40: 
BAS Score on Validation Data (Training Time 1.888359):  0.9611171879220007
Epoch 41: 
BAS Score on Validation Data (Training Time 1.890674):  0.9618977205207152
Epoch 42: 
BAS Score on Validation Data (Training Time 1.892273):  0.9590828066763896
Epoch 43: 
BAS Score on Validation Data (Training Time 1.894030):  0.960221871117593
Epoch 44: 
BAS Score on Validation Data (Training Time 1.886889):  0.9583711446010912
Epoch 45: 
BAS Score on Validation Data (Training Time 1.886447):  0.9601847350510452
Epoch 46: 
BAS Score on Validation Data (Training Time 1.887302):  0.9590828066763896
Epoch 47: 
BAS Score on Validation Data (Training Time 1.895283):  0.9613811915950953
Epoch 48: 
BAS Score on Validation Data (Training Time 1.894043):  0.9604514395289797
Epoch 49: 
BAS Score on Validation Data (Training Time 1.896942):  0.9606222654350997
Epoch 50: 
BAS Score on Validation Data (Training Time 1.887278):  0.9633912655971479
Epoch 51: 
BAS Score on Validation Data (Training Time 1.889763):  0.963458785718144
Epoch 52: 
BAS Score on Validation Data (Training Time 1.884738):  0.9587141468157511
Epoch 53: 
BAS Score on Validation Data (Training Time 1.893687):  0.9585737049640793
Epoch 54: 
BAS Score on Validation Data (Training Time 1.895883):  0.9633669583535894
Epoch 55: 
BAS Score on Validation Data (Training Time 1.894282):  0.9633109166531627
Epoch 56: 
BAS Score on Validation Data (Training Time 1.887735):  0.9593427591422244
Epoch 57: 
BAS Score on Validation Data (Training Time 1.888999):  0.9639179225409172
Epoch 58: 
BAS Score on Validation Data (Training Time 1.886338):  0.9628517798303896
Epoch 59: 
BAS Score on Validation Data (Training Time 1.892375):  0.9628274725868309
Epoch 60: 
BAS Score on Validation Data (Training Time 1.894878):  0.9643669313455409
Epoch 61: 
BAS Score on Validation Data (Training Time 1.893736):  0.9593056230756766
Epoch 62: 
BAS Score on Validation Data (Training Time 1.890095):  0.9625533408955868
Epoch 63: 
BAS Score on Validation Data (Training Time 1.888168):  0.9641717981958623
Epoch 64: 
BAS Score on Validation Data (Training Time 1.888554):  0.9641144060930157
Epoch 65: 
BAS Score on Validation Data (Training Time 1.894176):  0.9643554529249716
Epoch 66: 
BAS Score on Validation Data (Training Time 1.894254):  0.9627241668017069
Epoch 67: 
BAS Score on Validation Data (Training Time 1.896682):  0.9626769027170097
Epoch 68: 
BAS Score on Validation Data (Training Time 1.889161):  0.9646653702803435
Epoch 69: 
BAS Score on Validation Data (Training Time 1.888726):  0.9618909685086156
Epoch 70: 
BAS Score on Validation Data (Training Time 1.888850):  0.9620057527143088
Epoch 71: 
BAS Score on Validation Data (Training Time 1.894302):  0.9643210176632637
Epoch 72: 
BAS Score on Validation Data (Training Time 1.892369):  0.9647099335602008
Epoch 73: 
BAS Score on Validation Data (Training Time 1.895442):  0.962536460865338
Epoch 74: 
BAS Score on Validation Data (Training Time 1.890237):  0.9648605034300223
Epoch 75: 
BAS Score on Validation Data (Training Time 1.889521):  0.9651474639442554
Epoch 76: 
BAS Score on Validation Data (Training Time 1.887225):  0.9626424674553017
Epoch 77: 
BAS Score on Validation Data (Training Time 1.892349):  0.9656525144493059
Epoch 78: 
BAS Score on Validation Data (Training Time 1.891045):  0.9656052503646086
Epoch 79: 
BAS Score on Validation Data (Training Time 1.896371):  0.9653196402527954
Epoch 80: 
BAS Score on Validation Data (Training Time 1.888951):  0.9656167287851781
Epoch 81: 
BAS Score on Validation Data (Training Time 1.889637):  0.965308161832226
Epoch 82: 
BAS Score on Validation Data (Training Time 1.888353):  0.9659165181224004
Epoch 83: 
BAS Score on Validation Data (Training Time 1.893614):  0.9656626424674553
Epoch 84: 
BAS Score on Validation Data (Training Time 1.891311):  0.9650488845676012
Epoch 85: 
BAS Score on Validation Data (Training Time 1.893796):  0.9652467185221196
Epoch 86: 
BAS Score on Validation Data (Training Time 1.889750):  0.9652939826068169
Epoch 87: 
BAS Score on Validation Data (Training Time 1.887500):  0.9659955166639659
Epoch 88: 
BAS Score on Validation Data (Training Time 1.888287):  0.9608525090476961
Epoch 89: 
BAS Score on Validation Data (Training Time 1.892695):  0.9657976827094474
Epoch 90: 
BAS Score on Validation Data (Training Time 1.892205):  0.9655606870847513
Epoch 91: 
BAS Score on Validation Data (Training Time 1.896349):  0.9619429590017825
Epoch 92: 
BAS Score on Validation Data (Training Time 1.900068):  0.9650860206341489
Epoch 93: 
BAS Score on Validation Data (Training Time 1.897086):  0.9663743045427537
Epoch 94: 
BAS Score on Validation Data (Training Time 1.903668):  0.9620118295251986
Epoch 95: 
BAS Score on Validation Data (Training Time 1.908806):  0.9655924215416194
Epoch 96: 
BAS Score on Validation Data (Training Time 1.910436):  0.9662568195322206
Epoch 97: 
BAS Score on Validation Data (Training Time 1.908849):  0.962980743261492
Epoch 98: 
BAS Score on Validation Data (Training Time 1.907126):  0.9656957273267434
Epoch 99: 
BAS Score on Validation Data (Training Time 1.900419):  0.9669840112353482
Epoch 100: 
BAS Score on Validation Data (Training Time 1.911490):  0.9659239453357101
Epoch 101: 
BAS Score on Validation Data (Training Time 1.908078):  0.9666369578134284
Epoch 102: 
BAS Score on Validation Data (Training Time 1.902378):  0.9648233673634744
Epoch 103: 
BAS Score on Validation Data (Training Time 1.905737):  0.9649685356236158
Epoch 104: 
BAS Score on Validation Data (Training Time 1.904506):  0.9672912277858802
Epoch 105: 
BAS Score on Validation Data (Training Time 1.898754):  0.9655552854750716
Epoch 106: 
BAS Score on Validation Data (Training Time 1.901926):  0.9674519256738509
Epoch 107: 
BAS Score on Validation Data (Training Time 1.903372):  0.9669023118889429
Epoch 108: 
BAS Score on Validation Data (Training Time 1.906611):  0.9682351590774051
Epoch 109: 
BAS Score on Validation Data (Training Time 1.900359):  0.9627525252525254
Epoch 110: 
BAS Score on Validation Data (Training Time 1.900372):  0.966372954140334
Epoch 111: 
BAS Score on Validation Data (Training Time 1.893170):  0.9663830821584832
Epoch 112: 
BAS Score on Validation Data (Training Time 1.894225):  0.9672669205423216
Epoch 113: 
BAS Score on Validation Data (Training Time 1.903881):  0.9663142116350674
Epoch 114: 
BAS Score on Validation Data (Training Time 1.904672):  0.9633554799330201
Epoch 115: 
BAS Score on Validation Data (Training Time 1.895689):  0.965138011127316
Epoch 116: 
BAS Score on Validation Data (Training Time 1.902334):  0.9679022848808945
Epoch 117: 
BAS Score on Validation Data (Training Time 1.893062):  0.9687145519364769
Epoch 118: 
BAS Score on Validation Data (Training Time 1.899293):  0.9671994004213257
Epoch 119: 
BAS Score on Validation Data (Training Time 1.899588):  0.9674390968508616
Epoch 120: 
BAS Score on Validation Data (Training Time 1.901208):  0.9645512612758601
Epoch 121: 
BAS Score on Validation Data (Training Time 1.893098):  0.9650090476962134
Epoch 122: 
BAS Score on Validation Data (Training Time 1.903694):  0.967002916869227
Epoch 123: 
BAS Score on Validation Data (Training Time 1.890677):  0.9678752768324962
Epoch 124: 
BAS Score on Validation Data (Training Time 1.894485):  0.962019931939718
Epoch 125: 
BAS Score on Validation Data (Training Time 1.902122):  0.9686328525900718
Epoch 126: 
BAS Score on Validation Data (Training Time 1.896711):  0.9660731648031113
Epoch 127: 
BAS Score on Validation Data (Training Time 1.898145):  0.9672885269810404
Epoch 128: 
BAS Score on Validation Data (Training Time 1.903862):  0.9694275644141954
Epoch 129: 
BAS Score on Validation Data (Training Time 1.894796):  0.9671379571112192
Epoch 130: 
BAS Score on Validation Data (Training Time 1.899401):  0.9697617890131259
Epoch 131: 
BAS Score on Validation Data (Training Time 1.899218):  0.9671852211959164
Epoch 132: 
BAS Score on Validation Data (Training Time 1.890912):  0.9622866364176524
Epoch 133: 
BAS Score on Validation Data (Training Time 1.898317):  0.9687591152163345
Epoch 134: 
BAS Score on Validation Data (Training Time 1.909422):  0.9680359747204667
Epoch 135: 
BAS Score on Validation Data (Training Time 1.893286):  0.9692310808620969
Epoch 136: 
BAS Score on Validation Data (Training Time 1.900539):  0.9698738724139794
Epoch 137: 
BAS Score on Validation Data (Training Time 1.906927):  0.9695166909739102
Epoch 138: 
BAS Score on Validation Data (Training Time 1.902226):  0.9660947712418301
Epoch 139: 
BAS Score on Validation Data (Training Time 1.918492):  0.9692412088802463
Epoch 140: 
BAS Score on Validation Data (Training Time 1.908430):  0.9684491978609625
Epoch 141: 
BAS Score on Validation Data (Training Time 1.915625):  0.9693458650677901
Epoch 142: 
BAS Score on Validation Data (Training Time 1.905892):  0.9690805109922757
Epoch 143: 
BAS Score on Validation Data (Training Time 1.907933):  0.9700946632096364
Epoch 144: 
BAS Score on Validation Data (Training Time 1.912316):  0.9650225517204127
Epoch 145: 
BAS Score on Validation Data (Training Time 1.911121):  0.966934046345811
Epoch 146: 
BAS Score on Validation Data (Training Time 1.918388):  0.969298600983093
Epoch 147: 
BAS Score on Validation Data (Training Time 1.900107):  0.9663047588181278
Epoch 148: 
BAS Score on Validation Data (Training Time 1.899123):  0.9686787662723492
Epoch 149: 
BAS Score on Validation Data (Training Time 1.907265):  0.9696429536001728
High Quality
0.9762580729378826 0.9774797810521582 0.9788569969902546 0.9762580729378826 0.9720890660183819
              precision    recall  f1-score   support

           0       0.99      0.99      0.99     23726
           1       0.98      1.00      0.99      5353
           2       0.96      0.94      0.95      3178

    accuracy                           0.99     32257
   macro avg       0.98      0.98      0.98     32257
weighted avg       0.99      0.99      0.99     32257

Low Quality Post 2020
0.9253378087615114 0.72403810051929 0.6979586505448574 0.9253378087615114 0.8126663794779885
              precision    recall  f1-score   support

           0       1.00      0.94      0.97      1291
           1       0.97      1.00      0.98       160
           2       0.12      0.83      0.22        12

    accuracy                           0.95      1463
   macro avg       0.70      0.93      0.72      1463
weighted avg       0.99      0.95      0.97      1463

Emb Dim: 64
Transformer-MHA-64
=====================================================================================================================================================================
Layer (type:depth-idx)                   Input Shape               Output Shape              Kernel Shape              Param #                   Mult-Adds
=====================================================================================================================================================================
TransfomerBlock                          [2, 2, 64, 64]            [2, 3]                    --                        --                        --
├─ModuleList: 1-1                        --                        --                        --                        --                        --
│    └─MakePatches: 2-1                  [2, 1, 64, 64]            [2, 256, 64]              --                        --                        --
│    │    └─Unfold: 3-1                  [2, 1, 64, 64]            [2, 16, 256]              [4, 4]                    --                        --
│    │    └─Linear: 3-2                  [2, 256, 16]              [2, 256, 64]              --                        1,088                     2,176
│    │    └─PositionalEncoding: 3-3      [2, 256, 64]              [2, 256, 64]              --                        --                        --
│    └─MakePatches: 2-2                  [2, 1, 64, 64]            [2, 256, 64]              --                        --                        --
│    │    └─Unfold: 3-4                  [2, 1, 64, 64]            [2, 16, 256]              [4, 4]                    --                        --
│    │    └─Linear: 3-5                  [2, 256, 16]              [2, 256, 64]              --                        1,088                     2,176
│    │    └─PositionalEncoding: 3-6      [2, 256, 64]              [2, 256, 64]              --                        --                        --
├─TransformerEncoderLayer: 1-2           [2, 512, 64]              [2, 512, 64]              --                        --                        --
│    └─MultiheadAttention: 2-3           [2, 512, 64]              [2, 512, 64]              --                        16,640                    --
│    └─Dropout: 2-4                      [2, 512, 64]              [2, 512, 64]              --                        --                        --
│    └─LayerNorm: 2-5                    [2, 512, 64]              [2, 512, 64]              --                        128                       256
│    └─Linear: 2-6                       [2, 512, 64]              [2, 512, 2048]            --                        133,120                   266,240
│    └─Dropout: 2-7                      [2, 512, 2048]            [2, 512, 2048]            --                        --                        --
│    └─Linear: 2-8                       [2, 512, 2048]            [2, 512, 64]              --                        131,136                   262,272
│    └─Dropout: 2-9                      [2, 512, 64]              [2, 512, 64]              --                        --                        --
│    └─LayerNorm: 2-10                   [2, 512, 64]              [2, 512, 64]              --                        128                       256
├─Sequential: 1-3                        [2, 64]                   [2, 3]                    --                        --                        --
│    └─Linear: 2-11                      [2, 64]                   [2, 64]                   --                        4,160                     8,320
│    └─ReLU: 2-12                        [2, 64]                   [2, 64]                   --                        --                        --
│    └─Linear: 2-13                      [2, 64]                   [2, 32]                   --                        2,080                     4,160
│    └─ReLU: 2-14                        [2, 32]                   [2, 32]                   --                        --                        --
│    └─Linear: 2-15                      [2, 32]                   [2, 3]                    --                        99                        198
=====================================================================================================================================================================
Total params: 289,667
Trainable params: 289,667
Non-trainable params: 0
Total mult-adds (Units.MEGABYTES): 0.55
=====================================================================================================================================================================
Input size (MB): 0.07
Forward/backward pass size (MB): 18.88
Params size (MB): 1.09
Estimated Total Size (MB): 20.03
=====================================================================================================================================================================
Total Trainable Parameters:  289667
Total Parameters:  289667
Epoch 0: 
BAS Score on Validation Data (Training Time 2.979642):  0.6577641387133366
Epoch 1: 
BAS Score on Validation Data (Training Time 2.980529):  0.6514678874304543
Epoch 2: 
BAS Score on Validation Data (Training Time 2.973593):  0.8947732674336951
Epoch 3: 
BAS Score on Validation Data (Training Time 2.973715):  0.9301497596283692
Epoch 4: 
BAS Score on Validation Data (Training Time 2.972528):  0.9357269216226435
Epoch 5: 
BAS Score on Validation Data (Training Time 2.981033):  0.9392967104197051
Epoch 6: 
BAS Score on Validation Data (Training Time 2.979996):  0.9465868578836494
Epoch 7: 
BAS Score on Validation Data (Training Time 2.978366):  0.9459501431426566
Epoch 8: 
BAS Score on Validation Data (Training Time 2.977035):  0.9445875871009561
Epoch 9: 
BAS Score on Validation Data (Training Time 2.972605):  0.9509148976394965
Epoch 10: 
BAS Score on Validation Data (Training Time 2.981442):  0.9480709501431427
Epoch 11: 
BAS Score on Validation Data (Training Time 2.981934):  0.9470392426943229
Epoch 12: 
BAS Score on Validation Data (Training Time 2.989636):  0.9452243018419489
Epoch 13: 
BAS Score on Validation Data (Training Time 2.968853):  0.9422216820612542
Epoch 14: 
BAS Score on Validation Data (Training Time 2.978615):  0.9482262464214335
Epoch 15: 
BAS Score on Validation Data (Training Time 2.979765):  0.9487434505482634
Epoch 16: 
BAS Score on Validation Data (Training Time 2.989861):  0.935325176902717
Epoch 17: 
BAS Score on Validation Data (Training Time 2.971745):  0.9517177118781398
Epoch 18: 
BAS Score on Validation Data (Training Time 2.978428):  0.9466908388699832
Epoch 19: 
BAS Score on Validation Data (Training Time 2.986619):  0.9483680386755253
Epoch 20: 
BAS Score on Validation Data (Training Time 2.989084):  0.9509270512612759
Epoch 21: 
BAS Score on Validation Data (Training Time 2.989866):  0.9537365634959217
Epoch 22: 
BAS Score on Validation Data (Training Time 2.987900):  0.95565143412737
Epoch 23: 
BAS Score on Validation Data (Training Time 2.992562):  0.9527149840652515
Epoch 24: 
BAS Score on Validation Data (Training Time 2.995714):  0.9491715281153784
Epoch 25: 
BAS Score on Validation Data (Training Time 3.006150):  0.9392643007616269
Epoch 26: 
BAS Score on Validation Data (Training Time 3.007457):  0.9525374061470319
Epoch 27: 
BAS Score on Validation Data (Training Time 2.995608):  0.9507663533733052
Epoch 28: 
BAS Score on Validation Data (Training Time 3.012792):  0.9565231188894291
Epoch 29: 
BAS Score on Validation Data (Training Time 2.987139):  0.9427483390050235
Epoch 30: 
BAS Score on Validation Data (Training Time 2.994261):  0.9509304272673257
Epoch 31: 
BAS Score on Validation Data (Training Time 3.044257):  0.9490992815859126
Epoch 32: 
BAS Score on Validation Data (Training Time 3.015903):  0.9447577378058661
Epoch 33: 
BAS Score on Validation Data (Training Time 3.005221):  0.945000810241452
Epoch 34: 
BAS Score on Validation Data (Training Time 2.980652):  0.9546885972019661
Epoch 35: 
BAS Score on Validation Data (Training Time 2.998694):  0.9537487171177012
Epoch 36: 
BAS Score on Validation Data (Training Time 2.979527):  0.9516468157510939
Epoch 37: 
BAS Score on Validation Data (Training Time 2.988286):  0.9566588343326311
Epoch 38: 
BAS Score on Validation Data (Training Time 2.998213):  0.95564940852374
Epoch 39: 
BAS Score on Validation Data (Training Time 2.993899):  0.9598174255928266
Epoch 40: 
BAS Score on Validation Data (Training Time 2.974555):  0.9557614919245935
Epoch 41: 
BAS Score on Validation Data (Training Time 2.985949):  0.958887673526711
Epoch 42: 
BAS Score on Validation Data (Training Time 2.981811):  0.952808837033436
Epoch 43: 
BAS Score on Validation Data (Training Time 2.977899):  0.9593353319289148
Epoch 44: 
BAS Score on Validation Data (Training Time 2.966760):  0.9554367201426025
Epoch 45: 
BAS Score on Validation Data (Training Time 2.972695):  0.9618207475827797
Epoch 46: 
BAS Score on Validation Data (Training Time 2.976376):  0.9607890401339599
Epoch 47: 
BAS Score on Validation Data (Training Time 2.976355):  0.9626154594069032
Epoch 48: 
BAS Score on Validation Data (Training Time 2.969695):  0.9571794144655107
Epoch 49: 
BAS Score on Validation Data (Training Time 2.973178):  0.9622987900394318
Epoch 50: 
BAS Score on Validation Data (Training Time 2.979783):  0.9571794144655108
Epoch 51: 
BAS Score on Validation Data (Training Time 2.976620):  0.957276643439745
Epoch 52: 
BAS Score on Validation Data (Training Time 2.968438):  0.963203559660779
Epoch 53: 
BAS Score on Validation Data (Training Time 2.974587):  0.9602319991357424
Epoch 54: 
BAS Score on Validation Data (Training Time 2.976004):  0.9590429698050018
Epoch 55: 
BAS Score on Validation Data (Training Time 2.979399):  0.9585878841894884
Epoch 56: 
BAS Score on Validation Data (Training Time 2.971535):  0.9620239831469778
Epoch 57: 
BAS Score on Validation Data (Training Time 2.973162):  0.9619841462755901
Epoch 58: 
BAS Score on Validation Data (Training Time 2.982988):  0.9614331820882623
Epoch 59: 
BAS Score on Validation Data (Training Time 2.982795):  0.9523031113271755
Epoch 60: 
BAS Score on Validation Data (Training Time 2.980763):  0.9627126883811377
Epoch 61: 
BAS Score on Validation Data (Training Time 2.982026):  0.9501154594069033
Epoch 62: 
BAS Score on Validation Data (Training Time 2.977965):  0.951590098849457
Epoch 63: 
BAS Score on Validation Data (Training Time 2.985127):  0.9574123588829471
Epoch 64: 
BAS Score on Validation Data (Training Time 2.969430):  0.9643088640414844
Epoch 65: 
BAS Score on Validation Data (Training Time 2.981424):  0.9647045319505212
Epoch 66: 
BAS Score on Validation Data (Training Time 2.978449):  0.9622029114676174
Epoch 67: 
BAS Score on Validation Data (Training Time 2.983392):  0.9603393561281263
Epoch 68: 
BAS Score on Validation Data (Training Time 2.971251):  0.9593285799168152
Epoch 69: 
BAS Score on Validation Data (Training Time 2.970678):  0.9626728515097498
Epoch 70: 
BAS Score on Validation Data (Training Time 2.980901):  0.9578478636633717
Epoch 71: 
BAS Score on Validation Data (Training Time 2.983789):  0.9656714200831847
Epoch 72: 
BAS Score on Validation Data (Training Time 2.971800):  0.9639294009614865
Epoch 73: 
BAS Score on Validation Data (Training Time 3.001049):  0.9646498406525145
Epoch 74: 
BAS Score on Validation Data (Training Time 2.971620):  0.964007724301842
Epoch 75: 
BAS Score on Validation Data (Training Time 2.977779):  0.9652838545886674
Epoch 76: 
BAS Score on Validation Data (Training Time 2.970939):  0.9647619240533678
Epoch 77: 
BAS Score on Validation Data (Training Time 2.974836):  0.9564832820180414
Epoch 78: 
BAS Score on Validation Data (Training Time 2.970460):  0.9651623183708745
Epoch 79: 
BAS Score on Validation Data (Training Time 2.977599):  0.9606465726786583
Epoch 80: 
BAS Score on Validation Data (Training Time 2.972403):  0.9586223194511966
Epoch 81: 
BAS Score on Validation Data (Training Time 2.974847):  0.9552496894074434
Epoch 82: 
BAS Score on Validation Data (Training Time 2.980985):  0.9663972613838924
Epoch 83: 
BAS Score on Validation Data (Training Time 2.970418):  0.9603123480797278
Epoch 84: 
BAS Score on Validation Data (Training Time 2.970636):  0.9643595041322314
Epoch 85: 
BAS Score on Validation Data (Training Time 2.972083):  0.9655363798411928
Epoch 86: 
BAS Score on Validation Data (Training Time 2.979203):  0.9659117917139307
Epoch 87: 
BAS Score on Validation Data (Training Time 2.971119):  0.9616060335980121
Epoch 88: 
BAS Score on Validation Data (Training Time 2.967690):  0.9607755361097606
Epoch 89: 
BAS Score on Validation Data (Training Time 2.969527):  0.9611752552260574
Epoch 90: 
BAS Score on Validation Data (Training Time 2.978613):  0.9671420083184789
Epoch 91: 
BAS Score on Validation Data (Training Time 2.968777):  0.9602421271538919
Epoch 92: 
BAS Score on Validation Data (Training Time 2.973145):  0.9568863771403878
Epoch 93: 
BAS Score on Validation Data (Training Time 2.979463):  0.9626985091557284
Epoch 94: 
BAS Score on Validation Data (Training Time 2.980306):  0.9633075406471129
Epoch 95: 
BAS Score on Validation Data (Training Time 2.976981):  0.963115108302274
Epoch 96: 
BAS Score on Validation Data (Training Time 2.985549):  0.9659293469453898
Epoch 97: 
BAS Score on Validation Data (Training Time 2.990214):  0.967176443580187
Epoch 98: 
BAS Score on Validation Data (Training Time 2.989892):  0.967518770593637
Epoch 99: 
BAS Score on Validation Data (Training Time 2.979073):  0.968510641171069
Epoch 100: 
BAS Score on Validation Data (Training Time 2.965868):  0.965633608815427
Epoch 101: 
BAS Score on Validation Data (Training Time 2.982068):  0.9684924107384
Epoch 102: 
BAS Score on Validation Data (Training Time 2.976721):  0.9643770593636903
Epoch 103: 
BAS Score on Validation Data (Training Time 2.972959):  0.9666180521795495
Epoch 104: 
BAS Score on Validation Data (Training Time 2.971987):  0.9603326041160266
Epoch 105: 
BAS Score on Validation Data (Training Time 2.970669):  0.961849781234808
Epoch 106: 
BAS Score on Validation Data (Training Time 2.972725):  0.963802463134014
Epoch 107: 
BAS Score on Validation Data (Training Time 2.973456):  0.9676747420731378
Epoch 108: 
BAS Score on Validation Data (Training Time 2.975958):  0.945255361097607
Epoch 109: 
BAS Score on Validation Data (Training Time 2.973611):  0.965822665154216
Epoch 110: 
BAS Score on Validation Data (Training Time 2.973857):  0.9651575919624048
Epoch 111: 
BAS Score on Validation Data (Training Time 2.976058):  0.9604696699616486
Epoch 112: 
BAS Score on Validation Data (Training Time 2.977292):  0.9653284178685247
Epoch 113: 
BAS Score on Validation Data (Training Time 2.983082):  0.9609612164424998
Epoch 114: 
BAS Score on Validation Data (Training Time 2.983387):  0.962825446983201
Epoch 115: 
BAS Score on Validation Data (Training Time 2.980765):  0.9687705936369038
Epoch 116: 
BAS Score on Validation Data (Training Time 2.982119):  0.9663081348241777
Epoch 117: 
BAS Score on Validation Data (Training Time 2.980376):  0.9633784367741587
Epoch 118: 
BAS Score on Validation Data (Training Time 2.984401):  0.961660049694809
Epoch 119: 
BAS Score on Validation Data (Training Time 2.978842):  0.9664749095230379
Epoch 120: 
BAS Score on Validation Data (Training Time 2.984520):  0.9648402473937233
Epoch 121: 
BAS Score on Validation Data (Training Time 2.978191):  0.9659232701345001
Epoch 122: 
BAS Score on Validation Data (Training Time 2.985252):  0.9658949116836818
Epoch 123: 
BAS Score on Validation Data (Training Time 2.975538):  0.9675072921730675
Epoch 124: 
BAS Score on Validation Data (Training Time 2.981692):  0.9712803165343272
Epoch 125: 
BAS Score on Validation Data (Training Time 2.974223):  0.9680677091773348
Epoch 126: 
BAS Score on Validation Data (Training Time 2.982490):  0.9706260465618755
Epoch 127: 
BAS Score on Validation Data (Training Time 2.977373):  0.9678394911683682
Epoch 128: 
BAS Score on Validation Data (Training Time 2.977023):  0.9698718468103494
Epoch 129: 
BAS Score on Validation Data (Training Time 2.980026):  0.958527791281802
Epoch 130: 
BAS Score on Validation Data (Training Time 2.981345):  0.9689285907200347
Epoch 131: 
BAS Score on Validation Data (Training Time 2.978756):  0.9675734618916437
Epoch 132: 
BAS Score on Validation Data (Training Time 2.982343):  0.9711938907794523
Epoch 133: 
BAS Score on Validation Data (Training Time 2.981042):  0.9670582833684439
Epoch 134: 
BAS Score on Validation Data (Training Time 2.970295):  0.969468076486793
Epoch 135: 
BAS Score on Validation Data (Training Time 2.972087):  0.9667990061038191
Epoch 136: 
BAS Score on Validation Data (Training Time 2.980731):  0.9704140333819478
Epoch 137: 
BAS Score on Validation Data (Training Time 2.980325):  0.966761194836061
Epoch 138: 
BAS Score on Validation Data (Training Time 2.970584):  0.9645188516177821
Epoch 139: 
BAS Score on Validation Data (Training Time 2.970918):  0.9678529951925675
Epoch 140: 
BAS Score on Validation Data (Training Time 2.977262):  0.9668516717981959
Epoch 141: 
BAS Score on Validation Data (Training Time 2.983875):  0.9718724679954627
Epoch 142: 
BAS Score on Validation Data (Training Time 2.971202):  0.9601070869118997
Epoch 143: 
BAS Score on Validation Data (Training Time 2.969924):  0.9691176470588235
Epoch 144: 
BAS Score on Validation Data (Training Time 2.979884):  0.9704349646194567
Epoch 145: 
BAS Score on Validation Data (Training Time 2.984251):  0.9711479770971749
Epoch 146: 
BAS Score on Validation Data (Training Time 2.971226):  0.9674823097282991
Epoch 147: 
BAS Score on Validation Data (Training Time 2.977437):  0.9685072651650192
Epoch 148: 
BAS Score on Validation Data (Training Time 2.978919):  0.9709886296116242
Epoch 149: 
BAS Score on Validation Data (Training Time 2.979810):  0.9606134878193702
High Quality
0.9698515518166558 0.9684607267381264 0.9670913135895919 0.9698515518166558 0.9593398877910077
              precision    recall  f1-score   support

           0       0.99      0.99      0.99     23726
           1       0.98      0.98      0.98      5353
           2       0.93      0.94      0.93      3178

    accuracy                           0.98     32257
   macro avg       0.97      0.97      0.97     32257
weighted avg       0.98      0.98      0.98     32257

Low Quality Post 2020
0.9533737843187882 0.7320908367232218 0.7067281471565273 0.9533737843187882 0.818721462548489
              precision    recall  f1-score   support

           0       1.00      0.94      0.97      1291
           1       0.99      1.00      0.99       160
           2       0.13      0.92      0.23        12

    accuracy                           0.95      1463
   macro avg       0.71      0.95      0.73      1463
weighted avg       0.99      0.95      0.97      1463

Emb Dim: 128
Transformer-MHA-128
=====================================================================================================================================================================
Layer (type:depth-idx)                   Input Shape               Output Shape              Kernel Shape              Param #                   Mult-Adds
=====================================================================================================================================================================
TransfomerBlock                          [2, 2, 64, 64]            [2, 3]                    --                        --                        --
├─ModuleList: 1-1                        --                        --                        --                        --                        --
│    └─MakePatches: 2-1                  [2, 1, 64, 64]            [2, 256, 128]             --                        --                        --
│    │    └─Unfold: 3-1                  [2, 1, 64, 64]            [2, 16, 256]              [4, 4]                    --                        --
│    │    └─Linear: 3-2                  [2, 256, 16]              [2, 256, 128]             --                        2,176                     4,352
│    │    └─PositionalEncoding: 3-3      [2, 256, 128]             [2, 256, 128]             --                        --                        --
│    └─MakePatches: 2-2                  [2, 1, 64, 64]            [2, 256, 128]             --                        --                        --
│    │    └─Unfold: 3-4                  [2, 1, 64, 64]            [2, 16, 256]              [4, 4]                    --                        --
│    │    └─Linear: 3-5                  [2, 256, 16]              [2, 256, 128]             --                        2,176                     4,352
│    │    └─PositionalEncoding: 3-6      [2, 256, 128]             [2, 256, 128]             --                        --                        --
├─TransformerEncoderLayer: 1-2           [2, 512, 128]             [2, 512, 128]             --                        --                        --
│    └─MultiheadAttention: 2-3           [2, 512, 128]             [2, 512, 128]             --                        66,048                    --
│    └─Dropout: 2-4                      [2, 512, 128]             [2, 512, 128]             --                        --                        --
│    └─LayerNorm: 2-5                    [2, 512, 128]             [2, 512, 128]             --                        256                       512
│    └─Linear: 2-6                       [2, 512, 128]             [2, 512, 2048]            --                        264,192                   528,384
│    └─Dropout: 2-7                      [2, 512, 2048]            [2, 512, 2048]            --                        --                        --
│    └─Linear: 2-8                       [2, 512, 2048]            [2, 512, 128]             --                        262,272                   524,544
│    └─Dropout: 2-9                      [2, 512, 128]             [2, 512, 128]             --                        --                        --
│    └─LayerNorm: 2-10                   [2, 512, 128]             [2, 512, 128]             --                        256                       512
├─Sequential: 1-3                        [2, 128]                  [2, 3]                    --                        --                        --
│    └─Linear: 2-11                      [2, 128]                  [2, 64]                   --                        8,256                     16,512
│    └─ReLU: 2-12                        [2, 64]                   [2, 64]                   --                        --                        --
│    └─Linear: 2-13                      [2, 64]                   [2, 32]                   --                        2,080                     4,160
│    └─ReLU: 2-14                        [2, 32]                   [2, 32]                   --                        --                        --
│    └─Linear: 2-15                      [2, 32]                   [2, 3]                    --                        99                        198
=====================================================================================================================================================================
Total params: 607,811
Trainable params: 607,811
Non-trainable params: 0
Total mult-adds (Units.MEGABYTES): 1.08
=====================================================================================================================================================================
Input size (MB): 0.07
Forward/backward pass size (MB): 20.97
Params size (MB): 2.17
Estimated Total Size (MB): 23.21
=====================================================================================================================================================================
Total Trainable Parameters:  607811
Total Parameters:  607811
Epoch 0: 
BAS Score on Validation Data (Training Time 3.413497):  0.6549688057040998
Epoch 1: 
BAS Score on Validation Data (Training Time 3.415832):  0.8821037919299951
Epoch 2: 
BAS Score on Validation Data (Training Time 3.421951):  0.9348403824339653
Epoch 3: 
BAS Score on Validation Data (Training Time 3.433385):  0.9412797763733592
Epoch 4: 
BAS Score on Validation Data (Training Time 3.420278):  0.9373852157943068
Epoch 5: 
BAS Score on Validation Data (Training Time 3.414711):  0.9313333873494302
Epoch 6: 
BAS Score on Validation Data (Training Time 3.422796):  0.9427922270836708
Epoch 7: 
BAS Score on Validation Data (Training Time 3.420318):  0.9307068006265867
Epoch 8: 
BAS Score on Validation Data (Training Time 3.427808):  0.9363832171987253
Epoch 9: 
BAS Score on Validation Data (Training Time 3.429929):  0.9295535569599741
Epoch 10: 
BAS Score on Validation Data (Training Time 3.425117):  0.9403635283314428
Epoch 11: 
BAS Score on Validation Data (Training Time 3.440037):  0.9318458650677902
Epoch 12: 
BAS Score on Validation Data (Training Time 3.437788):  0.9461567547129044
Epoch 13: 
BAS Score on Validation Data (Training Time 3.428442):  0.9481958623669854
Epoch 14: 
BAS Score on Validation Data (Training Time 3.430233):  0.9425896667206827
Epoch 15: 
BAS Score on Validation Data (Training Time 3.444199):  0.9353879706152434
Epoch 16: 
BAS Score on Validation Data (Training Time 3.427104):  0.9527244368821909
Epoch 17: 
BAS Score on Validation Data (Training Time 3.436125):  0.9496441689623508
Epoch 18: 
BAS Score on Validation Data (Training Time 3.435271):  0.9422662453411116
Epoch 19: 
BAS Score on Validation Data (Training Time 3.433754):  0.9531336088154271
Epoch 20: 
BAS Score on Validation Data (Training Time 3.426242):  0.9466503267973856
Epoch 21: 
BAS Score on Validation Data (Training Time 3.434248):  0.9544198671204019
Epoch 22: 
BAS Score on Validation Data (Training Time 3.446654):  0.9486948360611462
Epoch 23: 
BAS Score on Validation Data (Training Time 3.431554):  0.9506745260087506
Epoch 24: 
BAS Score on Validation Data (Training Time 3.439781):  0.947653675795387
Epoch 25: 
BAS Score on Validation Data (Training Time 3.431895):  0.9462107708097013
Epoch 26: 
BAS Score on Validation Data (Training Time 3.436062):  0.9541288553989089
Epoch 27: 
BAS Score on Validation Data (Training Time 3.433540):  0.92962377788581
Epoch 28: 
BAS Score on Validation Data (Training Time 3.438510):  0.9463518878625831
Epoch 29: 
BAS Score on Validation Data (Training Time 3.437119):  0.9444052827742668
Epoch 30: 
BAS Score on Validation Data (Training Time 3.441072):  0.9575271430886404
Epoch 31: 
BAS Score on Validation Data (Training Time 3.451271):  0.9526447631394155
Epoch 32: 
BAS Score on Validation Data (Training Time 3.457657):  0.956215227137687
Epoch 33: 
BAS Score on Validation Data (Training Time 3.454057):  0.9531396856263167
Epoch 34: 
BAS Score on Validation Data (Training Time 3.416374):  0.9534563549937882
Epoch 35: 
BAS Score on Validation Data (Training Time 3.412977):  0.9539857127423973
Epoch 36: 
BAS Score on Validation Data (Training Time 3.416424):  0.952295008912656
Epoch 37: 
BAS Score on Validation Data (Training Time 3.409836):  0.9494382325933128
Epoch 38: 
BAS Score on Validation Data (Training Time 3.416936):  0.9559485226597526
Epoch 39: 
BAS Score on Validation Data (Training Time 3.414701):  0.9501748771133798
Epoch 40: 
BAS Score on Validation Data (Training Time 3.406171):  0.9534536541889483
Epoch 41: 
BAS Score on Validation Data (Training Time 3.414913):  0.9558999081726354
Epoch 42: 
BAS Score on Validation Data (Training Time 3.419902):  0.9492241938097553
Epoch 43: 
BAS Score on Validation Data (Training Time 3.410343):  0.953628531302328
Epoch 44: 
BAS Score on Validation Data (Training Time 3.417152):  0.9480446172959542
Epoch 45: 
BAS Score on Validation Data (Training Time 3.416992):  0.9553023551018202
Epoch 46: 
BAS Score on Validation Data (Training Time 3.415765):  0.949195835358937
Epoch 47: 
BAS Score on Validation Data (Training Time 3.418775):  0.9512551990493167
Epoch 48: 
BAS Score on Validation Data (Training Time 3.416394):  0.9576925673850808
Epoch 49: 
BAS Score on Validation Data (Training Time 3.417652):  0.9481074110084805
Epoch 50: 
BAS Score on Validation Data (Training Time 3.452413):  0.9475382163884838
Epoch 51: 
BAS Score on Validation Data (Training Time 3.487632):  0.9471114892237886
Epoch 52: 
BAS Score on Validation Data (Training Time 3.491912):  0.956745935288716
Epoch 53: 
BAS Score on Validation Data (Training Time 3.462939):  0.943284448765732
Epoch 54: 
BAS Score on Validation Data (Training Time 3.459197):  0.9517001566466807
Epoch 55: 
BAS Score on Validation Data (Training Time 3.455790):  0.9576149192459352
Epoch 56: 
BAS Score on Validation Data (Training Time 3.474665):  0.94965969859018
Epoch 57: 
BAS Score on Validation Data (Training Time 3.469388):  0.9524975692756442
Epoch 58: 
BAS Score on Validation Data (Training Time 3.466813):  0.9573596931885703
Epoch 59: 
BAS Score on Validation Data (Training Time 3.452451):  0.949675228218009
Epoch 60: 
BAS Score on Validation Data (Training Time 3.510945):  0.9478758169934641
Epoch 61: 
BAS Score on Validation Data (Training Time 3.473145):  0.9559687786960515
Epoch 62: 
BAS Score on Validation Data (Training Time 3.439902):  0.9504631880300329
Epoch 63: 
BAS Score on Validation Data (Training Time 3.444521):  0.9561517582239506
Epoch 64: 
BAS Score on Validation Data (Training Time 3.445143):  0.9567749689407443
Epoch 65: 
BAS Score on Validation Data (Training Time 3.445420):  0.9562462863933453
Epoch 66: 
BAS Score on Validation Data (Training Time 3.433405):  0.9536231296926484
Epoch 67: 
BAS Score on Validation Data (Training Time 3.424092):  0.9568175066169718
Epoch 68: 
BAS Score on Validation Data (Training Time 3.428154):  0.9569761789013126
Epoch 69: 
BAS Score on Validation Data (Training Time 3.431724):  0.950582023442986
Epoch 70: 
BAS Score on Validation Data (Training Time 3.428316):  0.9584737751850051
Epoch 71: 
BAS Score on Validation Data (Training Time 3.433508):  0.9568276346351213
Epoch 72: 
BAS Score on Validation Data (Training Time 3.430139):  0.9566561335277912
Epoch 73: 
BAS Score on Validation Data (Training Time 3.427530):  0.9602974936531087
Epoch 74: 
BAS Score on Validation Data (Training Time 3.424301):  0.9538472964943553
Epoch 75: 
BAS Score on Validation Data (Training Time 3.431662):  0.962208313077297
Epoch 76: 
BAS Score on Validation Data (Training Time 3.428622):  0.9513112407497434
Epoch 77: 
BAS Score on Validation Data (Training Time 3.419799):  0.9604723707664884
Epoch 78: 
BAS Score on Validation Data (Training Time 3.428786):  0.9560444012315671
Epoch 79: 
BAS Score on Validation Data (Training Time 3.441734):  0.9562618160211743
Epoch 80: 
BAS Score on Validation Data (Training Time 3.438143):  0.9483146977799385
Epoch 81: 
BAS Score on Validation Data (Training Time 3.444654):  0.9555893156160535
Epoch 82: 
BAS Score on Validation Data (Training Time 3.438931):  0.9558485928806784
Epoch 83: 
BAS Score on Validation Data (Training Time 3.456021):  0.9553793280397559
Epoch 84: 
BAS Score on Validation Data (Training Time 3.450363):  0.9534104413115108
Epoch 85: 
BAS Score on Validation Data (Training Time 3.451939):  0.939435126667747
Epoch 86: 
BAS Score on Validation Data (Training Time 3.442735):  0.9551936477070168
Epoch 87: 
BAS Score on Validation Data (Training Time 3.447299):  0.9472694863069195
Epoch 88: 
BAS Score on Validation Data (Training Time 3.471147):  0.9483498082428564
Epoch 89: 
BAS Score on Validation Data (Training Time 3.467603):  0.9452945227677848
Epoch 90: 
BAS Score on Validation Data (Training Time 3.440012):  0.9584055798627991
Epoch 91: 
BAS Score on Validation Data (Training Time 3.427025):  0.9444214876033058
Epoch 92: 
BAS Score on Validation Data (Training Time 3.431639):  0.9590227137687032
Epoch 93: 
BAS Score on Validation Data (Training Time 3.432802):  0.9575149894668611
Epoch 94: 
BAS Score on Validation Data (Training Time 3.428344):  0.9582469075784584
Epoch 95: 
BAS Score on Validation Data (Training Time 3.436502):  0.9406957273267434
Epoch 96: 
BAS Score on Validation Data (Training Time 3.451235):  0.9540957705396208
Epoch 97: 
BAS Score on Validation Data (Training Time 3.433033):  0.9459204342894182
Epoch 98: 
BAS Score on Validation Data (Training Time 3.453182):  0.9491451952681901
Epoch 99: 
BAS Score on Validation Data (Training Time 3.454154):  0.9553151839248096
Epoch 100: 
BAS Score on Validation Data (Training Time 3.482133):  0.9545062928752768
Epoch 101: 
BAS Score on Validation Data (Training Time 3.436444):  0.9373372765083996
Epoch 102: 
BAS Score on Validation Data (Training Time 3.447164):  0.965840895586885
Epoch 103: 
BAS Score on Validation Data (Training Time 3.433551):  0.9504685896397126
Epoch 104: 
BAS Score on Validation Data (Training Time 3.429849):  0.953730486685032
Epoch 105: 
BAS Score on Validation Data (Training Time 3.454426):  0.9482728353049209
Epoch 106: 
BAS Score on Validation Data (Training Time 3.459013):  0.9543705774320747
Epoch 107: 
BAS Score on Validation Data (Training Time 3.462309):  0.9508318478906714
Epoch 108: 
BAS Score on Validation Data (Training Time 3.452581):  0.9621569977853399
Epoch 109: 
BAS Score on Validation Data (Training Time 3.453806):  0.9608491330416463
Epoch 110: 
BAS Score on Validation Data (Training Time 3.497903):  0.9576453033003837
Epoch 111: 
BAS Score on Validation Data (Training Time 3.444257):  0.9525259277264624
Epoch 112: 
BAS Score on Validation Data (Training Time 3.459631):  0.9570666558634473
Epoch 113: 
BAS Score on Validation Data (Training Time 3.476736):  0.9227684600010803
Epoch 114: 
BAS Score on Validation Data (Training Time 3.450671):  0.9578154540052936
Epoch 115: 
BAS Score on Validation Data (Training Time 3.438656):  0.9523125641441149
Epoch 116: 
BAS Score on Validation Data (Training Time 3.443298):  0.947054772322152
Epoch 117: 
BAS Score on Validation Data (Training Time 3.424952):  0.9576608329282127
Epoch 118: 
BAS Score on Validation Data (Training Time 3.435811):  0.9494976502997893
Epoch 119: 
BAS Score on Validation Data (Training Time 3.444231):  0.952692027224113
Epoch 120: 
BAS Score on Validation Data (Training Time 3.444316):  0.9565622805596069
Epoch 121: 
BAS Score on Validation Data (Training Time 3.456211):  0.9553901312591152
Epoch 122: 
BAS Score on Validation Data (Training Time 3.454560):  0.9467954950575272
Epoch 123: 
BAS Score on Validation Data (Training Time 3.464029):  0.9601611030086966
Epoch 124: 
BAS Score on Validation Data (Training Time 3.477346):  0.95787757251661
Epoch 125: 
BAS Score on Validation Data (Training Time 3.480387):  0.9496421433587209
Epoch 126: 
BAS Score on Validation Data (Training Time 3.472124):  0.9508277966834117
Epoch 127: 
BAS Score on Validation Data (Training Time 3.486129):  0.9555609571652353
Epoch 128: 
BAS Score on Validation Data (Training Time 3.489298):  0.9428894560579053
Epoch 129: 
BAS Score on Validation Data (Training Time 3.466844):  0.9576675849403123
Epoch 130: 
BAS Score on Validation Data (Training Time 3.481582):  0.9586169178415167
Epoch 131: 
BAS Score on Validation Data (Training Time 3.468834):  0.9557074758277967
Epoch 132: 
BAS Score on Validation Data (Training Time 3.465082):  0.9474727218711175
Epoch 133: 
BAS Score on Validation Data (Training Time 3.472699):  0.9543030573110786
Epoch 134: 
BAS Score on Validation Data (Training Time 3.488360):  0.9629436071949442
Epoch 135: 
BAS Score on Validation Data (Training Time 3.459981):  0.9562199535461567
Epoch 136: 
BAS Score on Validation Data (Training Time 3.480085):  0.953902662993572
Epoch 137: 
BAS Score on Validation Data (Training Time 3.463265):  0.9512113109706694
Epoch 138: 
BAS Score on Validation Data (Training Time 3.442208):  0.952533354939772
Epoch 139: 
BAS Score on Validation Data (Training Time 3.449384):  0.9612846378220711
Epoch 140: 
BAS Score on Validation Data (Training Time 3.470936):  0.9506968076486793
Epoch 141: 
BAS Score on Validation Data (Training Time 3.427764):  0.954197725922325
Epoch 142: 
BAS Score on Validation Data (Training Time 3.435577):  0.9365000270080485
Epoch 143: 
BAS Score on Validation Data (Training Time 3.438139):  0.9507913358180738
Epoch 144: 
BAS Score on Validation Data (Training Time 3.430636):  0.9568391130556906
Epoch 145: 
BAS Score on Validation Data (Training Time 3.427753):  0.9622170906930266
Epoch 146: 
BAS Score on Validation Data (Training Time 3.431284):  0.9512349430130178
Epoch 147: 
BAS Score on Validation Data (Training Time 3.423532):  0.9530701399016906
Epoch 148: 
BAS Score on Validation Data (Training Time 3.435859):  0.952859477124183
Epoch 149: 
BAS Score on Validation Data (Training Time 3.431823):  0.9538094852265976
High Quality
0.9139963983208955 0.8142848029796635 0.7956167029308648 0.9139963983208955 0.7507277294368352
              precision    recall  f1-score   support

           0       1.00      0.82      0.90     23726
           1       0.98      0.95      0.97      5353
           2       0.41      0.97      0.58      3178

    accuracy                           0.86     32257
   macro avg       0.80      0.91      0.81     32257
weighted avg       0.94      0.86      0.88     32257

Low Quality Post 2020
0.870965121783286 0.6343172319098948 0.6750713295834352 0.870965121783286 0.5728217198930197
              precision    recall  f1-score   support

           0       1.00      0.80      0.89      1291
           1       0.99      0.89      0.94       160
           2       0.04      0.92      0.07        12

    accuracy                           0.81      1463
   macro avg       0.68      0.87      0.63      1463
weighted avg       0.99      0.81      0.89      1463


High Quality Post 2020
                          mean       std       sem  count
Model                                                    
Transformer-FNET-128  0.978703  0.001374  0.000793      3
Transformer-FNET-64   0.970808  0.012342  0.007126      3
Transformer-MHA-128   0.791440  0.076580  0.044214      3
Transformer-MHA-64    0.896944  0.083734  0.048344      3
                          mean       std       sem  count
Model                                                    
Transformer-FNET-128  0.975156  0.001793  0.001035      3
Transformer-FNET-64   0.972618  0.002375  0.001371      3
Transformer-MHA-128   0.884891  0.030075  0.017364      3
Transformer-MHA-64    0.932770  0.033669  0.019439      3
                          mean       std       sem  count
Model                                                    
Transformer-FNET-128  0.973737  0.001787  0.001032      3
Transformer-FNET-64   0.963654  0.015844  0.009148      3
Transformer-MHA-128   0.726288  0.115846  0.066884      3
Transformer-MHA-64    0.863262  0.114011  0.065824      3

Low Quality Pre + Post 2020
                          mean       std       sem  count
Model                                                    
Transformer-FNET-128  0.742777  0.026606  0.015361      3
Transformer-FNET-64   0.750029  0.064009  0.036955      3
Transformer-MHA-128   0.622118  0.065337  0.037722      3
Transformer-MHA-64    0.691997  0.063775  0.036821      3
                          mean       std       sem  count
Model                                                    
Transformer-FNET-128  0.920210  0.010486  0.006054      3
Transformer-FNET-64   0.900917  0.011801  0.006813      3
Transformer-MHA-128   0.851108  0.051855  0.029939      3
Transformer-MHA-64    0.909525  0.062691  0.036194      3
                          mean       std       sem  count
Model                                                    
Transformer-FNET-128  0.845000  0.044989  0.025974      3
Transformer-FNET-64   0.843733  0.092176  0.053218      3
Transformer-MHA-128   0.574376  0.152202  0.087874      3
Transformer-MHA-64    0.710251  0.168501  0.097284      3
Saving Results
************Fold: 3
Data Shape Before Sampling:  (81669, 2, 64, 64) (81669,)
Subtype/Host: 0 ,count:  52274 ,index count: (array([False,  True]), array([29395, 52274])) ,downsampling:  (16000, 2, 64, 64) (16000,)
Subtype/Host: 1 ,count:  18507 ,index count: (array([False,  True]), array([63162, 18507])) ,downsampling:  (16000, 2, 64, 64) (16000,)
Subtype/Host: 2 ,count:  10888 ,index count: (array([False,  True]), array([70781, 10888])) ,keep:  (10888, 2, 64, 64) (10888,)
Train shape:  (42888, 2, 64, 64) (42888,)
[[    0 16000]
 [    1 16000]
 [    2 10888]]
Val shape:  (9075, 2, 64, 64) (9075,)
[[   0 5808]
 [   1 2057]
 [   2 1210]]
Emb Dim: 64
Transformer-FNET-64
=====================================================================================================================================================================
Layer (type:depth-idx)                   Input Shape               Output Shape              Kernel Shape              Param #                   Mult-Adds
=====================================================================================================================================================================
TransfomerBlock                          [2, 2, 64, 64]            [2, 3]                    --                        --                        --
├─ModuleList: 1-1                        --                        --                        --                        --                        --
│    └─MakePatches: 2-1                  [2, 1, 64, 64]            [2, 256, 64]              --                        --                        --
│    │    └─Unfold: 3-1                  [2, 1, 64, 64]            [2, 16, 256]              [4, 4]                    --                        --
│    │    └─Linear: 3-2                  [2, 256, 16]              [2, 256, 64]              --                        1,088                     2,176
│    │    └─PositionalEncoding: 3-3      [2, 256, 64]              [2, 256, 64]              --                        --                        --
│    └─MakePatches: 2-2                  [2, 1, 64, 64]            [2, 256, 64]              --                        --                        --
│    │    └─Unfold: 3-4                  [2, 1, 64, 64]            [2, 16, 256]              [4, 4]                    --                        --
│    │    └─Linear: 3-5                  [2, 256, 16]              [2, 256, 64]              --                        1,088                     2,176
│    │    └─PositionalEncoding: 3-6      [2, 256, 64]              [2, 256, 64]              --                        --                        --
├─FNET: 1-2                              [2, 512, 64]              [2, 512, 64]              --                        --                        --
│    └─LayerNorm: 2-3                    [2, 512, 64]              [2, 512, 64]              --                        128                       256
│    └─Sequential: 2-4                   [2, 512, 64]              [2, 512, 64]              --                        --                        --
│    │    └─Linear: 3-7                  [2, 512, 64]              [2, 512, 64]              --                        4,160                     8,320
│    │    └─ReLU: 3-8                    [2, 512, 64]              [2, 512, 64]              --                        --                        --
│    │    └─Dropout: 3-9                 [2, 512, 64]              [2, 512, 64]              --                        --                        --
│    │    └─Linear: 3-10                 [2, 512, 64]              [2, 512, 64]              --                        4,160                     8,320
│    └─LayerNorm: 2-5                    [2, 512, 64]              [2, 512, 64]              --                        128                       256
├─Sequential: 1-3                        [2, 64]                   [2, 3]                    --                        --                        --
│    └─Linear: 2-6                       [2, 64]                   [2, 64]                   --                        4,160                     8,320
│    └─ReLU: 2-7                         [2, 64]                   [2, 64]                   --                        --                        --
│    └─Linear: 2-8                       [2, 64]                   [2, 32]                   --                        2,080                     4,160
│    └─ReLU: 2-9                         [2, 32]                   [2, 32]                   --                        --                        --
│    └─Linear: 2-10                      [2, 32]                   [2, 3]                    --                        99                        198
=====================================================================================================================================================================
Total params: 17,091
Trainable params: 17,091
Non-trainable params: 0
Total mult-adds (Units.MEGABYTES): 0.03
=====================================================================================================================================================================
Input size (MB): 0.07
Forward/backward pass size (MB): 2.62
Params size (MB): 0.07
Estimated Total Size (MB): 2.76
=====================================================================================================================================================================
Total Trainable Parameters:  17091
Total Parameters:  17091
Epoch 0: 
BAS Score on Validation Data (Training Time 1.531858):  0.5938968562631665
Epoch 1: 
BAS Score on Validation Data (Training Time 1.529988):  0.4884169232431264
Epoch 2: 
BAS Score on Validation Data (Training Time 1.529218):  0.6484362339977313
Epoch 3: 
BAS Score on Validation Data (Training Time 1.525216):  0.6555764867930644
Epoch 4: 
BAS Score on Validation Data (Training Time 1.529922):  0.6559107113919947
Epoch 5: 
BAS Score on Validation Data (Training Time 1.532191):  0.8089491168368174
Epoch 6: 
BAS Score on Validation Data (Training Time 1.535760):  0.8678448927780478
Epoch 7: 
BAS Score on Validation Data (Training Time 1.544783):  0.8834562199535462
Epoch 8: 
BAS Score on Validation Data (Training Time 1.560542):  0.9044988656619672
Epoch 9: 
BAS Score on Validation Data (Training Time 1.535176):  0.9137930103170745
Epoch 10: 
BAS Score on Validation Data (Training Time 1.535887):  0.9180157186841679
Epoch 11: 
BAS Score on Validation Data (Training Time 1.540278):  0.9266515421595636
Epoch 12: 
BAS Score on Validation Data (Training Time 1.550875):  0.9320322206017394
Epoch 13: 
BAS Score on Validation Data (Training Time 1.535503):  0.9308202344298601
Epoch 14: 
BAS Score on Validation Data (Training Time 1.541304):  0.9391380381353643
Epoch 15: 
BAS Score on Validation Data (Training Time 1.538334):  0.9388902392913088
Epoch 16: 
BAS Score on Validation Data (Training Time 1.558119):  0.9385357586560795
Epoch 17: 
BAS Score on Validation Data (Training Time 1.549949):  0.9434350186355535
Epoch 18: 
BAS Score on Validation Data (Training Time 1.548696):  0.9438664722087182
Epoch 19: 
BAS Score on Validation Data (Training Time 1.558536):  0.9451736617512019
Epoch 20: 
BAS Score on Validation Data (Training Time 1.544903):  0.9454167341867876
Epoch 21: 
BAS Score on Validation Data (Training Time 1.530400):  0.94708785718144
Epoch 22: 
BAS Score on Validation Data (Training Time 1.528829):  0.9484618916437099
Epoch 23: 
BAS Score on Validation Data (Training Time 1.530612):  0.9485226597526063
Epoch 24: 
BAS Score on Validation Data (Training Time 1.528291):  0.9494949494949495
Epoch 25: 
BAS Score on Validation Data (Training Time 1.529291):  0.9492322962242747
Epoch 26: 
BAS Score on Validation Data (Training Time 1.535372):  0.9504746664506024
Epoch 27: 
BAS Score on Validation Data (Training Time 1.532150):  0.9506556203748717
Epoch 28: 
BAS Score on Validation Data (Training Time 1.547223):  0.9478717657862044
Epoch 29: 
BAS Score on Validation Data (Training Time 1.529005):  0.9504334791767947
Epoch 30: 
BAS Score on Validation Data (Training Time 1.527254):  0.9513598552368606
Epoch 31: 
BAS Score on Validation Data (Training Time 1.529346):  0.9518189920596338
Epoch 32: 
BAS Score on Validation Data (Training Time 1.523917):  0.9532679738562092
Epoch 33: 
BAS Score on Validation Data (Training Time 1.526743):  0.9514300761626965
Epoch 34: 
BAS Score on Validation Data (Training Time 1.525363):  0.9525893966401987
Epoch 35: 
BAS Score on Validation Data (Training Time 1.526726):  0.9530053205855346
Epoch 36: 
BAS Score on Validation Data (Training Time 1.528617):  0.9546008210446714
Epoch 37: 
BAS Score on Validation Data (Training Time 1.519451):  0.9538418948846755
Epoch 38: 
BAS Score on Validation Data (Training Time 1.524403):  0.9537959812023983
Epoch 39: 
BAS Score on Validation Data (Training Time 1.522119):  0.9527332144979205
Epoch 40: 
BAS Score on Validation Data (Training Time 1.526925):  0.9529729109274564
Epoch 41: 
BAS Score on Validation Data (Training Time 1.522552):  0.9559998379517095
Epoch 42: 
BAS Score on Validation Data (Training Time 1.524850):  0.9559910603359801
Epoch 43: 
BAS Score on Validation Data (Training Time 1.530614):  0.9558161832226003
Epoch 44: 
BAS Score on Validation Data (Training Time 1.532356):  0.9552739966510021
Epoch 45: 
BAS Score on Validation Data (Training Time 1.530787):  0.9560916653162642
Epoch 46: 
BAS Score on Validation Data (Training Time 1.530249):  0.9553847296494355
Epoch 47: 
BAS Score on Validation Data (Training Time 1.535578):  0.9559627018851619
Epoch 48: 
BAS Score on Validation Data (Training Time 1.526353):  0.9550045913682278
Epoch 49: 
BAS Score on Validation Data (Training Time 1.523164):  0.9567229784475774
Epoch 50: 
BAS Score on Validation Data (Training Time 1.527900):  0.9560315724085777
Epoch 51: 
BAS Score on Validation Data (Training Time 1.523693):  0.9572469345865068
Epoch 52: 
BAS Score on Validation Data (Training Time 1.532901):  0.9589882785069951
Epoch 53: 
BAS Score on Validation Data (Training Time 1.527268):  0.9590200129638632
Epoch 54: 
BAS Score on Validation Data (Training Time 1.531774):  0.9593933992329715
Epoch 55: 
BAS Score on Validation Data (Training Time 1.538015):  0.9596513260951763
Epoch 56: 
BAS Score on Validation Data (Training Time 1.536063):  0.9582678388159672
Epoch 57: 
BAS Score on Validation Data (Training Time 1.526823):  0.9588552638686328
Epoch 58: 
BAS Score on Validation Data (Training Time 1.525670):  0.957843137254902
Epoch 59: 
BAS Score on Validation Data (Training Time 1.524361):  0.9582097715119106
Epoch 60: 
BAS Score on Validation Data (Training Time 1.536160):  0.9600787284610814
Epoch 61: 
BAS Score on Validation Data (Training Time 1.543841):  0.9605939069842813
Epoch 62: 
BAS Score on Validation Data (Training Time 1.531327):  0.9597242478258522
Epoch 63: 
BAS Score on Validation Data (Training Time 1.540148):  0.9584879544104142
Epoch 64: 
BAS Score on Validation Data (Training Time 1.534294):  0.9608322530113974
Epoch 65: 
BAS Score on Validation Data (Training Time 1.556354):  0.9603555609571653
Epoch 66: 
BAS Score on Validation Data (Training Time 1.545374):  0.9595898827850698
Epoch 67: 
BAS Score on Validation Data (Training Time 1.561863):  0.9607404256468427
Epoch 68: 
BAS Score on Validation Data (Training Time 1.554341):  0.9607849889267001
Epoch 69: 
BAS Score on Validation Data (Training Time 1.548657):  0.9608606114622158
Epoch 70: 
BAS Score on Validation Data (Training Time 1.562215):  0.9604372603035705
Epoch 71: 
BAS Score on Validation Data (Training Time 1.560469):  0.96112934154378
Epoch 72: 
BAS Score on Validation Data (Training Time 1.544316):  0.9596958893750337
Epoch 73: 
BAS Score on Validation Data (Training Time 1.539959):  0.9611259655377302
Epoch 74: 
BAS Score on Validation Data (Training Time 1.535585):  0.9610159077405066
Epoch 75: 
BAS Score on Validation Data (Training Time 1.545268):  0.9618592340517473
Epoch 76: 
BAS Score on Validation Data (Training Time 1.564093):  0.9618308756009291
Epoch 77: 
BAS Score on Validation Data (Training Time 1.528375):  0.9606560254955977
Epoch 78: 
BAS Score on Validation Data (Training Time 1.545085):  0.9605986333927511
Epoch 79: 
BAS Score on Validation Data (Training Time 1.533136):  0.9618247987900395
Epoch 80: 
BAS Score on Validation Data (Training Time 1.530571):  0.958768162912548
Epoch 81: 
BAS Score on Validation Data (Training Time 1.536307):  0.9611509479824988
Epoch 82: 
BAS Score on Validation Data (Training Time 1.545831):  0.9617444498460541
Epoch 83: 
BAS Score on Validation Data (Training Time 1.525126):  0.9614115756495435
Epoch 84: 
BAS Score on Validation Data (Training Time 1.538311):  0.9618410036190785
Epoch 85: 
BAS Score on Validation Data (Training Time 1.538657):  0.9616769297250581
Epoch 86: 
BAS Score on Validation Data (Training Time 1.555096):  0.9622164154918166
Epoch 87: 
BAS Score on Validation Data (Training Time 1.535453):  0.962260978771674
Epoch 88: 
BAS Score on Validation Data (Training Time 1.534460):  0.9604980284124669
Epoch 89: 
BAS Score on Validation Data (Training Time 1.535734):  0.9622724571922433
Epoch 90: 
BAS Score on Validation Data (Training Time 1.550578):  0.9615911791713931
Epoch 91: 
BAS Score on Validation Data (Training Time 1.563696):  0.9617559282666234
Epoch 92: 
BAS Score on Validation Data (Training Time 1.535094):  0.9604899259979472
Epoch 93: 
BAS Score on Validation Data (Training Time 1.553168):  0.9599261329876304
Epoch 94: 
BAS Score on Validation Data (Training Time 1.538338):  0.9623757629773673
Epoch 95: 
BAS Score on Validation Data (Training Time 1.539901):  0.9626917571436288
Epoch 96: 
BAS Score on Validation Data (Training Time 1.551081):  0.9608410306271269
Epoch 97: 
BAS Score on Validation Data (Training Time 1.550637):  0.9602617079889807
Epoch 98: 
BAS Score on Validation Data (Training Time 1.555205):  0.9617734834980824
Epoch 99: 
BAS Score on Validation Data (Training Time 1.542815):  0.9620388375735969
Epoch 100: 
BAS Score on Validation Data (Training Time 1.547806):  0.9627390212283261
Epoch 101: 
BAS Score on Validation Data (Training Time 1.555807):  0.9629638632312428
Epoch 102: 
BAS Score on Validation Data (Training Time 1.560636):  0.9602630583914008
Epoch 103: 
BAS Score on Validation Data (Training Time 1.530120):  0.9627099875762978
Epoch 104: 
BAS Score on Validation Data (Training Time 1.540560):  0.9628490790255496
Epoch 105: 
BAS Score on Validation Data (Training Time 1.557201):  0.9616776049262681
Epoch 106: 
BAS Score on Validation Data (Training Time 1.542039):  0.9600125587425051
Epoch 107: 
BAS Score on Validation Data (Training Time 1.535523):  0.9624304542753741
Epoch 108: 
BAS Score on Validation Data (Training Time 1.548920):  0.9620604440123156
Epoch 109: 
BAS Score on Validation Data (Training Time 1.547399):  0.9616330416464107
Epoch 110: 
BAS Score on Validation Data (Training Time 1.568484):  0.9628551558364392
Epoch 111: 
BAS Score on Validation Data (Training Time 1.538139):  0.9607600064819316
Epoch 112: 
BAS Score on Validation Data (Training Time 1.540905):  0.9625276832496085
Epoch 113: 
BAS Score on Validation Data (Training Time 1.573965):  0.9626931075460488
Epoch 114: 
BAS Score on Validation Data (Training Time 1.563482):  0.9637416950251175
Epoch 115: 
BAS Score on Validation Data (Training Time 1.539894):  0.9613778155890454
Epoch 116: 
BAS Score on Validation Data (Training Time 1.533115):  0.9620894776643439
Epoch 117: 
BAS Score on Validation Data (Training Time 1.524939):  0.9611901096526765
Epoch 118: 
BAS Score on Validation Data (Training Time 1.531029):  0.9628983687138768
Epoch 119: 
BAS Score on Validation Data (Training Time 1.529651):  0.9629814184627019
Epoch 120: 
BAS Score on Validation Data (Training Time 1.543603):  0.9618713876735266
Epoch 121: 
BAS Score on Validation Data (Training Time 1.535656):  0.9633845135850483
Epoch 122: 
BAS Score on Validation Data (Training Time 1.548652):  0.9611867336466267
Epoch 123: 
BAS Score on Validation Data (Training Time 1.541112):  0.9608241505968778
Epoch 124: 
BAS Score on Validation Data (Training Time 1.530288):  0.9634749905471831
Epoch 125: 
BAS Score on Validation Data (Training Time 1.546655):  0.963098903473235
Epoch 126: 
BAS Score on Validation Data (Training Time 1.530494):  0.9624047966293956
Epoch 127: 
BAS Score on Validation Data (Training Time 1.527338):  0.9640401339599199
Epoch 128: 
BAS Score on Validation Data (Training Time 1.540951):  0.9628294981904607
Epoch 129: 
BAS Score on Validation Data (Training Time 1.533698):  0.9642609247555772
Epoch 130: 
BAS Score on Validation Data (Training Time 1.526859):  0.961063847026414
Epoch 131: 
BAS Score on Validation Data (Training Time 1.553789):  0.9628038405444822
Epoch 132: 
BAS Score on Validation Data (Training Time 1.533698):  0.9613319019067683
Epoch 133: 
BAS Score on Validation Data (Training Time 1.527291):  0.9630428617728084
Epoch 134: 
BAS Score on Validation Data (Training Time 1.532195):  0.9601631286123263
Epoch 135: 
BAS Score on Validation Data (Training Time 1.542007):  0.9647200615783503
Epoch 136: 
BAS Score on Validation Data (Training Time 1.526068):  0.9650414573542916
Epoch 137: 
BAS Score on Validation Data (Training Time 1.532337):  0.9617680818884026
Epoch 138: 
BAS Score on Validation Data (Training Time 1.539118):  0.9644533571004158
Epoch 139: 
BAS Score on Validation Data (Training Time 1.549335):  0.9615256846540269
Epoch 140: 
BAS Score on Validation Data (Training Time 1.527484):  0.9623534813374386
Epoch 141: 
BAS Score on Validation Data (Training Time 1.523572):  0.9606452222762383
Epoch 142: 
BAS Score on Validation Data (Training Time 1.521274):  0.9643642305407011
Epoch 143: 
BAS Score on Validation Data (Training Time 1.526978):  0.9641907038297414
Epoch 144: 
BAS Score on Validation Data (Training Time 1.524007):  0.9633271214822017
Epoch 145: 
BAS Score on Validation Data (Training Time 1.511728):  0.9641893534273214
Epoch 146: 
BAS Score on Validation Data (Training Time 1.530438):  0.9653972883919408
Epoch 147: 
BAS Score on Validation Data (Training Time 1.511133):  0.9633230702749419
Epoch 148: 
BAS Score on Validation Data (Training Time 1.511720):  0.9650873710365689
Epoch 149: 
BAS Score on Validation Data (Training Time 1.511708):  0.9620509911953762
High Quality
0.9679158960013935 0.9755050717173512 0.9840258573234605 0.9679158960013935 0.97020904521922
              precision    recall  f1-score   support

           0       0.99      1.00      0.99     23726
           1       0.98      1.00      0.99      5353
           2       0.98      0.91      0.94      3178

    accuracy                           0.99     32257
   macro avg       0.98      0.97      0.98     32257
weighted avg       0.99      0.99      0.99     32257

Low Quality Post 2020
0.9071133488252001 0.7665383054468252 0.7277732416636861 0.9071133488252001 0.8864780707026114
              precision    recall  f1-score   support

           0       1.00      0.97      0.98      1291
           1       0.98      1.00      0.99       160
           2       0.21      0.75      0.33        12

    accuracy                           0.97      1463
   macro avg       0.73      0.91      0.77      1463
weighted avg       0.99      0.97      0.98      1463

Emb Dim: 128
Transformer-FNET-128
=====================================================================================================================================================================
Layer (type:depth-idx)                   Input Shape               Output Shape              Kernel Shape              Param #                   Mult-Adds
=====================================================================================================================================================================
TransfomerBlock                          [2, 2, 64, 64]            [2, 3]                    --                        --                        --
├─ModuleList: 1-1                        --                        --                        --                        --                        --
│    └─MakePatches: 2-1                  [2, 1, 64, 64]            [2, 256, 128]             --                        --                        --
│    │    └─Unfold: 3-1                  [2, 1, 64, 64]            [2, 16, 256]              [4, 4]                    --                        --
│    │    └─Linear: 3-2                  [2, 256, 16]              [2, 256, 128]             --                        2,176                     4,352
│    │    └─PositionalEncoding: 3-3      [2, 256, 128]             [2, 256, 128]             --                        --                        --
│    └─MakePatches: 2-2                  [2, 1, 64, 64]            [2, 256, 128]             --                        --                        --
│    │    └─Unfold: 3-4                  [2, 1, 64, 64]            [2, 16, 256]              [4, 4]                    --                        --
│    │    └─Linear: 3-5                  [2, 256, 16]              [2, 256, 128]             --                        2,176                     4,352
│    │    └─PositionalEncoding: 3-6      [2, 256, 128]             [2, 256, 128]             --                        --                        --
├─FNET: 1-2                              [2, 512, 128]             [2, 512, 128]             --                        --                        --
│    └─LayerNorm: 2-3                    [2, 512, 128]             [2, 512, 128]             --                        256                       512
│    └─Sequential: 2-4                   [2, 512, 128]             [2, 512, 128]             --                        --                        --
│    │    └─Linear: 3-7                  [2, 512, 128]             [2, 512, 128]             --                        16,512                    33,024
│    │    └─ReLU: 3-8                    [2, 512, 128]             [2, 512, 128]             --                        --                        --
│    │    └─Dropout: 3-9                 [2, 512, 128]             [2, 512, 128]             --                        --                        --
│    │    └─Linear: 3-10                 [2, 512, 128]             [2, 512, 128]             --                        16,512                    33,024
│    └─LayerNorm: 2-5                    [2, 512, 128]             [2, 512, 128]             --                        256                       512
├─Sequential: 1-3                        [2, 128]                  [2, 3]                    --                        --                        --
│    └─Linear: 2-6                       [2, 128]                  [2, 64]                   --                        8,256                     16,512
│    └─ReLU: 2-7                         [2, 64]                   [2, 64]                   --                        --                        --
│    └─Linear: 2-8                       [2, 64]                   [2, 32]                   --                        2,080                     4,160
│    └─ReLU: 2-9                         [2, 32]                   [2, 32]                   --                        --                        --
│    └─Linear: 2-10                      [2, 32]                   [2, 3]                    --                        99                        198
=====================================================================================================================================================================
Total params: 48,323
Trainable params: 48,323
Non-trainable params: 0
Total mult-adds (Units.MEGABYTES): 0.10
=====================================================================================================================================================================
Input size (MB): 0.07
Forward/backward pass size (MB): 5.24
Params size (MB): 0.19
Estimated Total Size (MB): 5.50
=====================================================================================================================================================================
Total Trainable Parameters:  48323
Total Parameters:  48323
Epoch 0: 
BAS Score on Validation Data (Training Time 1.885432):  0.46797183060552044
Epoch 1: 
BAS Score on Validation Data (Training Time 1.885800):  0.6394054178145087
Epoch 2: 
BAS Score on Validation Data (Training Time 1.888910):  0.6562651920272241
Epoch 3: 
BAS Score on Validation Data (Training Time 1.881025):  0.8562510128018149
Epoch 4: 
BAS Score on Validation Data (Training Time 1.880221):  0.89777386161076
Epoch 5: 
BAS Score on Validation Data (Training Time 1.879951):  0.9227725112083401
Epoch 6: 
BAS Score on Validation Data (Training Time 1.882632):  0.9266414141414142
Epoch 7: 
BAS Score on Validation Data (Training Time 1.881209):  0.9316412791011722
Epoch 8: 
BAS Score on Validation Data (Training Time 1.881240):  0.9357275968238534
Epoch 9: 
BAS Score on Validation Data (Training Time 1.881384):  0.9398983146977798
Epoch 10: 
BAS Score on Validation Data (Training Time 1.882039):  0.9432095014314266
Epoch 11: 
BAS Score on Validation Data (Training Time 1.881371):  0.9443094042024524
Epoch 12: 
BAS Score on Validation Data (Training Time 1.882329):  0.9454228109976773
Epoch 13: 
BAS Score on Validation Data (Training Time 1.880537):  0.9466834116566737
Epoch 14: 
BAS Score on Validation Data (Training Time 1.880826):  0.9463093501863554
Epoch 15: 
BAS Score on Validation Data (Training Time 1.880383):  0.9479507643277697
Epoch 16: 
BAS Score on Validation Data (Training Time 1.883247):  0.9496212121212121
Epoch 17: 
BAS Score on Validation Data (Training Time 1.883045):  0.9500958785718144
Epoch 18: 
BAS Score on Validation Data (Training Time 1.891043):  0.9511734997029114
Epoch 19: 
BAS Score on Validation Data (Training Time 1.886369):  0.951590774050667
Epoch 20: 
BAS Score on Validation Data (Training Time 1.889359):  0.9491080592016421
Epoch 21: 
BAS Score on Validation Data (Training Time 1.883540):  0.9522477448279587
Epoch 22: 
BAS Score on Validation Data (Training Time 1.881621):  0.9556386053043807
Epoch 23: 
BAS Score on Validation Data (Training Time 1.882351):  0.956213876735267
Epoch 24: 
BAS Score on Validation Data (Training Time 1.887058):  0.9553354399611084
Epoch 25: 
BAS Score on Validation Data (Training Time 1.884368):  0.9554063360881543
Epoch 26: 
BAS Score on Validation Data (Training Time 1.886695):  0.9577789931399557
Epoch 27: 
BAS Score on Validation Data (Training Time 1.880028):  0.9569424188408145
Epoch 28: 
BAS Score on Validation Data (Training Time 1.896572):  0.955086965915843
Epoch 29: 
BAS Score on Validation Data (Training Time 1.881182):  0.9522288391940799
Epoch 30: 
BAS Score on Validation Data (Training Time 1.886250):  0.958922783989629
Epoch 31: 
BAS Score on Validation Data (Training Time 1.885849):  0.9592036676929725
Epoch 32: 
BAS Score on Validation Data (Training Time 1.887693):  0.9593974504402313
Epoch 33: 
BAS Score on Validation Data (Training Time 1.880675):  0.9595237130664938
Epoch 34: 
BAS Score on Validation Data (Training Time 1.880476):  0.9602509047696214
Epoch 35: 
BAS Score on Validation Data (Training Time 1.884067):  0.9599193809755308
Epoch 36: 
BAS Score on Validation Data (Training Time 1.886546):  0.9604446875168801
Epoch 37: 
BAS Score on Validation Data (Training Time 1.885548):  0.9597012909847135
Epoch 38: 
BAS Score on Validation Data (Training Time 1.890696):  0.9605912061794415
Epoch 39: 
BAS Score on Validation Data (Training Time 1.881790):  0.9608005185545293
Epoch 40: 
BAS Score on Validation Data (Training Time 1.880186):  0.9618119699670502
Epoch 41: 
BAS Score on Validation Data (Training Time 1.882203):  0.9617775347053422
Epoch 42: 
BAS Score on Validation Data (Training Time 1.888953):  0.9620989304812834
Epoch 43: 
BAS Score on Validation Data (Training Time 1.886039):  0.9623987198185059
Epoch 44: 
BAS Score on Validation Data (Training Time 1.889342):  0.9620759736401449
Epoch 45: 
BAS Score on Validation Data (Training Time 1.893128):  0.9618477556311781
Epoch 46: 
BAS Score on Validation Data (Training Time 1.885530):  0.9623041916491114
Epoch 47: 
BAS Score on Validation Data (Training Time 1.886158):  0.9610213093501864
Epoch 48: 
BAS Score on Validation Data (Training Time 1.888330):  0.9625810241451953
Epoch 49: 
BAS Score on Validation Data (Training Time 1.889199):  0.9626728515097499
Epoch 50: 
BAS Score on Validation Data (Training Time 1.883003):  0.9630874250526658
Epoch 51: 
BAS Score on Validation Data (Training Time 1.887767):  0.961078701453033
Epoch 52: 
BAS Score on Validation Data (Training Time 1.891055):  0.9630415113703883
Epoch 53: 
BAS Score on Validation Data (Training Time 1.890321):  0.9633169934640522
Epoch 54: 
BAS Score on Validation Data (Training Time 1.889140):  0.9643372224923027
Epoch 55: 
BAS Score on Validation Data (Training Time 1.889436):  0.963510776211311
Epoch 56: 
BAS Score on Validation Data (Training Time 1.887865):  0.9640286555393507
Epoch 57: 
BAS Score on Validation Data (Training Time 1.891021):  0.9640630908010587
Epoch 58: 
BAS Score on Validation Data (Training Time 1.888166):  0.9632467725382163
Epoch 59: 
BAS Score on Validation Data (Training Time 1.891179):  0.9644189218387079
Epoch 60: 
BAS Score on Validation Data (Training Time 1.891506):  0.9628679846594285
Epoch 61: 
BAS Score on Validation Data (Training Time 1.890265):  0.9618247987900393
Epoch 62: 
BAS Score on Validation Data (Training Time 1.891845):  0.9628679846594285
Epoch 63: 
BAS Score on Validation Data (Training Time 1.896841):  0.9623744125749473
Epoch 64: 
BAS Score on Validation Data (Training Time 1.889536):  0.9645107492032626
Epoch 65: 
BAS Score on Validation Data (Training Time 1.887000):  0.9633514287257602
Epoch 66: 
BAS Score on Validation Data (Training Time 1.894173):  0.9641549181656134
Epoch 67: 
BAS Score on Validation Data (Training Time 1.893891):  0.9646815751093826
Epoch 68: 
BAS Score on Validation Data (Training Time 1.894464):  0.9652798033814075
Epoch 69: 
BAS Score on Validation Data (Training Time 1.897050):  0.9652224112785609
Epoch 70: 
BAS Score on Validation Data (Training Time 1.890934):  0.9654864149516555
Epoch 71: 
BAS Score on Validation Data (Training Time 1.890456):  0.9643588289310214
Epoch 72: 
BAS Score on Validation Data (Training Time 1.894085):  0.9627160643871874
Epoch 73: 
BAS Score on Validation Data (Training Time 1.892765):  0.9643588289310214
Epoch 74: 
BAS Score on Validation Data (Training Time 1.897931):  0.965119105493437
Epoch 75: 
BAS Score on Validation Data (Training Time 1.898854):  0.965291281801977
Epoch 76: 
BAS Score on Validation Data (Training Time 1.893362):  0.9656011991573488
Epoch 77: 
BAS Score on Validation Data (Training Time 1.900230):  0.9634290768649058
Epoch 78: 
BAS Score on Validation Data (Training Time 1.899611):  0.965291281801977
Epoch 79: 
BAS Score on Validation Data (Training Time 1.884076):  0.9655667638956409
Epoch 80: 
BAS Score on Validation Data (Training Time 1.889066):  0.9650988494571383
Epoch 81: 
BAS Score on Validation Data (Training Time 1.888427):  0.965153540755145
Epoch 82: 
BAS Score on Validation Data (Training Time 1.882135):  0.9625567169016368
Epoch 83: 
BAS Score on Validation Data (Training Time 1.881746):  0.9646370118295252
Epoch 84: 
BAS Score on Validation Data (Training Time 1.880993):  0.965291281801977
Epoch 85: 
BAS Score on Validation Data (Training Time 1.887203):  0.9649124939231891
Epoch 86: 
BAS Score on Validation Data (Training Time 1.886157):  0.9655667638956409
Epoch 87: 
BAS Score on Validation Data (Training Time 1.888453):  0.9662581699346405
Epoch 88: 
BAS Score on Validation Data (Training Time 1.880789):  0.9612765354075515
Epoch 89: 
BAS Score on Validation Data (Training Time 1.886935):  0.9644749635391346
Epoch 90: 
BAS Score on Validation Data (Training Time 1.889843):  0.9655667638956409
Epoch 91: 
BAS Score on Validation Data (Training Time 1.889574):  0.9657389402041808
Epoch 92: 
BAS Score on Validation Data (Training Time 1.896785):  0.966866526224815
Epoch 93: 
BAS Score on Validation Data (Training Time 1.899018):  0.9661204288878086
Epoch 94: 
BAS Score on Validation Data (Training Time 1.888684):  0.9663932101766326
Epoch 95: 
BAS Score on Validation Data (Training Time 1.894920):  0.9645910981472477
Epoch 96: 
BAS Score on Validation Data (Training Time 1.896111):  0.9637808566952951
Epoch 97: 
BAS Score on Validation Data (Training Time 1.897869):  0.9664418246637498
Epoch 98: 
BAS Score on Validation Data (Training Time 1.897107):  0.964486441959704
Epoch 99: 
BAS Score on Validation Data (Training Time 1.896003):  0.9668550478042457
Epoch 100: 
BAS Score on Validation Data (Training Time 1.881197):  0.9643730081564307
Epoch 101: 
BAS Score on Validation Data (Training Time 1.888429):  0.9660819424188407
Epoch 102: 
BAS Score on Validation Data (Training Time 1.888271):  0.9667733484578406
Epoch 103: 
BAS Score on Validation Data (Training Time 1.890291):  0.964486441959704
Epoch 104: 
BAS Score on Validation Data (Training Time 1.889081):  0.9653128882406957
Epoch 105: 
BAS Score on Validation Data (Training Time 1.891810):  0.9665680872900123
Epoch 106: 
BAS Score on Validation Data (Training Time 1.883547):  0.9671994004213257
Epoch 107: 
BAS Score on Validation Data (Training Time 1.883923):  0.9673715767298656
Epoch 108: 
BAS Score on Validation Data (Training Time 1.886288):  0.9669556527845297
Epoch 109: 
BAS Score on Validation Data (Training Time 1.894158):  0.9647058823529412
Epoch 110: 
BAS Score on Validation Data (Training Time 1.899113):  0.9651994544374224
Epoch 111: 
BAS Score on Validation Data (Training Time 1.892268):  0.9671190514773403
Epoch 112: 
BAS Score on Validation Data (Training Time 1.887986):  0.9674748825149896
Epoch 113: 
BAS Score on Validation Data (Training Time 1.887942):  0.9671994004213257
Epoch 114: 
BAS Score on Validation Data (Training Time 1.887160):  0.9664634311024685
Epoch 115: 
BAS Score on Validation Data (Training Time 1.902995):  0.9670616593744935
Epoch 116: 
BAS Score on Validation Data (Training Time 1.901284):  0.9664634311024685
Epoch 117: 
BAS Score on Validation Data (Training Time 1.916851):  0.9679914114406093
Epoch 118: 
BAS Score on Validation Data (Training Time 1.907980):  0.9675667098795442
Epoch 119: 
BAS Score on Validation Data (Training Time 1.940238):  0.9658078107275968
Epoch 120: 
BAS Score on Validation Data (Training Time 1.962670):  0.9681750661697186
Epoch 121: 
BAS Score on Validation Data (Training Time 1.928677):  0.9652109328579916
Epoch 122: 
BAS Score on Validation Data (Training Time 1.932533):  0.9627322692162265
Epoch 123: 
BAS Score on Validation Data (Training Time 1.936267):  0.9676700156646681
Epoch 124: 
BAS Score on Validation Data (Training Time 1.934990):  0.9685538540485065
Epoch 125: 
BAS Score on Validation Data (Training Time 1.897275):  0.9670143952897963
Epoch 126: 
BAS Score on Validation Data (Training Time 1.911578):  0.9678881056554852
Epoch 127: 
BAS Score on Validation Data (Training Time 1.911974):  0.9637477718360071
Epoch 128: 
BAS Score on Validation Data (Training Time 1.908093):  0.9651710959866039
Epoch 129: 
BAS Score on Validation Data (Training Time 1.910556):  0.9682439366931345
Epoch 130: 
BAS Score on Validation Data (Training Time 1.906327):  0.9683357640576892
Epoch 131: 
BAS Score on Validation Data (Training Time 1.910871):  0.9689326419272944
Epoch 132: 
BAS Score on Validation Data (Training Time 1.902351):  0.9683816777399666
Epoch 133: 
BAS Score on Validation Data (Training Time 1.912787):  0.9654580565008373
Epoch 134: 
BAS Score on Validation Data (Training Time 1.903686):  0.9667490412142818
Epoch 135: 
BAS Score on Validation Data (Training Time 1.908094):  0.9681980230108572
Epoch 136: 
BAS Score on Validation Data (Training Time 1.894252):  0.9692540377032355
Epoch 137: 
BAS Score on Validation Data (Training Time 1.890265):  0.9658496732026144
Epoch 138: 
BAS Score on Validation Data (Training Time 1.889811):  0.9651582671636149
Epoch 139: 
BAS Score on Validation Data (Training Time 1.895951):  0.9685308972073677
Epoch 140: 
BAS Score on Validation Data (Training Time 1.894305):  0.9675194457948469
Epoch 141: 
BAS Score on Validation Data (Training Time 1.895564):  0.9691966456003889
Epoch 142: 
BAS Score on Validation Data (Training Time 1.884015):  0.9687820720574732
Epoch 143: 
BAS Score on Validation Data (Training Time 1.884614):  0.9658881596715821
Epoch 144: 
BAS Score on Validation Data (Training Time 1.886214):  0.9695065629557608
Epoch 145: 
BAS Score on Validation Data (Training Time 1.891945):  0.9659799870361367
Epoch 146: 
BAS Score on Validation Data (Training Time 1.893411):  0.9662885539890887
Epoch 147: 
BAS Score on Validation Data (Training Time 1.894086):  0.9666113001674499
Epoch 148: 
BAS Score on Validation Data (Training Time 1.893813):  0.9704937071247232
Epoch 149: 
BAS Score on Validation Data (Training Time 1.888792):  0.9677949278885108
High Quality
0.9758901036876559 0.9792598593384344 0.9829627473457379 0.9758901036876559 0.9743976505076207
              precision    recall  f1-score   support

           0       0.99      0.99      0.99     23726
           1       0.98      1.00      0.99      5353
           2       0.97      0.93      0.95      3178

    accuracy                           0.99     32257
   macro avg       0.98      0.98      0.98     32257
weighted avg       0.99      0.99      0.99     32257

Low Quality Post 2020
0.9011747998967209 0.7312864559739009 0.7034504441483255 0.9011747998967209 0.8360274766957173
              precision    recall  f1-score   support

           0       1.00      0.95      0.98      1291
           1       0.98      1.00      0.99       160
           2       0.14      0.75      0.23        12

    accuracy                           0.96      1463
   macro avg       0.70      0.90      0.73      1463
weighted avg       0.99      0.96      0.97      1463

Emb Dim: 64
Transformer-MHA-64
=====================================================================================================================================================================
Layer (type:depth-idx)                   Input Shape               Output Shape              Kernel Shape              Param #                   Mult-Adds
=====================================================================================================================================================================
TransfomerBlock                          [2, 2, 64, 64]            [2, 3]                    --                        --                        --
├─ModuleList: 1-1                        --                        --                        --                        --                        --
│    └─MakePatches: 2-1                  [2, 1, 64, 64]            [2, 256, 64]              --                        --                        --
│    │    └─Unfold: 3-1                  [2, 1, 64, 64]            [2, 16, 256]              [4, 4]                    --                        --
│    │    └─Linear: 3-2                  [2, 256, 16]              [2, 256, 64]              --                        1,088                     2,176
│    │    └─PositionalEncoding: 3-3      [2, 256, 64]              [2, 256, 64]              --                        --                        --
│    └─MakePatches: 2-2                  [2, 1, 64, 64]            [2, 256, 64]              --                        --                        --
│    │    └─Unfold: 3-4                  [2, 1, 64, 64]            [2, 16, 256]              [4, 4]                    --                        --
│    │    └─Linear: 3-5                  [2, 256, 16]              [2, 256, 64]              --                        1,088                     2,176
│    │    └─PositionalEncoding: 3-6      [2, 256, 64]              [2, 256, 64]              --                        --                        --
├─TransformerEncoderLayer: 1-2           [2, 512, 64]              [2, 512, 64]              --                        --                        --
│    └─MultiheadAttention: 2-3           [2, 512, 64]              [2, 512, 64]              --                        16,640                    --
│    └─Dropout: 2-4                      [2, 512, 64]              [2, 512, 64]              --                        --                        --
│    └─LayerNorm: 2-5                    [2, 512, 64]              [2, 512, 64]              --                        128                       256
│    └─Linear: 2-6                       [2, 512, 64]              [2, 512, 2048]            --                        133,120                   266,240
│    └─Dropout: 2-7                      [2, 512, 2048]            [2, 512, 2048]            --                        --                        --
│    └─Linear: 2-8                       [2, 512, 2048]            [2, 512, 64]              --                        131,136                   262,272
│    └─Dropout: 2-9                      [2, 512, 64]              [2, 512, 64]              --                        --                        --
│    └─LayerNorm: 2-10                   [2, 512, 64]              [2, 512, 64]              --                        128                       256
├─Sequential: 1-3                        [2, 64]                   [2, 3]                    --                        --                        --
│    └─Linear: 2-11                      [2, 64]                   [2, 64]                   --                        4,160                     8,320
│    └─ReLU: 2-12                        [2, 64]                   [2, 64]                   --                        --                        --
│    └─Linear: 2-13                      [2, 64]                   [2, 32]                   --                        2,080                     4,160
│    └─ReLU: 2-14                        [2, 32]                   [2, 32]                   --                        --                        --
│    └─Linear: 2-15                      [2, 32]                   [2, 3]                    --                        99                        198
=====================================================================================================================================================================
Total params: 289,667
Trainable params: 289,667
Non-trainable params: 0
Total mult-adds (Units.MEGABYTES): 0.55
=====================================================================================================================================================================
Input size (MB): 0.07
Forward/backward pass size (MB): 18.88
Params size (MB): 1.09
Estimated Total Size (MB): 20.03
=====================================================================================================================================================================
Total Trainable Parameters:  289667
Total Parameters:  289667
Epoch 0: 
BAS Score on Validation Data (Training Time 2.970663):  0.6529128180197699
Epoch 1: 
BAS Score on Validation Data (Training Time 2.969687):  0.6541281801976989
Epoch 2: 
BAS Score on Validation Data (Training Time 2.974695):  0.9012801814940853
Epoch 3: 
BAS Score on Validation Data (Training Time 2.983938):  0.9063435153675795
Epoch 4: 
BAS Score on Validation Data (Training Time 2.997139):  0.9142933344136552
Epoch 5: 
BAS Score on Validation Data (Training Time 2.985988):  0.9470973099983796
Epoch 6: 
BAS Score on Validation Data (Training Time 2.986284):  0.9495422135796469
Epoch 7: 
BAS Score on Validation Data (Training Time 2.986233):  0.9377457732404256
Epoch 8: 
BAS Score on Validation Data (Training Time 2.983232):  0.9499020958245556
Epoch 9: 
BAS Score on Validation Data (Training Time 2.984581):  0.9450386215092097
Epoch 10: 
BAS Score on Validation Data (Training Time 2.981239):  0.9392332415059688
Epoch 11: 
BAS Score on Validation Data (Training Time 2.974197):  0.9479257818830011
Epoch 12: 
BAS Score on Validation Data (Training Time 2.993709):  0.951266677469886
Epoch 13: 
BAS Score on Validation Data (Training Time 2.988384):  0.9370746232377248
Epoch 14: 
BAS Score on Validation Data (Training Time 2.982381):  0.9482789121158106
Epoch 15: 
BAS Score on Validation Data (Training Time 2.978927):  0.9389793658510236
Epoch 16: 
BAS Score on Validation Data (Training Time 2.968762):  0.9478636633716847
Epoch 17: 
BAS Score on Validation Data (Training Time 2.966341):  0.9503632582509588
Epoch 18: 
BAS Score on Validation Data (Training Time 2.961721):  0.9541302058013287
Epoch 19: 
BAS Score on Validation Data (Training Time 2.963178):  0.9491890833468374
Epoch 20: 
BAS Score on Validation Data (Training Time 2.960586):  0.9379577864203532
Epoch 21: 
BAS Score on Validation Data (Training Time 2.964345):  0.9486124615135311
Epoch 22: 
BAS Score on Validation Data (Training Time 2.963114):  0.9484031491384433
Epoch 23: 
BAS Score on Validation Data (Training Time 2.993711):  0.952773051369308
Epoch 24: 
BAS Score on Validation Data (Training Time 2.963340):  0.9498561821422783
Epoch 25: 
BAS Score on Validation Data (Training Time 2.969424):  0.9438603953978285
Epoch 26: 
BAS Score on Validation Data (Training Time 2.960394):  0.947228974234322
Epoch 27: 
BAS Score on Validation Data (Training Time 2.973261):  0.9525637389942202
Epoch 28: 
BAS Score on Validation Data (Training Time 2.974427):  0.9484234051747421
Epoch 29: 
BAS Score on Validation Data (Training Time 2.969537):  0.9505320585534488
Epoch 30: 
BAS Score on Validation Data (Training Time 2.960536):  0.9527433425160697
Epoch 31: 
BAS Score on Validation Data (Training Time 2.965951):  0.9501033057851239
Epoch 32: 
BAS Score on Validation Data (Training Time 2.968524):  0.9497893372224923
Epoch 33: 
BAS Score on Validation Data (Training Time 2.960557):  0.9487177929022849
Epoch 34: 
BAS Score on Validation Data (Training Time 2.956015):  0.9561024685356235
Epoch 35: 
BAS Score on Validation Data (Training Time 2.958759):  0.9593400583373844
Epoch 36: 
BAS Score on Validation Data (Training Time 2.962613):  0.9489858477826392
Epoch 37: 
BAS Score on Validation Data (Training Time 2.962269):  0.9541275049964889
Epoch 38: 
BAS Score on Validation Data (Training Time 2.957692):  0.9574893318208826
Epoch 39: 
BAS Score on Validation Data (Training Time 2.965156):  0.9487339977313239
Epoch 40: 
BAS Score on Validation Data (Training Time 2.960488):  0.9493882677037756
Epoch 41: 
BAS Score on Validation Data (Training Time 2.960149):  0.9498757629773672
Epoch 42: 
BAS Score on Validation Data (Training Time 2.954004):  0.9534631070058878
Epoch 43: 
BAS Score on Validation Data (Training Time 2.958073):  0.9595615243342518
Epoch 44: 
BAS Score on Validation Data (Training Time 2.966978):  0.9563793010317075
Epoch 45: 
BAS Score on Validation Data (Training Time 2.968066):  0.9541403338194782
Epoch 46: 
BAS Score on Validation Data (Training Time 2.962420):  0.9591901636687732
Epoch 47: 
BAS Score on Validation Data (Training Time 2.964419):  0.9482255712202236
Epoch 48: 
BAS Score on Validation Data (Training Time 2.963689):  0.9512389942202777
Epoch 49: 
BAS Score on Validation Data (Training Time 2.968543):  0.9592144709123319
Epoch 50: 
BAS Score on Validation Data (Training Time 2.958951):  0.95873170204721
Epoch 51: 
BAS Score on Validation Data (Training Time 2.965129):  0.9547507157132825
Epoch 52: 
BAS Score on Validation Data (Training Time 2.970280):  0.960426457084211
Epoch 53: 
BAS Score on Validation Data (Training Time 2.964500):  0.9532585210392698
Epoch 54: 
BAS Score on Validation Data (Training Time 2.957018):  0.9618646356614272
Epoch 55: 
BAS Score on Validation Data (Training Time 2.963531):  0.9568694971101387
Epoch 56: 
BAS Score on Validation Data (Training Time 2.970109):  0.9634547345108843
Epoch 57: 
BAS Score on Validation Data (Training Time 2.961819):  0.9591017123102684
Epoch 58: 
BAS Score on Validation Data (Training Time 2.960103):  0.9567668665262249
Epoch 59: 
BAS Score on Validation Data (Training Time 2.964678):  0.9574123588829471
Epoch 60: 
BAS Score on Validation Data (Training Time 2.970315):  0.9606992383730352
Epoch 61: 
BAS Score on Validation Data (Training Time 2.963731):  0.9567060984173285
Epoch 62: 
BAS Score on Validation Data (Training Time 2.960886):  0.964537082050451
Epoch 63: 
BAS Score on Validation Data (Training Time 2.965852):  0.9550478042456652
Epoch 64: 
BAS Score on Validation Data (Training Time 2.971011):  0.9615607951169448
Epoch 65: 
BAS Score on Validation Data (Training Time 2.963030):  0.943131178091071
Epoch 66: 
BAS Score on Validation Data (Training Time 2.962476):  0.9609916004969481
Epoch 67: 
BAS Score on Validation Data (Training Time 2.969942):  0.9595932587911197
Epoch 68: 
BAS Score on Validation Data (Training Time 2.973492):  0.9596162156322584
Epoch 69: 
BAS Score on Validation Data (Training Time 2.958132):  0.9567547129044455
Epoch 70: 
BAS Score on Validation Data (Training Time 2.960859):  0.9633385999027709
Epoch 71: 
BAS Score on Validation Data (Training Time 2.969849):  0.9602522551720413
Epoch 72: 
BAS Score on Validation Data (Training Time 2.976562):  0.9651326095176364
Epoch 73: 
BAS Score on Validation Data (Training Time 2.962956):  0.9662352130935018
Epoch 74: 
BAS Score on Validation Data (Training Time 2.963811):  0.9663283908604764
Epoch 75: 
BAS Score on Validation Data (Training Time 2.968554):  0.9665228488089451
Epoch 76: 
BAS Score on Validation Data (Training Time 2.967961):  0.9662055042402636
Epoch 77: 
BAS Score on Validation Data (Training Time 2.959031):  0.9664533030843191
Epoch 78: 
BAS Score on Validation Data (Training Time 2.965151):  0.9655620374871713
Epoch 79: 
BAS Score on Validation Data (Training Time 2.969440):  0.966283152379409
Epoch 80: 
BAS Score on Validation Data (Training Time 2.966546):  0.9551470588235293
Epoch 81: 
BAS Score on Validation Data (Training Time 2.962144):  0.9592043428941825
Epoch 82: 
BAS Score on Validation Data (Training Time 2.967117):  0.9564366931345542
Epoch 83: 
BAS Score on Validation Data (Training Time 2.966737):  0.9664931399557068
Epoch 84: 
BAS Score on Validation Data (Training Time 2.970558):  0.9570997407227354
Epoch 85: 
BAS Score on Validation Data (Training Time 2.962975):  0.9662912547939286
Epoch 86: 
BAS Score on Validation Data (Training Time 2.968984):  0.9650326797385621
Epoch 87: 
BAS Score on Validation Data (Training Time 2.967314):  0.9628787878787879
Epoch 88: 
BAS Score on Validation Data (Training Time 2.967067):  0.9673243126451684
Epoch 89: 
BAS Score on Validation Data (Training Time 2.962017):  0.9592644358018689
Epoch 90: 
BAS Score on Validation Data (Training Time 2.966017):  0.9668699022308648
Epoch 91: 
BAS Score on Validation Data (Training Time 2.969056):  0.9631245611192135
Epoch 92: 
BAS Score on Validation Data (Training Time 2.969281):  0.9627309188138065
Epoch 93: 
BAS Score on Validation Data (Training Time 2.963723):  0.9677341597796142
Epoch 94: 
BAS Score on Validation Data (Training Time 2.966605):  0.9572206017393183
Epoch 95: 
BAS Score on Validation Data (Training Time 2.967273):  0.9675727866904338
Epoch 96: 
BAS Score on Validation Data (Training Time 2.971615):  0.9627005347593581
Epoch 97: 
BAS Score on Validation Data (Training Time 2.963420):  0.9655593366823313
Epoch 98: 
BAS Score on Validation Data (Training Time 2.967036):  0.9674809593258792
Epoch 99: 
BAS Score on Validation Data (Training Time 2.966021):  0.9615655215254145
Epoch 100: 
BAS Score on Validation Data (Training Time 2.970241):  0.9649395019715875
Epoch 101: 
BAS Score on Validation Data (Training Time 2.961760):  0.9571355263868634
Epoch 102: 
BAS Score on Validation Data (Training Time 2.968888):  0.9671447091233188
Epoch 103: 
BAS Score on Validation Data (Training Time 2.968423):  0.966627504996489
Epoch 104: 
BAS Score on Validation Data (Training Time 2.968416):  0.9631265867228435
Epoch 105: 
BAS Score on Validation Data (Training Time 2.962508):  0.9649199211364987
Epoch 106: 
BAS Score on Validation Data (Training Time 2.967551):  0.963662021282342
Epoch 107: 
BAS Score on Validation Data (Training Time 2.965470):  0.9680994436342029
Epoch 108: 
BAS Score on Validation Data (Training Time 2.965775):  0.9653101874358558
Epoch 109: 
BAS Score on Validation Data (Training Time 2.965157):  0.9612913898341705
Epoch 110: 
BAS Score on Validation Data (Training Time 2.970058):  0.9643966401987792
Epoch 111: 
BAS Score on Validation Data (Training Time 2.967813):  0.9637254901960784
Epoch 112: 
BAS Score on Validation Data (Training Time 2.966945):  0.9659529789877382
Epoch 113: 
BAS Score on Validation Data (Training Time 2.963365):  0.9686119213525631
Epoch 114: 
BAS Score on Validation Data (Training Time 2.965791):  0.9594676713660671
Epoch 115: 
BAS Score on Validation Data (Training Time 2.971992):  0.965049559768811
Epoch 116: 
BAS Score on Validation Data (Training Time 2.964944):  0.96626762275158
Epoch 117: 
BAS Score on Validation Data (Training Time 2.964105):  0.9616971857613569
Epoch 118: 
BAS Score on Validation Data (Training Time 2.968686):  0.9663398692810458
Epoch 119: 
BAS Score on Validation Data (Training Time 2.970846):  0.964607302976287
Epoch 120: 
BAS Score on Validation Data (Training Time 2.964787):  0.9658287419651055
Epoch 121: 
BAS Score on Validation Data (Training Time 2.961302):  0.963888213687679
Epoch 122: 
BAS Score on Validation Data (Training Time 2.966470):  0.9645985253605575
Epoch 123: 
BAS Score on Validation Data (Training Time 2.970780):  0.9656633176686653
Epoch 124: 
BAS Score on Validation Data (Training Time 2.964540):  0.9652095824555719
Epoch 125: 
BAS Score on Validation Data (Training Time 2.963539):  0.9627282180089667
Epoch 126: 
BAS Score on Validation Data (Training Time 2.969928):  0.9646640198779236
Epoch 127: 
BAS Score on Validation Data (Training Time 2.970783):  0.9693924539512775
Epoch 128: 
BAS Score on Validation Data (Training Time 2.961310):  0.9690413493220981
Epoch 129: 
BAS Score on Validation Data (Training Time 2.965034):  0.9680535299519257
Epoch 130: 
BAS Score on Validation Data (Training Time 2.972123):  0.9660191487063144
Epoch 131: 
BAS Score on Validation Data (Training Time 2.970007):  0.9636525684654026
Epoch 132: 
BAS Score on Validation Data (Training Time 2.961618):  0.9674701561065198
Epoch 133: 
BAS Score on Validation Data (Training Time 2.963409):  0.9603177496894074
Epoch 134: 
BAS Score on Validation Data (Training Time 2.971896):  0.9653810835629018
Epoch 135: 
BAS Score on Validation Data (Training Time 2.968737):  0.9686497326203208
Epoch 136: 
BAS Score on Validation Data (Training Time 2.962644):  0.9666113001674499
Epoch 137: 
BAS Score on Validation Data (Training Time 2.964378):  0.965856425214714
Epoch 138: 
BAS Score on Validation Data (Training Time 2.972172):  0.9617201426024956
Epoch 139: 
BAS Score on Validation Data (Training Time 2.963977):  0.9620476151893264
Epoch 140: 
BAS Score on Validation Data (Training Time 2.958288):  0.9694255388105656
Epoch 141: 
BAS Score on Validation Data (Training Time 2.961768):  0.9666848970993356
Epoch 142: 
BAS Score on Validation Data (Training Time 2.963394):  0.9680312483119969
Epoch 143: 
BAS Score on Validation Data (Training Time 2.962543):  0.9669367471506508
Epoch 144: 
BAS Score on Validation Data (Training Time 2.956511):  0.9591813860530438
Epoch 145: 
BAS Score on Validation Data (Training Time 2.962694):  0.9665768649057419
Epoch 146: 
BAS Score on Validation Data (Training Time 2.964095):  0.9668172365364879
Epoch 147: 
BAS Score on Validation Data (Training Time 2.964823):  0.9702337546588883
Epoch 148: 
BAS Score on Validation Data (Training Time 2.958497):  0.9585973370064279
Epoch 149: 
BAS Score on Validation Data (Training Time 2.962891):  0.9686720142602496
High Quality
0.9085243873432471 0.7971663738208887 0.7822020856669556 0.9085243873432471 0.7221081753452897
              precision    recall  f1-score   support

           0       1.00      0.78      0.88     23726
           1       0.98      0.98      0.98      5353
           2       0.37      0.96      0.53      3178

    accuracy                           0.83     32257
   macro avg       0.78      0.91      0.80     32257
weighted avg       0.93      0.83      0.86     32257

Low Quality Post 2020
0.8769472415870556 0.6258225372322654 0.6682624916434841 0.8769472415870556 0.533357898206038
              precision    recall  f1-score   support

           0       1.00      0.71      0.83      1291
           1       0.98      1.00      0.99       160
           2       0.03      0.92      0.06        12

    accuracy                           0.75      1463
   macro avg       0.67      0.88      0.63      1463
weighted avg       0.99      0.75      0.84      1463

Emb Dim: 128
Transformer-MHA-128
=====================================================================================================================================================================
Layer (type:depth-idx)                   Input Shape               Output Shape              Kernel Shape              Param #                   Mult-Adds
=====================================================================================================================================================================
TransfomerBlock                          [2, 2, 64, 64]            [2, 3]                    --                        --                        --
├─ModuleList: 1-1                        --                        --                        --                        --                        --
│    └─MakePatches: 2-1                  [2, 1, 64, 64]            [2, 256, 128]             --                        --                        --
│    │    └─Unfold: 3-1                  [2, 1, 64, 64]            [2, 16, 256]              [4, 4]                    --                        --
│    │    └─Linear: 3-2                  [2, 256, 16]              [2, 256, 128]             --                        2,176                     4,352
│    │    └─PositionalEncoding: 3-3      [2, 256, 128]             [2, 256, 128]             --                        --                        --
│    └─MakePatches: 2-2                  [2, 1, 64, 64]            [2, 256, 128]             --                        --                        --
│    │    └─Unfold: 3-4                  [2, 1, 64, 64]            [2, 16, 256]              [4, 4]                    --                        --
│    │    └─Linear: 3-5                  [2, 256, 16]              [2, 256, 128]             --                        2,176                     4,352
│    │    └─PositionalEncoding: 3-6      [2, 256, 128]             [2, 256, 128]             --                        --                        --
├─TransformerEncoderLayer: 1-2           [2, 512, 128]             [2, 512, 128]             --                        --                        --
│    └─MultiheadAttention: 2-3           [2, 512, 128]             [2, 512, 128]             --                        66,048                    --
│    └─Dropout: 2-4                      [2, 512, 128]             [2, 512, 128]             --                        --                        --
│    └─LayerNorm: 2-5                    [2, 512, 128]             [2, 512, 128]             --                        256                       512
│    └─Linear: 2-6                       [2, 512, 128]             [2, 512, 2048]            --                        264,192                   528,384
│    └─Dropout: 2-7                      [2, 512, 2048]            [2, 512, 2048]            --                        --                        --
│    └─Linear: 2-8                       [2, 512, 2048]            [2, 512, 128]             --                        262,272                   524,544
│    └─Dropout: 2-9                      [2, 512, 128]             [2, 512, 128]             --                        --                        --
│    └─LayerNorm: 2-10                   [2, 512, 128]             [2, 512, 128]             --                        256                       512
├─Sequential: 1-3                        [2, 128]                  [2, 3]                    --                        --                        --
│    └─Linear: 2-11                      [2, 128]                  [2, 64]                   --                        8,256                     16,512
│    └─ReLU: 2-12                        [2, 64]                   [2, 64]                   --                        --                        --
│    └─Linear: 2-13                      [2, 64]                   [2, 32]                   --                        2,080                     4,160
│    └─ReLU: 2-14                        [2, 32]                   [2, 32]                   --                        --                        --
│    └─Linear: 2-15                      [2, 32]                   [2, 3]                    --                        99                        198
=====================================================================================================================================================================
Total params: 607,811
Trainable params: 607,811
Non-trainable params: 0
Total mult-adds (Units.MEGABYTES): 1.08
=====================================================================================================================================================================
Input size (MB): 0.07
Forward/backward pass size (MB): 20.97
Params size (MB): 2.17
Estimated Total Size (MB): 23.21
=====================================================================================================================================================================
Total Trainable Parameters:  607811
Total Parameters:  607811
Epoch 0: 
BAS Score on Validation Data (Training Time 3.402304):  0.6545873170204721
Epoch 1: 
BAS Score on Validation Data (Training Time 3.397745):  0.9128348998001404
Epoch 2: 
BAS Score on Validation Data (Training Time 3.397344):  0.9364689677523902
Epoch 3: 
BAS Score on Validation Data (Training Time 3.393835):  0.9483970723275537
Epoch 4: 
BAS Score on Validation Data (Training Time 3.400775):  0.9502997893372225
Epoch 5: 
BAS Score on Validation Data (Training Time 3.406821):  0.9514469561929455
Epoch 6: 
BAS Score on Validation Data (Training Time 3.395976):  0.9495307351590774
Epoch 7: 
BAS Score on Validation Data (Training Time 3.398297):  0.9523301193755739
Epoch 8: 
BAS Score on Validation Data (Training Time 3.400245):  0.9334150326797386
Epoch 9: 
BAS Score on Validation Data (Training Time 3.400995):  0.9347735375141792
Epoch 10: 
BAS Score on Validation Data (Training Time 3.408969):  0.9401704207853939
Epoch 11: 
BAS Score on Validation Data (Training Time 3.399802):  0.9506110570950144
Epoch 12: 
BAS Score on Validation Data (Training Time 3.404605):  0.9138652568465403
Epoch 13: 
BAS Score on Validation Data (Training Time 3.404953):  0.9524280235510183
Epoch 14: 
BAS Score on Validation Data (Training Time 3.405451):  0.9538682277318641
Epoch 15: 
BAS Score on Validation Data (Training Time 3.399997):  0.9549971641549181
Epoch 16: 
BAS Score on Validation Data (Training Time 3.405756):  0.9578822989250796
Epoch 17: 
BAS Score on Validation Data (Training Time 3.406049):  0.9535947712418301
Epoch 18: 
BAS Score on Validation Data (Training Time 3.399016):  0.9592036676929725
Epoch 19: 
BAS Score on Validation Data (Training Time 3.401950):  0.9584974072273537
Epoch 20: 
BAS Score on Validation Data (Training Time 3.407089):  0.9598727920920435
Epoch 21: 
BAS Score on Validation Data (Training Time 3.408954):  0.9479710203640686
Epoch 22: 
BAS Score on Validation Data (Training Time 3.406998):  0.9599315345973101
Epoch 23: 
BAS Score on Validation Data (Training Time 3.418152):  0.9558769513314967
Epoch 24: 
BAS Score on Validation Data (Training Time 3.411463):  0.9535799168152109
Epoch 25: 
BAS Score on Validation Data (Training Time 3.405622):  0.9476631286123265
Epoch 26: 
BAS Score on Validation Data (Training Time 3.411173):  0.9551531356344191
Epoch 27: 
BAS Score on Validation Data (Training Time 3.415452):  0.9501910819424189
Epoch 28: 
BAS Score on Validation Data (Training Time 3.405886):  0.9547615189326418
Epoch 29: 
BAS Score on Validation Data (Training Time 3.407570):  0.9503808134824178
Epoch 30: 
BAS Score on Validation Data (Training Time 3.414796):  0.9592833414357479
Epoch 31: 
BAS Score on Validation Data (Training Time 3.413059):  0.9534138173175606
Epoch 32: 
BAS Score on Validation Data (Training Time 3.405949):  0.952669745584184
Epoch 33: 
BAS Score on Validation Data (Training Time 3.411476):  0.9601165397288391
Epoch 34: 
BAS Score on Validation Data (Training Time 3.412240):  0.9555994436342029
Epoch 35: 
BAS Score on Validation Data (Training Time 3.406547):  0.961061146221574
Epoch 36: 
BAS Score on Validation Data (Training Time 3.411596):  0.9567709177334845
Epoch 37: 
BAS Score on Validation Data (Training Time 3.411859):  0.9592313509425808
Epoch 38: 
BAS Score on Validation Data (Training Time 3.407629):  0.9516528925619835
Epoch 39: 
BAS Score on Validation Data (Training Time 3.407249):  0.9585223896721223
Epoch 40: 
BAS Score on Validation Data (Training Time 3.413288):  0.9552854750715714
Epoch 41: 
BAS Score on Validation Data (Training Time 3.412832):  0.9555744611894345
Epoch 42: 
BAS Score on Validation Data (Training Time 3.405461):  0.9608390050234971
Epoch 43: 
BAS Score on Validation Data (Training Time 3.408908):  0.9594609193539675
Epoch 44: 
BAS Score on Validation Data (Training Time 3.414762):  0.9563462161724194
Epoch 45: 
BAS Score on Validation Data (Training Time 3.403084):  0.963546561875439
Epoch 46: 
BAS Score on Validation Data (Training Time 3.410606):  0.9609450116134607
Epoch 47: 
BAS Score on Validation Data (Training Time 3.410699):  0.9578066763895641
Epoch 48: 
BAS Score on Validation Data (Training Time 3.411115):  0.9606594015016475
Epoch 49: 
BAS Score on Validation Data (Training Time 3.415105):  0.960392697023713
Epoch 50: 
BAS Score on Validation Data (Training Time 3.418120):  0.9566574839302112
Epoch 51: 
BAS Score on Validation Data (Training Time 3.414037):  0.9600956084913305
Epoch 52: 
BAS Score on Validation Data (Training Time 3.408353):  0.9626492194674013
Epoch 53: 
BAS Score on Validation Data (Training Time 3.411295):  0.9592090693026522
Epoch 54: 
BAS Score on Validation Data (Training Time 3.415262):  0.9590287905795928
Epoch 55: 
BAS Score on Validation Data (Training Time 3.405858):  0.9602043158861341
Epoch 56: 
BAS Score on Validation Data (Training Time 3.409066):  0.9634365040782153
Epoch 57: 
BAS Score on Validation Data (Training Time 3.415082):  0.9438394641603197
Epoch 58: 
BAS Score on Validation Data (Training Time 3.416162):  0.9576743369524118
Epoch 59: 
BAS Score on Validation Data (Training Time 3.407316):  0.9199454437422352
Epoch 60: 
BAS Score on Validation Data (Training Time 3.409260):  0.9632980878301733
Epoch 61: 
BAS Score on Validation Data (Training Time 3.417338):  0.964057689191379
Epoch 62: 
BAS Score on Validation Data (Training Time 3.405668):  0.9580085615513423
Epoch 63: 
BAS Score on Validation Data (Training Time 3.411396):  0.9504469832009939
Epoch 64: 
BAS Score on Validation Data (Training Time 3.409868):  0.9637653270674661
Epoch 65: 
BAS Score on Validation Data (Training Time 3.410385):  0.961456138929401
Epoch 66: 
BAS Score on Validation Data (Training Time 3.406768):  0.9587634365040781
Epoch 67: 
BAS Score on Validation Data (Training Time 3.412033):  0.9594886026035759
Epoch 68: 
BAS Score on Validation Data (Training Time 3.413120):  0.9586115162318372
Epoch 69: 
BAS Score on Validation Data (Training Time 3.408212):  0.9556696645600389
Epoch 70: 
BAS Score on Validation Data (Training Time 3.409080):  0.9546534867390482
Epoch 71: 
BAS Score on Validation Data (Training Time 3.415297):  0.9572590882082861
Epoch 72: 
BAS Score on Validation Data (Training Time 3.407452):  0.9562098255280075
Epoch 73: 
BAS Score on Validation Data (Training Time 3.409915):  0.960171231026846
Epoch 74: 
BAS Score on Validation Data (Training Time 3.411218):  0.937260978771674
Epoch 75: 
BAS Score on Validation Data (Training Time 3.411659):  0.9575224166801708
Epoch 76: 
BAS Score on Validation Data (Training Time 3.405445):  0.951763625560417
Epoch 77: 
BAS Score on Validation Data (Training Time 3.410808):  0.9601968886728245
Epoch 78: 
BAS Score on Validation Data (Training Time 3.416362):  0.95804569761789
Epoch 79: 
BAS Score on Validation Data (Training Time 3.405866):  0.9655525846702316
Epoch 80: 
BAS Score on Validation Data (Training Time 3.415811):  0.9617343218279046
Epoch 81: 
BAS Score on Validation Data (Training Time 3.412683):  0.9539978663641765
Epoch 82: 
BAS Score on Validation Data (Training Time 3.414177):  0.957635175282234
Epoch 83: 
BAS Score on Validation Data (Training Time 3.407244):  0.9647754280775671
Epoch 84: 
BAS Score on Validation Data (Training Time 3.416039):  0.9180562307567656
Epoch 85: 
BAS Score on Validation Data (Training Time 3.415573):  0.9523659050397019
Epoch 86: 
BAS Score on Validation Data (Training Time 3.409516):  0.9626978339545184
Epoch 87: 
BAS Score on Validation Data (Training Time 3.412502):  0.9631846540268999
Epoch 88: 
BAS Score on Validation Data (Training Time 3.415198):  0.9613879436071949
Epoch 89: 
BAS Score on Validation Data (Training Time 3.403033):  0.9464646464646465
Epoch 90: 
BAS Score on Validation Data (Training Time 3.407887):  0.9587357532544698
Epoch 91: 
BAS Score on Validation Data (Training Time 3.406811):  0.9288479716955652
Epoch 92: 
BAS Score on Validation Data (Training Time 3.407068):  0.9663797061524334
Epoch 93: 
BAS Score on Validation Data (Training Time 3.401268):  0.9607984929508994
Epoch 94: 
BAS Score on Validation Data (Training Time 3.405922):  0.964501971587533
Epoch 95: 
BAS Score on Validation Data (Training Time 3.411769):  0.9511768757089613
Epoch 96: 
BAS Score on Validation Data (Training Time 3.399496):  0.9640840220385675
Epoch 97: 
BAS Score on Validation Data (Training Time 3.405962):  0.9327695403230164
Epoch 98: 
BAS Score on Validation Data (Training Time 3.405116):  0.9592691622103388
Epoch 99: 
BAS Score on Validation Data (Training Time 3.406632):  0.9582057203046507
Epoch 100: 
BAS Score on Validation Data (Training Time 3.400295):  0.9574096580781073
Epoch 101: 
BAS Score on Validation Data (Training Time 3.408230):  0.9677854750715714
Epoch 102: 
BAS Score on Validation Data (Training Time 3.409028):  0.9461878139685626
Epoch 103: 
BAS Score on Validation Data (Training Time 3.402148):  0.9653115378382758
Epoch 104: 
BAS Score on Validation Data (Training Time 3.403823):  0.9664715335169881
Epoch 105: 
BAS Score on Validation Data (Training Time 3.417217):  0.9639712634365041
Epoch 106: 
BAS Score on Validation Data (Training Time 3.407367):  0.9325048614487117
Epoch 107: 
BAS Score on Validation Data (Training Time 3.419732):  0.9622697563874034
Epoch 108: 
BAS Score on Validation Data (Training Time 3.410860):  0.9602542807756711
Epoch 109: 
BAS Score on Validation Data (Training Time 3.406596):  0.9649361259655377
Epoch 110: 
BAS Score on Validation Data (Training Time 3.401029):  0.9366418192621402
Epoch 111: 
BAS Score on Validation Data (Training Time 3.404357):  0.9612677577918219
Epoch 112: 
BAS Score on Validation Data (Training Time 3.411638):  0.9607262464214336
Epoch 113: 
BAS Score on Validation Data (Training Time 3.401190):  0.9496954842543078
Epoch 114: 
BAS Score on Validation Data (Training Time 3.405648):  0.9515077243018419
Epoch 115: 
BAS Score on Validation Data (Training Time 3.404872):  0.9583036244800951
Epoch 116: 
BAS Score on Validation Data (Training Time 3.405586):  0.961624264030681
Epoch 117: 
BAS Score on Validation Data (Training Time 3.402141):  0.9040086695835359
Epoch 118: 
BAS Score on Validation Data (Training Time 3.409622):  0.9681588613406795
Epoch 119: 
BAS Score on Validation Data (Training Time 3.407832):  0.9612988170474801
Epoch 120: 
BAS Score on Validation Data (Training Time 3.400250):  0.9424485496678011
Epoch 121: 
BAS Score on Validation Data (Training Time 3.404644):  0.9623149948684707
Epoch 122: 
BAS Score on Validation Data (Training Time 3.413270):  0.9584737751850051
Epoch 123: 
BAS Score on Validation Data (Training Time 3.400621):  0.943356695295198
Epoch 124: 
BAS Score on Validation Data (Training Time 3.407435):  0.967225058067304
Epoch 125: 
BAS Score on Validation Data (Training Time 3.409938):  0.9600517204126829
Epoch 126: 
BAS Score on Validation Data (Training Time 3.412489):  0.9646289094150057
Epoch 127: 
BAS Score on Validation Data (Training Time 3.410071):  0.9496083832982228
Epoch 128: 
BAS Score on Validation Data (Training Time 3.414476):  0.9607343488359531
Epoch 129: 
BAS Score on Validation Data (Training Time 3.418439):  0.9624250526656944
Epoch 130: 
BAS Score on Validation Data (Training Time 3.407968):  0.9498345757035596
Epoch 131: 
BAS Score on Validation Data (Training Time 3.411824):  0.9598241776049262
Epoch 132: 
BAS Score on Validation Data (Training Time 3.410126):  0.952978987738346
Epoch 133: 
BAS Score on Validation Data (Training Time 3.412255):  0.9646815751093826
Epoch 134: 
BAS Score on Validation Data (Training Time 3.404983):  0.9607829633230702
Epoch 135: 
BAS Score on Validation Data (Training Time 3.415053):  0.9306939718035974
Epoch 136: 
BAS Score on Validation Data (Training Time 3.410823):  0.9598714416896236
Epoch 137: 
BAS Score on Validation Data (Training Time 3.407754):  0.9600888564792308
Epoch 138: 
BAS Score on Validation Data (Training Time 3.407971):  0.9619085237400746
Epoch 139: 
BAS Score on Validation Data (Training Time 3.415751):  0.9419516015772701
Epoch 140: 
BAS Score on Validation Data (Training Time 3.405834):  0.961711364986766
Epoch 141: 
BAS Score on Validation Data (Training Time 3.410574):  0.9118524820396479
Epoch 142: 
BAS Score on Validation Data (Training Time 3.410865):  0.9524935180683843
Epoch 143: 
BAS Score on Validation Data (Training Time 3.411767):  0.964468886728245
Epoch 144: 
BAS Score on Validation Data (Training Time 3.406843):  0.9631974828498894
Epoch 145: 
BAS Score on Validation Data (Training Time 3.412512):  0.9577978987738346
Epoch 146: 
BAS Score on Validation Data (Training Time 3.415919):  0.9613771403878356
Epoch 147: 
BAS Score on Validation Data (Training Time 3.404571):  0.9656241559984876
Epoch 148: 
BAS Score on Validation Data (Training Time 3.411714):  0.9600881812780209
Epoch 149: 
BAS Score on Validation Data (Training Time 3.410888):  0.9616681521093285
High Quality
0.8879574161876191 0.75933193910733 0.7615752937751226 0.8879574161876191 0.6684089451958932
              precision    recall  f1-score   support

           0       1.00      0.71      0.83     23726
           1       0.98      0.99      0.98      5353
           2       0.31      0.97      0.47      3178

    accuracy                           0.78     32257
   macro avg       0.76      0.89      0.76     32257
weighted avg       0.93      0.78      0.82     32257

Low Quality Post 2020
0.8229839056717445 0.5806774442832761 0.6687872679936172 0.8229839056717445 0.4523414094247211
              precision    recall  f1-score   support

           0       1.00      0.55      0.71      1291
           1       0.99      1.00      0.99       160
           2       0.02      0.92      0.04        12

    accuracy                           0.60      1463
   macro avg       0.67      0.82      0.58      1463
weighted avg       0.99      0.60      0.74      1463


High Quality Post 2020
                          mean       std       sem  count
Model                                                    
Transformer-FNET-128  0.978842  0.001156  0.000578      4
Transformer-FNET-64   0.971982  0.010347  0.005174      4
Transformer-MHA-128   0.783413  0.064556  0.032278      4
Transformer-MHA-64    0.871999  0.084635  0.042318      4
                          mean       std       sem  count
Model                                                    
Transformer-FNET-128  0.975340  0.001509  0.000755      4
Transformer-FNET-64   0.971443  0.003047  0.001524      4
Transformer-MHA-128   0.885657  0.024604  0.012302      4
Transformer-MHA-64    0.926709  0.030045  0.015022      4
                          mean       std       sem  count
Model                                                    
Transformer-FNET-128  0.973902  0.001496  0.000748      4
Transformer-FNET-64   0.965293  0.013345  0.006673      4
Transformer-MHA-128   0.711818  0.098916  0.049458      4
Transformer-MHA-64    0.827974  0.116820  0.058410      4

Low Quality Pre + Post 2020
                          mean       std       sem  count
Model                                                    
Transformer-FNET-128  0.739904  0.022471  0.011235      4
Transformer-FNET-64   0.754156  0.052911  0.026455      4
Transformer-MHA-128   0.611758  0.057230  0.028615      4
Transformer-MHA-64    0.675453  0.061695  0.030848      4
                          mean       std       sem  count
Model                                                    
Transformer-FNET-128  0.915451  0.012802  0.006401      4
Transformer-FNET-64   0.902466  0.010121  0.005061      4
Transformer-MHA-128   0.844077  0.044614  0.022307      4
Transformer-MHA-64    0.901381  0.053716  0.026858      4
                          mean       std       sem  count
Model                                                    
Transformer-FNET-128  0.842757  0.037006  0.018503      4
Transformer-FNET-64   0.854419  0.078237  0.039119      4
Transformer-MHA-128   0.543867  0.138444  0.069222      4
Transformer-MHA-64    0.666028  0.163558  0.081779      4
Saving Results
************Fold: 4
Data Shape Before Sampling:  (81670, 2, 64, 64) (81670,)
Subtype/Host: 0 ,count:  52274 ,index count: (array([False,  True]), array([29396, 52274])) ,downsampling:  (16000, 2, 64, 64) (16000,)
Subtype/Host: 1 ,count:  18508 ,index count: (array([False,  True]), array([63162, 18508])) ,downsampling:  (16000, 2, 64, 64) (16000,)
Subtype/Host: 2 ,count:  10888 ,index count: (array([False,  True]), array([70782, 10888])) ,keep:  (10888, 2, 64, 64) (10888,)
Train shape:  (42888, 2, 64, 64) (42888,)
[[    0 16000]
 [    1 16000]
 [    2 10888]]
Val shape:  (9074, 2, 64, 64) (9074,)
[[   0 5808]
 [   1 2056]
 [   2 1210]]
Emb Dim: 64
Transformer-FNET-64
=====================================================================================================================================================================
Layer (type:depth-idx)                   Input Shape               Output Shape              Kernel Shape              Param #                   Mult-Adds
=====================================================================================================================================================================
TransfomerBlock                          [2, 2, 64, 64]            [2, 3]                    --                        --                        --
├─ModuleList: 1-1                        --                        --                        --                        --                        --
│    └─MakePatches: 2-1                  [2, 1, 64, 64]            [2, 256, 64]              --                        --                        --
│    │    └─Unfold: 3-1                  [2, 1, 64, 64]            [2, 16, 256]              [4, 4]                    --                        --
│    │    └─Linear: 3-2                  [2, 256, 16]              [2, 256, 64]              --                        1,088                     2,176
│    │    └─PositionalEncoding: 3-3      [2, 256, 64]              [2, 256, 64]              --                        --                        --
│    └─MakePatches: 2-2                  [2, 1, 64, 64]            [2, 256, 64]              --                        --                        --
│    │    └─Unfold: 3-4                  [2, 1, 64, 64]            [2, 16, 256]              [4, 4]                    --                        --
│    │    └─Linear: 3-5                  [2, 256, 16]              [2, 256, 64]              --                        1,088                     2,176
│    │    └─PositionalEncoding: 3-6      [2, 256, 64]              [2, 256, 64]              --                        --                        --
├─FNET: 1-2                              [2, 512, 64]              [2, 512, 64]              --                        --                        --
│    └─LayerNorm: 2-3                    [2, 512, 64]              [2, 512, 64]              --                        128                       256
│    └─Sequential: 2-4                   [2, 512, 64]              [2, 512, 64]              --                        --                        --
│    │    └─Linear: 3-7                  [2, 512, 64]              [2, 512, 64]              --                        4,160                     8,320
│    │    └─ReLU: 3-8                    [2, 512, 64]              [2, 512, 64]              --                        --                        --
│    │    └─Dropout: 3-9                 [2, 512, 64]              [2, 512, 64]              --                        --                        --
│    │    └─Linear: 3-10                 [2, 512, 64]              [2, 512, 64]              --                        4,160                     8,320
│    └─LayerNorm: 2-5                    [2, 512, 64]              [2, 512, 64]              --                        128                       256
├─Sequential: 1-3                        [2, 64]                   [2, 3]                    --                        --                        --
│    └─Linear: 2-6                       [2, 64]                   [2, 64]                   --                        4,160                     8,320
│    └─ReLU: 2-7                         [2, 64]                   [2, 64]                   --                        --                        --
│    └─Linear: 2-8                       [2, 64]                   [2, 32]                   --                        2,080                     4,160
│    └─ReLU: 2-9                         [2, 32]                   [2, 32]                   --                        --                        --
│    └─Linear: 2-10                      [2, 32]                   [2, 3]                    --                        99                        198
=====================================================================================================================================================================
Total params: 17,091
Trainable params: 17,091
Non-trainable params: 0
Total mult-adds (Units.MEGABYTES): 0.03
=====================================================================================================================================================================
Input size (MB): 0.07
Forward/backward pass size (MB): 2.62
Params size (MB): 0.07
Estimated Total Size (MB): 2.76
=====================================================================================================================================================================
Total Trainable Parameters:  17091
Total Parameters:  17091
Epoch 0: 
BAS Score on Validation Data (Training Time 1.541321):  0.3333333333333333
Epoch 1: 
BAS Score on Validation Data (Training Time 1.509698):  0.6384505204146166
Epoch 2: 
BAS Score on Validation Data (Training Time 1.510051):  0.6546904756800406
Epoch 3: 
BAS Score on Validation Data (Training Time 1.510508):  0.6561395704480247
Epoch 4: 
BAS Score on Validation Data (Training Time 1.508145):  0.7826805819067935
Epoch 5: 
BAS Score on Validation Data (Training Time 1.508402):  0.8445824088068518
Epoch 6: 
BAS Score on Validation Data (Training Time 1.509335):  0.8594756371639994
Epoch 7: 
BAS Score on Validation Data (Training Time 1.509157):  0.8718882314478353
Epoch 8: 
BAS Score on Validation Data (Training Time 1.509035):  0.8862820815155444
Epoch 9: 
BAS Score on Validation Data (Training Time 1.511826):  0.8940874968289187
Epoch 10: 
BAS Score on Validation Data (Training Time 1.511101):  0.9013159093588877
Epoch 11: 
BAS Score on Validation Data (Training Time 1.509135):  0.9081269450786608
Epoch 12: 
BAS Score on Validation Data (Training Time 1.510213):  0.9116021820611492
Epoch 13: 
BAS Score on Validation Data (Training Time 1.510743):  0.9181290263798223
Epoch 14: 
BAS Score on Validation Data (Training Time 1.509291):  0.9215624140235036
Epoch 15: 
BAS Score on Validation Data (Training Time 1.508702):  0.9248782930114731
Epoch 16: 
BAS Score on Validation Data (Training Time 1.510273):  0.9271337803217888
Epoch 17: 
BAS Score on Validation Data (Training Time 1.519791):  0.9308800330864356
Epoch 18: 
BAS Score on Validation Data (Training Time 1.510901):  0.9327725432606933
Epoch 19: 
BAS Score on Validation Data (Training Time 1.509581):  0.9339548205793342
Epoch 20: 
BAS Score on Validation Data (Training Time 1.510097):  0.929976006974592
Epoch 21: 
BAS Score on Validation Data (Training Time 1.510937):  0.936774224380344
Epoch 22: 
BAS Score on Validation Data (Training Time 1.510785):  0.9357539848431253
Epoch 23: 
BAS Score on Validation Data (Training Time 1.517057):  0.9404444158600508
Epoch 24: 
BAS Score on Validation Data (Training Time 1.512523):  0.9399579452108635
Epoch 25: 
BAS Score on Validation Data (Training Time 1.515299):  0.9409825170702426
Epoch 26: 
BAS Score on Validation Data (Training Time 1.513017):  0.9426037434836515
Epoch 27: 
BAS Score on Validation Data (Training Time 1.511480):  0.9432192458722349
Epoch 28: 
BAS Score on Validation Data (Training Time 1.508681):  0.9445378350180261
Epoch 29: 
BAS Score on Validation Data (Training Time 1.508590):  0.9441030842560733
Epoch 30: 
BAS Score on Validation Data (Training Time 1.510715):  0.9452968399952836
Epoch 31: 
BAS Score on Validation Data (Training Time 1.512541):  0.9445407381205047
Epoch 32: 
BAS Score on Validation Data (Training Time 1.510953):  0.9473859125389016
Epoch 33: 
BAS Score on Validation Data (Training Time 1.511173):  0.9474877444412287
Epoch 34: 
BAS Score on Validation Data (Training Time 1.510084):  0.9472252146509309
Epoch 35: 
BAS Score on Validation Data (Training Time 1.513455):  0.9495423817231389
Epoch 36: 
BAS Score on Validation Data (Training Time 1.510306):  0.9490674788207508
Epoch 37: 
BAS Score on Validation Data (Training Time 1.514849):  0.9498480114194652
Epoch 38: 
BAS Score on Validation Data (Training Time 1.511900):  0.9502368484991407
Epoch 39: 
BAS Score on Validation Data (Training Time 1.513496):  0.9508308232662671
Epoch 40: 
BAS Score on Validation Data (Training Time 1.513461):  0.9506629792798876
Epoch 41: 
BAS Score on Validation Data (Training Time 1.510728):  0.9503817803074966
Epoch 42: 
BAS Score on Validation Data (Training Time 1.516793):  0.9497819546722979
Epoch 43: 
BAS Score on Validation Data (Training Time 1.517509):  0.9519600408042219
Epoch 44: 
BAS Score on Validation Data (Training Time 1.512800):  0.9514549902991715
Epoch 45: 
BAS Score on Validation Data (Training Time 1.521384):  0.952226858253565
Epoch 46: 
BAS Score on Validation Data (Training Time 1.514326):  0.9519026487013753
Epoch 47: 
BAS Score on Validation Data (Training Time 1.514425):  0.9539572859832853
Epoch 48: 
BAS Score on Validation Data (Training Time 1.511857):  0.9522082783977018
Epoch 49: 
BAS Score on Validation Data (Training Time 1.510966):  0.9562443054528303
Epoch 50: 
BAS Score on Validation Data (Training Time 1.515875):  0.955182573881725
Epoch 51: 
BAS Score on Validation Data (Training Time 1.518218):  0.9567364483176298
Epoch 52: 
BAS Score on Validation Data (Training Time 1.510258):  0.9538367402357498
Epoch 53: 
BAS Score on Validation Data (Training Time 1.520931):  0.9566345717521876
Epoch 54: 
BAS Score on Validation Data (Training Time 1.511612):  0.954831075166236
Epoch 55: 
BAS Score on Validation Data (Training Time 1.510983):  0.9576676296034273
Epoch 56: 
BAS Score on Validation Data (Training Time 1.512925):  0.9555455956808981
Epoch 57: 
BAS Score on Validation Data (Training Time 1.515130):  0.9564782061863775
Epoch 58: 
BAS Score on Validation Data (Training Time 1.513577):  0.9580636574446267
Epoch 59: 
BAS Score on Validation Data (Training Time 1.517774):  0.9545799791333925
Epoch 60: 
BAS Score on Validation Data (Training Time 1.520390):  0.9571984435797666
Epoch 61: 
BAS Score on Validation Data (Training Time 1.511401):  0.9542557249180877
Epoch 62: 
BAS Score on Validation Data (Training Time 1.511181):  0.9597897081890716
Epoch 63: 
BAS Score on Validation Data (Training Time 1.514055):  0.9590550892726344
Epoch 64: 
BAS Score on Validation Data (Training Time 1.511896):  0.9596993100441987
Epoch 65: 
BAS Score on Validation Data (Training Time 1.519042):  0.9584639729448714
Epoch 66: 
BAS Score on Validation Data (Training Time 1.513757):  0.9591211013566867
Epoch 67: 
BAS Score on Validation Data (Training Time 1.516226):  0.9607079818346179
Epoch 68: 
BAS Score on Validation Data (Training Time 1.518856):  0.9605372347457597
Epoch 69: 
BAS Score on Validation Data (Training Time 1.512876):  0.9596261518617374
Epoch 70: 
BAS Score on Validation Data (Training Time 1.513008):  0.9598456710722364
Epoch 71: 
BAS Score on Validation Data (Training Time 1.513482):  0.9510834825081376
Epoch 72: 
BAS Score on Validation Data (Training Time 1.512600):  0.9553992346528605
Epoch 73: 
BAS Score on Validation Data (Training Time 1.517260):  0.9591971626416268
Epoch 74: 
BAS Score on Validation Data (Training Time 1.516176):  0.9607079818346179
Epoch 75: 
BAS Score on Validation Data (Training Time 1.512814):  0.9607166018158235
Epoch 76: 
BAS Score on Validation Data (Training Time 1.519201):  0.9602345081519118
Epoch 77: 
BAS Score on Validation Data (Training Time 1.512635):  0.9576117113833775
Epoch 78: 
BAS Score on Validation Data (Training Time 1.511690):  0.9569975935513607
Epoch 79: 
BAS Score on Validation Data (Training Time 1.513934):  0.9578326598135583
Epoch 80: 
BAS Score on Validation Data (Training Time 1.514759):  0.9628415388408315
Epoch 81: 
BAS Score on Validation Data (Training Time 1.510206):  0.9624742293826128
Epoch 82: 
BAS Score on Validation Data (Training Time 1.514699):  0.9592947068849086
Epoch 83: 
BAS Score on Validation Data (Training Time 1.517724):  0.9638401614303631
Epoch 84: 
BAS Score on Validation Data (Training Time 1.511199):  0.9599690752591354
Epoch 85: 
BAS Score on Validation Data (Training Time 1.507679):  0.9628085327988053
Epoch 86: 
BAS Score on Validation Data (Training Time 1.508392):  0.9629778506679815
Epoch 87: 
BAS Score on Validation Data (Training Time 1.507819):  0.9640051469773789
Epoch 88: 
BAS Score on Validation Data (Training Time 1.512016):  0.9621628828075592
Epoch 89: 
BAS Score on Validation Data (Training Time 1.507254):  0.9573979537147207
Epoch 90: 
BAS Score on Validation Data (Training Time 1.512816):  0.9643925548373726
Epoch 91: 
BAS Score on Validation Data (Training Time 1.515015):  0.9635230533134672
Epoch 92: 
BAS Score on Validation Data (Training Time 1.507782):  0.9594210141742862
Epoch 93: 
BAS Score on Validation Data (Training Time 1.507186):  0.9646680369310365
Epoch 94: 
BAS Score on Validation Data (Training Time 1.508362):  0.9609002565449328
Epoch 95: 
BAS Score on Validation Data (Training Time 1.506874):  0.9648516916601458
Epoch 96: 
BAS Score on Validation Data (Training Time 1.512047):  0.9603033786753277
Epoch 97: 
BAS Score on Validation Data (Training Time 1.512387):  0.9607969507598089
Epoch 98: 
BAS Score on Validation Data (Training Time 1.509716):  0.9602560357733686
Epoch 99: 
BAS Score on Validation Data (Training Time 1.515823):  0.9613392949659311
Epoch 100: 
BAS Score on Validation Data (Training Time 1.506973):  0.9631528854158851
Epoch 101: 
BAS Score on Validation Data (Training Time 1.507678):  0.9648402132395765
Epoch 102: 
BAS Score on Validation Data (Training Time 1.509973):  0.9631528854158851
Epoch 103: 
BAS Score on Validation Data (Training Time 1.506091):  0.9651845658566565
Epoch 104: 
BAS Score on Validation Data (Training Time 1.511879):  0.9652190011183645
Epoch 105: 
BAS Score on Validation Data (Training Time 1.512305):  0.9653337853240577
Epoch 106: 
BAS Score on Validation Data (Training Time 1.509358):  0.9605415670679202
Epoch 107: 
BAS Score on Validation Data (Training Time 1.522633):  0.965345263744627
Epoch 108: 
BAS Score on Validation Data (Training Time 1.515254):  0.9651759458754506
Epoch 109: 
BAS Score on Validation Data (Training Time 1.508575):  0.9627253254154563
Epoch 110: 
BAS Score on Validation Data (Training Time 1.508684):  0.9655748321560136
Epoch 111: 
BAS Score on Validation Data (Training Time 1.517595):  0.9651472721555848
Epoch 112: 
BAS Score on Validation Data (Training Time 1.510992):  0.9630122859296896
Epoch 113: 
BAS Score on Validation Data (Training Time 1.513560):  0.9659320924133447
Epoch 114: 
BAS Score on Validation Data (Training Time 1.515388):  0.9631256409157011
Epoch 115: 
BAS Score on Validation Data (Training Time 1.508855):  0.9624053588591969
Epoch 116: 
BAS Score on Validation Data (Training Time 1.507992):  0.9654485695297511
Epoch 117: 
BAS Score on Validation Data (Training Time 1.511082):  0.9665734547455452
Epoch 118: 
BAS Score on Validation Data (Training Time 1.510343):  0.9664572413201702
Epoch 119: 
BAS Score on Validation Data (Training Time 1.519801):  0.9656092674177216
Epoch 120: 
BAS Score on Validation Data (Training Time 1.511051):  0.9658919402729095
Epoch 121: 
BAS Score on Validation Data (Training Time 1.516464):  0.9664457628996009
Epoch 122: 
BAS Score on Validation Data (Training Time 1.519568):  0.9610609990960185
Epoch 123: 
BAS Score on Validation Data (Training Time 1.512667):  0.96294055696691
Epoch 124: 
BAS Score on Validation Data (Training Time 1.513163):  0.9657355300439843
Epoch 125: 
BAS Score on Validation Data (Training Time 1.512405):  0.9633308232662672
Epoch 126: 
BAS Score on Validation Data (Training Time 1.511766):  0.9610595698763369
Epoch 127: 
BAS Score on Validation Data (Training Time 1.518940):  0.9663553647547282
Epoch 128: 
BAS Score on Validation Data (Training Time 1.515819):  0.9653438345249453
Epoch 129: 
BAS Score on Validation Data (Training Time 1.511259):  0.96614875318448
Epoch 130: 
BAS Score on Validation Data (Training Time 1.516807):  0.9610021777734902
Epoch 131: 
BAS Score on Validation Data (Training Time 1.511426):  0.9633867861494321
Epoch 132: 
BAS Score on Validation Data (Training Time 1.511370):  0.9666753313109875
Epoch 133: 
BAS Score on Validation Data (Training Time 1.519751):  0.9665705963061818
Epoch 134: 
BAS Score on Validation Data (Training Time 1.514585):  0.9648689316225574
Epoch 135: 
BAS Score on Validation Data (Training Time 1.511519):  0.9667657294558604
Epoch 136: 
BAS Score on Validation Data (Training Time 1.512089):  0.9599017232816314
Epoch 137: 
BAS Score on Validation Data (Training Time 1.507758):  0.9667442018344033
Epoch 138: 
BAS Score on Validation Data (Training Time 1.516956):  0.9640152408413817
Epoch 139: 
BAS Score on Validation Data (Training Time 1.508332):  0.9652477195013452
Epoch 140: 
BAS Score on Validation Data (Training Time 1.509100):  0.9610968635774083
Epoch 141: 
BAS Score on Validation Data (Training Time 1.508304):  0.9668905628624412
Epoch 142: 
BAS Score on Validation Data (Training Time 1.515032):  0.9670311623486366
Epoch 143: 
BAS Score on Validation Data (Training Time 1.509208):  0.958893096154327
Epoch 144: 
BAS Score on Validation Data (Training Time 1.513927):  0.9572488235735493
Epoch 145: 
BAS Score on Validation Data (Training Time 1.515270):  0.9671918602366073
Epoch 146: 
BAS Score on Validation Data (Training Time 1.508715):  0.9672033386571766
Epoch 147: 
BAS Score on Validation Data (Training Time 1.507798):  0.9640238608225874
Epoch 148: 
BAS Score on Validation Data (Training Time 1.510257):  0.9675118267928667
Epoch 149: 
BAS Score on Validation Data (Training Time 1.509566):  0.9664845304834694
High Quality
0.975576824331352 0.9773503859322279 0.9792973511648794 0.975576824331352 0.9721429469732934
              precision    recall  f1-score   support

           0       0.99      0.99      0.99     23726
           1       0.98      1.00      0.99      5353
           2       0.96      0.94      0.95      3178

    accuracy                           0.99     32257
   macro avg       0.98      0.98      0.98     32257
weighted avg       0.99      0.99      0.99     32257

Low Quality Post 2020
0.927145193218005 0.7310618111651704 0.7033095215673613 0.927145193218005 0.8259535096914753
              precision    recall  f1-score   support

           0       1.00      0.95      0.97      1291
           1       0.98      1.00      0.99       160
           2       0.14      0.83      0.23        12

    accuracy                           0.95      1463
   macro avg       0.70      0.93      0.73      1463
weighted avg       0.99      0.95      0.97      1463

Emb Dim: 128
Transformer-FNET-128
=====================================================================================================================================================================
Layer (type:depth-idx)                   Input Shape               Output Shape              Kernel Shape              Param #                   Mult-Adds
=====================================================================================================================================================================
TransfomerBlock                          [2, 2, 64, 64]            [2, 3]                    --                        --                        --
├─ModuleList: 1-1                        --                        --                        --                        --                        --
│    └─MakePatches: 2-1                  [2, 1, 64, 64]            [2, 256, 128]             --                        --                        --
│    │    └─Unfold: 3-1                  [2, 1, 64, 64]            [2, 16, 256]              [4, 4]                    --                        --
│    │    └─Linear: 3-2                  [2, 256, 16]              [2, 256, 128]             --                        2,176                     4,352
│    │    └─PositionalEncoding: 3-3      [2, 256, 128]             [2, 256, 128]             --                        --                        --
│    └─MakePatches: 2-2                  [2, 1, 64, 64]            [2, 256, 128]             --                        --                        --
│    │    └─Unfold: 3-4                  [2, 1, 64, 64]            [2, 16, 256]              [4, 4]                    --                        --
│    │    └─Linear: 3-5                  [2, 256, 16]              [2, 256, 128]             --                        2,176                     4,352
│    │    └─PositionalEncoding: 3-6      [2, 256, 128]             [2, 256, 128]             --                        --                        --
├─FNET: 1-2                              [2, 512, 128]             [2, 512, 128]             --                        --                        --
│    └─LayerNorm: 2-3                    [2, 512, 128]             [2, 512, 128]             --                        256                       512
│    └─Sequential: 2-4                   [2, 512, 128]             [2, 512, 128]             --                        --                        --
│    │    └─Linear: 3-7                  [2, 512, 128]             [2, 512, 128]             --                        16,512                    33,024
│    │    └─ReLU: 3-8                    [2, 512, 128]             [2, 512, 128]             --                        --                        --
│    │    └─Dropout: 3-9                 [2, 512, 128]             [2, 512, 128]             --                        --                        --
│    │    └─Linear: 3-10                 [2, 512, 128]             [2, 512, 128]             --                        16,512                    33,024
│    └─LayerNorm: 2-5                    [2, 512, 128]             [2, 512, 128]             --                        256                       512
├─Sequential: 1-3                        [2, 128]                  [2, 3]                    --                        --                        --
│    └─Linear: 2-6                       [2, 128]                  [2, 64]                   --                        8,256                     16,512
│    └─ReLU: 2-7                         [2, 64]                   [2, 64]                   --                        --                        --
│    └─Linear: 2-8                       [2, 64]                   [2, 32]                   --                        2,080                     4,160
│    └─ReLU: 2-9                         [2, 32]                   [2, 32]                   --                        --                        --
│    └─Linear: 2-10                      [2, 32]                   [2, 3]                    --                        99                        198
=====================================================================================================================================================================
Total params: 48,323
Trainable params: 48,323
Non-trainable params: 0
Total mult-adds (Units.MEGABYTES): 0.10
=====================================================================================================================================================================
Input size (MB): 0.07
Forward/backward pass size (MB): 5.24
Params size (MB): 0.19
Estimated Total Size (MB): 5.50
=====================================================================================================================================================================
Total Trainable Parameters:  48323
Total Parameters:  48323
Epoch 0: 
BAS Score on Validation Data (Training Time 1.883993):  0.5635058133510557
Epoch 1: 
BAS Score on Validation Data (Training Time 1.881564):  0.6539745259456968
Epoch 2: 
BAS Score on Validation Data (Training Time 1.879793):  0.7273502624404641
Epoch 3: 
BAS Score on Validation Data (Training Time 1.880401):  0.8866507755303298
Epoch 4: 
BAS Score on Validation Data (Training Time 1.879227):  0.9108372815527043
Epoch 5: 
BAS Score on Validation Data (Training Time 1.877526):  0.9226758208187285
Epoch 6: 
BAS Score on Validation Data (Training Time 1.878620):  0.9266000114337575
Epoch 7: 
BAS Score on Validation Data (Training Time 1.878249):  0.9292559035705481
Epoch 8: 
BAS Score on Validation Data (Training Time 1.879793):  0.9336276632615507
Epoch 9: 
BAS Score on Validation Data (Training Time 1.879970):  0.9342733579159118
Epoch 10: 
BAS Score on Validation Data (Training Time 1.881939):  0.935543174940062
Epoch 11: 
BAS Score on Validation Data (Training Time 1.880344):  0.9392720984160673
Epoch 12: 
BAS Score on Validation Data (Training Time 1.879838):  0.9401273077431549
Epoch 13: 
BAS Score on Validation Data (Training Time 1.878211):  0.9418619784688055
Epoch 14: 
BAS Score on Validation Data (Training Time 1.881127):  0.9422579616468898
Epoch 15: 
BAS Score on Validation Data (Training Time 1.882312):  0.9443355111068236
Epoch 16: 
BAS Score on Validation Data (Training Time 1.883335):  0.9461003294351368
Epoch 17: 
BAS Score on Validation Data (Training Time 1.889292):  0.9472496007117513
Epoch 18: 
BAS Score on Validation Data (Training Time 1.891413):  0.9459453930890082
Epoch 19: 
BAS Score on Validation Data (Training Time 1.887298):  0.9465164556781112
Epoch 20: 
BAS Score on Validation Data (Training Time 1.891516):  0.9492181275078339
Epoch 21: 
BAS Score on Validation Data (Training Time 1.885050):  0.9497719501345253
Epoch 22: 
BAS Score on Validation Data (Training Time 1.885925):  0.9480517055950378
Epoch 23: 
BAS Score on Validation Data (Training Time 1.890738):  0.9499456003258621
Epoch 24: 
BAS Score on Validation Data (Training Time 1.886907):  0.95101733643474
Epoch 25: 
BAS Score on Validation Data (Training Time 1.888330):  0.9520991664076206
Epoch 26: 
BAS Score on Validation Data (Training Time 1.893231):  0.9523144426221893
Epoch 27: 
BAS Score on Validation Data (Training Time 1.886755):  0.9529571895109568
Epoch 28: 
BAS Score on Validation Data (Training Time 1.885870):  0.951787864495682
Epoch 29: 
BAS Score on Validation Data (Training Time 1.890897):  0.9547392031385664
Epoch 30: 
BAS Score on Validation Data (Training Time 1.884746):  0.9518553057994161
Epoch 31: 
BAS Score on Validation Data (Training Time 1.893684):  0.9551179910173544
Epoch 32: 
BAS Score on Validation Data (Training Time 1.893193):  0.9548181228628699
Epoch 33: 
BAS Score on Validation Data (Training Time 1.885818):  0.9548296012834392
Epoch 34: 
BAS Score on Validation Data (Training Time 1.887031):  0.9514349365605114
Epoch 35: 
BAS Score on Validation Data (Training Time 1.888048):  0.9570463656730017
Epoch 36: 
BAS Score on Validation Data (Training Time 1.886292):  0.9554494359941831
Epoch 37: 
BAS Score on Validation Data (Training Time 1.891237):  0.956357660438842
Epoch 38: 
BAS Score on Validation Data (Training Time 1.892458):  0.9570808009347097
Epoch 39: 
BAS Score on Validation Data (Training Time 1.885342):  0.9577350709071615
Epoch 40: 
BAS Score on Validation Data (Training Time 1.884681):  0.9588369992818171
Epoch 41: 
BAS Score on Validation Data (Training Time 1.890207):  0.9576317651220375
Epoch 42: 
BAS Score on Validation Data (Training Time 1.886314):  0.95793020405684
Epoch 43: 
BAS Score on Validation Data (Training Time 1.888886):  0.9577695061688695
Epoch 44: 
BAS Score on Validation Data (Training Time 1.891697):  0.9527061381412283
Epoch 45: 
BAS Score on Validation Data (Training Time 1.885486):  0.9596175318805317
Epoch 46: 
BAS Score on Validation Data (Training Time 1.885667):  0.9598241434507795
Epoch 47: 
BAS Score on Validation Data (Training Time 1.885915):  0.9604095428998152
Epoch 48: 
BAS Score on Validation Data (Training Time 1.890605):  0.9603980644792459
Epoch 49: 
BAS Score on Validation Data (Training Time 1.888527):  0.9574122459115385
Epoch 50: 
BAS Score on Validation Data (Training Time 1.891696):  0.958768128758401
Epoch 51: 
BAS Score on Validation Data (Training Time 1.884918):  0.9583893408796132
Epoch 52: 
BAS Score on Validation Data (Training Time 1.885468):  0.9557206304288016
Epoch 53: 
BAS Score on Validation Data (Training Time 1.887907):  0.9616965552232619
Epoch 54: 
BAS Score on Validation Data (Training Time 1.889880):  0.9581827293093653
Epoch 55: 
BAS Score on Validation Data (Training Time 1.890615):  0.9604784134232313
Epoch 56: 
BAS Score on Validation Data (Training Time 1.891977):  0.9610193284096716
Epoch 57: 
BAS Score on Validation Data (Training Time 1.885806):  0.9605931976289245
Epoch 58: 
BAS Score on Validation Data (Training Time 1.885957):  0.9598356218713487
Epoch 59: 
BAS Score on Validation Data (Training Time 1.885514):  0.961076720512518
Epoch 60: 
BAS Score on Validation Data (Training Time 1.890279):  0.9590665676932036
Epoch 61: 
BAS Score on Validation Data (Training Time 1.890417):  0.9598930139741954
Epoch 62: 
BAS Score on Validation Data (Training Time 1.893992):  0.9577465493277307
Epoch 63: 
BAS Score on Validation Data (Training Time 1.885059):  0.9601684960678593
Epoch 64: 
BAS Score on Validation Data (Training Time 1.886843):  0.9602258881707061
Epoch 65: 
BAS Score on Validation Data (Training Time 1.885989):  0.9602258881707061
Epoch 66: 
BAS Score on Validation Data (Training Time 1.888868):  0.9631657930561363
Epoch 67: 
BAS Score on Validation Data (Training Time 1.888777):  0.962947703065319
Epoch 68: 
BAS Score on Validation Data (Training Time 1.893668):  0.962144213625466
Epoch 69: 
BAS Score on Validation Data (Training Time 1.886598):  0.9624885662425458
Epoch 70: 
BAS Score on Validation Data (Training Time 1.884864):  0.9628214404390563
Epoch 71: 
BAS Score on Validation Data (Training Time 1.887826):  0.9627640483362097
Epoch 72: 
BAS Score on Validation Data (Training Time 1.890616):  0.9629132678036109
Epoch 73: 
BAS Score on Validation Data (Training Time 1.887684):  0.9631543146355668
Epoch 74: 
BAS Score on Validation Data (Training Time 1.892081):  0.9602574649930503
Epoch 75: 
BAS Score on Validation Data (Training Time 1.885147):  0.9634412751498002
Epoch 76: 
BAS Score on Validation Data (Training Time 1.886732):  0.9602015021098856
Epoch 77: 
BAS Score on Validation Data (Training Time 1.885763):  0.9578657105186995
Epoch 78: 
BAS Score on Validation Data (Training Time 1.890808):  0.9614540791716243
Epoch 79: 
BAS Score on Validation Data (Training Time 1.889281):  0.9600121305020491
Epoch 80: 
BAS Score on Validation Data (Training Time 1.892763):  0.9641185019633906
Epoch 81: 
BAS Score on Validation Data (Training Time 1.885222):  0.9592817992446574
Epoch 82: 
BAS Score on Validation Data (Training Time 1.886054):  0.9615215204753585
Epoch 83: 
BAS Score on Validation Data (Training Time 1.886871):  0.9626707917519733
Epoch 84: 
BAS Score on Validation Data (Training Time 1.890871):  0.9638659767108653
Epoch 85: 
BAS Score on Validation Data (Training Time 1.890116):  0.9630495796307611
Epoch 86: 
BAS Score on Validation Data (Training Time 1.889923):  0.9638659767108653
Epoch 87: 
BAS Score on Validation Data (Training Time 1.891275):  0.963071107252218
Epoch 88: 
BAS Score on Validation Data (Training Time 1.885362):  0.962233182550657
Epoch 89: 
BAS Score on Validation Data (Training Time 1.887723):  0.9643122058933873
Epoch 90: 
BAS Score on Validation Data (Training Time 1.891261):  0.9622719501345253
Epoch 91: 
BAS Score on Validation Data (Training Time 1.890898):  0.9613995901712563
Epoch 92: 
BAS Score on Validation Data (Training Time 1.885264):  0.9635532009161297
Epoch 93: 
BAS Score on Validation Data (Training Time 1.891870):  0.9627095593358416
Epoch 94: 
BAS Score on Validation Data (Training Time 1.885962):  0.9607840877826729
Epoch 95: 
BAS Score on Validation Data (Training Time 1.884703):  0.9659894845161912
Epoch 96: 
BAS Score on Validation Data (Training Time 1.890284):  0.9649090837629926
Epoch 97: 
BAS Score on Validation Data (Training Time 1.890380):  0.9618013348911827
Epoch 98: 
BAS Score on Validation Data (Training Time 1.889495):  0.9567437730684989
Epoch 99: 
BAS Score on Validation Data (Training Time 1.897229):  0.9568012098344606
Epoch 100: 
BAS Score on Validation Data (Training Time 1.885005):  0.9622576132745925
Epoch 101: 
BAS Score on Validation Data (Training Time 1.887499):  0.9652419579595031
Epoch 102: 
BAS Score on Validation Data (Training Time 1.889965):  0.9637526663879689
Epoch 103: 
BAS Score on Validation Data (Training Time 1.887948):  0.9666552329092125
Epoch 104: 
BAS Score on Validation Data (Training Time 1.890033):  0.9613995901712563
Epoch 105: 
BAS Score on Validation Data (Training Time 1.893326):  0.9590164556781112
Epoch 106: 
BAS Score on Validation Data (Training Time 1.885704):  0.9640625837433406
Epoch 107: 
BAS Score on Validation Data (Training Time 1.888370):  0.965606408978358
Epoch 108: 
BAS Score on Validation Data (Training Time 1.888853):  0.9657570576654412
Epoch 109: 
BAS Score on Validation Data (Training Time 1.888142):  0.9667097665726955
Epoch 110: 
BAS Score on Validation Data (Training Time 1.890725):  0.9667442018344033
Epoch 111: 
BAS Score on Validation Data (Training Time 1.893064):  0.9642691953135887
Epoch 112: 
BAS Score on Validation Data (Training Time 1.888765):  0.9610696637403393
Epoch 113: 
BAS Score on Validation Data (Training Time 1.887055):  0.9619075437787853
Epoch 114: 
BAS Score on Validation Data (Training Time 1.890871):  0.9658761295301798
Epoch 115: 
BAS Score on Validation Data (Training Time 1.886387):  0.9648846977021721
Epoch 116: 
BAS Score on Validation Data (Training Time 1.891937):  0.9666193684278227
Epoch 117: 
BAS Score on Validation Data (Training Time 1.894547):  0.965635082698224
Epoch 118: 
BAS Score on Validation Data (Training Time 1.883586):  0.9658431681512686
Epoch 119: 
BAS Score on Validation Data (Training Time 1.884051):  0.9669622918252209
Epoch 120: 
BAS Score on Validation Data (Training Time 1.884863):  0.9659794799784187
Epoch 121: 
BAS Score on Validation Data (Training Time 1.888662):  0.9668188338996617
Epoch 122: 
BAS Score on Validation Data (Training Time 1.889211):  0.9628673987844486
Epoch 123: 
BAS Score on Validation Data (Training Time 1.889103):  0.9653252100059669
Epoch 124: 
BAS Score on Validation Data (Training Time 1.883454):  0.9633767816116596
Epoch 125: 
BAS Score on Validation Data (Training Time 1.880881):  0.9591011816073719
Epoch 126: 
BAS Score on Validation Data (Training Time 1.880808):  0.9676854323210885
Epoch 127: 
BAS Score on Validation Data (Training Time 1.887566):  0.9666552329092123
Epoch 128: 
BAS Score on Validation Data (Training Time 1.885056):  0.9679609144147524
Epoch 129: 
BAS Score on Validation Data (Training Time 1.888309):  0.9656365565810207
Epoch 130: 
BAS Score on Validation Data (Training Time 1.882460):  0.9656868025854584
Epoch 131: 
BAS Score on Validation Data (Training Time 1.880923):  0.9622791855591645
Epoch 132: 
BAS Score on Validation Data (Training Time 1.880924):  0.9666452283714401
Epoch 133: 
BAS Score on Validation Data (Training Time 1.889667):  0.9680513125596253
Epoch 134: 
BAS Score on Validation Data (Training Time 1.884993):  0.960007976832349
Epoch 135: 
BAS Score on Validation Data (Training Time 1.888656):  0.9686955333311894
Epoch 136: 
BAS Score on Validation Data (Training Time 1.882265):  0.9683052670318323
Epoch 137: 
BAS Score on Validation Data (Training Time 1.880979):  0.9679752512746852
Epoch 138: 
BAS Score on Validation Data (Training Time 1.881247):  0.9645963972944872
Epoch 139: 
BAS Score on Validation Data (Training Time 1.886510):  0.9666567067920093
Epoch 140: 
BAS Score on Validation Data (Training Time 1.884687):  0.9652893901876922
Epoch 141: 
BAS Score on Validation Data (Training Time 1.888749):  0.9680140188585536
Epoch 142: 
BAS Score on Validation Data (Training Time 1.881166):  0.9615862373290742
Epoch 143: 
BAS Score on Validation Data (Training Time 1.880479):  0.9600094060520307
Epoch 144: 
BAS Score on Validation Data (Training Time 1.882120):  0.9684143343587985
Epoch 145: 
BAS Score on Validation Data (Training Time 1.888277):  0.965586355239698
Epoch 146: 
BAS Score on Validation Data (Training Time 1.884970):  0.9683741375552483
Epoch 147: 
BAS Score on Validation Data (Training Time 1.889862):  0.9627397962647343
Epoch 148: 
BAS Score on Validation Data (Training Time 1.882988):  0.9617913750165253
Epoch 149: 
BAS Score on Validation Data (Training Time 1.882911):  0.9603796186127278
High Quality
0.9711627275895983 0.9762883068717687 0.9819081476884275 0.9711627275895983 0.9706725558390964
              precision    recall  f1-score   support

           0       0.99      0.99      0.99     23726
           1       0.98      1.00      0.99      5353
           2       0.97      0.92      0.95      3178

    accuracy                           0.99     32257
   macro avg       0.98      0.97      0.98     32257
weighted avg       0.99      0.99      0.99     32257

Low Quality Post 2020
0.9055641621482056 0.7544416972614861 0.71999836400818 0.9055641621482056 0.8725870442447121
              precision    recall  f1-score   support

           0       1.00      0.97      0.98      1291
           1       0.98      1.00      0.99       160
           2       0.18      0.75      0.29        12

    accuracy                           0.97      1463
   macro avg       0.72      0.91      0.75      1463
weighted avg       0.99      0.97      0.98      1463

Emb Dim: 64
Transformer-MHA-64
=====================================================================================================================================================================
Layer (type:depth-idx)                   Input Shape               Output Shape              Kernel Shape              Param #                   Mult-Adds
=====================================================================================================================================================================
TransfomerBlock                          [2, 2, 64, 64]            [2, 3]                    --                        --                        --
├─ModuleList: 1-1                        --                        --                        --                        --                        --
│    └─MakePatches: 2-1                  [2, 1, 64, 64]            [2, 256, 64]              --                        --                        --
│    │    └─Unfold: 3-1                  [2, 1, 64, 64]            [2, 16, 256]              [4, 4]                    --                        --
│    │    └─Linear: 3-2                  [2, 256, 16]              [2, 256, 64]              --                        1,088                     2,176
│    │    └─PositionalEncoding: 3-3      [2, 256, 64]              [2, 256, 64]              --                        --                        --
│    └─MakePatches: 2-2                  [2, 1, 64, 64]            [2, 256, 64]              --                        --                        --
│    │    └─Unfold: 3-4                  [2, 1, 64, 64]            [2, 16, 256]              [4, 4]                    --                        --
│    │    └─Linear: 3-5                  [2, 256, 16]              [2, 256, 64]              --                        1,088                     2,176
│    │    └─PositionalEncoding: 3-6      [2, 256, 64]              [2, 256, 64]              --                        --                        --
├─TransformerEncoderLayer: 1-2           [2, 512, 64]              [2, 512, 64]              --                        --                        --
│    └─MultiheadAttention: 2-3           [2, 512, 64]              [2, 512, 64]              --                        16,640                    --
│    └─Dropout: 2-4                      [2, 512, 64]              [2, 512, 64]              --                        --                        --
│    └─LayerNorm: 2-5                    [2, 512, 64]              [2, 512, 64]              --                        128                       256
│    └─Linear: 2-6                       [2, 512, 64]              [2, 512, 2048]            --                        133,120                   266,240
│    └─Dropout: 2-7                      [2, 512, 2048]            [2, 512, 2048]            --                        --                        --
│    └─Linear: 2-8                       [2, 512, 2048]            [2, 512, 64]              --                        131,136                   262,272
│    └─Dropout: 2-9                      [2, 512, 64]              [2, 512, 64]              --                        --                        --
│    └─LayerNorm: 2-10                   [2, 512, 64]              [2, 512, 64]              --                        128                       256
├─Sequential: 1-3                        [2, 64]                   [2, 3]                    --                        --                        --
│    └─Linear: 2-11                      [2, 64]                   [2, 64]                   --                        4,160                     8,320
│    └─ReLU: 2-12                        [2, 64]                   [2, 64]                   --                        --                        --
│    └─Linear: 2-13                      [2, 64]                   [2, 32]                   --                        2,080                     4,160
│    └─ReLU: 2-14                        [2, 32]                   [2, 32]                   --                        --                        --
│    └─Linear: 2-15                      [2, 32]                   [2, 3]                    --                        99                        198
=====================================================================================================================================================================
Total params: 289,667
Trainable params: 289,667
Non-trainable params: 0
Total mult-adds (Units.MEGABYTES): 0.55
=====================================================================================================================================================================
Input size (MB): 0.07
Forward/backward pass size (MB): 18.88
Params size (MB): 1.09
Estimated Total Size (MB): 20.03
=====================================================================================================================================================================
Total Trainable Parameters:  289667
Total Parameters:  289667
Epoch 0: 
BAS Score on Validation Data (Training Time 2.964763):  0.6541681405494635
Epoch 1: 
BAS Score on Validation Data (Training Time 2.964908):  0.6467344116795832
Epoch 2: 
BAS Score on Validation Data (Training Time 2.965157):  0.8991062464046192
Epoch 3: 
BAS Score on Validation Data (Training Time 2.961813):  0.9188910237857885
Epoch 4: 
BAS Score on Validation Data (Training Time 2.960895):  0.9204072472157016
Epoch 5: 
BAS Score on Validation Data (Training Time 2.961371):  0.9309157635784802
Epoch 6: 
BAS Score on Validation Data (Training Time 2.964648):  0.9352061024107362
Epoch 7: 
BAS Score on Validation Data (Training Time 2.960493):  0.9345749679318834
Epoch 8: 
BAS Score on Validation Data (Training Time 2.961568):  0.9387514604838624
Epoch 9: 
BAS Score on Validation Data (Training Time 2.959691):  0.9378071482422384
Epoch 10: 
BAS Score on Validation Data (Training Time 2.961077):  0.9188619480978871
Epoch 11: 
BAS Score on Validation Data (Training Time 2.970572):  0.938975490668982
Epoch 12: 
BAS Score on Validation Data (Training Time 2.965852):  0.9411261983113769
Epoch 13: 
BAS Score on Validation Data (Training Time 2.956901):  0.9458322167554569
Epoch 14: 
BAS Score on Validation Data (Training Time 2.957644):  0.947114718104283
Epoch 15: 
BAS Score on Validation Data (Training Time 2.965418):  0.9472067241212979
Epoch 16: 
BAS Score on Validation Data (Training Time 2.965648):  0.9431908847941745
Epoch 17: 
BAS Score on Validation Data (Training Time 2.957167):  0.9481652392335095
Epoch 18: 
BAS Score on Validation Data (Training Time 2.957643):  0.9415939551153558
Epoch 19: 
BAS Score on Validation Data (Training Time 2.965428):  0.9496644460165861
Epoch 20: 
BAS Score on Validation Data (Training Time 2.962392):  0.9412783208812568
Epoch 21: 
BAS Score on Validation Data (Training Time 2.958032):  0.940865142403876
Epoch 22: 
BAS Score on Validation Data (Training Time 2.962331):  0.9392753588234664
Epoch 23: 
BAS Score on Validation Data (Training Time 2.963340):  0.9465167236568015
Epoch 24: 
BAS Score on Validation Data (Training Time 2.963593):  0.9523002397516015
Epoch 25: 
BAS Score on Validation Data (Training Time 2.957404):  0.9453731692589139
Epoch 26: 
BAS Score on Validation Data (Training Time 2.962380):  0.9362049929789583
Epoch 27: 
BAS Score on Validation Data (Training Time 2.963547):  0.9515570901801889
Epoch 28: 
BAS Score on Validation Data (Training Time 2.966012):  0.9457749586419554
Epoch 29: 
BAS Score on Validation Data (Training Time 2.958223):  0.9468337424474672
Epoch 30: 
BAS Score on Validation Data (Training Time 2.972377):  0.9534251249673958
Epoch 31: 
BAS Score on Validation Data (Training Time 2.966834):  0.9560335402128822
Epoch 32: 
BAS Score on Validation Data (Training Time 2.968669):  0.9525527650041269
Epoch 33: 
BAS Score on Validation Data (Training Time 2.965371):  0.936365780193159
Epoch 34: 
BAS Score on Validation Data (Training Time 2.968620):  0.9589704973327189
Epoch 35: 
BAS Score on Validation Data (Training Time 2.976013):  0.9467906872045534
Epoch 36: 
BAS Score on Validation Data (Training Time 2.969433):  0.9592933223283419
Epoch 37: 
BAS Score on Validation Data (Training Time 2.963945):  0.949480969939937
Epoch 38: 
BAS Score on Validation Data (Training Time 2.969418):  0.9601556330907233
Epoch 39: 
BAS Score on Validation Data (Training Time 2.967106):  0.9509803553754739
Epoch 40: 
BAS Score on Validation Data (Training Time 2.969301):  0.9474693879009409
Epoch 41: 
BAS Score on Validation Data (Training Time 2.962032):  0.9614871298767654
Epoch 42: 
BAS Score on Validation Data (Training Time 2.968875):  0.9547652417346439
Epoch 43: 
BAS Score on Validation Data (Training Time 2.967294):  0.9513907200766063
Epoch 44: 
BAS Score on Validation Data (Training Time 2.970936):  0.9519099734522444
Epoch 45: 
BAS Score on Validation Data (Training Time 2.966367):  0.9554797622493059
Epoch 46: 
BAS Score on Validation Data (Training Time 2.965894):  0.960831475347747
Epoch 47: 
BAS Score on Validation Data (Training Time 2.968626):  0.9592617901691125
Epoch 48: 
BAS Score on Validation Data (Training Time 2.971189):  0.951605996291175
Epoch 49: 
BAS Score on Validation Data (Training Time 2.962372):  0.961580386461002
Epoch 50: 
BAS Score on Validation Data (Training Time 2.968214):  0.957327743297853
Epoch 51: 
BAS Score on Validation Data (Training Time 2.968291):  0.9624871370228639
Epoch 52: 
BAS Score on Validation Data (Training Time 2.970491):  0.9396873313967408
Epoch 53: 
BAS Score on Validation Data (Training Time 2.965497):  0.9384088943913848
Epoch 54: 
BAS Score on Validation Data (Training Time 2.966292):  0.9634096983274557
Epoch 55: 
BAS Score on Validation Data (Training Time 2.969582):  0.9573393110446524
Epoch 56: 
BAS Score on Validation Data (Training Time 2.971020):  0.9609047228564385
Epoch 57: 
BAS Score on Validation Data (Training Time 2.963769):  0.9623322453398506
Epoch 58: 
BAS Score on Validation Data (Training Time 2.967250):  0.9549460826875048
Epoch 59: 
BAS Score on Validation Data (Training Time 2.973122):  0.956393837562037
Epoch 60: 
BAS Score on Validation Data (Training Time 2.967813):  0.9514109078046115
Epoch 61: 
BAS Score on Validation Data (Training Time 2.968220):  0.9505543585840721
Epoch 62: 
BAS Score on Validation Data (Training Time 2.969189):  0.9577239051283976
Epoch 63: 
BAS Score on Validation Data (Training Time 2.975721):  0.9633036234291983
Epoch 64: 
BAS Score on Validation Data (Training Time 2.963327):  0.964095634448482
Epoch 65: 
BAS Score on Validation Data (Training Time 2.965964):  0.9613724349973024
Epoch 66: 
BAS Score on Validation Data (Training Time 2.969291):  0.9601414302201355
Epoch 67: 
BAS Score on Validation Data (Training Time 2.977384):  0.9633552539902027
Epoch 68: 
BAS Score on Validation Data (Training Time 2.963926):  0.9619735111997226
Epoch 69: 
BAS Score on Validation Data (Training Time 2.966595):  0.9626092906425415
Epoch 70: 
BAS Score on Validation Data (Training Time 2.975103):  0.9624885662425458
Epoch 71: 
BAS Score on Validation Data (Training Time 2.977099):  0.9602849328088098
Epoch 72: 
BAS Score on Validation Data (Training Time 2.966283):  0.963932167447378
Epoch 73: 
BAS Score on Validation Data (Training Time 2.963893):  0.9659321370764596
Epoch 74: 
BAS Score on Validation Data (Training Time 2.974620):  0.9631100088254315
Epoch 75: 
BAS Score on Validation Data (Training Time 2.972712):  0.9482615775726847
Epoch 76: 
BAS Score on Validation Data (Training Time 2.963449):  0.9661961407495543
Epoch 77: 
BAS Score on Validation Data (Training Time 2.963847):  0.9669293304463097
Epoch 78: 
BAS Score on Validation Data (Training Time 2.971728):  0.9606493838276647
Epoch 79: 
BAS Score on Validation Data (Training Time 2.969883):  0.9657657223097619
Epoch 80: 
BAS Score on Validation Data (Training Time 2.967797):  0.9665677378668183
Epoch 81: 
BAS Score on Validation Data (Training Time 2.966164):  0.9651616983417478
Epoch 82: 
BAS Score on Validation Data (Training Time 2.972212):  0.9441811553811906
Epoch 83: 
BAS Score on Validation Data (Training Time 2.971558):  0.9662735865910609
Epoch 84: 
BAS Score on Validation Data (Training Time 2.964724):  0.9557713230643898
Epoch 85: 
BAS Score on Validation Data (Training Time 2.968106):  0.9666982881521262
Epoch 86: 
BAS Score on Validation Data (Training Time 2.970315):  0.966554785563452
Epoch 87: 
BAS Score on Validation Data (Training Time 2.971358):  0.9606796207565574
Epoch 88: 
BAS Score on Validation Data (Training Time 2.964404):  0.9604084263219389
Epoch 89: 
BAS Score on Validation Data (Training Time 2.969450):  0.964592198961672
Epoch 90: 
BAS Score on Validation Data (Training Time 2.969648):  0.9650828232805595
Epoch 91: 
BAS Score on Validation Data (Training Time 2.973291):  0.960483013724082
Epoch 92: 
BAS Score on Validation Data (Training Time 2.965354):  0.9519618273288241
Epoch 93: 
BAS Score on Validation Data (Training Time 2.966682):  0.9585546390684345
Epoch 94: 
BAS Score on Validation Data (Training Time 2.968108):  0.9667041836833135
Epoch 95: 
BAS Score on Validation Data (Training Time 2.965625):  0.968547787746585
Epoch 96: 
BAS Score on Validation Data (Training Time 2.960356):  0.9673239737309421
Epoch 97: 
BAS Score on Validation Data (Training Time 2.963448):  0.9638303802081659
Epoch 98: 
BAS Score on Validation Data (Training Time 2.965008):  0.9552417971722887
Epoch 99: 
BAS Score on Validation Data (Training Time 2.965821):  0.9562476998495746
Epoch 100: 
BAS Score on Validation Data (Training Time 2.959705):  0.9614472457150208
Epoch 101: 
BAS Score on Validation Data (Training Time 2.962620):  0.9475013220282057
Epoch 102: 
BAS Score on Validation Data (Training Time 2.962693):  0.9612707817474355
Epoch 103: 
BAS Score on Validation Data (Training Time 2.964033):  0.964211847873857
Epoch 104: 
BAS Score on Validation Data (Training Time 2.959358):  0.9623970068566815
Epoch 105: 
BAS Score on Validation Data (Training Time 2.963093):  0.9531885891100607
Epoch 106: 
BAS Score on Validation Data (Training Time 2.964195):  0.958330787535775
Epoch 107: 
BAS Score on Validation Data (Training Time 2.965631):  0.9671863220103404
Epoch 108: 
BAS Score on Validation Data (Training Time 2.959003):  0.9657213718365115
Epoch 109: 
BAS Score on Validation Data (Training Time 2.963174):  0.9649323085828215
Epoch 110: 
BAS Score on Validation Data (Training Time 2.964536):  0.9663785002483269
Epoch 111: 
BAS Score on Validation Data (Training Time 2.966945):  0.9596910920310284
Epoch 112: 
BAS Score on Validation Data (Training Time 2.963494):  0.9591717046660451
Epoch 113: 
BAS Score on Validation Data (Training Time 2.970422):  0.960187433228643
Epoch 114: 
BAS Score on Validation Data (Training Time 2.967575):  0.9660597842592891
Epoch 115: 
BAS Score on Validation Data (Training Time 2.970055):  0.9692594944849985
Epoch 116: 
BAS Score on Validation Data (Training Time 2.964461):  0.9618475612152655
Epoch 117: 
BAS Score on Validation Data (Training Time 2.968064):  0.969015589213679
Epoch 118: 
BAS Score on Validation Data (Training Time 2.972910):  0.959282245875808
Epoch 119: 
BAS Score on Validation Data (Training Time 2.966769):  0.9634530662121747
Epoch 120: 
BAS Score on Validation Data (Training Time 2.964354):  0.9660657691167064
Epoch 121: 
BAS Score on Validation Data (Training Time 2.969111):  0.9684632404697845
Epoch 122: 
BAS Score on Validation Data (Training Time 2.974405):  0.9547325483344231
Epoch 123: 
BAS Score on Validation Data (Training Time 2.963600):  0.963582231940916
Epoch 124: 
BAS Score on Validation Data (Training Time 2.965919):  0.9675507283660804
Epoch 125: 
BAS Score on Validation Data (Training Time 2.970851):  0.9698993382712873
Epoch 126: 
BAS Score on Validation Data (Training Time 2.974012):  0.9692407806397902
Epoch 127: 
BAS Score on Validation Data (Training Time 2.965190):  0.9666380376099158
Epoch 128: 
BAS Score on Validation Data (Training Time 2.964836):  0.9690987072707978
Epoch 129: 
BAS Score on Validation Data (Training Time 2.969903):  0.9561673509055894
Epoch 130: 
BAS Score on Validation Data (Training Time 2.978943):  0.970018499462256
Epoch 131: 
BAS Score on Validation Data (Training Time 2.962444):  0.9692666852465225
Epoch 132: 
BAS Score on Validation Data (Training Time 2.959533):  0.9604014142128752
Epoch 133: 
BAS Score on Validation Data (Training Time 2.968297):  0.9626496214354368
Epoch 134: 
BAS Score on Validation Data (Training Time 2.967296):  0.9673685475197679
Epoch 135: 
BAS Score on Validation Data (Training Time 2.960315):  0.9683972283857321
Epoch 136: 
BAS Score on Validation Data (Training Time 2.960150):  0.9700643684814184
Epoch 137: 
BAS Score on Validation Data (Training Time 2.969678):  0.9703398505750823
Epoch 138: 
BAS Score on Validation Data (Training Time 2.966761):  0.9664086478509896
Epoch 139: 
BAS Score on Validation Data (Training Time 2.961597):  0.9679108023996599
Epoch 140: 
BAS Score on Validation Data (Training Time 2.960269):  0.9664445569954943
Epoch 141: 
BAS Score on Validation Data (Training Time 2.968664):  0.9681230415224048
Epoch 142: 
BAS Score on Validation Data (Training Time 2.965664):  0.9678003058530119
Epoch 143: 
BAS Score on Validation Data (Training Time 2.960025):  0.9649825545872592
Epoch 144: 
BAS Score on Validation Data (Training Time 2.962812):  0.9694502953125168
Epoch 145: 
BAS Score on Validation Data (Training Time 2.966804):  0.9600526399474049
Epoch 146: 
BAS Score on Validation Data (Training Time 2.967936):  0.9686555151800995
Epoch 147: 
BAS Score on Validation Data (Training Time 2.958645):  0.9715121233559508
Epoch 148: 
BAS Score on Validation Data (Training Time 2.967230):  0.9698578015742855
Epoch 149: 
BAS Score on Validation Data (Training Time 2.968774):  0.9675462620545748
High Quality
0.964231988466068 0.9387113261838346 0.9179068457497479 0.964231988466068 0.9237573040648724
              precision    recall  f1-score   support

           0       0.99      0.96      0.98     23726
           1       0.98      0.99      0.98      5353
           2       0.78      0.94      0.85      3178

    accuracy                           0.97     32257
   macro avg       0.92      0.96      0.94     32257
weighted avg       0.97      0.97      0.97     32257

Low Quality Post 2020
0.8453610465616662 0.7112945681119807 0.6880481461319784 0.8453610465616662 0.8295946746485057
              precision    recall  f1-score   support

           0       1.00      0.95      0.98      1291
           1       0.96      1.00      0.98       160
           2       0.11      0.58      0.18        12

    accuracy                           0.95      1463
   macro avg       0.69      0.85      0.71      1463
weighted avg       0.99      0.95      0.97      1463

Emb Dim: 128
Transformer-MHA-128
=====================================================================================================================================================================
Layer (type:depth-idx)                   Input Shape               Output Shape              Kernel Shape              Param #                   Mult-Adds
=====================================================================================================================================================================
TransfomerBlock                          [2, 2, 64, 64]            [2, 3]                    --                        --                        --
├─ModuleList: 1-1                        --                        --                        --                        --                        --
│    └─MakePatches: 2-1                  [2, 1, 64, 64]            [2, 256, 128]             --                        --                        --
│    │    └─Unfold: 3-1                  [2, 1, 64, 64]            [2, 16, 256]              [4, 4]                    --                        --
│    │    └─Linear: 3-2                  [2, 256, 16]              [2, 256, 128]             --                        2,176                     4,352
│    │    └─PositionalEncoding: 3-3      [2, 256, 128]             [2, 256, 128]             --                        --                        --
│    └─MakePatches: 2-2                  [2, 1, 64, 64]            [2, 256, 128]             --                        --                        --
│    │    └─Unfold: 3-4                  [2, 1, 64, 64]            [2, 16, 256]              [4, 4]                    --                        --
│    │    └─Linear: 3-5                  [2, 256, 16]              [2, 256, 128]             --                        2,176                     4,352
│    │    └─PositionalEncoding: 3-6      [2, 256, 128]             [2, 256, 128]             --                        --                        --
├─TransformerEncoderLayer: 1-2           [2, 512, 128]             [2, 512, 128]             --                        --                        --
│    └─MultiheadAttention: 2-3           [2, 512, 128]             [2, 512, 128]             --                        66,048                    --
│    └─Dropout: 2-4                      [2, 512, 128]             [2, 512, 128]             --                        --                        --
│    └─LayerNorm: 2-5                    [2, 512, 128]             [2, 512, 128]             --                        256                       512
│    └─Linear: 2-6                       [2, 512, 128]             [2, 512, 2048]            --                        264,192                   528,384
│    └─Dropout: 2-7                      [2, 512, 2048]            [2, 512, 2048]            --                        --                        --
│    └─Linear: 2-8                       [2, 512, 2048]            [2, 512, 128]             --                        262,272                   524,544
│    └─Dropout: 2-9                      [2, 512, 128]             [2, 512, 128]             --                        --                        --
│    └─LayerNorm: 2-10                   [2, 512, 128]             [2, 512, 128]             --                        256                       512
├─Sequential: 1-3                        [2, 128]                  [2, 3]                    --                        --                        --
│    └─Linear: 2-11                      [2, 128]                  [2, 64]                   --                        8,256                     16,512
│    └─ReLU: 2-12                        [2, 64]                   [2, 64]                   --                        --                        --
│    └─Linear: 2-13                      [2, 64]                   [2, 32]                   --                        2,080                     4,160
│    └─ReLU: 2-14                        [2, 32]                   [2, 32]                   --                        --                        --
│    └─Linear: 2-15                      [2, 32]                   [2, 3]                    --                        99                        198
=====================================================================================================================================================================
Total params: 607,811
Trainable params: 607,811
Non-trainable params: 0
Total mult-adds (Units.MEGABYTES): 1.08
=====================================================================================================================================================================
Input size (MB): 0.07
Forward/backward pass size (MB): 20.97
Params size (MB): 2.17
Estimated Total Size (MB): 23.21
=====================================================================================================================================================================
Total Trainable Parameters:  607811
Total Parameters:  607811
Epoch 0: 
BAS Score on Validation Data (Training Time 3.407323):  0.655525452616008
Epoch 1: 
BAS Score on Validation Data (Training Time 3.404865):  0.702597026151147
Epoch 2: 
BAS Score on Validation Data (Training Time 3.404795):  0.9152022524502185
Epoch 3: 
BAS Score on Validation Data (Training Time 3.410220):  0.9201452980458994
Epoch 4: 
BAS Score on Validation Data (Training Time 3.410393):  0.9303466215033248
Epoch 5: 
BAS Score on Validation Data (Training Time 3.409539):  0.9325835736208923
Epoch 6: 
BAS Score on Validation Data (Training Time 3.402568):  0.9242289359816774
Epoch 7: 
BAS Score on Validation Data (Training Time 3.403993):  0.9370054899901027
Epoch 8: 
BAS Score on Validation Data (Training Time 3.402736):  0.9419927967328038
Epoch 9: 
BAS Score on Validation Data (Training Time 3.405127):  0.9433070535564346
Epoch 10: 
BAS Score on Validation Data (Training Time 3.406784):  0.9441291675152659
Epoch 11: 
BAS Score on Validation Data (Training Time 3.401875):  0.9491823970157892
Epoch 12: 
BAS Score on Validation Data (Training Time 3.414782):  0.9426011976860934
Epoch 13: 
BAS Score on Validation Data (Training Time 3.410420):  0.9505640951431542
Epoch 14: 
BAS Score on Validation Data (Training Time 3.406063):  0.9386096550935603
Epoch 15: 
BAS Score on Validation Data (Training Time 3.416561):  0.9312651631275615
Epoch 16: 
BAS Score on Validation Data (Training Time 3.419339):  0.9321905828715167
Epoch 17: 
BAS Score on Validation Data (Training Time 3.407934):  0.9325162663065033
Epoch 18: 
BAS Score on Validation Data (Training Time 3.412940):  0.9442698563276916
Epoch 19: 
BAS Score on Validation Data (Training Time 3.410366):  0.946454641926874
Epoch 20: 
BAS Score on Validation Data (Training Time 3.413068):  0.9320743694461416
Epoch 21: 
BAS Score on Validation Data (Training Time 3.405911):  0.9506416749740061
Epoch 22: 
BAS Score on Validation Data (Training Time 3.413531):  0.935149022949695
Epoch 23: 
BAS Score on Validation Data (Training Time 3.414492):  0.9464909083762992
Epoch 24: 
BAS Score on Validation Data (Training Time 3.404563):  0.94953550360342
Epoch 25: 
BAS Score on Validation Data (Training Time 3.410771):  0.9391607532702334
Epoch 26: 
BAS Score on Validation Data (Training Time 3.415094):  0.9533102960985875
Epoch 27: 
BAS Score on Validation Data (Training Time 3.407744):  0.9362409914496933
Epoch 28: 
BAS Score on Validation Data (Training Time 3.407579):  0.9452456114023148
Epoch 29: 
BAS Score on Validation Data (Training Time 3.414101):  0.9529545543871686
Epoch 30: 
BAS Score on Validation Data (Training Time 3.413095):  0.9576949634298414
Epoch 31: 
BAS Score on Validation Data (Training Time 3.407320):  0.9566260857603269
Epoch 32: 
BAS Score on Validation Data (Training Time 3.416584):  0.9430101778306589
Epoch 33: 
BAS Score on Validation Data (Training Time 3.417395):  0.9557308136190343
Epoch 34: 
BAS Score on Validation Data (Training Time 3.405200):  0.953715033247223
Epoch 35: 
BAS Score on Validation Data (Training Time 3.410703):  0.9547208019351635
Epoch 36: 
BAS Score on Validation Data (Training Time 3.410284):  0.9425986072254201
Epoch 37: 
BAS Score on Validation Data (Training Time 3.415562):  0.9537480392892491
Epoch 38: 
BAS Score on Validation Data (Training Time 3.411528):  0.9568772264562856
Epoch 39: 
BAS Score on Validation Data (Training Time 3.418530):  0.9481124027683986
Epoch 40: 
BAS Score on Validation Data (Training Time 3.415300):  0.9488441185823571
Epoch 41: 
BAS Score on Validation Data (Training Time 3.408582):  0.9568514558388984
Epoch 42: 
BAS Score on Validation Data (Training Time 3.411716):  0.9540019937614561
Epoch 43: 
BAS Score on Validation Data (Training Time 3.415717):  0.9489287551853877
Epoch 44: 
BAS Score on Validation Data (Training Time 3.404593):  0.9507853115520254
Epoch 45: 
BAS Score on Validation Data (Training Time 3.411695):  0.9432931186645371
Epoch 46: 
BAS Score on Validation Data (Training Time 3.411860):  0.9493457746906633
Epoch 47: 
BAS Score on Validation Data (Training Time 3.412255):  0.95043649262344
Epoch 48: 
BAS Score on Validation Data (Training Time 3.405957):  0.9413131581110004
Epoch 49: 
BAS Score on Validation Data (Training Time 3.412292):  0.9525629035312445
Epoch 50: 
BAS Score on Validation Data (Training Time 3.417213):  0.9553995472946658
Epoch 51: 
BAS Score on Validation Data (Training Time 3.405821):  0.950938908004702
Epoch 52: 
BAS Score on Validation Data (Training Time 3.410706):  0.9540666659520568
Epoch 53: 
BAS Score on Validation Data (Training Time 3.407757):  0.960378010740586
Epoch 54: 
BAS Score on Validation Data (Training Time 3.406598):  0.9573924154884538
Epoch 55: 
BAS Score on Validation Data (Training Time 3.399267):  0.9499403300782855
Epoch 56: 
BAS Score on Validation Data (Training Time 3.409991):  0.9467466047099934
Epoch 57: 
BAS Score on Validation Data (Training Time 3.407285):  0.9489288445116179
Epoch 58: 
BAS Score on Validation Data (Training Time 3.401317):  0.9561168369224612
Epoch 59: 
BAS Score on Validation Data (Training Time 3.405661):  0.958768128758401
Epoch 60: 
BAS Score on Validation Data (Training Time 3.410844):  0.9600394196653482
Epoch 61: 
BAS Score on Validation Data (Training Time 3.403188):  0.9486028930979408
Epoch 62: 
BAS Score on Validation Data (Training Time 3.403476):  0.9530250774458415
Epoch 63: 
BAS Score on Validation Data (Training Time 3.406321):  0.9535786767569575
Epoch 64: 
BAS Score on Validation Data (Training Time 3.407852):  0.9558400149353456
Epoch 65: 
BAS Score on Validation Data (Training Time 3.401127):  0.9500302815920078
Epoch 66: 
BAS Score on Validation Data (Training Time 3.404537):  0.954058001307736
Epoch 67: 
BAS Score on Validation Data (Training Time 3.412837):  0.9582846952010377
Epoch 68: 
BAS Score on Validation Data (Training Time 3.402980):  0.9605860515305156
Epoch 69: 
BAS Score on Validation Data (Training Time 3.410603):  0.9573608386661091
Epoch 70: 
BAS Score on Validation Data (Training Time 3.409879):  0.9488312109421059
Epoch 71: 
BAS Score on Validation Data (Training Time 3.414307):  0.9419673834203371
Epoch 72: 
BAS Score on Validation Data (Training Time 3.406851):  0.9565288094957355
Epoch 73: 
BAS Score on Validation Data (Training Time 3.414605):  0.9566392167161535
Epoch 74: 
BAS Score on Validation Data (Training Time 3.414796):  0.9495093756811125
Epoch 75: 
BAS Score on Validation Data (Training Time 3.409006):  0.9585187299239296
Epoch 76: 
BAS Score on Validation Data (Training Time 3.412720):  0.9519131445334134
Epoch 77: 
BAS Score on Validation Data (Training Time 3.418318):  0.9600580888474415
Epoch 78: 
BAS Score on Validation Data (Training Time 3.406232):  0.9599390169827028
Epoch 79: 
BAS Score on Validation Data (Training Time 3.411025):  0.9593836758100996
Epoch 80: 
BAS Score on Validation Data (Training Time 3.411838):  0.9594340111407673
Epoch 81: 
BAS Score on Validation Data (Training Time 3.416358):  0.9596421412569273
Epoch 82: 
BAS Score on Validation Data (Training Time 3.408628):  0.9559104040046735
Epoch 83: 
BAS Score on Validation Data (Training Time 3.410856):  0.9595159679568948
Epoch 84: 
BAS Score on Validation Data (Training Time 3.413990):  0.9607368342069438
Epoch 85: 
BAS Score on Validation Data (Training Time 3.407058):  0.9616434954425758
Epoch 86: 
BAS Score on Validation Data (Training Time 3.405083):  0.9367756536000257
Epoch 87: 
BAS Score on Validation Data (Training Time 3.405235):  0.9630483290635395
Epoch 88: 
BAS Score on Validation Data (Training Time 3.406477):  0.9630095168165562
Epoch 89: 
BAS Score on Validation Data (Training Time 3.402342):  0.9530519646411051
Epoch 90: 
BAS Score on Validation Data (Training Time 3.408621):  0.9525871109396048
Epoch 91: 
BAS Score on Validation Data (Training Time 3.408783):  0.9540608150839844
Epoch 92: 
BAS Score on Validation Data (Training Time 3.402108):  0.9524235546122707
Epoch 93: 
BAS Score on Validation Data (Training Time 3.403896):  0.9576276114523372
Epoch 94: 
BAS Score on Validation Data (Training Time 3.412950):  0.9568341265502568
Epoch 95: 
BAS Score on Validation Data (Training Time 3.401750):  0.952373442597178
Epoch 96: 
BAS Score on Validation Data (Training Time 3.408090):  0.9419694825867447
Epoch 97: 
BAS Score on Validation Data (Training Time 3.408766):  0.9503431020498584
Epoch 98: 
BAS Score on Validation Data (Training Time 3.409129):  0.9476902470048915
Epoch 99: 
BAS Score on Validation Data (Training Time 3.403477):  0.9551596617037013
Epoch 100: 
BAS Score on Validation Data (Training Time 3.406876):  0.9424171856520637
Epoch 101: 
BAS Score on Validation Data (Training Time 3.416729):  0.9577381973252153
Epoch 102: 
BAS Score on Validation Data (Training Time 3.405929):  0.9368892319016126
Epoch 103: 
BAS Score on Validation Data (Training Time 3.413547):  0.927522528075234
Epoch 104: 
BAS Score on Validation Data (Training Time 3.411245):  0.9587740242895885
Epoch 105: 
BAS Score on Validation Data (Training Time 3.412171):  0.9430429605571099
Epoch 106: 
BAS Score on Validation Data (Training Time 3.404625):  0.9547193280523666
Epoch 107: 
BAS Score on Validation Data (Training Time 3.416658):  0.9556479188774909
Epoch 108: 
BAS Score on Validation Data (Training Time 3.413853):  0.9604241924015535
Epoch 109: 
BAS Score on Validation Data (Training Time 3.406149):  0.9396236864577863
Epoch 110: 
BAS Score on Validation Data (Training Time 3.409293):  0.947571219803268
Epoch 111: 
BAS Score on Validation Data (Training Time 3.417688):  0.9618044166461216
Epoch 112: 
BAS Score on Validation Data (Training Time 3.405518):  0.9379033972551837
Epoch 113: 
BAS Score on Validation Data (Training Time 3.411860):  0.9445967903298996
Epoch 114: 
BAS Score on Validation Data (Training Time 3.410919):  0.9344382987998129
Epoch 115: 
BAS Score on Validation Data (Training Time 3.413292):  0.9431146001936592
Epoch 116: 
BAS Score on Validation Data (Training Time 3.407012):  0.9394615593501339
Epoch 117: 
BAS Score on Validation Data (Training Time 3.412426):  0.9432349672887345
Epoch 118: 
BAS Score on Validation Data (Training Time 3.413290):  0.9587668781911796
Epoch 119: 
BAS Score on Validation Data (Training Time 3.410602):  0.9534511189003583
Epoch 120: 
BAS Score on Validation Data (Training Time 3.412544):  0.9534293679633263
Epoch 121: 
BAS Score on Validation Data (Training Time 3.414494):  0.9546778806815949
Epoch 122: 
BAS Score on Validation Data (Training Time 3.411798):  0.9582348065015204
Epoch 123: 
BAS Score on Validation Data (Training Time 3.411954):  0.9540020384245711
Epoch 124: 
BAS Score on Validation Data (Training Time 3.423217):  0.947061792312942
Epoch 125: 
BAS Score on Validation Data (Training Time 3.417976):  0.9542532237836449
Epoch 126: 
BAS Score on Validation Data (Training Time 3.406029):  0.9284321817395748
Epoch 127: 
BAS Score on Validation Data (Training Time 3.410922):  0.9594600050737299
Epoch 128: 
BAS Score on Validation Data (Training Time 3.421315):  0.9470014971076166
Epoch 129: 
BAS Score on Validation Data (Training Time 3.406058):  0.951240071389523
Epoch 130: 
BAS Score on Validation Data (Training Time 3.414474):  0.9565545801131227
Epoch 131: 
BAS Score on Validation Data (Training Time 3.411644):  0.9508612388476202
Epoch 132: 
BAS Score on Validation Data (Training Time 3.413461):  0.9374944617737331
Epoch 133: 
BAS Score on Validation Data (Training Time 3.409967):  0.950962802771257
Epoch 134: 
BAS Score on Validation Data (Training Time 3.414283):  0.9550624301022249
Epoch 135: 
BAS Score on Validation Data (Training Time 3.413528):  0.9230688562312191
Epoch 136: 
BAS Score on Validation Data (Training Time 3.408595):  0.9387757125553376
Epoch 137: 
BAS Score on Validation Data (Training Time 3.410456):  0.9588544625598039
Epoch 138: 
BAS Score on Validation Data (Training Time 3.413223):  0.9437516302036996
Epoch 139: 
BAS Score on Validation Data (Training Time 3.410014):  0.9429666759565946
Epoch 140: 
BAS Score on Validation Data (Training Time 3.407364):  0.9510564166604137
Epoch 141: 
BAS Score on Validation Data (Training Time 3.414621):  0.9369651145340923
Epoch 142: 
BAS Score on Validation Data (Training Time 3.416176):  0.9297982477766702
Epoch 143: 
BAS Score on Validation Data (Training Time 3.408854):  0.9624443497586407
Epoch 144: 
BAS Score on Validation Data (Training Time 3.414624):  0.9553449689680678
Epoch 145: 
BAS Score on Validation Data (Training Time 3.415639):  0.9364010640540531
Epoch 146: 
BAS Score on Validation Data (Training Time 3.409772):  0.9492872660099403
Epoch 147: 
BAS Score on Validation Data (Training Time 3.413655):  0.9616179034776487
Epoch 148: 
BAS Score on Validation Data (Training Time 3.418574):  0.9295873038842618
Epoch 149: 
BAS Score on Validation Data (Training Time 3.412793):  0.95314397065812
High Quality
0.8587702737155066 0.7459086783748016 0.7607355331918955 0.8587702737155066 0.6550299088813617
              precision    recall  f1-score   support

           0       0.99      0.73      0.84     23726
           1       0.98      0.88      0.93      5353
           2       0.31      0.96      0.47      3178

    accuracy                           0.78     32257
   macro avg       0.76      0.86      0.75     32257
weighted avg       0.92      0.78      0.82     32257

Low Quality Post 2020
0.815442916774249 0.575282666388109 0.666579131652661 0.815442916774249 0.4457628715518051
              precision    recall  f1-score   support

           0       1.00      0.55      0.71      1291
           1       0.98      0.98      0.98       160
           2       0.02      0.92      0.04        12

    accuracy                           0.60      1463
   macro avg       0.67      0.82      0.58      1463
weighted avg       0.99      0.60      0.73      1463


High Quality Post 2020
                          mean       std       sem  count
Model                                                    
Transformer-FNET-128  0.978331  0.001519  0.000679      5
Transformer-FNET-64   0.973056  0.009277  0.004149      5
Transformer-MHA-128   0.775912  0.058369  0.026103      5
Transformer-MHA-64    0.885342  0.079136  0.035391      5
                          mean       std       sem  count
Model                                                    
Transformer-FNET-128  0.974504  0.002280  0.001020      5
Transformer-FNET-64   0.972269  0.003222  0.001441      5
Transformer-MHA-128   0.880280  0.024466  0.010942      5
Transformer-MHA-64    0.934213  0.030962  0.013846      5
                          mean       std       sem  count
Model                                                    
Transformer-FNET-128  0.973256  0.001940  0.000868      5
Transformer-FNET-64   0.966663  0.011957  0.005347      5
Transformer-MHA-128   0.700461  0.089349  0.039958      5
Transformer-MHA-64    0.847130  0.109864  0.049133      5

Low Quality Pre + Post 2020
                          mean       std       sem  count
Model                                                    
Transformer-FNET-128  0.742812  0.020518  0.009176      5
Transformer-FNET-64   0.749537  0.046972  0.021006      5
Transformer-MHA-128   0.604463  0.052178  0.023335      5
Transformer-MHA-64    0.682621  0.055782  0.024946      5
                          mean       std       sem  count
Model                                                    
Transformer-FNET-128  0.913474  0.011936  0.005338      5
Transformer-FNET-64   0.907402  0.014094  0.006303      5
Transformer-MHA-128   0.838350  0.040703  0.018203      5
Transformer-MHA-64    0.890177  0.052837  0.023629      5
                          mean       std       sem  count
Model                                                    
Transformer-FNET-128  0.848723  0.034714  0.015525      5
Transformer-FNET-64   0.848726  0.068941  0.030831      5
Transformer-MHA-128   0.524246  0.127671  0.057096      5
Transformer-MHA-64    0.698741  0.159418  0.071294      5
Saving Results
************Fold: 5
Data Shape Before Sampling:  (81670, 2, 64, 64) (81670,)
Subtype/Host: 0 ,count:  52274 ,index count: (array([False,  True]), array([29396, 52274])) ,downsampling:  (16000, 2, 64, 64) (16000,)
Subtype/Host: 1 ,count:  18508 ,index count: (array([False,  True]), array([63162, 18508])) ,downsampling:  (16000, 2, 64, 64) (16000,)
Subtype/Host: 2 ,count:  10888 ,index count: (array([False,  True]), array([70782, 10888])) ,keep:  (10888, 2, 64, 64) (10888,)
Train shape:  (42888, 2, 64, 64) (42888,)
[[    0 16000]
 [    1 16000]
 [    2 10888]]
Val shape:  (9074, 2, 64, 64) (9074,)
[[   0 5808]
 [   1 2056]
 [   2 1210]]
Emb Dim: 64
Transformer-FNET-64
=====================================================================================================================================================================
Layer (type:depth-idx)                   Input Shape               Output Shape              Kernel Shape              Param #                   Mult-Adds
=====================================================================================================================================================================
TransfomerBlock                          [2, 2, 64, 64]            [2, 3]                    --                        --                        --
├─ModuleList: 1-1                        --                        --                        --                        --                        --
│    └─MakePatches: 2-1                  [2, 1, 64, 64]            [2, 256, 64]              --                        --                        --
│    │    └─Unfold: 3-1                  [2, 1, 64, 64]            [2, 16, 256]              [4, 4]                    --                        --
│    │    └─Linear: 3-2                  [2, 256, 16]              [2, 256, 64]              --                        1,088                     2,176
│    │    └─PositionalEncoding: 3-3      [2, 256, 64]              [2, 256, 64]              --                        --                        --
│    └─MakePatches: 2-2                  [2, 1, 64, 64]            [2, 256, 64]              --                        --                        --
│    │    └─Unfold: 3-4                  [2, 1, 64, 64]            [2, 16, 256]              [4, 4]                    --                        --
│    │    └─Linear: 3-5                  [2, 256, 16]              [2, 256, 64]              --                        1,088                     2,176
│    │    └─PositionalEncoding: 3-6      [2, 256, 64]              [2, 256, 64]              --                        --                        --
├─FNET: 1-2                              [2, 512, 64]              [2, 512, 64]              --                        --                        --
│    └─LayerNorm: 2-3                    [2, 512, 64]              [2, 512, 64]              --                        128                       256
│    └─Sequential: 2-4                   [2, 512, 64]              [2, 512, 64]              --                        --                        --
│    │    └─Linear: 3-7                  [2, 512, 64]              [2, 512, 64]              --                        4,160                     8,320
│    │    └─ReLU: 3-8                    [2, 512, 64]              [2, 512, 64]              --                        --                        --
│    │    └─Dropout: 3-9                 [2, 512, 64]              [2, 512, 64]              --                        --                        --
│    │    └─Linear: 3-10                 [2, 512, 64]              [2, 512, 64]              --                        4,160                     8,320
│    └─LayerNorm: 2-5                    [2, 512, 64]              [2, 512, 64]              --                        128                       256
├─Sequential: 1-3                        [2, 64]                   [2, 3]                    --                        --                        --
│    └─Linear: 2-6                       [2, 64]                   [2, 64]                   --                        4,160                     8,320
│    └─ReLU: 2-7                         [2, 64]                   [2, 64]                   --                        --                        --
│    └─Linear: 2-8                       [2, 64]                   [2, 32]                   --                        2,080                     4,160
│    └─ReLU: 2-9                         [2, 32]                   [2, 32]                   --                        --                        --
│    └─Linear: 2-10                      [2, 32]                   [2, 3]                    --                        99                        198
=====================================================================================================================================================================
Total params: 17,091
Trainable params: 17,091
Non-trainable params: 0
Total mult-adds (Units.MEGABYTES): 0.03
=====================================================================================================================================================================
Input size (MB): 0.07
Forward/backward pass size (MB): 2.62
Params size (MB): 0.07
Estimated Total Size (MB): 2.76
=====================================================================================================================================================================
Total Trainable Parameters:  17091
Total Parameters:  17091
Epoch 0: 
BAS Score on Validation Data (Training Time 1.545833):  0.3333333333333333
Epoch 1: 
BAS Score on Validation Data (Training Time 1.518425):  0.6280471410246791
Epoch 2: 
BAS Score on Validation Data (Training Time 1.512768):  0.6509343077038513
Epoch 3: 
BAS Score on Validation Data (Training Time 1.509122):  0.6561022767469531
Epoch 4: 
BAS Score on Validation Data (Training Time 1.505571):  0.7121012030456672
Epoch 5: 
BAS Score on Validation Data (Training Time 1.505352):  0.8314868261675832
Epoch 6: 
BAS Score on Validation Data (Training Time 1.514429):  0.8731507237211164
Epoch 7: 
BAS Score on Validation Data (Training Time 1.505919):  0.8942523483865896
Epoch 8: 
BAS Score on Validation Data (Training Time 1.505966):  0.9046503235396054
Epoch 9: 
BAS Score on Validation Data (Training Time 1.513832):  0.9099290124449304
Epoch 10: 
BAS Score on Validation Data (Training Time 1.504240):  0.9137211342287395
Epoch 11: 
BAS Score on Validation Data (Training Time 1.506677):  0.9194919659988638
Epoch 12: 
BAS Score on Validation Data (Training Time 1.506845):  0.9206441403779572
Epoch 13: 
BAS Score on Validation Data (Training Time 1.506016):  0.9262799555512679
Epoch 14: 
BAS Score on Validation Data (Training Time 1.508817):  0.9317824066630221
Epoch 15: 
BAS Score on Validation Data (Training Time 1.505553):  0.9333406580842025
Epoch 16: 
BAS Score on Validation Data (Training Time 1.505203):  0.9355673823484224
Epoch 17: 
BAS Score on Validation Data (Training Time 1.508543):  0.937322151475848
Epoch 18: 
BAS Score on Validation Data (Training Time 1.505291):  0.9345458922439821
Epoch 19: 
BAS Score on Validation Data (Training Time 1.506738):  0.9391013066640941
Epoch 20: 
BAS Score on Validation Data (Training Time 1.509968):  0.9371873581946097
Epoch 21: 
BAS Score on Validation Data (Training Time 1.506833):  0.9410052952589211
Epoch 22: 
BAS Score on Validation Data (Training Time 1.508016):  0.9409722892168949
Epoch 23: 
BAS Score on Validation Data (Training Time 1.506529):  0.9450528453977339
Epoch 24: 
BAS Score on Validation Data (Training Time 1.508045):  0.9403554022717447
Epoch 25: 
BAS Score on Validation Data (Training Time 1.505215):  0.9415663533102515
Epoch 26: 
BAS Score on Validation Data (Training Time 1.507051):  0.9468822019273028
Epoch 27: 
BAS Score on Validation Data (Training Time 1.506238):  0.9485996773536568
Epoch 28: 
BAS Score on Validation Data (Training Time 1.505925):  0.9476642084088139
Epoch 29: 
BAS Score on Validation Data (Training Time 1.505973):  0.9499196957191297
Epoch 30: 
BAS Score on Validation Data (Training Time 1.508179):  0.9499096465182423
Epoch 31: 
BAS Score on Validation Data (Training Time 1.508673):  0.9522727719358425
Epoch 32: 
BAS Score on Validation Data (Training Time 1.505301):  0.9502310422941834
Epoch 33: 
BAS Score on Validation Data (Training Time 1.505762):  0.9465120786928356
Epoch 34: 
BAS Score on Validation Data (Training Time 1.506678):  0.9467029241834689
Epoch 35: 
BAS Score on Validation Data (Training Time 1.509806):  0.9502382330557074
Epoch 36: 
BAS Score on Validation Data (Training Time 1.511488):  0.9494892772793374
Epoch 37: 
BAS Score on Validation Data (Training Time 1.512615):  0.9534665276750527
Epoch 38: 
BAS Score on Validation Data (Training Time 1.519080):  0.9503817356443816
Epoch 39: 
BAS Score on Validation Data (Training Time 1.515717):  0.95447377024579
Epoch 40: 
BAS Score on Validation Data (Training Time 1.512647):  0.9536602316050494
Epoch 41: 
BAS Score on Validation Data (Training Time 1.508503):  0.954687527914447
Epoch 42: 
BAS Score on Validation Data (Training Time 1.509858):  0.9543661321385057
Epoch 43: 
BAS Score on Validation Data (Training Time 1.517832):  0.954549786867615
Epoch 44: 
BAS Score on Validation Data (Training Time 1.507430):  0.9547521107788176
Epoch 45: 
BAS Score on Validation Data (Training Time 1.507475):  0.9551007510549429
Epoch 46: 
BAS Score on Validation Data (Training Time 1.510853):  0.9559731110182118
Epoch 47: 
BAS Score on Validation Data (Training Time 1.508566):  0.9551925784194975
Epoch 48: 
BAS Score on Validation Data (Training Time 1.515714):  0.9562371146913065
Epoch 49: 
BAS Score on Validation Data (Training Time 1.512256):  0.9543216923390251
Epoch 50: 
BAS Score on Validation Data (Training Time 1.509726):  0.956693393074716
Epoch 51: 
BAS Score on Validation Data (Training Time 1.515074):  0.9566503378318023
Epoch 52: 
BAS Score on Validation Data (Training Time 1.507811):  0.9567435944160386
Epoch 53: 
BAS Score on Validation Data (Training Time 1.508293):  0.9563834757193441
Epoch 54: 
BAS Score on Validation Data (Training Time 1.507291):  0.9548683242041927
Epoch 55: 
BAS Score on Validation Data (Training Time 1.512676):  0.9581411032861333
Epoch 56: 
BAS Score on Validation Data (Training Time 1.509595):  0.9555326433775319
Epoch 57: 
BAS Score on Validation Data (Training Time 1.513892):  0.958047846701897
Epoch 58: 
BAS Score on Validation Data (Training Time 1.509688):  0.958521320384603
Epoch 59: 
BAS Score on Validation Data (Training Time 1.512572):  0.958521320384603
Epoch 60: 
BAS Score on Validation Data (Training Time 1.508607):  0.9580593251224663
Epoch 61: 
BAS Score on Validation Data (Training Time 1.509742):  0.9539687197407396
Epoch 62: 
BAS Score on Validation Data (Training Time 1.508084):  0.9578225659495557
Epoch 63: 
BAS Score on Validation Data (Training Time 1.513400):  0.9576905864445658
Epoch 64: 
BAS Score on Validation Data (Training Time 1.509219):  0.9574825456546362
Epoch 65: 
BAS Score on Validation Data (Training Time 1.510189):  0.9588771514222523
Epoch 66: 
BAS Score on Validation Data (Training Time 1.514986):  0.9590952414130695
Epoch 67: 
BAS Score on Validation Data (Training Time 1.506873):  0.9582917519732165
Epoch 68: 
BAS Score on Validation Data (Training Time 1.505634):  0.9592674177216094
Epoch 69: 
BAS Score on Validation Data (Training Time 1.511543):  0.9598298603295067
Epoch 70: 
BAS Score on Validation Data (Training Time 1.506912):  0.9601067716428524
Epoch 71: 
BAS Score on Validation Data (Training Time 1.512923):  0.9598183819089373
Epoch 72: 
BAS Score on Validation Data (Training Time 1.512119):  0.9603234324139877
Epoch 73: 
BAS Score on Validation Data (Training Time 1.508514):  0.9602545618905718
Epoch 74: 
BAS Score on Validation Data (Training Time 1.516369):  0.9599905582174774
Epoch 75: 
BAS Score on Validation Data (Training Time 1.507653):  0.9601168208437398
Epoch 76: 
BAS Score on Validation Data (Training Time 1.509097):  0.9603923029374037
Epoch 77: 
BAS Score on Validation Data (Training Time 1.509899):  0.960610392928221
Epoch 78: 
BAS Score on Validation Data (Training Time 1.508393):  0.9608170044984691
Epoch 79: 
BAS Score on Validation Data (Training Time 1.512357):  0.957821136729874
Epoch 80: 
BAS Score on Validation Data (Training Time 1.511837):  0.9601627345260172
Epoch 81: 
BAS Score on Validation Data (Training Time 1.508266):  0.9608170044984691
Epoch 82: 
BAS Score on Validation Data (Training Time 1.517546):  0.9610006592275783
Epoch 83: 
BAS Score on Validation Data (Training Time 1.507933):  0.9605644792459437
Epoch 84: 
BAS Score on Validation Data (Training Time 1.507242):  0.9604396458393629
Epoch 85: 
BAS Score on Validation Data (Training Time 1.509035):  0.9584854559032133
Epoch 86: 
BAS Score on Validation Data (Training Time 1.512827):  0.9612761413212422
Epoch 87: 
BAS Score on Validation Data (Training Time 1.509550):  0.9610006592275783
Epoch 88: 
BAS Score on Validation Data (Training Time 1.512013):  0.9612876197418115
Epoch 89: 
BAS Score on Validation Data (Training Time 1.514876):  0.9609346471435258
Epoch 90: 
BAS Score on Validation Data (Training Time 1.508379):  0.9599202584743795
Epoch 91: 
BAS Score on Validation Data (Training Time 1.509919):  0.9610695297509942
Epoch 92: 
BAS Score on Validation Data (Training Time 1.514928):  0.9612876197418115
Epoch 93: 
BAS Score on Validation Data (Training Time 1.510286):  0.9612761413212422
Epoch 94: 
BAS Score on Validation Data (Training Time 1.515766):  0.9615057097326286
Epoch 95: 
BAS Score on Validation Data (Training Time 1.509943):  0.9622101810464031
Epoch 96: 
BAS Score on Validation Data (Training Time 1.512757):  0.9619117421116007
Epoch 97: 
BAS Score on Validation Data (Training Time 1.523792):  0.9623823573549432
Epoch 98: 
BAS Score on Validation Data (Training Time 1.514194):  0.9610695297509942
Epoch 99: 
BAS Score on Validation Data (Training Time 1.513727):  0.9615631018354754
Epoch 100: 
BAS Score on Validation Data (Training Time 1.521845):  0.9615516234149061
Epoch 101: 
BAS Score on Validation Data (Training Time 1.509653):  0.9624627062989285
Epoch 102: 
BAS Score on Validation Data (Training Time 1.516434):  0.9617338489243336
Epoch 103: 
BAS Score on Validation Data (Training Time 1.514005):  0.9615731510363629
Epoch 104: 
BAS Score on Validation Data (Training Time 1.512012):  0.9610896281527692
Epoch 105: 
BAS Score on Validation Data (Training Time 1.525986):  0.9608629181807462
Epoch 106: 
BAS Score on Validation Data (Training Time 1.520386):  0.9628070589160084
Epoch 107: 
BAS Score on Validation Data (Training Time 1.511049):  0.9614698452512389
Epoch 108: 
BAS Score on Validation Data (Training Time 1.509730):  0.9617453273449028
Epoch 109: 
BAS Score on Validation Data (Training Time 1.511791):  0.9625516752241196
Epoch 110: 
BAS Score on Validation Data (Training Time 1.515275):  0.9618859268310983
Epoch 111: 
BAS Score on Validation Data (Training Time 1.517680):  0.9625029031024787
Epoch 112: 
BAS Score on Validation Data (Training Time 1.519658):  0.9621040168219156
Epoch 113: 
BAS Score on Validation Data (Training Time 1.516714):  0.9633465446827668
Epoch 114: 
BAS Score on Validation Data (Training Time 1.509557):  0.962933321542271
Epoch 115: 
BAS Score on Validation Data (Training Time 1.509881):  0.9632661957387815
Epoch 116: 
BAS Score on Validation Data (Training Time 1.512277):  0.9622862423313432
Epoch 117: 
BAS Score on Validation Data (Training Time 1.515543):  0.9630481057479643
Epoch 118: 
BAS Score on Validation Data (Training Time 1.512035):  0.9627683359952549
Epoch 119: 
BAS Score on Validation Data (Training Time 1.516103):  0.9621815073265374
Epoch 120: 
BAS Score on Validation Data (Training Time 1.519741):  0.9623436344341898
Epoch 121: 
BAS Score on Validation Data (Training Time 1.513131):  0.9623436344341898
Epoch 122: 
BAS Score on Validation Data (Training Time 1.514233):  0.9627597160140492
Epoch 123: 
BAS Score on Validation Data (Training Time 1.512938):  0.9618414423685028
Epoch 124: 
BAS Score on Validation Data (Training Time 1.515186):  0.9626564102289253
Epoch 125: 
BAS Score on Validation Data (Training Time 1.517683):  0.9619562265741962
Epoch 126: 
BAS Score on Validation Data (Training Time 1.514989):  0.9631026394114474
Epoch 127: 
BAS Score on Validation Data (Training Time 1.511337):  0.9627812436355061
Epoch 128: 
BAS Score on Validation Data (Training Time 1.518473):  0.9617568057654721
Epoch 129: 
BAS Score on Validation Data (Training Time 1.512128):  0.9611484494752979
Epoch 130: 
BAS Score on Validation Data (Training Time 1.512074):  0.9628185373365777
Epoch 131: 
BAS Score on Validation Data (Training Time 1.510376):  0.9616807444805323
Epoch 132: 
BAS Score on Validation Data (Training Time 1.510192):  0.9624770878219765
Epoch 133: 
BAS Score on Validation Data (Training Time 1.513582):  0.9619734665366076
Epoch 134: 
BAS Score on Validation Data (Training Time 1.515151):  0.9612144615593502
Epoch 135: 
BAS Score on Validation Data (Training Time 1.510049):  0.9641041204403425
Epoch 136: 
BAS Score on Validation Data (Training Time 1.516729):  0.9633121094210589
Epoch 137: 
BAS Score on Validation Data (Training Time 1.510260):  0.9647555319734308
Epoch 138: 
BAS Score on Validation Data (Training Time 1.510765):  0.963502954911692
Epoch 139: 
BAS Score on Validation Data (Training Time 1.514584):  0.9622016057283126
Epoch 140: 
BAS Score on Validation Data (Training Time 1.521623):  0.9630653457103757
Epoch 141: 
BAS Score on Validation Data (Training Time 1.517124):  0.9620308586394545
Epoch 142: 
BAS Score on Validation Data (Training Time 1.519652):  0.963276244939669
Epoch 143: 
BAS Score on Validation Data (Training Time 1.516001):  0.9623077699527999
Epoch 144: 
BAS Score on Validation Data (Training Time 1.509120):  0.9620982999431886
Epoch 145: 
BAS Score on Validation Data (Training Time 1.511964):  0.9638846012298435
Epoch 146: 
BAS Score on Validation Data (Training Time 1.527080):  0.9638343998885208
Epoch 147: 
BAS Score on Validation Data (Training Time 1.510233):  0.9614339807698492
Epoch 148: 
BAS Score on Validation Data (Training Time 1.515202):  0.9616534999803482
Epoch 149: 
BAS Score on Validation Data (Training Time 1.516834):  0.9646880906696965
High Quality
0.9740879402887609 0.9691278427976351 0.9642888886043671 0.9740879402887609 0.9615247647622894
              precision    recall  f1-score   support

           0       0.99      0.99      0.99     23726
           1       0.98      1.00      0.99      5353
           2       0.92      0.94      0.93      3178

    accuracy                           0.98     32257
   macro avg       0.96      0.97      0.97     32257
weighted avg       0.98      0.98      0.98     32257

Low Quality Post 2020
0.8965272398657372 0.7137203566159922 0.6906551429042477 0.8965272398657372 0.8015424758806404
              precision    recall  f1-score   support

           0       1.00      0.94      0.97      1291
           1       0.96      1.00      0.98       160
           2       0.11      0.75      0.19        12

    accuracy                           0.94      1463
   macro avg       0.69      0.90      0.71      1463
weighted avg       0.99      0.94      0.96      1463

Emb Dim: 128
Transformer-FNET-128
=====================================================================================================================================================================
Layer (type:depth-idx)                   Input Shape               Output Shape              Kernel Shape              Param #                   Mult-Adds
=====================================================================================================================================================================
TransfomerBlock                          [2, 2, 64, 64]            [2, 3]                    --                        --                        --
├─ModuleList: 1-1                        --                        --                        --                        --                        --
│    └─MakePatches: 2-1                  [2, 1, 64, 64]            [2, 256, 128]             --                        --                        --
│    │    └─Unfold: 3-1                  [2, 1, 64, 64]            [2, 16, 256]              [4, 4]                    --                        --
│    │    └─Linear: 3-2                  [2, 256, 16]              [2, 256, 128]             --                        2,176                     4,352
│    │    └─PositionalEncoding: 3-3      [2, 256, 128]             [2, 256, 128]             --                        --                        --
│    └─MakePatches: 2-2                  [2, 1, 64, 64]            [2, 256, 128]             --                        --                        --
│    │    └─Unfold: 3-4                  [2, 1, 64, 64]            [2, 16, 256]              [4, 4]                    --                        --
│    │    └─Linear: 3-5                  [2, 256, 16]              [2, 256, 128]             --                        2,176                     4,352
│    │    └─PositionalEncoding: 3-6      [2, 256, 128]             [2, 256, 128]             --                        --                        --
├─FNET: 1-2                              [2, 512, 128]             [2, 512, 128]             --                        --                        --
│    └─LayerNorm: 2-3                    [2, 512, 128]             [2, 512, 128]             --                        256                       512
│    └─Sequential: 2-4                   [2, 512, 128]             [2, 512, 128]             --                        --                        --
│    │    └─Linear: 3-7                  [2, 512, 128]             [2, 512, 128]             --                        16,512                    33,024
│    │    └─ReLU: 3-8                    [2, 512, 128]             [2, 512, 128]             --                        --                        --
│    │    └─Dropout: 3-9                 [2, 512, 128]             [2, 512, 128]             --                        --                        --
│    │    └─Linear: 3-10                 [2, 512, 128]             [2, 512, 128]             --                        16,512                    33,024
│    └─LayerNorm: 2-5                    [2, 512, 128]             [2, 512, 128]             --                        256                       512
├─Sequential: 1-3                        [2, 128]                  [2, 3]                    --                        --                        --
│    └─Linear: 2-6                       [2, 128]                  [2, 64]                   --                        8,256                     16,512
│    └─ReLU: 2-7                         [2, 64]                   [2, 64]                   --                        --                        --
│    └─Linear: 2-8                       [2, 64]                   [2, 32]                   --                        2,080                     4,160
│    └─ReLU: 2-9                         [2, 32]                   [2, 32]                   --                        --                        --
│    └─Linear: 2-10                      [2, 32]                   [2, 3]                    --                        99                        198
=====================================================================================================================================================================
Total params: 48,323
Trainable params: 48,323
Non-trainable params: 0
Total mult-adds (Units.MEGABYTES): 0.10
=====================================================================================================================================================================
Input size (MB): 0.07
Forward/backward pass size (MB): 5.24
Params size (MB): 0.19
Estimated Total Size (MB): 5.50
=====================================================================================================================================================================
Total Trainable Parameters:  48323
Total Parameters:  48323
Epoch 0: 
BAS Score on Validation Data (Training Time 1.890208):  0.3333333333333333
Epoch 1: 
BAS Score on Validation Data (Training Time 1.885619):  0.33339072543618004
Epoch 2: 
BAS Score on Validation Data (Training Time 1.885394):  0.6526502645842935
Epoch 3: 
BAS Score on Validation Data (Training Time 1.885766):  0.7539959642409236
Epoch 4: 
BAS Score on Validation Data (Training Time 1.886875):  0.8632820511446263
Epoch 5: 
BAS Score on Validation Data (Training Time 1.887681):  0.9132777188224659
Epoch 6: 
BAS Score on Validation Data (Training Time 1.884964):  0.9140769652663887
Epoch 7: 
BAS Score on Validation Data (Training Time 1.887033):  0.9204991639064861
Epoch 8: 
BAS Score on Validation Data (Training Time 1.889005):  0.926987329967521
Epoch 9: 
BAS Score on Validation Data (Training Time 1.885067):  0.9301123634648573
Epoch 10: 
BAS Score on Validation Data (Training Time 1.885282):  0.9347122623475648
Epoch 11: 
BAS Score on Validation Data (Training Time 1.886112):  0.9365129004941527
Epoch 12: 
BAS Score on Validation Data (Training Time 1.885556):  0.9388674059305471
Epoch 13: 
BAS Score on Validation Data (Training Time 1.884814):  0.9423382212646451
Epoch 14: 
BAS Score on Validation Data (Training Time 1.888046):  0.9429652467369128
Epoch 15: 
BAS Score on Validation Data (Training Time 1.885029):  0.9453829058179961
Epoch 16: 
BAS Score on Validation Data (Training Time 1.890296):  0.9470013631182715
Epoch 17: 
BAS Score on Validation Data (Training Time 1.892162):  0.947631247029903
Epoch 18: 
BAS Score on Validation Data (Training Time 1.894178):  0.9465479878373406
Epoch 19: 
BAS Score on Validation Data (Training Time 1.889189):  0.9501894609340665
Epoch 20: 
BAS Score on Validation Data (Training Time 1.887006):  0.9517289985100384
Epoch 21: 
BAS Score on Validation Data (Training Time 1.886488):  0.9540978408063657
Epoch 22: 
BAS Score on Validation Data (Training Time 1.891952):  0.9524277082819707
Epoch 23: 
BAS Score on Validation Data (Training Time 1.889699):  0.952130743229965
Epoch 24: 
BAS Score on Validation Data (Training Time 1.893204):  0.9543403168580035
Epoch 25: 
BAS Score on Validation Data (Training Time 1.885626):  0.9534278047542992
Epoch 26: 
BAS Score on Validation Data (Training Time 1.886008):  0.9533818464089069
Epoch 27: 
BAS Score on Validation Data (Training Time 1.886354):  0.9560218831398527
Epoch 28: 
BAS Score on Validation Data (Training Time 1.892299):  0.9564236278597793
Epoch 29: 
BAS Score on Validation Data (Training Time 1.893431):  0.9538639847359338
Epoch 30: 
BAS Score on Validation Data (Training Time 1.894859):  0.9546344681337606
Epoch 31: 
BAS Score on Validation Data (Training Time 1.886123):  0.9559057143775928
Epoch 32: 
BAS Score on Validation Data (Training Time 1.885132):  0.9582831319920105
Epoch 33: 
BAS Score on Validation Data (Training Time 1.887031):  0.9574107720287417
Epoch 34: 
BAS Score on Validation Data (Training Time 1.891196):  0.9574280119911531
Epoch 35: 
BAS Score on Validation Data (Training Time 1.892093):  0.9595787642966632
Epoch 36: 
BAS Score on Validation Data (Training Time 1.895570):  0.9598772032314656
Epoch 37: 
BAS Score on Validation Data (Training Time 1.887801):  0.9572787925237519
Epoch 38: 
BAS Score on Validation Data (Training Time 1.886938):  0.959888681652035
Epoch 39: 
BAS Score on Validation Data (Training Time 1.886265):  0.960842819778971
Epoch 40: 
BAS Score on Validation Data (Training Time 1.894035):  0.9607610416153042
Epoch 41: 
BAS Score on Validation Data (Training Time 1.891168):  0.950193837919342
Epoch 42: 
BAS Score on Validation Data (Training Time 1.893821):  0.9598901108717168
Epoch 43: 
BAS Score on Validation Data (Training Time 1.887501):  0.9615300957934493
Epoch 44: 
BAS Score on Validation Data (Training Time 1.887249):  0.9572888417246395
Epoch 45: 
BAS Score on Validation Data (Training Time 1.889094):  0.9609647947461886
Epoch 46: 
BAS Score on Validation Data (Training Time 1.892550):  0.96165492920003
Epoch 47: 
BAS Score on Validation Data (Training Time 1.891045):  0.959531421394704
Epoch 48: 
BAS Score on Validation Data (Training Time 1.895021):  0.9624713262801342
Epoch 49: 
BAS Score on Validation Data (Training Time 1.889561):  0.961070958970676
Epoch 50: 
BAS Score on Validation Data (Training Time 1.888126):  0.9609662239658702
Epoch 51: 
BAS Score on Validation Data (Training Time 1.887112):  0.9618400131488212
Epoch 52: 
BAS Score on Validation Data (Training Time 1.890832):  0.9628615925794914
Epoch 53: 
BAS Score on Validation Data (Training Time 1.890023):  0.9602358927084785
Epoch 54: 
BAS Score on Validation Data (Training Time 1.893723):  0.9602072189886126
Epoch 55: 
BAS Score on Validation Data (Training Time 1.890751):  0.9626664594298129
Epoch 56: 
BAS Score on Validation Data (Training Time 1.886519):  0.9620581031396384
Epoch 57: 
BAS Score on Validation Data (Training Time 1.888648):  0.9627697652149368
Epoch 58: 
BAS Score on Validation Data (Training Time 1.890982):  0.9633666430845419
Epoch 59: 
BAS Score on Validation Data (Training Time 1.890811):  0.957373522990785
Epoch 60: 
BAS Score on Validation Data (Training Time 1.889029):  0.9631485530937246
Epoch 61: 
BAS Score on Validation Data (Training Time 1.893833):  0.9632748157199873
Epoch 62: 
BAS Score on Validation Data (Training Time 1.888024):  0.9629060770420871
Epoch 63: 
BAS Score on Validation Data (Training Time 1.891527):  0.9594683124131302
Epoch 64: 
BAS Score on Validation Data (Training Time 1.892692):  0.9634699488696659
Epoch 65: 
BAS Score on Validation Data (Training Time 1.890929):  0.9645603988237522
Epoch 66: 
BAS Score on Validation Data (Training Time 1.887782):  0.9629735183458212
Epoch 67: 
BAS Score on Validation Data (Training Time 1.894287):  0.9621857949855827
Epoch 68: 
BAS Score on Validation Data (Training Time 1.888368):  0.9638975088700947
Epoch 69: 
BAS Score on Validation Data (Training Time 1.888066):  0.9612747121015603
Epoch 70: 
BAS Score on Validation Data (Training Time 1.893701):  0.9621370228639418
Epoch 71: 
BAS Score on Validation Data (Training Time 1.888858):  0.9616291139195278
Epoch 72: 
BAS Score on Validation Data (Training Time 1.889840):  0.9623192483733694
Epoch 73: 
BAS Score on Validation Data (Training Time 1.898100):  0.9634584704490966
Epoch 74: 
BAS Score on Validation Data (Training Time 1.887757):  0.9656637564180897
Epoch 75: 
BAS Score on Validation Data (Training Time 1.889681):  0.96511136301108
Epoch 76: 
BAS Score on Validation Data (Training Time 1.892751):  0.9658804171892251
Epoch 77: 
BAS Score on Validation Data (Training Time 1.888168):  0.966224769806305
Epoch 78: 
BAS Score on Validation Data (Training Time 1.891387):  0.9651788043148142
Epoch 79: 
BAS Score on Validation Data (Training Time 1.895750):  0.9645589696040705
Epoch 80: 
BAS Score on Validation Data (Training Time 1.886863):  0.9660296366566264
Epoch 81: 
BAS Score on Validation Data (Training Time 1.889250):  0.9650740693100085
Epoch 82: 
BAS Score on Validation Data (Training Time 1.891789):  0.9622173718079271
Epoch 83: 
BAS Score on Validation Data (Training Time 1.890462):  0.9643236396508416
Epoch 84: 
BAS Score on Validation Data (Training Time 1.893801):  0.9625918720276697
Epoch 85: 
BAS Score on Validation Data (Training Time 1.895755):  0.9653767959038563
Epoch 86: 
BAS Score on Validation Data (Training Time 1.884886):  0.9658502695865625
Epoch 87: 
BAS Score on Validation Data (Training Time 1.887718):  0.9651443690531062
Epoch 88: 
BAS Score on Validation Data (Training Time 1.888138):  0.965845981927517
Epoch 89: 
BAS Score on Validation Data (Training Time 1.888635):  0.966079837997949
Epoch 90: 
BAS Score on Validation Data (Training Time 1.887842):  0.9658976571516367
Epoch 91: 
BAS Score on Validation Data (Training Time 1.891537):  0.9657340561611875
Epoch 92: 
BAS Score on Validation Data (Training Time 1.883753):  0.96228771621414
Epoch 93: 
BAS Score on Validation Data (Training Time 1.883607):  0.9625761059480551
Epoch 94: 
BAS Score on Validation Data (Training Time 1.883555):  0.9662721127082641
Epoch 95: 
BAS Score on Validation Data (Training Time 1.888924):  0.9650238679686858
Epoch 96: 
BAS Score on Validation Data (Training Time 1.887031):  0.9679594405319555
Epoch 97: 
BAS Score on Validation Data (Training Time 1.893042):  0.9633135833038556
Epoch 98: 
BAS Score on Validation Data (Training Time 1.882941):  0.9636091637992946
Epoch 99: 
BAS Score on Validation Data (Training Time 1.882888):  0.9635632501170174
Epoch 100: 
BAS Score on Validation Data (Training Time 1.884469):  0.9659478584929593
Epoch 101: 
BAS Score on Validation Data (Training Time 1.888567):  0.9647928703376175
Epoch 102: 
BAS Score on Validation Data (Training Time 1.894564):  0.9684070989341594
Epoch 103: 
BAS Score on Validation Data (Training Time 1.891303):  0.9657254808430967
Epoch 104: 
BAS Score on Validation Data (Training Time 1.885661):  0.96610855638093
Epoch 105: 
BAS Score on Validation Data (Training Time 1.882302):  0.966355320091613
Epoch 106: 
BAS Score on Validation Data (Training Time 1.883910):  0.9663137387314961
Epoch 107: 
BAS Score on Validation Data (Training Time 1.888726):  0.9663912292361179
Epoch 108: 
BAS Score on Validation Data (Training Time 1.887690):  0.9673037413398221
Epoch 109: 
BAS Score on Validation Data (Training Time 1.890238):  0.9635761577572685
Epoch 110: 
BAS Score on Validation Data (Training Time 1.883440):  0.9666839066290782
Epoch 111: 
BAS Score on Validation Data (Training Time 1.882489):  0.964940660585337
Epoch 112: 
BAS Score on Validation Data (Training Time 1.884663):  0.9671731910545139
Epoch 113: 
BAS Score on Validation Data (Training Time 1.889385):  0.9668101692553409
Epoch 114: 
BAS Score on Validation Data (Training Time 1.887438):  0.9652835839827351
Epoch 115: 
BAS Score on Validation Data (Training Time 1.890580):  0.9654241834689307
Epoch 116: 
BAS Score on Validation Data (Training Time 1.885242):  0.9657111439831638
Epoch 117: 
BAS Score on Validation Data (Training Time 1.883927):  0.9662420097687164
Epoch 118: 
BAS Score on Validation Data (Training Time 1.888577):  0.9663596524137734
Epoch 119: 
BAS Score on Validation Data (Training Time 1.892620):  0.9679264344899293
Epoch 120: 
BAS Score on Validation Data (Training Time 1.892850):  0.9682377810649831
Epoch 121: 
BAS Score on Validation Data (Training Time 1.895655):  0.963896168976643
Epoch 122: 
BAS Score on Validation Data (Training Time 1.887553):  0.9655389676746239
Epoch 123: 
BAS Score on Validation Data (Training Time 1.887449):  0.9663697016146608
Epoch 124: 
BAS Score on Validation Data (Training Time 1.889504):  0.9670254008067944
Epoch 125: 
BAS Score on Validation Data (Training Time 1.893605):  0.9670986036523709
Epoch 126: 
BAS Score on Validation Data (Training Time 1.891335):  0.9670340207880003
Epoch 127: 
BAS Score on Validation Data (Training Time 1.894170):  0.9659034186934788
Epoch 128: 
BAS Score on Validation Data (Training Time 1.888245):  0.9670885544514833
Epoch 129: 
BAS Score on Validation Data (Training Time 1.885955):  0.9673424642605752
Epoch 130: 
BAS Score on Validation Data (Training Time 1.888618):  0.9659034186934788
Epoch 131: 
BAS Score on Validation Data (Training Time 1.894404):  0.9669192365823069
Epoch 132: 
BAS Score on Validation Data (Training Time 1.893202):  0.9680397894759408
Epoch 133: 
BAS Score on Validation Data (Training Time 1.891897):  0.9691618162523716
Epoch 134: 
BAS Score on Validation Data (Training Time 1.895763):  0.9673080736619823
Epoch 135: 
BAS Score on Validation Data (Training Time 1.888374):  0.9674400531669721
Epoch 136: 
BAS Score on Validation Data (Training Time 1.888479):  0.9702694615057544
Epoch 137: 
BAS Score on Validation Data (Training Time 1.891784):  0.9643252028598687
Epoch 138: 
BAS Score on Validation Data (Training Time 1.893885):  0.9614082994786921
Epoch 139: 
BAS Score on Validation Data (Training Time 1.888370):  0.9683511360509947
Epoch 140: 
BAS Score on Validation Data (Training Time 1.895102):  0.9674085210077429
Epoch 141: 
BAS Score on Validation Data (Training Time 1.887742):  0.9686711026072539
Epoch 142: 
BAS Score on Validation Data (Training Time 1.888173):  0.9672879752602074
Epoch 143: 
BAS Score on Validation Data (Training Time 1.889861):  0.966781495535475
Epoch 144: 
BAS Score on Validation Data (Training Time 1.888700):  0.9659823384177825
Epoch 145: 
BAS Score on Validation Data (Training Time 1.887487):  0.9690456028269966
Epoch 146: 
BAS Score on Validation Data (Training Time 1.895919):  0.9691747238926228
Epoch 147: 
BAS Score on Validation Data (Training Time 1.882913):  0.9641731249531037
Epoch 148: 
BAS Score on Validation Data (Training Time 1.885813):  0.9696840620567185
Epoch 149: 
BAS Score on Validation Data (Training Time 1.891077):  0.969543462570523
High Quality
0.9776453633902191 0.9745767473673904 0.9715670579575097 0.9776453633902191 0.9683600542184886
              precision    recall  f1-score   support

           0       0.99      0.99      0.99     23726
           1       0.98      1.00      0.99      5353
           2       0.94      0.94      0.94      3178

    accuracy                           0.99     32257
   macro avg       0.97      0.98      0.97     32257
weighted avg       0.99      0.99      0.99     32257

Low Quality Post 2020
0.926886995438506 0.7301831379673921 0.7041190153096363 0.926886995438506 0.8242062292600654
              precision    recall  f1-score   support

           0       1.00      0.95      0.97      1291
           1       0.98      1.00      0.99       160
           2       0.13      0.83      0.23        12

    accuracy                           0.95      1463
   macro avg       0.70      0.93      0.73      1463
weighted avg       0.99      0.95      0.97      1463

Emb Dim: 64
Transformer-MHA-64
=====================================================================================================================================================================
Layer (type:depth-idx)                   Input Shape               Output Shape              Kernel Shape              Param #                   Mult-Adds
=====================================================================================================================================================================
TransfomerBlock                          [2, 2, 64, 64]            [2, 3]                    --                        --                        --
├─ModuleList: 1-1                        --                        --                        --                        --                        --
│    └─MakePatches: 2-1                  [2, 1, 64, 64]            [2, 256, 64]              --                        --                        --
│    │    └─Unfold: 3-1                  [2, 1, 64, 64]            [2, 16, 256]              [4, 4]                    --                        --
│    │    └─Linear: 3-2                  [2, 256, 16]              [2, 256, 64]              --                        1,088                     2,176
│    │    └─PositionalEncoding: 3-3      [2, 256, 64]              [2, 256, 64]              --                        --                        --
│    └─MakePatches: 2-2                  [2, 1, 64, 64]            [2, 256, 64]              --                        --                        --
│    │    └─Unfold: 3-4                  [2, 1, 64, 64]            [2, 16, 256]              [4, 4]                    --                        --
│    │    └─Linear: 3-5                  [2, 256, 16]              [2, 256, 64]              --                        1,088                     2,176
│    │    └─PositionalEncoding: 3-6      [2, 256, 64]              [2, 256, 64]              --                        --                        --
├─TransformerEncoderLayer: 1-2           [2, 512, 64]              [2, 512, 64]              --                        --                        --
│    └─MultiheadAttention: 2-3           [2, 512, 64]              [2, 512, 64]              --                        16,640                    --
│    └─Dropout: 2-4                      [2, 512, 64]              [2, 512, 64]              --                        --                        --
│    └─LayerNorm: 2-5                    [2, 512, 64]              [2, 512, 64]              --                        128                       256
│    └─Linear: 2-6                       [2, 512, 64]              [2, 512, 2048]            --                        133,120                   266,240
│    └─Dropout: 2-7                      [2, 512, 2048]            [2, 512, 2048]            --                        --                        --
│    └─Linear: 2-8                       [2, 512, 2048]            [2, 512, 64]              --                        131,136                   262,272
│    └─Dropout: 2-9                      [2, 512, 64]              [2, 512, 64]              --                        --                        --
│    └─LayerNorm: 2-10                   [2, 512, 64]              [2, 512, 64]              --                        128                       256
├─Sequential: 1-3                        [2, 64]                   [2, 3]                    --                        --                        --
│    └─Linear: 2-11                      [2, 64]                   [2, 64]                   --                        4,160                     8,320
│    └─ReLU: 2-12                        [2, 64]                   [2, 64]                   --                        --                        --
│    └─Linear: 2-13                      [2, 64]                   [2, 32]                   --                        2,080                     4,160
│    └─ReLU: 2-14                        [2, 32]                   [2, 32]                   --                        --                        --
│    └─Linear: 2-15                      [2, 32]                   [2, 3]                    --                        99                        198
=====================================================================================================================================================================
Total params: 289,667
Trainable params: 289,667
Non-trainable params: 0
Total mult-adds (Units.MEGABYTES): 0.55
=====================================================================================================================================================================
Input size (MB): 0.07
Forward/backward pass size (MB): 18.88
Params size (MB): 1.09
Estimated Total Size (MB): 20.03
=====================================================================================================================================================================
Total Trainable Parameters:  289667
Total Parameters:  289667
Epoch 0: 
BAS Score on Validation Data (Training Time 2.959016):  0.6542643895624086
Epoch 1: 
BAS Score on Validation Data (Training Time 2.953825):  0.6529026111843587
Epoch 2: 
BAS Score on Validation Data (Training Time 2.955417):  0.8605946715117213
Epoch 3: 
BAS Score on Validation Data (Training Time 2.954092):  0.9111618484098144
Epoch 4: 
BAS Score on Validation Data (Training Time 2.951571):  0.9257021041686766
Epoch 5: 
BAS Score on Validation Data (Training Time 2.954976):  0.9339349008300194
Epoch 6: 
BAS Score on Validation Data (Training Time 2.956671):  0.9362765879523928
Epoch 7: 
BAS Score on Validation Data (Training Time 2.955310):  0.9406512507458741
Epoch 8: 
BAS Score on Validation Data (Training Time 2.954762):  0.9424963733550574
Epoch 9: 
BAS Score on Validation Data (Training Time 2.954921):  0.9443128222443752
Epoch 10: 
BAS Score on Validation Data (Training Time 2.954995):  0.9141139909887698
Epoch 11: 
BAS Score on Validation Data (Training Time 2.965139):  0.9371978540266478
Epoch 12: 
BAS Score on Validation Data (Training Time 2.961884):  0.9441579305613619
Epoch 13: 
BAS Score on Validation Data (Training Time 2.954892):  0.9439040207522699
Epoch 14: 
BAS Score on Validation Data (Training Time 2.955639):  0.9374002226009654
Epoch 15: 
BAS Score on Validation Data (Training Time 2.965608):  0.9475842167697491
Epoch 16: 
BAS Score on Validation Data (Training Time 2.966645):  0.9344345917612631
Epoch 17: 
BAS Score on Validation Data (Training Time 2.961666):  0.9367387618669897
Epoch 18: 
BAS Score on Validation Data (Training Time 2.964082):  0.9392783959152902
Epoch 19: 
BAS Score on Validation Data (Training Time 2.967454):  0.933576613321042
Epoch 20: 
BAS Score on Validation Data (Training Time 2.967549):  0.9476071736108879
Epoch 21: 
BAS Score on Validation Data (Training Time 2.958674):  0.9482141006813806
Epoch 22: 
BAS Score on Validation Data (Training Time 2.964475):  0.9453589217252111
Epoch 23: 
BAS Score on Validation Data (Training Time 2.967205):  0.9371176390720076
Epoch 24: 
BAS Score on Validation Data (Training Time 2.968638):  0.942143579409232
Epoch 25: 
BAS Score on Validation Data (Training Time 2.961021):  0.9459471796136105
Epoch 26: 
BAS Score on Validation Data (Training Time 2.965170):  0.9388407420508589
Epoch 27: 
BAS Score on Validation Data (Training Time 2.966135):  0.948033393717865
Epoch 28: 
BAS Score on Validation Data (Training Time 2.967802):  0.95285977925702
Epoch 29: 
BAS Score on Validation Data (Training Time 2.962683):  0.9372883861608657
Epoch 30: 
BAS Score on Validation Data (Training Time 2.967751):  0.9500233588091742
Epoch 31: 
BAS Score on Validation Data (Training Time 2.965804):  0.9486588559811057
Epoch 32: 
BAS Score on Validation Data (Training Time 2.965950):  0.9442828532941726
Epoch 33: 
BAS Score on Validation Data (Training Time 2.959607):  0.9529646929142861
Epoch 34: 
BAS Score on Validation Data (Training Time 2.968745):  0.943971551382234
Epoch 35: 
BAS Score on Validation Data (Training Time 2.967922):  0.9327257809792299
Epoch 36: 
BAS Score on Validation Data (Training Time 2.966979):  0.948740812797233
Epoch 37: 
BAS Score on Validation Data (Training Time 2.961604):  0.9549045013273879
Epoch 38: 
BAS Score on Validation Data (Training Time 2.968442):  0.9336497715035034
Epoch 39: 
BAS Score on Validation Data (Training Time 2.966878):  0.9406500001786524
Epoch 40: 
BAS Score on Validation Data (Training Time 2.967801):  0.9338994829797801
Epoch 41: 
BAS Score on Validation Data (Training Time 2.959832):  0.954723705037642
Epoch 42: 
BAS Score on Validation Data (Training Time 2.970968):  0.9551139713369993
Epoch 43: 
BAS Score on Validation Data (Training Time 2.967378):  0.9500362664494254
Epoch 44: 
BAS Score on Validation Data (Training Time 2.965363):  0.9445210416867651
Epoch 45: 
BAS Score on Validation Data (Training Time 2.962461):  0.9475555877129983
Epoch 46: 
BAS Score on Validation Data (Training Time 2.968809):  0.956531578608869
Epoch 47: 
BAS Score on Validation Data (Training Time 2.965847):  0.9485857424617595
Epoch 48: 
BAS Score on Validation Data (Training Time 2.973996):  0.9446917887756232
Epoch 49: 
BAS Score on Validation Data (Training Time 2.963612):  0.9434736023124776
Epoch 50: 
BAS Score on Validation Data (Training Time 2.966947):  0.9494638193037556
Epoch 51: 
BAS Score on Validation Data (Training Time 2.966349):  0.9284329410125308
Epoch 52: 
BAS Score on Validation Data (Training Time 2.967852):  0.949201289513458
Epoch 53: 
BAS Score on Validation Data (Training Time 2.963063):  0.9395337796071791
Epoch 54: 
BAS Score on Validation Data (Training Time 2.966912):  0.9589935435000875
Epoch 55: 
BAS Score on Validation Data (Training Time 2.973799):  0.9470448203292207
Epoch 56: 
BAS Score on Validation Data (Training Time 2.964039):  0.9570452044320102
Epoch 57: 
BAS Score on Validation Data (Training Time 2.962405):  0.9531140017079176
Epoch 58: 
BAS Score on Validation Data (Training Time 2.968543):  0.9573666002079516
Epoch 59: 
BAS Score on Validation Data (Training Time 2.972102):  0.9454637013931319
Epoch 60: 
BAS Score on Validation Data (Training Time 2.963324):  0.9579319012552122
Epoch 61: 
BAS Score on Validation Data (Training Time 2.960995):  0.9517450772314587
Epoch 62: 
BAS Score on Validation Data (Training Time 2.967145):  0.9571815162591605
Epoch 63: 
BAS Score on Validation Data (Training Time 2.973045):  0.9592416471042222
Epoch 64: 
BAS Score on Validation Data (Training Time 2.963237):  0.9472600518806745
Epoch 65: 
BAS Score on Validation Data (Training Time 2.959975):  0.950361994547527
Epoch 66: 
BAS Score on Validation Data (Training Time 2.967925):  0.9498096011405174
Epoch 67: 
BAS Score on Validation Data (Training Time 2.969680):  0.9513749093338765
Epoch 68: 
BAS Score on Validation Data (Training Time 2.960561):  0.958832934938347
Epoch 69: 
BAS Score on Validation Data (Training Time 2.960495):  0.9590782694293484
Epoch 70: 
BAS Score on Validation Data (Training Time 2.972666):  0.9548687261722281
Epoch 71: 
BAS Score on Validation Data (Training Time 2.972026):  0.9504481050333545
Epoch 72: 
BAS Score on Validation Data (Training Time 2.961963):  0.9575143011294408
Epoch 73: 
BAS Score on Validation Data (Training Time 2.963557):  0.9489774826439135
Epoch 74: 
BAS Score on Validation Data (Training Time 2.969861):  0.9579175197321642
Epoch 75: 
BAS Score on Validation Data (Training Time 2.966470):  0.9573738356325904
Epoch 76: 
BAS Score on Validation Data (Training Time 2.961782):  0.9436688694515012
Epoch 77: 
BAS Score on Validation Data (Training Time 2.965891):  0.9501741414856024
Epoch 78: 
BAS Score on Validation Data (Training Time 2.971752):  0.9552488986075827
Epoch 79: 
BAS Score on Validation Data (Training Time 2.964955):  0.9595804614950353
Epoch 80: 
BAS Score on Validation Data (Training Time 2.957881):  0.9578602169555478
Epoch 81: 
BAS Score on Validation Data (Training Time 2.960636):  0.9529132410057418
Epoch 82: 
BAS Score on Validation Data (Training Time 2.962564):  0.9570552089697828
Epoch 83: 
BAS Score on Validation Data (Training Time 2.964137):  0.9569649001511399
Epoch 84: 
BAS Score on Validation Data (Training Time 2.956808):  0.9578702661564352
Epoch 85: 
BAS Score on Validation Data (Training Time 2.963070):  0.9587210984982475
Epoch 86: 
BAS Score on Validation Data (Training Time 2.962021):  0.9541715349462078
Epoch 87: 
BAS Score on Validation Data (Training Time 2.964543):  0.9583078753577515
Epoch 88: 
BAS Score on Validation Data (Training Time 2.956390):  0.9590022528075234
Epoch 89: 
BAS Score on Validation Data (Training Time 2.961265):  0.9444251053156253
Epoch 90: 
BAS Score on Validation Data (Training Time 2.961123):  0.9518558864199118
Epoch 91: 
BAS Score on Validation Data (Training Time 2.964603):  0.9630497136201063
Epoch 92: 
BAS Score on Validation Data (Training Time 2.957224):  0.9583537443769138
Epoch 93: 
BAS Score on Validation Data (Training Time 2.967941):  0.9603982877948213
Epoch 94: 
BAS Score on Validation Data (Training Time 2.960368):  0.9577684342541081
Epoch 95: 
BAS Score on Validation Data (Training Time 2.964303):  0.9568372083051955
Epoch 96: 
BAS Score on Validation Data (Training Time 2.959226):  0.9424266988955704
Epoch 97: 
BAS Score on Validation Data (Training Time 2.966655):  0.9583076520421763
Epoch 98: 
BAS Score on Validation Data (Training Time 2.965792):  0.9582935831609337
Epoch 99: 
BAS Score on Validation Data (Training Time 2.970777):  0.9443418532691613
Epoch 100: 
BAS Score on Validation Data (Training Time 2.962281):  0.9576479778328028
Epoch 101: 
BAS Score on Validation Data (Training Time 2.965024):  0.9531457125196071
Epoch 102: 
BAS Score on Validation Data (Training Time 2.965020):  0.9357016396722799
Epoch 103: 
BAS Score on Validation Data (Training Time 2.969001):  0.9522002390369918
Epoch 104: 
BAS Score on Validation Data (Training Time 2.964143):  0.9450406523673237
Epoch 105: 
BAS Score on Validation Data (Training Time 2.967216):  0.95456184590868
Epoch 106: 
BAS Score on Validation Data (Training Time 2.965358):  0.9623811514508366
Epoch 107: 
BAS Score on Validation Data (Training Time 2.969032):  0.9566895967099361
Epoch 108: 
BAS Score on Validation Data (Training Time 2.963837):  0.9634959428026283
Epoch 109: 
BAS Score on Validation Data (Training Time 2.966578):  0.9615777513372136
Epoch 110: 
BAS Score on Validation Data (Training Time 2.968052):  0.9588316843711255
Epoch 111: 
BAS Score on Validation Data (Training Time 2.967821):  0.9659279387436444
Epoch 112: 
BAS Score on Validation Data (Training Time 2.960858):  0.9601931054442551
Epoch 113: 
BAS Score on Validation Data (Training Time 2.966055):  0.9584414627348833
Epoch 114: 
BAS Score on Validation Data (Training Time 2.967480):  0.9559922714945707
Epoch 115: 
BAS Score on Validation Data (Training Time 2.962426):  0.9558933426947221
Epoch 116: 
BAS Score on Validation Data (Training Time 2.958944):  0.9552705602183847
Epoch 117: 
BAS Score on Validation Data (Training Time 2.960267):  0.9529563855748857
Epoch 118: 
BAS Score on Validation Data (Training Time 2.966969):  0.954518478023961
Epoch 119: 
BAS Score on Validation Data (Training Time 2.959064):  0.9544786385253312
Epoch 120: 
BAS Score on Validation Data (Training Time 2.957989):  0.9639551689516317
Epoch 121: 
BAS Score on Validation Data (Training Time 2.961110):  0.9609119136179624
Epoch 122: 
BAS Score on Validation Data (Training Time 2.967850):  0.9476275846544683
Epoch 123: 
BAS Score on Validation Data (Training Time 2.956882):  0.962056986561762
Epoch 124: 
BAS Score on Validation Data (Training Time 2.958022):  0.9545977103900697
Epoch 125: 
BAS Score on Validation Data (Training Time 2.960699):  0.9578443615497029
Epoch 126: 
BAS Score on Validation Data (Training Time 2.966928):  0.9647629460505301
Epoch 127: 
BAS Score on Validation Data (Training Time 2.959404):  0.9504828975999828
Epoch 128: 
BAS Score on Validation Data (Training Time 2.959263):  0.956505986643942
Epoch 129: 
BAS Score on Validation Data (Training Time 2.961936):  0.9553566707042123
Epoch 130: 
BAS Score on Validation Data (Training Time 2.967729):  0.9438719972987748
Epoch 131: 
BAS Score on Validation Data (Training Time 2.957185):  0.9620828911684942
Epoch 132: 
BAS Score on Validation Data (Training Time 2.960298):  0.960317894187721
Epoch 133: 
BAS Score on Validation Data (Training Time 2.969783):  0.9549104415216902
Epoch 134: 
BAS Score on Validation Data (Training Time 2.972072):  0.9498686011155059
Epoch 135: 
BAS Score on Validation Data (Training Time 2.961689):  0.953079879088015
Epoch 136: 
BAS Score on Validation Data (Training Time 2.965675):  0.9624127729362962
Epoch 137: 
BAS Score on Validation Data (Training Time 2.971367):  0.9565934370232213
Epoch 138: 
BAS Score on Validation Data (Training Time 2.969868):  0.9591817985300476
Epoch 139: 
BAS Score on Validation Data (Training Time 2.962511):  0.9487210717003784
Epoch 140: 
BAS Score on Validation Data (Training Time 2.962400):  0.9569032203892479
Epoch 141: 
BAS Score on Validation Data (Training Time 2.969684):  0.9529463810371133
Epoch 142: 
BAS Score on Validation Data (Training Time 2.968790):  0.9583251153201631
Epoch 143: 
BAS Score on Validation Data (Training Time 2.962140):  0.9597081980040948
Epoch 144: 
BAS Score on Validation Data (Training Time 2.964805):  0.9534427668978429
Epoch 145: 
BAS Score on Validation Data (Training Time 2.969538):  0.9652938118360828
Epoch 146: 
BAS Score on Validation Data (Training Time 2.977501):  0.9632837483429985
Epoch 147: 
BAS Score on Validation Data (Training Time 2.962949):  0.956197498508252
Epoch 148: 
BAS Score on Validation Data (Training Time 2.967155):  0.9637786603209313
Epoch 149: 
BAS Score on Validation Data (Training Time 2.970400):  0.9595834092606289
High Quality
0.9139136329596195 0.7994948700306354 0.7824509774728107 0.9139136329596195 0.7248026848329668
              precision    recall  f1-score   support

           0       1.00      0.78      0.87     23726
           1       0.98      1.00      0.99      5353
           2       0.37      0.96      0.53      3178

    accuracy                           0.83     32257
   macro avg       0.78      0.91      0.80     32257
weighted avg       0.93      0.83      0.86     32257

Low Quality Post 2020
0.8875333505465185 0.6360767487969925 0.6714120138598121 0.8875333505465185 0.5563511053079823
              precision    recall  f1-score   support

           0       1.00      0.75      0.85      1291
           1       0.98      1.00      0.99       160
           2       0.03      0.92      0.06        12

    accuracy                           0.78      1463
   macro avg       0.67      0.89      0.64      1463
weighted avg       0.99      0.78      0.86      1463

Emb Dim: 128
Transformer-MHA-128
=====================================================================================================================================================================
Layer (type:depth-idx)                   Input Shape               Output Shape              Kernel Shape              Param #                   Mult-Adds
=====================================================================================================================================================================
TransfomerBlock                          [2, 2, 64, 64]            [2, 3]                    --                        --                        --
├─ModuleList: 1-1                        --                        --                        --                        --                        --
│    └─MakePatches: 2-1                  [2, 1, 64, 64]            [2, 256, 128]             --                        --                        --
│    │    └─Unfold: 3-1                  [2, 1, 64, 64]            [2, 16, 256]              [4, 4]                    --                        --
│    │    └─Linear: 3-2                  [2, 256, 16]              [2, 256, 128]             --                        2,176                     4,352
│    │    └─PositionalEncoding: 3-3      [2, 256, 128]             [2, 256, 128]             --                        --                        --
│    └─MakePatches: 2-2                  [2, 1, 64, 64]            [2, 256, 128]             --                        --                        --
│    │    └─Unfold: 3-4                  [2, 1, 64, 64]            [2, 16, 256]              [4, 4]                    --                        --
│    │    └─Linear: 3-5                  [2, 256, 16]              [2, 256, 128]             --                        2,176                     4,352
│    │    └─PositionalEncoding: 3-6      [2, 256, 128]             [2, 256, 128]             --                        --                        --
├─TransformerEncoderLayer: 1-2           [2, 512, 128]             [2, 512, 128]             --                        --                        --
│    └─MultiheadAttention: 2-3           [2, 512, 128]             [2, 512, 128]             --                        66,048                    --
│    └─Dropout: 2-4                      [2, 512, 128]             [2, 512, 128]             --                        --                        --
│    └─LayerNorm: 2-5                    [2, 512, 128]             [2, 512, 128]             --                        256                       512
│    └─Linear: 2-6                       [2, 512, 128]             [2, 512, 2048]            --                        264,192                   528,384
│    └─Dropout: 2-7                      [2, 512, 2048]            [2, 512, 2048]            --                        --                        --
│    └─Linear: 2-8                       [2, 512, 2048]            [2, 512, 128]             --                        262,272                   524,544
│    └─Dropout: 2-9                      [2, 512, 128]             [2, 512, 128]             --                        --                        --
│    └─LayerNorm: 2-10                   [2, 512, 128]             [2, 512, 128]             --                        256                       512
├─Sequential: 1-3                        [2, 128]                  [2, 3]                    --                        --                        --
│    └─Linear: 2-11                      [2, 128]                  [2, 64]                   --                        8,256                     16,512
│    └─ReLU: 2-12                        [2, 64]                   [2, 64]                   --                        --                        --
│    └─Linear: 2-13                      [2, 64]                   [2, 32]                   --                        2,080                     4,160
│    └─ReLU: 2-14                        [2, 32]                   [2, 32]                   --                        --                        --
│    └─Linear: 2-15                      [2, 32]                   [2, 3]                    --                        99                        198
=====================================================================================================================================================================
Total params: 607,811
Trainable params: 607,811
Non-trainable params: 0
Total mult-adds (Units.MEGABYTES): 1.08
=====================================================================================================================================================================
Input size (MB): 0.07
Forward/backward pass size (MB): 20.97
Params size (MB): 2.17
Estimated Total Size (MB): 23.21
=====================================================================================================================================================================
Total Trainable Parameters:  607811
Total Parameters:  607811
Epoch 0: 
BAS Score on Validation Data (Training Time 3.406553):  0.39072766933573444
Epoch 1: 
BAS Score on Validation Data (Training Time 3.404741):  0.7990229050319252
Epoch 2: 
BAS Score on Validation Data (Training Time 3.404806):  0.9276917119550653
Epoch 3: 
BAS Score on Validation Data (Training Time 3.406443):  0.9326981791741255
Epoch 4: 
BAS Score on Validation Data (Training Time 3.409961):  0.9377514086746489
Epoch 5: 
BAS Score on Validation Data (Training Time 3.415528):  0.9354961446799083
Epoch 6: 
BAS Score on Validation Data (Training Time 3.407058):  0.9281444172892704
Epoch 7: 
BAS Score on Validation Data (Training Time 3.407117):  0.9371232219613895
Epoch 8: 
BAS Score on Validation Data (Training Time 3.406105):  0.9370342976993137
Epoch 9: 
BAS Score on Validation Data (Training Time 3.407603):  0.9386226073969265
Epoch 10: 
BAS Score on Validation Data (Training Time 3.406287):  0.9282822923254477
Epoch 11: 
BAS Score on Validation Data (Training Time 3.405571):  0.9475870305459977
Epoch 12: 
BAS Score on Validation Data (Training Time 3.411263):  0.9430776637975081
Epoch 13: 
BAS Score on Validation Data (Training Time 3.411387):  0.93908607654186
Epoch 14: 
BAS Score on Validation Data (Training Time 3.413983):  0.9399612949444927
Epoch 15: 
BAS Score on Validation Data (Training Time 3.411431):  0.9502815562773114
Epoch 16: 
BAS Score on Validation Data (Training Time 3.417311):  0.9451437348368724
Epoch 17: 
BAS Score on Validation Data (Training Time 3.415662):  0.9430891422180775
Epoch 18: 
BAS Score on Validation Data (Training Time 3.408307):  0.9421982023989451
Epoch 19: 
BAS Score on Validation Data (Training Time 3.409994):  0.9359225434393457
Epoch 20: 
BAS Score on Validation Data (Training Time 3.417450):  0.9516188146051959
Epoch 21: 
BAS Score on Validation Data (Training Time 3.409655):  0.948060638218049
Epoch 22: 
BAS Score on Validation Data (Training Time 3.419915):  0.9541354024861276
Epoch 23: 
BAS Score on Validation Data (Training Time 3.419733):  0.949585838934088
Epoch 24: 
BAS Score on Validation Data (Training Time 3.413790):  0.9158299478692121
Epoch 25: 
BAS Score on Validation Data (Training Time 3.408238):  0.9517307403715257
Epoch 26: 
BAS Score on Validation Data (Training Time 3.415554):  0.942625807062489
Epoch 27: 
BAS Score on Validation Data (Training Time 3.413366):  0.9564367588156056
Epoch 28: 
BAS Score on Validation Data (Training Time 3.408886):  0.9543219603177154
Epoch 29: 
BAS Score on Validation Data (Training Time 3.411057):  0.9553262997859745
Epoch 30: 
BAS Score on Validation Data (Training Time 3.414049):  0.9528872024096643
Epoch 31: 
BAS Score on Validation Data (Training Time 3.412710):  0.9419585847866712
Epoch 32: 
BAS Score on Validation Data (Training Time 3.409573):  0.952017745548874
Epoch 33: 
BAS Score on Validation Data (Training Time 3.417134):  0.9528570994701168
Epoch 34: 
BAS Score on Validation Data (Training Time 3.413203):  0.9535443308214798
Epoch 35: 
BAS Score on Validation Data (Training Time 3.411068):  0.958591843443276
Epoch 36: 
BAS Score on Validation Data (Training Time 3.413416):  0.9502238515326594
Epoch 37: 
BAS Score on Validation Data (Training Time 3.420146):  0.957204428437184
Epoch 38: 
BAS Score on Validation Data (Training Time 3.409646):  0.9521038560347015
Epoch 39: 
BAS Score on Validation Data (Training Time 3.411555):  0.9606965927402786
Epoch 40: 
BAS Score on Validation Data (Training Time 3.407947):  0.9613996348343713
Epoch 41: 
BAS Score on Validation Data (Training Time 3.408574):  0.9552256291246387
Epoch 42: 
BAS Score on Validation Data (Training Time 3.401700):  0.9552271476705506
Epoch 43: 
BAS Score on Validation Data (Training Time 3.412315):  0.9599877891043437
Epoch 44: 
BAS Score on Validation Data (Training Time 3.409459):  0.9538156145823283
Epoch 45: 
BAS Score on Validation Data (Training Time 3.403922):  0.9588687547566218
Epoch 46: 
BAS Score on Validation Data (Training Time 3.405131):  0.9556560475644309
Epoch 47: 
BAS Score on Validation Data (Training Time 3.412815):  0.9554426025375795
Epoch 48: 
BAS Score on Validation Data (Training Time 3.404181):  0.9596550488971783
Epoch 49: 
BAS Score on Validation Data (Training Time 3.403050):  0.9594354403604491
Epoch 50: 
BAS Score on Validation Data (Training Time 3.409301):  0.9623552021809892
Epoch 51: 
BAS Score on Validation Data (Training Time 3.408623):  0.9572402035923436
Epoch 52: 
BAS Score on Validation Data (Training Time 3.402505):  0.9578429769931361
Epoch 53: 
BAS Score on Validation Data (Training Time 3.404591):  0.949778158307518
Epoch 54: 
BAS Score on Validation Data (Training Time 3.413082):  0.9593121701628954
Epoch 55: 
BAS Score on Validation Data (Training Time 3.406715):  0.9606923944074633
Epoch 56: 
BAS Score on Validation Data (Training Time 3.414035):  0.9634829904992621
Epoch 57: 
BAS Score on Validation Data (Training Time 3.414949):  0.9604986011512365
Epoch 58: 
BAS Score on Validation Data (Training Time 3.418992):  0.9563003576622253
Epoch 59: 
BAS Score on Validation Data (Training Time 3.410747):  0.9491311237597054
Epoch 60: 
BAS Score on Validation Data (Training Time 3.419408):  0.9598530851493355
Epoch 61: 
BAS Score on Validation Data (Training Time 3.418723):  0.9587268153769745
Epoch 62: 
BAS Score on Validation Data (Training Time 3.412697):  0.9364325515501674
Epoch 63: 
BAS Score on Validation Data (Training Time 3.414927):  0.9497337631711527
Epoch 64: 
BAS Score on Validation Data (Training Time 3.422536):  0.9607282142257381
Epoch 65: 
BAS Score on Validation Data (Training Time 3.411848):  0.959273357915912
Epoch 66: 
BAS Score on Validation Data (Training Time 3.412680):  0.9613036091370014
Epoch 67: 
BAS Score on Validation Data (Training Time 3.416199):  0.9425577404751441
Epoch 68: 
BAS Score on Validation Data (Training Time 3.415592):  0.9623266177873536
Epoch 69: 
BAS Score on Validation Data (Training Time 3.405660):  0.9577037174003924
Epoch 70: 
BAS Score on Validation Data (Training Time 3.414373):  0.9493802992786015
Epoch 71: 
BAS Score on Validation Data (Training Time 3.413395):  0.9582403893909023
Epoch 72: 
BAS Score on Validation Data (Training Time 3.403402):  0.9562991070950039
Epoch 73: 
BAS Score on Validation Data (Training Time 3.406904):  0.9560595788089598
Epoch 74: 
BAS Score on Validation Data (Training Time 3.405402):  0.9490288005631126
Epoch 75: 
BAS Score on Validation Data (Training Time 3.420284):  0.9579201995190676
Epoch 76: 
BAS Score on Validation Data (Training Time 3.401119):  0.9616651570533779
Epoch 77: 
BAS Score on Validation Data (Training Time 3.411723):  0.9588960439199208
Epoch 78: 
BAS Score on Validation Data (Training Time 3.410444):  0.9542544296877512
Epoch 79: 
BAS Score on Validation Data (Training Time 3.411941):  0.9574427508191216
Epoch 80: 
BAS Score on Validation Data (Training Time 3.405656):  0.9586132370753878
Epoch 81: 
BAS Score on Validation Data (Training Time 3.411762):  0.9603796186127278
Epoch 82: 
BAS Score on Validation Data (Training Time 3.411493):  0.9586464217698741
Epoch 83: 
BAS Score on Validation Data (Training Time 3.405761):  0.9602677375095133
Epoch 84: 
BAS Score on Validation Data (Training Time 3.408317):  0.9584815255490883
Epoch 85: 
BAS Score on Validation Data (Training Time 3.409472):  0.9651415999399728
Epoch 86: 
BAS Score on Validation Data (Training Time 3.407660):  0.9589779114098179
Epoch 87: 
BAS Score on Validation Data (Training Time 3.412790):  0.9584541023964442
Epoch 88: 
BAS Score on Validation Data (Training Time 3.418123):  0.9629636924605088
Epoch 89: 
BAS Score on Validation Data (Training Time 3.409044):  0.9580883561472525
Epoch 90: 
BAS Score on Validation Data (Training Time 3.413101):  0.9572275192676679
Epoch 91: 
BAS Score on Validation Data (Training Time 3.415504):  0.9483100370525203
Epoch 92: 
BAS Score on Validation Data (Training Time 3.413936):  0.9554053534996231
Epoch 93: 
BAS Score on Validation Data (Training Time 3.407948):  0.956481109288856
Epoch 94: 
BAS Score on Validation Data (Training Time 3.419706):  0.9564871388093886
Epoch 95: 
BAS Score on Validation Data (Training Time 3.416979):  0.959059600247255
Epoch 96: 
BAS Score on Validation Data (Training Time 3.409443):  0.9452078710700924
Epoch 97: 
BAS Score on Validation Data (Training Time 3.414730):  0.9516722316908025
Epoch 98: 
BAS Score on Validation Data (Training Time 3.423985):  0.9635675824391777
Epoch 99: 
BAS Score on Validation Data (Training Time 3.408484):  0.9559932094199869
Epoch 100: 
BAS Score on Validation Data (Training Time 3.414475):  0.9566163492012448
Epoch 101: 
BAS Score on Validation Data (Training Time 3.414714):  0.9622993286240545
Epoch 102: 
BAS Score on Validation Data (Training Time 3.417353):  0.9596149860829734
Epoch 103: 
BAS Score on Validation Data (Training Time 3.410769):  0.9451262715588856
Epoch 104: 
BAS Score on Validation Data (Training Time 3.416307):  0.9436712365965992
Epoch 105: 
BAS Score on Validation Data (Training Time 3.418667):  0.9530236035630447
Epoch 106: 
BAS Score on Validation Data (Training Time 3.409264):  0.9615346514311849
Epoch 107: 
BAS Score on Validation Data (Training Time 3.413697):  0.9591887659759962
Epoch 108: 
BAS Score on Validation Data (Training Time 3.410768):  0.958825699513708
Epoch 109: 
BAS Score on Validation Data (Training Time 3.414973):  0.9562275567846846
Epoch 110: 
BAS Score on Validation Data (Training Time 3.415691):  0.9482518410136026
Epoch 111: 
BAS Score on Validation Data (Training Time 3.418823):  0.9614915961882712
Epoch 112: 
BAS Score on Validation Data (Training Time 3.415573):  0.9543365651563387
Epoch 113: 
BAS Score on Validation Data (Training Time 3.411859):  0.9612706477580902
Epoch 114: 
BAS Score on Validation Data (Training Time 3.415260):  0.9560439020555752
Epoch 115: 
BAS Score on Validation Data (Training Time 3.419696):  0.9576364547491183
Epoch 116: 
BAS Score on Validation Data (Training Time 3.410206):  0.9535287433943253
Epoch 117: 
BAS Score on Validation Data (Training Time 3.416000):  0.9585085913968121
Epoch 118: 
BAS Score on Validation Data (Training Time 3.420238):  0.9496661432149582
Epoch 119: 
BAS Score on Validation Data (Training Time 3.424843):  0.957082721448657
Epoch 120: 
BAS Score on Validation Data (Training Time 3.408345):  0.9478197253754382
Epoch 121: 
BAS Score on Validation Data (Training Time 3.417171):  0.9575084055982535
Epoch 122: 
BAS Score on Validation Data (Training Time 3.416213):  0.9663769817024151
Epoch 123: 
BAS Score on Validation Data (Training Time 3.411000):  0.9541600565256384
Epoch 124: 
BAS Score on Validation Data (Training Time 3.415613):  0.9605504996909312
Epoch 125: 
BAS Score on Validation Data (Training Time 3.421885):  0.9586863505947342
Epoch 126: 
BAS Score on Validation Data (Training Time 3.411781):  0.9560597127983049
Epoch 127: 
BAS Score on Validation Data (Training Time 3.411320):  0.9625261279223077
Epoch 128: 
BAS Score on Validation Data (Training Time 3.417292):  0.9581097944424792
Epoch 129: 
BAS Score on Validation Data (Training Time 3.415860):  0.9529262379722231
Epoch 130: 
BAS Score on Validation Data (Training Time 3.409522):  0.9528932765933119
Epoch 131: 
BAS Score on Validation Data (Training Time 3.415618):  0.9656868472485735
Epoch 132: 
BAS Score on Validation Data (Training Time 3.418672):  0.9567756178695337
Epoch 133: 
BAS Score on Validation Data (Training Time 3.412221):  0.964501711490569
Epoch 134: 
BAS Score on Validation Data (Training Time 3.415488):  0.9640598592933224
Epoch 135: 
BAS Score on Validation Data (Training Time 3.415377):  0.9653568761545416
Epoch 136: 
BAS Score on Validation Data (Training Time 3.420513):  0.9536114594834085
Epoch 137: 
BAS Score on Validation Data (Training Time 3.413604):  0.9602703726333015
Epoch 138: 
BAS Score on Validation Data (Training Time 3.418873):  0.9592090430302317
Epoch 139: 
BAS Score on Validation Data (Training Time 3.416313):  0.9640197071528872
Epoch 140: 
BAS Score on Validation Data (Training Time 3.408756):  0.9658431681512686
Epoch 141: 
BAS Score on Validation Data (Training Time 3.413162):  0.9481707327966613
Epoch 142: 
BAS Score on Validation Data (Training Time 3.417300):  0.9529041743933856
Epoch 143: 
BAS Score on Validation Data (Training Time 3.404923):  0.961143089901491
Epoch 144: 
BAS Score on Validation Data (Training Time 3.409090):  0.9671244635959882
Epoch 145: 
BAS Score on Validation Data (Training Time 3.410864):  0.9489448339068077
Epoch 146: 
BAS Score on Validation Data (Training Time 3.409169):  0.9636164885501639
Epoch 147: 
BAS Score on Validation Data (Training Time 3.403634):  0.944715638879063
Epoch 148: 
BAS Score on Validation Data (Training Time 3.407747):  0.9639580720541102
Epoch 149: 
BAS Score on Validation Data (Training Time 3.416003):  0.9634630707499472
High Quality
0.9537859197182471 0.8927326907459511 0.8601759336619231 0.9537859197182471 0.8588584974844206
              precision    recall  f1-score   support

           0       0.99      0.92      0.95     23726
           1       0.98      0.98      0.98      5353
           2       0.60      0.96      0.74      3178

    accuracy                           0.93     32257
   macro avg       0.86      0.95      0.89     32257
weighted avg       0.95      0.93      0.94     32257

Low Quality Post 2020
0.9174842929684138 0.6661181456998738 0.6790679568457346 0.9174842929684138 0.6410699280472588
              precision    recall  f1-score   support

           0       1.00      0.84      0.91      1291
           1       0.99      1.00      0.99       160
           2       0.05      0.92      0.09        12

    accuracy                           0.85      1463
   macro avg       0.68      0.92      0.67      1463
weighted avg       0.99      0.85      0.91      1463


High Quality Post 2020
                          mean       std       sem  count
Model                                                    
Transformer-FNET-128  0.977705  0.002048  0.000836      6
Transformer-FNET-64   0.972401  0.008451  0.003450      6
Transformer-MHA-128   0.795382  0.070711  0.028868      6
Transformer-MHA-64    0.871034  0.078983  0.032244      6
                          mean       std       sem  count
Model                                                    
Transformer-FNET-128  0.975028  0.002409  0.000983      6
Transformer-FNET-64   0.972573  0.002976  0.001215      6
Transformer-MHA-128   0.892531  0.037140  0.015162      6
Transformer-MHA-64    0.930830  0.028906  0.011801      6
                          mean       std       sem  count
Model                                                    
Transformer-FNET-128  0.972440  0.002647  0.001081      6
Transformer-FNET-64   0.965807  0.010898  0.004449      6
Transformer-MHA-128   0.726860  0.102802  0.041969      6
Transformer-MHA-64    0.826742  0.110227  0.045000      6

Low Quality Pre + Post 2020
                          mean       std       sem  count
Model                                                    
Transformer-FNET-128  0.740707  0.019062  0.007782      6
Transformer-FNET-64   0.743568  0.044484  0.018161      6
Transformer-MHA-128   0.614739  0.053024  0.021647      6
Transformer-MHA-64    0.674864  0.053389  0.021796      6
                          mean       std       sem  count
Model                                                    
Transformer-FNET-128  0.915709  0.011998  0.004898      6
Transformer-FNET-64   0.905589  0.013365  0.005456      6
Transformer-MHA-128   0.851539  0.048674  0.019871      6
Transformer-MHA-64    0.889736  0.047271  0.019298      6
                          mean       std       sem  count
Model                                                    
Transformer-FNET-128  0.844637  0.032623  0.013318      6
Transformer-FNET-64   0.840862  0.064601  0.026373      6
Transformer-MHA-128   0.543717  0.123752  0.050522      6
Transformer-MHA-64    0.675010  0.153982  0.062863      6
Saving Results
************Fold: 6
Data Shape Before Sampling:  (81670, 2, 64, 64) (81670,)
Subtype/Host: 0 ,count:  52274 ,index count: (array([False,  True]), array([29396, 52274])) ,downsampling:  (16000, 2, 64, 64) (16000,)
Subtype/Host: 1 ,count:  18508 ,index count: (array([False,  True]), array([63162, 18508])) ,downsampling:  (16000, 2, 64, 64) (16000,)
Subtype/Host: 2 ,count:  10888 ,index count: (array([False,  True]), array([70782, 10888])) ,keep:  (10888, 2, 64, 64) (10888,)
Train shape:  (42888, 2, 64, 64) (42888,)
[[    0 16000]
 [    1 16000]
 [    2 10888]]
Val shape:  (9074, 2, 64, 64) (9074,)
[[   0 5808]
 [   1 2056]
 [   2 1210]]
Emb Dim: 64
Transformer-FNET-64
=====================================================================================================================================================================
Layer (type:depth-idx)                   Input Shape               Output Shape              Kernel Shape              Param #                   Mult-Adds
=====================================================================================================================================================================
TransfomerBlock                          [2, 2, 64, 64]            [2, 3]                    --                        --                        --
├─ModuleList: 1-1                        --                        --                        --                        --                        --
│    └─MakePatches: 2-1                  [2, 1, 64, 64]            [2, 256, 64]              --                        --                        --
│    │    └─Unfold: 3-1                  [2, 1, 64, 64]            [2, 16, 256]              [4, 4]                    --                        --
│    │    └─Linear: 3-2                  [2, 256, 16]              [2, 256, 64]              --                        1,088                     2,176
│    │    └─PositionalEncoding: 3-3      [2, 256, 64]              [2, 256, 64]              --                        --                        --
│    └─MakePatches: 2-2                  [2, 1, 64, 64]            [2, 256, 64]              --                        --                        --
│    │    └─Unfold: 3-4                  [2, 1, 64, 64]            [2, 16, 256]              [4, 4]                    --                        --
│    │    └─Linear: 3-5                  [2, 256, 16]              [2, 256, 64]              --                        1,088                     2,176
│    │    └─PositionalEncoding: 3-6      [2, 256, 64]              [2, 256, 64]              --                        --                        --
├─FNET: 1-2                              [2, 512, 64]              [2, 512, 64]              --                        --                        --
│    └─LayerNorm: 2-3                    [2, 512, 64]              [2, 512, 64]              --                        128                       256
│    └─Sequential: 2-4                   [2, 512, 64]              [2, 512, 64]              --                        --                        --
│    │    └─Linear: 3-7                  [2, 512, 64]              [2, 512, 64]              --                        4,160                     8,320
│    │    └─ReLU: 3-8                    [2, 512, 64]              [2, 512, 64]              --                        --                        --
│    │    └─Dropout: 3-9                 [2, 512, 64]              [2, 512, 64]              --                        --                        --
│    │    └─Linear: 3-10                 [2, 512, 64]              [2, 512, 64]              --                        4,160                     8,320
│    └─LayerNorm: 2-5                    [2, 512, 64]              [2, 512, 64]              --                        128                       256
├─Sequential: 1-3                        [2, 64]                   [2, 3]                    --                        --                        --
│    └─Linear: 2-6                       [2, 64]                   [2, 64]                   --                        4,160                     8,320
│    └─ReLU: 2-7                         [2, 64]                   [2, 64]                   --                        --                        --
│    └─Linear: 2-8                       [2, 64]                   [2, 32]                   --                        2,080                     4,160
│    └─ReLU: 2-9                         [2, 32]                   [2, 32]                   --                        --                        --
│    └─Linear: 2-10                      [2, 32]                   [2, 3]                    --                        99                        198
=====================================================================================================================================================================
Total params: 17,091
Trainable params: 17,091
Non-trainable params: 0
Total mult-adds (Units.MEGABYTES): 0.03
=====================================================================================================================================================================
Input size (MB): 0.07
Forward/backward pass size (MB): 2.62
Params size (MB): 0.07
Estimated Total Size (MB): 2.76
=====================================================================================================================================================================
Total Trainable Parameters:  17091
Total Parameters:  17091
Epoch 0: 
BAS Score on Validation Data (Training Time 1.525694):  0.3333333333333333
Epoch 1: 
BAS Score on Validation Data (Training Time 1.506019):  0.6422004355546981
Epoch 2: 
BAS Score on Validation Data (Training Time 1.505149):  0.6546976217784496
Epoch 3: 
BAS Score on Validation Data (Training Time 1.509831):  0.6530017632997824
Epoch 4: 
BAS Score on Validation Data (Training Time 1.506876):  0.6542413880581549
Epoch 5: 
BAS Score on Validation Data (Training Time 1.506919):  0.7959325747749872
Epoch 6: 
BAS Score on Validation Data (Training Time 1.506652):  0.8388117110260724
Epoch 7: 
BAS Score on Validation Data (Training Time 1.508948):  0.8730316518563775
Epoch 8: 
BAS Score on Validation Data (Training Time 1.506929):  0.8814827618241131
Epoch 9: 
BAS Score on Validation Data (Training Time 1.507109):  0.891062910677343
Epoch 10: 
BAS Score on Validation Data (Training Time 1.506484):  0.9033864020466426
Epoch 11: 
BAS Score on Validation Data (Training Time 1.508270):  0.9084612484948531
Epoch 12: 
BAS Score on Validation Data (Training Time 1.506523):  0.9114199118886067
Epoch 13: 
BAS Score on Validation Data (Training Time 1.506416):  0.9136222500920059
Epoch 14: 
BAS Score on Validation Data (Training Time 1.508008):  0.9155621031682227
Epoch 15: 
BAS Score on Validation Data (Training Time 1.509407):  0.9175377760627142
Epoch 16: 
BAS Score on Validation Data (Training Time 1.511978):  0.9233688583750487
Epoch 17: 
BAS Score on Validation Data (Training Time 1.515880):  0.9256444440871395
Epoch 18: 
BAS Score on Validation Data (Training Time 1.510116):  0.9263404294090534
Epoch 19: 
BAS Score on Validation Data (Training Time 1.510091):  0.9319833906807732
Epoch 20: 
BAS Score on Validation Data (Training Time 1.507305):  0.9340796093228
Epoch 21: 
BAS Score on Validation Data (Training Time 1.507030):  0.9343164131588256
Epoch 22: 
BAS Score on Validation Data (Training Time 1.508702):  0.938023853676489
Epoch 23: 
BAS Score on Validation Data (Training Time 1.510593):  0.9390598146302073
Epoch 24: 
BAS Score on Validation Data (Training Time 1.511737):  0.9409107434443479
Epoch 25: 
BAS Score on Validation Data (Training Time 1.506924):  0.9413339264595013
Epoch 26: 
BAS Score on Validation Data (Training Time 1.511662):  0.941816020123413
Epoch 27: 
BAS Score on Validation Data (Training Time 1.507070):  0.9450844668831935
Epoch 28: 
BAS Score on Validation Data (Training Time 1.513626):  0.9431733768530727
Epoch 29: 
BAS Score on Validation Data (Training Time 1.508391):  0.9422463939000904
Epoch 30: 
BAS Score on Validation Data (Training Time 1.508681):  0.9427069599425453
Epoch 31: 
BAS Score on Validation Data (Training Time 1.506920):  0.9452007249716837
Epoch 32: 
BAS Score on Validation Data (Training Time 1.514352):  0.9461892983603278
Epoch 33: 
BAS Score on Validation Data (Training Time 1.509009):  0.9458607118228626
Epoch 34: 
BAS Score on Validation Data (Training Time 1.508408):  0.9427702029134643
Epoch 35: 
BAS Score on Validation Data (Training Time 1.509247):  0.9448965691581539
Epoch 36: 
BAS Score on Validation Data (Training Time 1.509181):  0.9454475333454817
Epoch 37: 
BAS Score on Validation Data (Training Time 1.508761):  0.9490731956994779
Epoch 38: 
BAS Score on Validation Data (Training Time 1.506629):  0.9457445430606025
Epoch 39: 
BAS Score on Validation Data (Training Time 1.511573):  0.9487001693625322
Epoch 40: 
BAS Score on Validation Data (Training Time 1.512297):  0.9494189775362396
Epoch 41: 
BAS Score on Validation Data (Training Time 1.514980):  0.9467273549074045
Epoch 42: 
BAS Score on Validation Data (Training Time 1.509891):  0.9488623411332998
Epoch 43: 
BAS Score on Validation Data (Training Time 1.515562):  0.9475753288098531
Epoch 44: 
BAS Score on Validation Data (Training Time 1.518268):  0.9495007556999067
Epoch 45: 
BAS Score on Validation Data (Training Time 1.511304):  0.9496399706295356
Epoch 46: 
BAS Score on Validation Data (Training Time 1.510478):  0.9512325679861937
Epoch 47: 
BAS Score on Validation Data (Training Time 1.511245):  0.9516931340286487
Epoch 48: 
BAS Score on Validation Data (Training Time 1.509335):  0.953093501338107
Epoch 49: 
BAS Score on Validation Data (Training Time 1.512186):  0.9519026487013753
Epoch 50: 
BAS Score on Validation Data (Training Time 1.512325):  0.9534249463149358
Epoch 51: 
BAS Score on Validation Data (Training Time 1.508417):  0.9527505779407089
Epoch 52: 
BAS Score on Validation Data (Training Time 1.517064):  0.9526085492348315
Epoch 53: 
BAS Score on Validation Data (Training Time 1.506706):  0.9523488778838974
Epoch 54: 
BAS Score on Validation Data (Training Time 1.507621):  0.953423517095254
Epoch 55: 
BAS Score on Validation Data (Training Time 1.507990):  0.9539644320816943
Epoch 56: 
BAS Score on Validation Data (Training Time 1.507662):  0.9542528218156092
Epoch 57: 
BAS Score on Validation Data (Training Time 1.512210):  0.9534464739363925
Epoch 58: 
BAS Score on Validation Data (Training Time 1.512005):  0.9545283039092731
Epoch 59: 
BAS Score on Validation Data (Training Time 1.507294):  0.9543690352409843
Epoch 60: 
BAS Score on Validation Data (Training Time 1.515160):  0.9527621010243932
Epoch 61: 
BAS Score on Validation Data (Training Time 1.506739):  0.9545986036523709
Epoch 62: 
BAS Score on Validation Data (Training Time 1.504899):  0.9521853215565632
Epoch 63: 
BAS Score on Validation Data (Training Time 1.509799):  0.9545039178484527
Epoch 64: 
BAS Score on Validation Data (Training Time 1.519944):  0.954941527049769
Epoch 65: 
BAS Score on Validation Data (Training Time 1.512144):  0.9552643520453921
Epoch 66: 
BAS Score on Validation Data (Training Time 1.518136):  0.956232827032261
Epoch 67: 
BAS Score on Validation Data (Training Time 1.518172):  0.9561151843872042
Epoch 68: 
BAS Score on Validation Data (Training Time 1.512698):  0.955663238325955
Epoch 69: 
BAS Score on Validation Data (Training Time 1.512962):  0.9571037577758483
Epoch 70: 
BAS Score on Validation Data (Training Time 1.519430):  0.9553906146716548
Epoch 71: 
BAS Score on Validation Data (Training Time 1.514055):  0.9567866496589524
Epoch 72: 
BAS Score on Validation Data (Training Time 1.516206):  0.9513890228782341
Epoch 73: 
BAS Score on Validation Data (Training Time 1.517965):  0.9554580559753889
Epoch 74: 
BAS Score on Validation Data (Training Time 1.515495):  0.9550893172974885
Epoch 75: 
BAS Score on Validation Data (Training Time 1.515455):  0.9577809845894388
Epoch 76: 
BAS Score on Validation Data (Training Time 1.508739):  0.9562744530554931
Epoch 77: 
BAS Score on Validation Data (Training Time 1.516858):  0.955800979372787
Epoch 78: 
BAS Score on Validation Data (Training Time 1.513582):  0.9567206822380151
Epoch 79: 
BAS Score on Validation Data (Training Time 1.512820):  0.9528008239451465
Epoch 80: 
BAS Score on Validation Data (Training Time 1.514176):  0.9547679215215473
Epoch 81: 
BAS Score on Validation Data (Training Time 1.514136):  0.9586189092909998
Epoch 82: 
BAS Score on Validation Data (Training Time 1.537351):  0.9591670150389641
Epoch 83: 
BAS Score on Validation Data (Training Time 1.526324):  0.9588872006231397
Epoch 84: 
BAS Score on Validation Data (Training Time 1.512792):  0.9580234606410766
Epoch 85: 
BAS Score on Validation Data (Training Time 1.519772):  0.9578627627531059
Epoch 86: 
BAS Score on Validation Data (Training Time 1.514019):  0.956412194102325
Epoch 87: 
BAS Score on Validation Data (Training Time 1.517303):  0.9569057661868062
Epoch 88: 
BAS Score on Validation Data (Training Time 1.516939):  0.957010501191612
Epoch 89: 
BAS Score on Validation Data (Training Time 1.519068):  0.9587853240576977
Epoch 90: 
BAS Score on Validation Data (Training Time 1.514648):  0.9582071153701858
Epoch 91: 
BAS Score on Validation Data (Training Time 1.520957):  0.9597897081890716
Epoch 92: 
BAS Score on Validation Data (Training Time 1.512604):  0.956584370410865
Epoch 93: 
BAS Score on Validation Data (Training Time 1.512680):  0.9593908219085084
Epoch 94: 
BAS Score on Validation Data (Training Time 1.514197):  0.9568512325233232
Epoch 95: 
BAS Score on Validation Data (Training Time 1.516232):  0.9558153162327198
Epoch 96: 
BAS Score on Validation Data (Training Time 1.512739):  0.95827455667392
Epoch 97: 
BAS Score on Validation Data (Training Time 1.517698):  0.9584266345806848
Epoch 98: 
BAS Score on Validation Data (Training Time 1.517962):  0.9583907700992951
Epoch 99: 
BAS Score on Validation Data (Training Time 1.511762):  0.9598872524323533
Epoch 100: 
BAS Score on Validation Data (Training Time 1.510965):  0.9598743447921022
Epoch 101: 
BAS Score on Validation Data (Training Time 1.511064):  0.9602847094932345
Epoch 102: 
BAS Score on Validation Data (Training Time 1.511827):  0.9604812718625948
Epoch 103: 
BAS Score on Validation Data (Training Time 1.516068):  0.9606993618534121
Epoch 104: 
BAS Score on Validation Data (Training Time 1.513808):  0.9605157071243028
Epoch 105: 
BAS Score on Validation Data (Training Time 1.517061):  0.9604827010822766
Epoch 106: 
BAS Score on Validation Data (Training Time 1.518230):  0.9589976971697878
Epoch 107: 
BAS Score on Validation Data (Training Time 1.514516):  0.961228798419283
Epoch 108: 
BAS Score on Validation Data (Training Time 1.511430):  0.9594353063711041
Epoch 109: 
BAS Score on Validation Data (Training Time 1.511822):  0.9568053188410458
Epoch 110: 
BAS Score on Validation Data (Training Time 1.516049):  0.96073379711512
Epoch 111: 
BAS Score on Validation Data (Training Time 1.518077):  0.9600895763435559
Epoch 112: 
BAS Score on Validation Data (Training Time 1.517196):  0.9615846294569322
Epoch 113: 
BAS Score on Validation Data (Training Time 1.513149):  0.9591598242774401
Epoch 114: 
BAS Score on Validation Data (Training Time 1.533209):  0.9574151043509022
Epoch 115: 
BAS Score on Validation Data (Training Time 1.514202):  0.95933200058598
Epoch 116: 
BAS Score on Validation Data (Training Time 1.512536):  0.9607911892179667
Epoch 117: 
BAS Score on Validation Data (Training Time 1.519096):  0.9612431352792159
Epoch 118: 
BAS Score on Validation Data (Training Time 1.520085):  0.9606419697505654
Epoch 119: 
BAS Score on Validation Data (Training Time 1.515373):  0.9605845776477189
Epoch 120: 
BAS Score on Validation Data (Training Time 1.519036):  0.96131057658295
Epoch 121: 
BAS Score on Validation Data (Training Time 1.524783):  0.9607926184376486
Epoch 122: 
BAS Score on Validation Data (Training Time 1.518871):  0.9597681805676146
Epoch 123: 
BAS Score on Validation Data (Training Time 1.525945):  0.9602057897689309
Epoch 124: 
BAS Score on Validation Data (Training Time 1.535295):  0.9607467047553712
Epoch 125: 
BAS Score on Validation Data (Training Time 1.531441):  0.9605286147645539
Epoch 126: 
BAS Score on Validation Data (Training Time 1.532044):  0.9594467847916733
Epoch 127: 
BAS Score on Validation Data (Training Time 1.532702):  0.9590766168940913
Epoch 128: 
BAS Score on Validation Data (Training Time 1.528520):  0.9618371547094576
Epoch 129: 
BAS Score on Validation Data (Training Time 1.530640):  0.9581368156270881
Epoch 130: 
BAS Score on Validation Data (Training Time 1.525108):  0.9595056061142019
Epoch 131: 
BAS Score on Validation Data (Training Time 1.525492):  0.9568727601447801
Epoch 132: 
BAS Score on Validation Data (Training Time 1.533382):  0.9621054460415975
Epoch 133: 
BAS Score on Validation Data (Training Time 1.527919):  0.9623221068127329
Epoch 134: 
BAS Score on Validation Data (Training Time 1.534904):  0.9591253890157322
Epoch 135: 
BAS Score on Validation Data (Training Time 1.528153):  0.9577565985286184
Epoch 136: 
BAS Score on Validation Data (Training Time 1.523427):  0.9595629982170485
Epoch 137: 
BAS Score on Validation Data (Training Time 1.537876):  0.9625516752241196
Epoch 138: 
BAS Score on Validation Data (Training Time 1.522530):  0.9607022202927756
Epoch 139: 
BAS Score on Validation Data (Training Time 1.527354):  0.9582142614685947
Epoch 140: 
BAS Score on Validation Data (Training Time 1.526232):  0.9606534481711347
Epoch 141: 
BAS Score on Validation Data (Training Time 1.539332):  0.9595629982170485
Epoch 142: 
BAS Score on Validation Data (Training Time 1.531829):  0.9597251253247009
Epoch 143: 
BAS Score on Validation Data (Training Time 1.531205):  0.9594008711093961
Epoch 144: 
BAS Score on Validation Data (Training Time 1.543241):  0.9621384520836237
Epoch 145: 
BAS Score on Validation Data (Training Time 1.528238):  0.9606548773908165
Epoch 146: 
BAS Score on Validation Data (Training Time 1.526077):  0.9624038849764
Epoch 147: 
BAS Score on Validation Data (Training Time 1.529790):  0.9621901273077431
Epoch 148: 
BAS Score on Validation Data (Training Time 1.529334):  0.9584281084634817
Epoch 149: 
BAS Score on Validation Data (Training Time 1.535446):  0.959895872413559
High Quality
0.9585629653625173 0.9323762323550894 0.9112706555300231 0.9585629653625173 0.9137660349307619
              precision    recall  f1-score   support

           0       0.99      0.96      0.97     23726
           1       0.98      1.00      0.99      5353
           2       0.76      0.92      0.83      3178

    accuracy                           0.96     32257
   macro avg       0.91      0.96      0.93     32257
weighted avg       0.97      0.96      0.96     32257

Low Quality Post 2020
0.8991092176607282 0.7232622288136327 0.6999874796544385 0.8991092176607282 0.8205073872902127
              precision    recall  f1-score   support

           0       1.00      0.95      0.97      1291
           1       0.98      1.00      0.99       160
           2       0.12      0.75      0.21        12

    accuracy                           0.95      1463
   macro avg       0.70      0.90      0.72      1463
weighted avg       0.99      0.95      0.97      1463

Emb Dim: 128
Transformer-FNET-128
=====================================================================================================================================================================
Layer (type:depth-idx)                   Input Shape               Output Shape              Kernel Shape              Param #                   Mult-Adds
=====================================================================================================================================================================
TransfomerBlock                          [2, 2, 64, 64]            [2, 3]                    --                        --                        --
├─ModuleList: 1-1                        --                        --                        --                        --                        --
│    └─MakePatches: 2-1                  [2, 1, 64, 64]            [2, 256, 128]             --                        --                        --
│    │    └─Unfold: 3-1                  [2, 1, 64, 64]            [2, 16, 256]              [4, 4]                    --                        --
│    │    └─Linear: 3-2                  [2, 256, 16]              [2, 256, 128]             --                        2,176                     4,352
│    │    └─PositionalEncoding: 3-3      [2, 256, 128]             [2, 256, 128]             --                        --                        --
│    └─MakePatches: 2-2                  [2, 1, 64, 64]            [2, 256, 128]             --                        --                        --
│    │    └─Unfold: 3-4                  [2, 1, 64, 64]            [2, 16, 256]              [4, 4]                    --                        --
│    │    └─Linear: 3-5                  [2, 256, 16]              [2, 256, 128]             --                        2,176                     4,352
│    │    └─PositionalEncoding: 3-6      [2, 256, 128]             [2, 256, 128]             --                        --                        --
├─FNET: 1-2                              [2, 512, 128]             [2, 512, 128]             --                        --                        --
│    └─LayerNorm: 2-3                    [2, 512, 128]             [2, 512, 128]             --                        256                       512
│    └─Sequential: 2-4                   [2, 512, 128]             [2, 512, 128]             --                        --                        --
│    │    └─Linear: 3-7                  [2, 512, 128]             [2, 512, 128]             --                        16,512                    33,024
│    │    └─ReLU: 3-8                    [2, 512, 128]             [2, 512, 128]             --                        --                        --
│    │    └─Dropout: 3-9                 [2, 512, 128]             [2, 512, 128]             --                        --                        --
│    │    └─Linear: 3-10                 [2, 512, 128]             [2, 512, 128]             --                        16,512                    33,024
│    └─LayerNorm: 2-5                    [2, 512, 128]             [2, 512, 128]             --                        256                       512
├─Sequential: 1-3                        [2, 128]                  [2, 3]                    --                        --                        --
│    └─Linear: 2-6                       [2, 128]                  [2, 64]                   --                        8,256                     16,512
│    └─ReLU: 2-7                         [2, 64]                   [2, 64]                   --                        --                        --
│    └─Linear: 2-8                       [2, 64]                   [2, 32]                   --                        2,080                     4,160
│    └─ReLU: 2-9                         [2, 32]                   [2, 32]                   --                        --                        --
│    └─Linear: 2-10                      [2, 32]                   [2, 3]                    --                        99                        198
=====================================================================================================================================================================
Total params: 48,323
Trainable params: 48,323
Non-trainable params: 0
Total mult-adds (Units.MEGABYTES): 0.10
=====================================================================================================================================================================
Input size (MB): 0.07
Forward/backward pass size (MB): 5.24
Params size (MB): 0.19
Estimated Total Size (MB): 5.50
=====================================================================================================================================================================
Total Trainable Parameters:  48323
Total Parameters:  48323
Epoch 0: 
BAS Score on Validation Data (Training Time 1.896608):  0.3333333333333333
Epoch 1: 
BAS Score on Validation Data (Training Time 1.898644):  0.5221366030306603
Epoch 2: 
BAS Score on Validation Data (Training Time 1.894985):  0.6537579098376763
Epoch 3: 
BAS Score on Validation Data (Training Time 1.895785):  0.7883609262058148
Epoch 4: 
BAS Score on Validation Data (Training Time 1.894898):  0.8761180517591908
Epoch 5: 
BAS Score on Validation Data (Training Time 1.894819):  0.9060606953868362
Epoch 6: 
BAS Score on Validation Data (Training Time 1.900326):  0.9180157160569259
Epoch 7: 
BAS Score on Validation Data (Training Time 1.898876):  0.9256673562651633
Epoch 8: 
BAS Score on Validation Data (Training Time 1.900223):  0.9266931786917638
Epoch 9: 
BAS Score on Validation Data (Training Time 1.899381):  0.9348257959860365
Epoch 10: 
BAS Score on Validation Data (Training Time 1.900207):  0.9379837015360538
Epoch 11: 
BAS Score on Validation Data (Training Time 1.896060):  0.9342304366623432
Epoch 12: 
BAS Score on Validation Data (Training Time 1.898499):  0.9421158882778974
Epoch 13: 
BAS Score on Validation Data (Training Time 1.895790):  0.9440328291760905
Epoch 14: 
BAS Score on Validation Data (Training Time 1.899800):  0.940471749686465
Epoch 15: 
BAS Score on Validation Data (Training Time 1.899671):  0.9466455320806223
Epoch 16: 
BAS Score on Validation Data (Training Time 1.899323):  0.9482883307786031
Epoch 17: 
BAS Score on Validation Data (Training Time 1.900188):  0.9473041790383495
Epoch 18: 
BAS Score on Validation Data (Training Time 1.900306):  0.9515927313460034
Epoch 19: 
BAS Score on Validation Data (Training Time 1.907509):  0.9512268064443515
Epoch 20: 
BAS Score on Validation Data (Training Time 1.896949):  0.9514607518410138
Epoch 21: 
BAS Score on Validation Data (Training Time 1.903928):  0.9541739020913057
Epoch 22: 
BAS Score on Validation Data (Training Time 1.901527):  0.9537506297499223
Epoch 23: 
BAS Score on Validation Data (Training Time 1.905733):  0.9545856960121198
Epoch 24: 
BAS Score on Validation Data (Training Time 1.899786):  0.9559415788589826
Epoch 25: 
BAS Score on Validation Data (Training Time 1.897904):  0.9559530572795518
Epoch 26: 
BAS Score on Validation Data (Training Time 1.898280):  0.9565786088690227
Epoch 27: 
BAS Score on Validation Data (Training Time 1.901092):  0.957737929346525
Epoch 28: 
BAS Score on Validation Data (Training Time 1.913623):  0.9538166864970897
Epoch 29: 
BAS Score on Validation Data (Training Time 1.901263):  0.9544666241473813
Epoch 30: 
BAS Score on Validation Data (Training Time 1.907092):  0.9543073554790924
Epoch 31: 
BAS Score on Validation Data (Training Time 1.919899):  0.9569631582896528
Epoch 32: 
BAS Score on Validation Data (Training Time 1.909477):  0.9573964351688087
Epoch 33: 
BAS Score on Validation Data (Training Time 1.924539):  0.9541839066290784
Epoch 34: 
BAS Score on Validation Data (Training Time 1.957129):  0.9595428998152734
Epoch 35: 
BAS Score on Validation Data (Training Time 1.929046):  0.9587738456371282
Epoch 36: 
BAS Score on Validation Data (Training Time 1.948853):  0.9597724682266598
Epoch 37: 
BAS Score on Validation Data (Training Time 1.928481):  0.9563935249202317
Epoch 38: 
BAS Score on Validation Data (Training Time 1.925184):  0.9594955569133142
Epoch 39: 
BAS Score on Validation Data (Training Time 1.923189):  0.9598858232126716
Epoch 40: 
BAS Score on Validation Data (Training Time 1.921789):  0.9598284311098247
Epoch 41: 
BAS Score on Validation Data (Training Time 1.931045):  0.9596906900629928
Epoch 42: 
BAS Score on Validation Data (Training Time 1.933599):  0.9604827010822765
Epoch 43: 
BAS Score on Validation Data (Training Time 1.928028):  0.9608184337181508
Epoch 44: 
BAS Score on Validation Data (Training Time 1.915419):  0.9559860633215781
Epoch 45: 
BAS Score on Validation Data (Training Time 1.928190):  0.9594295448292618
Epoch 46: 
BAS Score on Validation Data (Training Time 1.951731):  0.9613005273820626
Epoch 47: 
BAS Score on Validation Data (Training Time 1.927219):  0.9612173199987136
Epoch 48: 
BAS Score on Validation Data (Training Time 1.965343):  0.9597681805676146
Epoch 49: 
BAS Score on Validation Data (Training Time 1.948864):  0.9611140142135897
Epoch 50: 
BAS Score on Validation Data (Training Time 1.926954):  0.9595500905767973
Epoch 51: 
BAS Score on Validation Data (Training Time 1.936286):  0.9552858350037338
Epoch 52: 
BAS Score on Validation Data (Training Time 1.941612):  0.9614483176297822
Epoch 53: 
BAS Score on Validation Data (Training Time 1.967184):  0.9615071389523105
Epoch 54: 
BAS Score on Validation Data (Training Time 1.924742):  0.9567665959202926
Epoch 55: 
BAS Score on Validation Data (Training Time 1.921801):  0.9625401968035502
Epoch 56: 
BAS Score on Validation Data (Training Time 1.908895):  0.9610350944892861
Epoch 57: 
BAS Score on Validation Data (Training Time 1.912038):  0.9621241152236908
Epoch 58: 
BAS Score on Validation Data (Training Time 1.900582):  0.9620681523405258
Epoch 59: 
BAS Score on Validation Data (Training Time 1.906575):  0.9622518070696352
Epoch 60: 
BAS Score on Validation Data (Training Time 1.909680):  0.9619074544525553
Epoch 61: 
BAS Score on Validation Data (Training Time 1.903160):  0.9612517552604217
Epoch 62: 
BAS Score on Validation Data (Training Time 1.901960):  0.9632174236171407
Epoch 63: 
BAS Score on Validation Data (Training Time 1.901377):  0.9622417578687475
Epoch 64: 
BAS Score on Validation Data (Training Time 1.907126):  0.9627798144158244
Epoch 65: 
BAS Score on Validation Data (Training Time 1.908130):  0.9602186974091821
Epoch 66: 
BAS Score on Validation Data (Training Time 1.907901):  0.961538715774655
Epoch 67: 
BAS Score on Validation Data (Training Time 1.902343):  0.9546373712362394
Epoch 68: 
BAS Score on Validation Data (Training Time 1.905885):  0.9621843657659009
Epoch 69: 
BAS Score on Validation Data (Training Time 1.900998):  0.9616520707606665
Epoch 70: 
BAS Score on Validation Data (Training Time 1.902269):  0.9629304631029073
Epoch 71: 
BAS Score on Validation Data (Training Time 1.902494):  0.9629878552057541
Epoch 72: 
BAS Score on Validation Data (Training Time 1.902126):  0.958185587748729
Epoch 73: 
BAS Score on Validation Data (Training Time 1.897157):  0.955739299610895
Epoch 74: 
BAS Score on Validation Data (Training Time 1.895344):  0.9620796307610954
Epoch 75: 
BAS Score on Validation Data (Training Time 1.899383):  0.9625401968035502
Epoch 76: 
BAS Score on Validation Data (Training Time 1.911595):  0.9626765086307003
Epoch 77: 
BAS Score on Validation Data (Training Time 1.900624):  0.961215890779032
Epoch 78: 
BAS Score on Validation Data (Training Time 1.901847):  0.9624598478595647
Epoch 79: 
BAS Score on Validation Data (Training Time 1.896754):  0.9622991499715944
Epoch 80: 
BAS Score on Validation Data (Training Time 1.889472):  0.9607223186945507
Epoch 81: 
BAS Score on Validation Data (Training Time 1.897774):  0.9618974052516678
Epoch 82: 
BAS Score on Validation Data (Training Time 1.899000):  0.962356542074441
Epoch 83: 
BAS Score on Validation Data (Training Time 1.903068):  0.9629075062617688
Epoch 84: 
BAS Score on Validation Data (Training Time 1.898922):  0.9556259446248835
Epoch 85: 
BAS Score on Validation Data (Training Time 1.898138):  0.9624713262801342
Epoch 86: 
BAS Score on Validation Data (Training Time 1.896332):  0.9628013420372813
Epoch 87: 
BAS Score on Validation Data (Training Time 1.897439):  0.9625861104858275
Epoch 88: 
BAS Score on Validation Data (Training Time 1.899739):  0.9625287183829809
Epoch 89: 
BAS Score on Validation Data (Training Time 1.902174):  0.9607797107973974
Epoch 90: 
BAS Score on Validation Data (Training Time 1.902404):  0.9631614607339758
Epoch 91: 
BAS Score on Validation Data (Training Time 1.897409):  0.9625387675838684
Epoch 92: 
BAS Score on Validation Data (Training Time 1.896409):  0.9632274728180281
Epoch 93: 
BAS Score on Validation Data (Training Time 1.895459):  0.9624713262801342
Epoch 94: 
BAS Score on Validation Data (Training Time 1.899878):  0.9625861104858275
Epoch 95: 
BAS Score on Validation Data (Training Time 1.901383):  0.963160031514294
Epoch 96: 
BAS Score on Validation Data (Training Time 1.896979):  0.9634584704490966
Epoch 97: 
BAS Score on Validation Data (Training Time 1.904015):  0.9633322078228339
Epoch 98: 
BAS Score on Validation Data (Training Time 1.909338):  0.9634340843882762
Epoch 99: 
BAS Score on Validation Data (Training Time 1.917430):  0.9636191683370671
Epoch 100: 
BAS Score on Validation Data (Training Time 1.915589):  0.9623178191536876
Epoch 101: 
BAS Score on Validation Data (Training Time 1.913439):  0.9638372583278844
Epoch 102: 
BAS Score on Validation Data (Training Time 1.918067):  0.9645733064640033
Epoch 103: 
BAS Score on Validation Data (Training Time 1.910489):  0.9623192483733694
Epoch 104: 
BAS Score on Validation Data (Training Time 1.932747):  0.9635861622950409
Epoch 105: 
BAS Score on Validation Data (Training Time 1.912809):  0.9631930375563202
Epoch 106: 
BAS Score on Validation Data (Training Time 1.924278):  0.9579933577015289
Epoch 107: 
BAS Score on Validation Data (Training Time 1.930708):  0.9651242706513311
Epoch 108: 
BAS Score on Validation Data (Training Time 1.928209):  0.960617583689745
Epoch 109: 
BAS Score on Validation Data (Training Time 1.915819):  0.9636306467576365
Epoch 110: 
BAS Score on Validation Data (Training Time 1.911700):  0.9614440299707367
Epoch 111: 
BAS Score on Validation Data (Training Time 1.919402):  0.9646177909265988
Epoch 112: 
BAS Score on Validation Data (Training Time 1.949663):  0.9624813754810218
Epoch 113: 
BAS Score on Validation Data (Training Time 1.932336):  0.9643322596320473
Epoch 114: 
BAS Score on Validation Data (Training Time 1.917239):  0.9640438698981324
Epoch 115: 
BAS Score on Validation Data (Training Time 1.912964):  0.9617195120644007
Epoch 116: 
BAS Score on Validation Data (Training Time 1.920888):  0.9634111275471375
Epoch 117: 
BAS Score on Validation Data (Training Time 1.905801):  0.9570220242752963
Epoch 118: 
BAS Score on Validation Data (Training Time 1.929493):  0.9652835393196201
Epoch 119: 
BAS Score on Validation Data (Training Time 1.921588):  0.9631930375563202
Epoch 120: 
BAS Score on Validation Data (Training Time 1.908148):  0.9641127404215483
Epoch 121: 
BAS Score on Validation Data (Training Time 1.924170):  0.9638946504307312
Epoch 122: 
BAS Score on Validation Data (Training Time 1.913093):  0.9653983235253133
Epoch 123: 
BAS Score on Validation Data (Training Time 1.906307):  0.9628128204578505
Epoch 124: 
BAS Score on Validation Data (Training Time 1.918883):  0.9642275246272417
Epoch 125: 
BAS Score on Validation Data (Training Time 1.918016):  0.9647670103940001
Epoch 126: 
BAS Score on Validation Data (Training Time 1.913410):  0.9615588141764301
Epoch 127: 
BAS Score on Validation Data (Training Time 1.906381):  0.9617209412840824
Epoch 128: 
BAS Score on Validation Data (Training Time 1.903787):  0.9624340325790627
Epoch 129: 
BAS Score on Validation Data (Training Time 1.910888):  0.9656981916797976
Epoch 130: 
BAS Score on Validation Data (Training Time 1.903119):  0.9639133196128244
Epoch 131: 
BAS Score on Validation Data (Training Time 1.904849):  0.9569818721348612
Epoch 132: 
BAS Score on Validation Data (Training Time 1.913118):  0.954798113787325
Epoch 133: 
BAS Score on Validation Data (Training Time 1.909197):  0.957752310869573
Epoch 134: 
BAS Score on Validation Data (Training Time 1.909091):  0.9658129758854909
Epoch 135: 
BAS Score on Validation Data (Training Time 1.908321):  0.9616348754613698
Epoch 136: 
BAS Score on Validation Data (Training Time 1.903632):  0.9654786724692985
Epoch 137: 
BAS Score on Validation Data (Training Time 1.901944):  0.9624828047007036
Epoch 138: 
BAS Score on Validation Data (Training Time 1.902752):  0.9660755503389037
Epoch 139: 
BAS Score on Validation Data (Training Time 1.896327):  0.9660296366566264
Epoch 140: 
BAS Score on Validation Data (Training Time 1.897794):  0.9645144851414749
Epoch 141: 
BAS Score on Validation Data (Training Time 1.897896):  0.9632619080797361
Epoch 142: 
BAS Score on Validation Data (Training Time 1.904108):  0.9654327587870212
Epoch 143: 
BAS Score on Validation Data (Training Time 1.904297):  0.9647569611931126
Epoch 144: 
BAS Score on Validation Data (Training Time 1.903626):  0.9650654493288027
Epoch 145: 
BAS Score on Validation Data (Training Time 1.898233):  0.9644671422395158
Epoch 146: 
BAS Score on Validation Data (Training Time 1.892864):  0.9584094839445033
Epoch 147: 
BAS Score on Validation Data (Training Time 1.896743):  0.9641930893655336
Epoch 148: 
BAS Score on Validation Data (Training Time 1.898437):  0.9650080572259561
Epoch 149: 
BAS Score on Validation Data (Training Time 1.898913):  0.9648445008986218
High Quality
0.9750788967402041 0.9734252281952332 0.9718265315507845 0.9750788967402041 0.966979366214824
              precision    recall  f1-score   support

           0       0.99      0.99      0.99     23726
           1       0.98      1.00      0.99      5353
           2       0.94      0.94      0.94      3178

    accuracy                           0.99     32257
   macro avg       0.97      0.98      0.97     32257
weighted avg       0.99      0.99      0.99     32257

Low Quality Post 2020
0.9413460710904554 0.8649310092159262 0.8210211823927102 0.9413460710904554 0.9562721229314152
              precision    recall  f1-score   support

           0       1.00      0.99      0.99      1291
           1       0.99      1.00      0.99       160
           2       0.48      0.83      0.61        12

    accuracy                           0.99      1463
   macro avg       0.82      0.94      0.86      1463
weighted avg       0.99      0.99      0.99      1463

Emb Dim: 64
Transformer-MHA-64
=====================================================================================================================================================================
Layer (type:depth-idx)                   Input Shape               Output Shape              Kernel Shape              Param #                   Mult-Adds
=====================================================================================================================================================================
TransfomerBlock                          [2, 2, 64, 64]            [2, 3]                    --                        --                        --
├─ModuleList: 1-1                        --                        --                        --                        --                        --
│    └─MakePatches: 2-1                  [2, 1, 64, 64]            [2, 256, 64]              --                        --                        --
│    │    └─Unfold: 3-1                  [2, 1, 64, 64]            [2, 16, 256]              [4, 4]                    --                        --
│    │    └─Linear: 3-2                  [2, 256, 16]              [2, 256, 64]              --                        1,088                     2,176
│    │    └─PositionalEncoding: 3-3      [2, 256, 64]              [2, 256, 64]              --                        --                        --
│    └─MakePatches: 2-2                  [2, 1, 64, 64]            [2, 256, 64]              --                        --                        --
│    │    └─Unfold: 3-4                  [2, 1, 64, 64]            [2, 16, 256]              [4, 4]                    --                        --
│    │    └─Linear: 3-5                  [2, 256, 16]              [2, 256, 64]              --                        1,088                     2,176
│    │    └─PositionalEncoding: 3-6      [2, 256, 64]              [2, 256, 64]              --                        --                        --
├─TransformerEncoderLayer: 1-2           [2, 512, 64]              [2, 512, 64]              --                        --                        --
│    └─MultiheadAttention: 2-3           [2, 512, 64]              [2, 512, 64]              --                        16,640                    --
│    └─Dropout: 2-4                      [2, 512, 64]              [2, 512, 64]              --                        --                        --
│    └─LayerNorm: 2-5                    [2, 512, 64]              [2, 512, 64]              --                        128                       256
│    └─Linear: 2-6                       [2, 512, 64]              [2, 512, 2048]            --                        133,120                   266,240
│    └─Dropout: 2-7                      [2, 512, 2048]            [2, 512, 2048]            --                        --                        --
│    └─Linear: 2-8                       [2, 512, 2048]            [2, 512, 64]              --                        131,136                   262,272
│    └─Dropout: 2-9                      [2, 512, 64]              [2, 512, 64]              --                        --                        --
│    └─LayerNorm: 2-10                   [2, 512, 64]              [2, 512, 64]              --                        128                       256
├─Sequential: 1-3                        [2, 64]                   [2, 3]                    --                        --                        --
│    └─Linear: 2-11                      [2, 64]                   [2, 64]                   --                        4,160                     8,320
│    └─ReLU: 2-12                        [2, 64]                   [2, 64]                   --                        --                        --
│    └─Linear: 2-13                      [2, 64]                   [2, 32]                   --                        2,080                     4,160
│    └─ReLU: 2-14                        [2, 32]                   [2, 32]                   --                        --                        --
│    └─Linear: 2-15                      [2, 32]                   [2, 3]                    --                        99                        198
=====================================================================================================================================================================
Total params: 289,667
Trainable params: 289,667
Non-trainable params: 0
Total mult-adds (Units.MEGABYTES): 0.55
=====================================================================================================================================================================
Input size (MB): 0.07
Forward/backward pass size (MB): 18.88
Params size (MB): 1.09
Estimated Total Size (MB): 20.03
=====================================================================================================================================================================
Total Trainable Parameters:  289667
Total Parameters:  289667
Epoch 0: 
BAS Score on Validation Data (Training Time 2.977755):  0.4516184573002755
Epoch 1: 
BAS Score on Validation Data (Training Time 2.976196):  0.6527505332775938
Epoch 2: 
BAS Score on Validation Data (Training Time 2.980400):  0.8176940076391791
Epoch 3: 
BAS Score on Validation Data (Training Time 2.970468):  0.9031381644531628
Epoch 4: 
BAS Score on Validation Data (Training Time 2.975602):  0.9192467208340926
Epoch 5: 
BAS Score on Validation Data (Training Time 2.984190):  0.927041908294119
Epoch 6: 
BAS Score on Validation Data (Training Time 2.977189):  0.9270853208419534
Epoch 7: 
BAS Score on Validation Data (Training Time 2.974174):  0.934877560536386
Epoch 8: 
BAS Score on Validation Data (Training Time 2.977322):  0.9348903341872922
Epoch 9: 
BAS Score on Validation Data (Training Time 2.978065):  0.9180637289056107
Epoch 10: 
BAS Score on Validation Data (Training Time 2.982853):  0.936872036602316
Epoch 11: 
BAS Score on Validation Data (Training Time 2.980874):  0.9376410907804611
Epoch 12: 
BAS Score on Validation Data (Training Time 2.975930):  0.9355549660024368
Epoch 13: 
BAS Score on Validation Data (Training Time 2.979051):  0.9258044273652692
Epoch 14: 
BAS Score on Validation Data (Training Time 2.980808):  0.9393843368242024
Epoch 15: 
BAS Score on Validation Data (Training Time 2.985625):  0.9426470667052556
Epoch 16: 
BAS Score on Validation Data (Training Time 2.976064):  0.9414547401857272
Epoch 17: 
BAS Score on Validation Data (Training Time 2.978374):  0.9475855566632009
Epoch 18: 
BAS Score on Validation Data (Training Time 2.979907):  0.947287073065283
Epoch 19: 
BAS Score on Validation Data (Training Time 2.986347):  0.9394792012805807
Epoch 20: 
BAS Score on Validation Data (Training Time 2.979123):  0.9403385642773686
Epoch 21: 
BAS Score on Validation Data (Training Time 2.980474):  0.9428910166396901
Epoch 22: 
BAS Score on Validation Data (Training Time 2.998603):  0.9404835407488396
Epoch 23: 
BAS Score on Validation Data (Training Time 3.003702):  0.9464047978904717
Epoch 24: 
BAS Score on Validation Data (Training Time 2.995309):  0.9485855638092993
Epoch 25: 
BAS Score on Validation Data (Training Time 3.005883):  0.9488883797293773
Epoch 26: 
BAS Score on Validation Data (Training Time 2.999215):  0.9345996219713942
Epoch 27: 
BAS Score on Validation Data (Training Time 2.990417):  0.9493933855713127
Epoch 28: 
BAS Score on Validation Data (Training Time 2.985092):  0.9437663243685529
Epoch 29: 
BAS Score on Validation Data (Training Time 2.996476):  0.9466617447913875
Epoch 30: 
BAS Score on Validation Data (Training Time 2.998418):  0.9423257602555445
Epoch 31: 
BAS Score on Validation Data (Training Time 2.991319):  0.9441551614482283
Epoch 32: 
BAS Score on Validation Data (Training Time 2.992224):  0.9518611566674885
Epoch 33: 
BAS Score on Validation Data (Training Time 2.995646):  0.9426630561004455
Epoch 34: 
BAS Score on Validation Data (Training Time 3.005958):  0.9538698356040061
Epoch 35: 
BAS Score on Validation Data (Training Time 2.991988):  0.9529127050483611
Epoch 36: 
BAS Score on Validation Data (Training Time 2.977077):  0.9396370407291879
Epoch 37: 
BAS Score on Validation Data (Training Time 2.982834):  0.9467722413380354
Epoch 38: 
BAS Score on Validation Data (Training Time 2.977688):  0.9267902763038949
Epoch 39: 
BAS Score on Validation Data (Training Time 2.975585):  0.9477909176662273
Epoch 40: 
BAS Score on Validation Data (Training Time 2.977587):  0.951116667202624
Epoch 41: 
BAS Score on Validation Data (Training Time 2.985890):  0.9468410671983364
Epoch 42: 
BAS Score on Validation Data (Training Time 2.993559):  0.9493304105790842
Epoch 43: 
BAS Score on Validation Data (Training Time 2.980623):  0.944488124970969
Epoch 44: 
BAS Score on Validation Data (Training Time 2.981729):  0.9490032532613006
Epoch 45: 
BAS Score on Validation Data (Training Time 2.983769):  0.952100952932223
Epoch 46: 
BAS Score on Validation Data (Training Time 2.995649):  0.9508498497532809
Epoch 47: 
BAS Score on Validation Data (Training Time 2.981390):  0.953205739746242
Epoch 48: 
BAS Score on Validation Data (Training Time 2.981514):  0.9497494399245373
Epoch 49: 
BAS Score on Validation Data (Training Time 2.992306):  0.95070496260804
Epoch 50: 
BAS Score on Validation Data (Training Time 2.998281):  0.9529316868722599
Epoch 51: 
BAS Score on Validation Data (Training Time 2.986732):  0.9558457318140728
Epoch 52: 
BAS Score on Validation Data (Training Time 2.991339):  0.9567036209280637
Epoch 53: 
BAS Score on Validation Data (Training Time 2.998233):  0.9485829733486258
Epoch 54: 
BAS Score on Validation Data (Training Time 3.006083):  0.9488383570405148
Epoch 55: 
BAS Score on Validation Data (Training Time 2.989199):  0.9571872331378876
Epoch 56: 
BAS Score on Validation Data (Training Time 2.992463):  0.9578887566860684
Epoch 57: 
BAS Score on Validation Data (Training Time 2.999579):  0.9491554651574106
Epoch 58: 
BAS Score on Validation Data (Training Time 2.994359):  0.951653294530019
Epoch 59: 
BAS Score on Validation Data (Training Time 2.988812):  0.9591184215697833
Epoch 60: 
BAS Score on Validation Data (Training Time 3.001969):  0.9477048965066298
Epoch 61: 
BAS Score on Validation Data (Training Time 2.993300):  0.9472179345631769
Epoch 62: 
BAS Score on Validation Data (Training Time 2.997634):  0.9500780711251174
Epoch 63: 
BAS Score on Validation Data (Training Time 2.985167):  0.9567912946229183
Epoch 64: 
BAS Score on Validation Data (Training Time 2.990787):  0.9564038867629246
Epoch 65: 
BAS Score on Validation Data (Training Time 2.987233):  0.9563392592354388
Epoch 66: 
BAS Score on Validation Data (Training Time 2.983979):  0.9574138984467956
Epoch 67: 
BAS Score on Validation Data (Training Time 2.985522):  0.9606866328656212
Epoch 68: 
BAS Score on Validation Data (Training Time 2.991126):  0.9603150357483572
Epoch 69: 
BAS Score on Validation Data (Training Time 2.995025):  0.9569075080482934
Epoch 70: 
BAS Score on Validation Data (Training Time 2.985052):  0.9527911320491794
Epoch 71: 
BAS Score on Validation Data (Training Time 2.988793):  0.957322160408471
Epoch 72: 
BAS Score on Validation Data (Training Time 2.990082):  0.9576736591239597
Epoch 73: 
BAS Score on Validation Data (Training Time 2.986475):  0.9478785466979666
Epoch 74: 
BAS Score on Validation Data (Training Time 2.986388):  0.951881612374184
Epoch 75: 
BAS Score on Validation Data (Training Time 2.999950):  0.9530653189125067
Epoch 76: 
BAS Score on Validation Data (Training Time 2.989884):  0.9546893144390491
Epoch 77: 
BAS Score on Validation Data (Training Time 2.984123):  0.9509116188414031
Epoch 78: 
BAS Score on Validation Data (Training Time 2.987477):  0.9502904442372077
Epoch 79: 
BAS Score on Validation Data (Training Time 2.982868):  0.9532861333533423
Epoch 80: 
BAS Score on Validation Data (Training Time 2.999440):  0.9468671951206439
Epoch 81: 
BAS Score on Validation Data (Training Time 3.002028):  0.9602318283650084
Epoch 82: 
BAS Score on Validation Data (Training Time 2.981788):  0.9593609422845363
Epoch 83: 
BAS Score on Validation Data (Training Time 2.978656):  0.9590108727887291
Epoch 84: 
BAS Score on Validation Data (Training Time 2.982040):  0.9576909437494864
Epoch 85: 
BAS Score on Validation Data (Training Time 2.986531):  0.9582117603341516
Epoch 86: 
BAS Score on Validation Data (Training Time 2.975641):  0.9572275192676679
Epoch 87: 
BAS Score on Validation Data (Training Time 2.956321):  0.9593365562237158
Epoch 88: 
BAS Score on Validation Data (Training Time 2.962738):  0.9563078610655547
Epoch 89: 
BAS Score on Validation Data (Training Time 2.966023):  0.9602648790701497
Epoch 90: 
BAS Score on Validation Data (Training Time 2.956108):  0.9521369960660727
Epoch 91: 
BAS Score on Validation Data (Training Time 2.956258):  0.9567152780010933
Epoch 92: 
BAS Score on Validation Data (Training Time 2.967052):  0.9655145816138034
Epoch 93: 
BAS Score on Validation Data (Training Time 2.965991):  0.9487538544268294
Epoch 94: 
BAS Score on Validation Data (Training Time 2.960973):  0.9613150875575708
Epoch 95: 
BAS Score on Validation Data (Training Time 2.959197):  0.9629034419182987
Epoch 96: 
BAS Score on Validation Data (Training Time 2.970297):  0.9608058387197049
Epoch 97: 
BAS Score on Validation Data (Training Time 2.967654):  0.9473922993643545
Epoch 98: 
BAS Score on Validation Data (Training Time 2.957165):  0.9480264262719164
Epoch 99: 
BAS Score on Validation Data (Training Time 2.970352):  0.9547568004058983
Epoch 100: 
BAS Score on Validation Data (Training Time 2.974681):  0.9612577401178392
Epoch 101: 
BAS Score on Validation Data (Training Time 2.974471):  0.9466791634062593
Epoch 102: 
BAS Score on Validation Data (Training Time 2.967002):  0.962180346085546
Epoch 103: 
BAS Score on Validation Data (Training Time 2.964910):  0.9606322331914833
Epoch 104: 
BAS Score on Validation Data (Training Time 2.975569):  0.959222933259014
Epoch 105: 
BAS Score on Validation Data (Training Time 2.975914):  0.9497438123720402
Epoch 106: 
BAS Score on Validation Data (Training Time 2.968543):  0.9403475415634949
Epoch 107: 
BAS Score on Validation Data (Training Time 2.975748):  0.9645016668274539
Epoch 108: 
BAS Score on Validation Data (Training Time 2.976170):  0.9586293604599229
Epoch 109: 
BAS Score on Validation Data (Training Time 2.977114):  0.9642090340976085
Epoch 110: 
BAS Score on Validation Data (Training Time 2.968316):  0.9645176115595288
Epoch 111: 
BAS Score on Validation Data (Training Time 2.963936):  0.9633669110632322
Epoch 112: 
BAS Score on Validation Data (Training Time 2.966338):  0.9569277404394136
Epoch 113: 
BAS Score on Validation Data (Training Time 2.981156):  0.9605046306717689
Epoch 114: 
BAS Score on Validation Data (Training Time 3.003370):  0.9615447452951874
Epoch 115: 
BAS Score on Validation Data (Training Time 2.994287):  0.9620010236785971
Epoch 116: 
BAS Score on Validation Data (Training Time 3.007196):  0.956966463360167
Epoch 117: 
BAS Score on Validation Data (Training Time 3.033069):  0.9443347964969826
Epoch 118: 
BAS Score on Validation Data (Training Time 3.032330):  0.9626682012912999
Epoch 119: 
BAS Score on Validation Data (Training Time 3.012363):  0.9655849706831313
Epoch 120: 
BAS Score on Validation Data (Training Time 3.003402):  0.9632722699224292
Epoch 121: 
BAS Score on Validation Data (Training Time 3.010909):  0.9646337803217889
Epoch 122: 
BAS Score on Validation Data (Training Time 3.013896):  0.9632678929371536
Epoch 123: 
BAS Score on Validation Data (Training Time 3.000834):  0.960463004648537
Epoch 124: 
BAS Score on Validation Data (Training Time 3.003785):  0.9586523173010616
Epoch 125: 
BAS Score on Validation Data (Training Time 3.015599):  0.9665118643098835
Epoch 126: 
BAS Score on Validation Data (Training Time 3.036350):  0.9664013677632356
Epoch 127: 
BAS Score on Validation Data (Training Time 3.032667):  0.9643209152008233
Epoch 128: 
BAS Score on Validation Data (Training Time 3.027860):  0.9663439309972738
Epoch 129: 
BAS Score on Validation Data (Training Time 3.007009):  0.9643368152697831
Epoch 130: 
BAS Score on Validation Data (Training Time 3.000310):  0.9591931429612717
Epoch 131: 
BAS Score on Validation Data (Training Time 3.022900):  0.9564757943781643
Epoch 132: 
BAS Score on Validation Data (Training Time 2.999450):  0.9565791001632884
Epoch 133: 
BAS Score on Validation Data (Training Time 2.985879):  0.9679451929982528
Epoch 134: 
BAS Score on Validation Data (Training Time 2.988976):  0.9656566996459107
Epoch 135: 
BAS Score on Validation Data (Training Time 3.002612):  0.9585648222586673
Epoch 136: 
BAS Score on Validation Data (Training Time 3.001400):  0.9667242374219734
Epoch 137: 
BAS Score on Validation Data (Training Time 2.993907):  0.9672134325211793
Epoch 138: 
BAS Score on Validation Data (Training Time 2.984636):  0.9646768802278176
Epoch 139: 
BAS Score on Validation Data (Training Time 2.999008):  0.9570194784777382
Epoch 140: 
BAS Score on Validation Data (Training Time 2.994148):  0.9628691406459358
Epoch 141: 
BAS Score on Validation Data (Training Time 2.980653):  0.9626093799687716
Epoch 142: 
BAS Score on Validation Data (Training Time 2.992085):  0.9614156242295614
Epoch 143: 
BAS Score on Validation Data (Training Time 2.991464):  0.9636567746799442
Epoch 144: 
BAS Score on Validation Data (Training Time 3.001662):  0.962777134628921
Epoch 145: 
BAS Score on Validation Data (Training Time 2.981837):  0.9627412701475312
Epoch 146: 
BAS Score on Validation Data (Training Time 2.991074):  0.9510867875786517
Epoch 147: 
BAS Score on Validation Data (Training Time 2.989004):  0.9684745849010087
Epoch 148: 
BAS Score on Validation Data (Training Time 2.995883):  0.9672952106848464
Epoch 149: 
BAS Score on Validation Data (Training Time 2.992951):  0.9654630850421441
High Quality
0.9221519457534303 0.8688654808651708 0.8449848039423845 0.9221519457534303 0.8251459134883911
              precision    recall  f1-score   support

           0       0.98      0.92      0.95     23726
           1       0.97      0.91      0.94      5353
           2       0.59      0.94      0.72      3178

    accuracy                           0.92     32257
   macro avg       0.84      0.92      0.87     32257
weighted avg       0.94      0.92      0.92     32257

Low Quality Post 2020
0.8048239951803081 0.6486503860640208 0.6631579889548258 0.8048239951803081 0.6252079801955336
              precision    recall  f1-score   support

           0       1.00      0.83      0.91      1291
           1       0.96      1.00      0.98       160
           2       0.03      0.58      0.06        12

    accuracy                           0.85      1463
   macro avg       0.66      0.80      0.65      1463
weighted avg       0.99      0.85      0.91      1463

Emb Dim: 128
Transformer-MHA-128
=====================================================================================================================================================================
Layer (type:depth-idx)                   Input Shape               Output Shape              Kernel Shape              Param #                   Mult-Adds
=====================================================================================================================================================================
TransfomerBlock                          [2, 2, 64, 64]            [2, 3]                    --                        --                        --
├─ModuleList: 1-1                        --                        --                        --                        --                        --
│    └─MakePatches: 2-1                  [2, 1, 64, 64]            [2, 256, 128]             --                        --                        --
│    │    └─Unfold: 3-1                  [2, 1, 64, 64]            [2, 16, 256]              [4, 4]                    --                        --
│    │    └─Linear: 3-2                  [2, 256, 16]              [2, 256, 128]             --                        2,176                     4,352
│    │    └─PositionalEncoding: 3-3      [2, 256, 128]             [2, 256, 128]             --                        --                        --
│    └─MakePatches: 2-2                  [2, 1, 64, 64]            [2, 256, 128]             --                        --                        --
│    │    └─Unfold: 3-4                  [2, 1, 64, 64]            [2, 16, 256]              [4, 4]                    --                        --
│    │    └─Linear: 3-5                  [2, 256, 16]              [2, 256, 128]             --                        2,176                     4,352
│    │    └─PositionalEncoding: 3-6      [2, 256, 128]             [2, 256, 128]             --                        --                        --
├─TransformerEncoderLayer: 1-2           [2, 512, 128]             [2, 512, 128]             --                        --                        --
│    └─MultiheadAttention: 2-3           [2, 512, 128]             [2, 512, 128]             --                        66,048                    --
│    └─Dropout: 2-4                      [2, 512, 128]             [2, 512, 128]             --                        --                        --
│    └─LayerNorm: 2-5                    [2, 512, 128]             [2, 512, 128]             --                        256                       512
│    └─Linear: 2-6                       [2, 512, 128]             [2, 512, 2048]            --                        264,192                   528,384
│    └─Dropout: 2-7                      [2, 512, 2048]            [2, 512, 2048]            --                        --                        --
│    └─Linear: 2-8                       [2, 512, 2048]            [2, 512, 128]             --                        262,272                   524,544
│    └─Dropout: 2-9                      [2, 512, 128]             [2, 512, 128]             --                        --                        --
│    └─LayerNorm: 2-10                   [2, 512, 128]             [2, 512, 128]             --                        256                       512
├─Sequential: 1-3                        [2, 128]                  [2, 3]                    --                        --                        --
│    └─Linear: 2-11                      [2, 128]                  [2, 64]                   --                        8,256                     16,512
│    └─ReLU: 2-12                        [2, 64]                   [2, 64]                   --                        --                        --
│    └─Linear: 2-13                      [2, 64]                   [2, 32]                   --                        2,080                     4,160
│    └─ReLU: 2-14                        [2, 32]                   [2, 32]                   --                        --                        --
│    └─Linear: 2-15                      [2, 32]                   [2, 3]                    --                        99                        198
=====================================================================================================================================================================
Total params: 607,811
Trainable params: 607,811
Non-trainable params: 0
Total mult-adds (Units.MEGABYTES): 1.08
=====================================================================================================================================================================
Input size (MB): 0.07
Forward/backward pass size (MB): 20.97
Params size (MB): 2.17
Estimated Total Size (MB): 23.21
=====================================================================================================================================================================
Total Trainable Parameters:  607811
Total Parameters:  607811
Epoch 0: 
BAS Score on Validation Data (Training Time 3.437768):  0.6195176026269058
Epoch 1: 
BAS Score on Validation Data (Training Time 3.435396):  0.7306660521022034
Epoch 2: 
BAS Score on Validation Data (Training Time 3.431858):  0.9207905460691098
Epoch 3: 
BAS Score on Validation Data (Training Time 3.436390):  0.9256835243128133
Epoch 4: 
BAS Score on Validation Data (Training Time 3.428041):  0.9325532920288845
Epoch 5: 
BAS Score on Validation Data (Training Time 3.417020):  0.939762990713645
Epoch 6: 
BAS Score on Validation Data (Training Time 3.450867):  0.9484074919695719
Epoch 7: 
BAS Score on Validation Data (Training Time 3.444054):  0.942918216476759
Epoch 8: 
BAS Score on Validation Data (Training Time 3.438997):  0.9459240441200115
Epoch 9: 
BAS Score on Validation Data (Training Time 3.438770):  0.9346970322253307
Epoch 10: 
BAS Score on Validation Data (Training Time 3.465786):  0.9355177169644803
Epoch 11: 
BAS Score on Validation Data (Training Time 3.446939):  0.9259248837865747
Epoch 12: 
BAS Score on Validation Data (Training Time 3.460769):  0.9416155273999278
Epoch 13: 
BAS Score on Validation Data (Training Time 3.450798):  0.9500677092824246
Epoch 14: 
BAS Score on Validation Data (Training Time 3.463422):  0.9511811160776494
Epoch 15: 
BAS Score on Validation Data (Training Time 3.452747):  0.9376139356065072
Epoch 16: 
BAS Score on Validation Data (Training Time 3.444440):  0.9298490744016036
Epoch 17: 
BAS Score on Validation Data (Training Time 3.440403):  0.9527478981538055
Epoch 18: 
BAS Score on Validation Data (Training Time 3.444349):  0.9440203235038749
Epoch 19: 
BAS Score on Validation Data (Training Time 3.448693):  0.9538009650805902
Epoch 20: 
BAS Score on Validation Data (Training Time 3.434468):  0.9485136561940594
Epoch 21: 
BAS Score on Validation Data (Training Time 3.431166):  0.9533232930650688
Epoch 22: 
BAS Score on Validation Data (Training Time 3.417429):  0.9457750479681856
Epoch 23: 
BAS Score on Validation Data (Training Time 3.427677):  0.9537077084963537
Epoch 24: 
BAS Score on Validation Data (Training Time 3.441981):  0.9458578087203838
Epoch 25: 
BAS Score on Validation Data (Training Time 3.421725):  0.9543563062531933
Epoch 26: 
BAS Score on Validation Data (Training Time 3.422974):  0.9474049390259154
Epoch 27: 
BAS Score on Validation Data (Training Time 3.430756):  0.9546389344452662
Epoch 28: 
BAS Score on Validation Data (Training Time 3.436632):  0.9526892108206222
Epoch 29: 
BAS Score on Validation Data (Training Time 3.422925):  0.9549015535617941
Epoch 30: 
BAS Score on Validation Data (Training Time 3.422585):  0.9488469323586055
Epoch 31: 
BAS Score on Validation Data (Training Time 3.428986):  0.9546835082340919
Epoch 32: 
BAS Score on Validation Data (Training Time 3.415880):  0.958570226495589
Epoch 33: 
BAS Score on Validation Data (Training Time 3.420537):  0.9554037456274811
Epoch 34: 
BAS Score on Validation Data (Training Time 3.429135):  0.9566748578819678
Epoch 35: 
BAS Score on Validation Data (Training Time 3.437485):  0.953212885844651
Epoch 36: 
BAS Score on Validation Data (Training Time 3.426981):  0.9527895241770374
Epoch 37: 
BAS Score on Validation Data (Training Time 3.431914):  0.9540277197157282
Epoch 38: 
BAS Score on Validation Data (Training Time 3.436706):  0.9576032253915168
Epoch 39: 
BAS Score on Validation Data (Training Time 3.434190):  0.9464073883511451
Epoch 40: 
BAS Score on Validation Data (Training Time 3.427047):  0.950953155538405
Epoch 41: 
BAS Score on Validation Data (Training Time 3.443846):  0.9563076377499794
Epoch 42: 
BAS Score on Validation Data (Training Time 3.429776):  0.9548254476137391
Epoch 43: 
BAS Score on Validation Data (Training Time 3.439049):  0.9563807512693258
Epoch 44: 
BAS Score on Validation Data (Training Time 3.434613):  0.9559905296330835
Epoch 45: 
BAS Score on Validation Data (Training Time 3.431995):  0.9410655458011311
Epoch 46: 
BAS Score on Validation Data (Training Time 3.425150):  0.9557121444369411
Epoch 47: 
BAS Score on Validation Data (Training Time 3.422700):  0.9441073719151186
Epoch 48: 
BAS Score on Validation Data (Training Time 3.419895):  0.9562228671576035
Epoch 49: 
BAS Score on Validation Data (Training Time 3.423123):  0.9566534195867411
Epoch 50: 
BAS Score on Validation Data (Training Time 3.426769):  0.9547839555798522
Epoch 51: 
BAS Score on Validation Data (Training Time 3.424278):  0.9511752205464621
Epoch 52: 
BAS Score on Validation Data (Training Time 3.417299):  0.9489786885480201
Epoch 53: 
BAS Score on Validation Data (Training Time 3.416611):  0.9586663861823043
Epoch 54: 
BAS Score on Validation Data (Training Time 3.424776):  0.9582388261818754
Epoch 55: 
BAS Score on Validation Data (Training Time 3.427628):  0.957471156560297
Epoch 56: 
BAS Score on Validation Data (Training Time 3.418105):  0.9527853705073372
Epoch 57: 
BAS Score on Validation Data (Training Time 3.448706):  0.9551785095382548
Epoch 58: 
BAS Score on Validation Data (Training Time 3.444680):  0.9577037174003923
Epoch 59: 
BAS Score on Validation Data (Training Time 3.431768):  0.9470759951835297
Epoch 60: 
BAS Score on Validation Data (Training Time 3.425550):  0.9601757761556134
Epoch 61: 
BAS Score on Validation Data (Training Time 3.419805):  0.9577064418504108
Epoch 62: 
BAS Score on Validation Data (Training Time 3.433838):  0.9594957355657745
Epoch 63: 
BAS Score on Validation Data (Training Time 3.431624):  0.9595359323693247
Epoch 64: 
BAS Score on Validation Data (Training Time 3.427037):  0.9483046328155985
Epoch 65: 
BAS Score on Validation Data (Training Time 3.436325):  0.9574282799698434
Epoch 66: 
BAS Score on Validation Data (Training Time 3.487034):  0.957534444194331
Epoch 67: 
BAS Score on Validation Data (Training Time 3.452502):  0.9308238915508106
Epoch 68: 
BAS Score on Validation Data (Training Time 3.438379):  0.9581126528818428
Epoch 69: 
BAS Score on Validation Data (Training Time 3.456464):  0.9602662189636014
Epoch 70: 
BAS Score on Validation Data (Training Time 3.448253):  0.957614614485856
Epoch 71: 
BAS Score on Validation Data (Training Time 3.432556):  0.9554367963326222
Epoch 72: 
BAS Score on Validation Data (Training Time 3.431815):  0.944613896302966
Epoch 73: 
BAS Score on Validation Data (Training Time 3.428966):  0.9558871345217296
Epoch 74: 
BAS Score on Validation Data (Training Time 3.436388):  0.9600996702075584
Epoch 75: 
BAS Score on Validation Data (Training Time 3.437688):  0.9534034633565939
Epoch 76: 
BAS Score on Validation Data (Training Time 3.428952):  0.9598429019591029
Epoch 77: 
BAS Score on Validation Data (Training Time 3.431623):  0.9597338792952518
Epoch 78: 
BAS Score on Validation Data (Training Time 3.440284):  0.9588400363736409
Epoch 79: 
BAS Score on Validation Data (Training Time 3.435427):  0.9504162155692045
Epoch 80: 
BAS Score on Validation Data (Training Time 3.435559):  0.9440054506865615
Epoch 81: 
BAS Score on Validation Data (Training Time 3.433094):  0.9556132156370926
Epoch 82: 
BAS Score on Validation Data (Training Time 3.436415):  0.940553393860787
Epoch 83: 
BAS Score on Validation Data (Training Time 3.432661):  0.9529916247726647
Epoch 84: 
BAS Score on Validation Data (Training Time 3.424841):  0.9458549056179053
Epoch 85: 
BAS Score on Validation Data (Training Time 3.427345):  0.940042492487664
Epoch 86: 
BAS Score on Validation Data (Training Time 3.425711):  0.9582288216441027
Epoch 87: 
BAS Score on Validation Data (Training Time 3.427977):  0.9496385414098537
Epoch 88: 
BAS Score on Validation Data (Training Time 3.442381):  0.9511510131381019
Epoch 89: 
BAS Score on Validation Data (Training Time 3.435614):  0.9446468576818772
Epoch 90: 
BAS Score on Validation Data (Training Time 3.430224):  0.9427026722835
Epoch 91: 
BAS Score on Validation Data (Training Time 3.440330):  0.9581442297041872
Epoch 92: 
BAS Score on Validation Data (Training Time 3.433296):  0.958990774386954
Epoch 93: 
BAS Score on Validation Data (Training Time 3.434043):  0.9532528146695108
Epoch 94: 
BAS Score on Validation Data (Training Time 3.426743):  0.953014983581839
Epoch 95: 
BAS Score on Validation Data (Training Time 3.437415):  0.9587322642770113
Epoch 96: 
BAS Score on Validation Data (Training Time 3.432164):  0.957614659148971
Epoch 97: 
BAS Score on Validation Data (Training Time 3.432126):  0.9576534267328395
Epoch 98: 
BAS Score on Validation Data (Training Time 3.432029):  0.9540122216148038
Epoch 99: 
BAS Score on Validation Data (Training Time 3.433552):  0.9592347243213886
Epoch 100: 
BAS Score on Validation Data (Training Time 3.434899):  0.9561741396990778
Epoch 101: 
BAS Score on Validation Data (Training Time 3.443361):  0.9559789618862841
Epoch 102: 
BAS Score on Validation Data (Training Time 3.440964):  0.9510976853787253
Epoch 103: 
BAS Score on Validation Data (Training Time 3.430477):  0.9267275246272417
Epoch 104: 
BAS Score on Validation Data (Training Time 3.433317):  0.9593191822719591
Epoch 105: 
BAS Score on Validation Data (Training Time 3.445778):  0.9618228625126397
Epoch 106: 
BAS Score on Validation Data (Training Time 3.429380):  0.9572646343162791
Epoch 107: 
BAS Score on Validation Data (Training Time 3.439124):  0.9526391881317599
Epoch 108: 
BAS Score on Validation Data (Training Time 3.430350):  0.9408131098748361
Epoch 109: 
BAS Score on Validation Data (Training Time 3.435442):  0.9541268718311521
Epoch 110: 
BAS Score on Validation Data (Training Time 3.429646):  0.9597152101131585
Epoch 111: 
BAS Score on Validation Data (Training Time 3.446687):  0.957521581217195
Epoch 112: 
BAS Score on Validation Data (Training Time 3.435839):  0.9580121608729674
Epoch 113: 
BAS Score on Validation Data (Training Time 3.428918):  0.9537941762871016
Epoch 114: 
BAS Score on Validation Data (Training Time 3.435133):  0.9612045016846927
Epoch 115: 
BAS Score on Validation Data (Training Time 3.444410):  0.9486786864041905
Epoch 116: 
BAS Score on Validation Data (Training Time 3.435444):  0.9560695833467322
Epoch 117: 
BAS Score on Validation Data (Training Time 3.438790):  0.9610740853887298
Epoch 118: 
BAS Score on Validation Data (Training Time 3.448361):  0.9603323203738839
Epoch 119: 
BAS Score on Validation Data (Training Time 3.457042):  0.9537566592704548
Epoch 120: 
BAS Score on Validation Data (Training Time 3.469708):  0.9564782955126074
Epoch 121: 
BAS Score on Validation Data (Training Time 3.455198):  0.9582662046714047
Epoch 122: 
BAS Score on Validation Data (Training Time 3.454086):  0.9555269264988048
Epoch 123: 
BAS Score on Validation Data (Training Time 3.435610):  0.9624399281102499
Epoch 124: 
BAS Score on Validation Data (Training Time 3.465936):  0.9625231354935989
Epoch 125: 
BAS Score on Validation Data (Training Time 3.485084):  0.9572017039871655
Epoch 126: 
BAS Score on Validation Data (Training Time 3.496433):  0.9592117228171348
Epoch 127: 
BAS Score on Validation Data (Training Time 3.483179):  0.9564309079475334
Epoch 128: 
BAS Score on Validation Data (Training Time 3.467303):  0.9515368131259535
Epoch 129: 
BAS Score on Validation Data (Training Time 3.456467):  0.9596449103700607
Epoch 130: 
BAS Score on Validation Data (Training Time 3.452736):  0.9551196435526114
Epoch 131: 
BAS Score on Validation Data (Training Time 3.484569):  0.9614170087861279
Epoch 132: 
BAS Score on Validation Data (Training Time 3.447379):  0.9502224669760927
Epoch 133: 
BAS Score on Validation Data (Training Time 3.432625):  0.960426961514687
Epoch 134: 
BAS Score on Validation Data (Training Time 3.436178):  0.9598170420154856
Epoch 135: 
BAS Score on Validation Data (Training Time 3.448884):  0.9598615711411962
Epoch 136: 
BAS Score on Validation Data (Training Time 3.432557):  0.953346607211128
Epoch 137: 
BAS Score on Validation Data (Training Time 3.439036):  0.9408489296931108
Epoch 138: 
BAS Score on Validation Data (Training Time 3.448680):  0.9640254686947293
Epoch 139: 
BAS Score on Validation Data (Training Time 3.494253):  0.9396063571691445
Epoch 140: 
BAS Score on Validation Data (Training Time 3.443107):  0.9619377807076782
Epoch 141: 
BAS Score on Validation Data (Training Time 3.478302):  0.9640196624897722
Epoch 142: 
BAS Score on Validation Data (Training Time 3.462612):  0.9570194338146231
Epoch 143: 
BAS Score on Validation Data (Training Time 3.406544):  0.9580281056050423
Epoch 144: 
BAS Score on Validation Data (Training Time 3.411699):  0.9339991263894696
Epoch 145: 
BAS Score on Validation Data (Training Time 3.410704):  0.9603751969643374
Epoch 146: 
BAS Score on Validation Data (Training Time 3.413304):  0.9629506954940276
Epoch 147: 
BAS Score on Validation Data (Training Time 3.417368):  0.9495553786896199
Epoch 148: 
BAS Score on Validation Data (Training Time 3.417543):  0.9502583761205976
Epoch 149: 
BAS Score on Validation Data (Training Time 3.412647):  0.9551037881467664
High Quality
0.8417285216624867 0.7072686019284006 0.7424338590794669 0.8417285216624867 0.6010773578163194
              precision    recall  f1-score   support

           0       1.00      0.63      0.77     23726
           1       0.98      0.93      0.95      5353
           2       0.25      0.97      0.40      3178

    accuracy                           0.71     32257
   macro avg       0.74      0.84      0.71     32257
weighted avg       0.92      0.71      0.76     32257

Low Quality Post 2020
0.760607625441088 0.5447426874192115 0.6631662149954832 0.760607625441088 0.4172110048608149
              precision    recall  f1-score   support

           0       1.00      0.45      0.62      1291
           1       0.98      1.00      0.99       160
           2       0.01      0.83      0.03        12

    accuracy                           0.51      1463
   macro avg       0.66      0.76      0.54      1463
weighted avg       0.99      0.51      0.65      1463


High Quality Post 2020
                          mean       std       sem  count
Model                                                    
Transformer-FNET-128  0.977094  0.002472  0.000934      7
Transformer-FNET-64   0.966683  0.016982  0.006418      7
Transformer-MHA-128   0.782795  0.072635  0.027453      7
Transformer-MHA-64    0.870724  0.072106  0.027253      7
                          mean       std       sem  count
Model                                                    
Transformer-FNET-128  0.975035  0.002199  0.000831      7
Transformer-FNET-64   0.970571  0.005951  0.002249      7
Transformer-MHA-128   0.885274  0.038964  0.014727      7
Transformer-MHA-64    0.929590  0.026591  0.010050      7
                          mean       std       sem  count
Model                                                    
Transformer-FNET-128  0.971660  0.003178  0.001201      7
Transformer-FNET-64   0.958372  0.022042  0.008331      7
Transformer-MHA-128   0.708891  0.105200  0.039762      7
Transformer-MHA-64    0.826514  0.100625  0.038033      7

Low Quality Pre + Post 2020
                          mean       std       sem  count
Model                                                    
Transformer-FNET-128  0.758453  0.050073  0.018926      7
Transformer-FNET-64   0.740667  0.041327  0.015620      7
Transformer-MHA-128   0.604739  0.055163  0.020850      7
Transformer-MHA-64    0.671119  0.049734  0.018798      7
                          mean       std       sem  count
Model                                                    
Transformer-FNET-128  0.919372  0.014624  0.005527      7
Transformer-FNET-64   0.904664  0.012444  0.004703      7
Transformer-MHA-128   0.838549  0.056174  0.021232      7
Transformer-MHA-64    0.877606  0.053778  0.020326      7
                          mean       std       sem  count
Model                                                    
Transformer-FNET-128  0.860585  0.051645  0.019520      7
Transformer-FNET-64   0.837954  0.059473  0.022479      7
Transformer-MHA-128   0.525645  0.122672  0.046366      7
Transformer-MHA-64    0.667895  0.141821  0.053603      7
Saving Results
************Fold: 7
Data Shape Before Sampling:  (81670, 2, 64, 64) (81670,)
Subtype/Host: 0 ,count:  52274 ,index count: (array([False,  True]), array([29396, 52274])) ,downsampling:  (16000, 2, 64, 64) (16000,)
Subtype/Host: 1 ,count:  18508 ,index count: (array([False,  True]), array([63162, 18508])) ,downsampling:  (16000, 2, 64, 64) (16000,)
Subtype/Host: 2 ,count:  10888 ,index count: (array([False,  True]), array([70782, 10888])) ,keep:  (10888, 2, 64, 64) (10888,)
Train shape:  (42888, 2, 64, 64) (42888,)
[[    0 16000]
 [    1 16000]
 [    2 10888]]
Val shape:  (9074, 2, 64, 64) (9074,)
[[   0 5808]
 [   1 2056]
 [   2 1210]]
Emb Dim: 64
Transformer-FNET-64
=====================================================================================================================================================================
Layer (type:depth-idx)                   Input Shape               Output Shape              Kernel Shape              Param #                   Mult-Adds
=====================================================================================================================================================================
TransfomerBlock                          [2, 2, 64, 64]            [2, 3]                    --                        --                        --
├─ModuleList: 1-1                        --                        --                        --                        --                        --
│    └─MakePatches: 2-1                  [2, 1, 64, 64]            [2, 256, 64]              --                        --                        --
│    │    └─Unfold: 3-1                  [2, 1, 64, 64]            [2, 16, 256]              [4, 4]                    --                        --
│    │    └─Linear: 3-2                  [2, 256, 16]              [2, 256, 64]              --                        1,088                     2,176
│    │    └─PositionalEncoding: 3-3      [2, 256, 64]              [2, 256, 64]              --                        --                        --
│    └─MakePatches: 2-2                  [2, 1, 64, 64]            [2, 256, 64]              --                        --                        --
│    │    └─Unfold: 3-4                  [2, 1, 64, 64]            [2, 16, 256]              [4, 4]                    --                        --
│    │    └─Linear: 3-5                  [2, 256, 16]              [2, 256, 64]              --                        1,088                     2,176
│    │    └─PositionalEncoding: 3-6      [2, 256, 64]              [2, 256, 64]              --                        --                        --
├─FNET: 1-2                              [2, 512, 64]              [2, 512, 64]              --                        --                        --
│    └─LayerNorm: 2-3                    [2, 512, 64]              [2, 512, 64]              --                        128                       256
│    └─Sequential: 2-4                   [2, 512, 64]              [2, 512, 64]              --                        --                        --
│    │    └─Linear: 3-7                  [2, 512, 64]              [2, 512, 64]              --                        4,160                     8,320
│    │    └─ReLU: 3-8                    [2, 512, 64]              [2, 512, 64]              --                        --                        --
│    │    └─Dropout: 3-9                 [2, 512, 64]              [2, 512, 64]              --                        --                        --
│    │    └─Linear: 3-10                 [2, 512, 64]              [2, 512, 64]              --                        4,160                     8,320
│    └─LayerNorm: 2-5                    [2, 512, 64]              [2, 512, 64]              --                        128                       256
├─Sequential: 1-3                        [2, 64]                   [2, 3]                    --                        --                        --
│    └─Linear: 2-6                       [2, 64]                   [2, 64]                   --                        4,160                     8,320
│    └─ReLU: 2-7                         [2, 64]                   [2, 64]                   --                        --                        --
│    └─Linear: 2-8                       [2, 64]                   [2, 32]                   --                        2,080                     4,160
│    └─ReLU: 2-9                         [2, 32]                   [2, 32]                   --                        --                        --
│    └─Linear: 2-10                      [2, 32]                   [2, 3]                    --                        99                        198
=====================================================================================================================================================================
Total params: 17,091
Trainable params: 17,091
Non-trainable params: 0
Total mult-adds (Units.MEGABYTES): 0.03
=====================================================================================================================================================================
Input size (MB): 0.07
Forward/backward pass size (MB): 2.62
Params size (MB): 0.07
Estimated Total Size (MB): 2.76
=====================================================================================================================================================================
Total Trainable Parameters:  17091
Total Parameters:  17091
Epoch 0: 
BAS Score on Validation Data (Training Time 1.526084):  0.40652858618016025
Epoch 1: 
BAS Score on Validation Data (Training Time 1.511725):  0.6542715356608176
Epoch 2: 
BAS Score on Validation Data (Training Time 1.511885):  0.6539774290481755
Epoch 3: 
BAS Score on Validation Data (Training Time 1.513644):  0.6554265238161595
Epoch 4: 
BAS Score on Validation Data (Training Time 1.513668):  0.804179708296263
Epoch 5: 
BAS Score on Validation Data (Training Time 1.513378):  0.8535801059766395
Epoch 6: 
BAS Score on Validation Data (Training Time 1.509760):  0.8885692349744349
Epoch 7: 
BAS Score on Validation Data (Training Time 1.517216):  0.9021983185230443
Epoch 8: 
BAS Score on Validation Data (Training Time 1.512421):  0.8993905717950642
Epoch 9: 
BAS Score on Validation Data (Training Time 1.516129):  0.905700889331947
Epoch 10: 
BAS Score on Validation Data (Training Time 1.508101):  0.9148491011994726
Epoch 11: 
BAS Score on Validation Data (Training Time 1.513857):  0.9199325229657737
Epoch 12: 
BAS Score on Validation Data (Training Time 1.512331):  0.9168019065790555
Epoch 13: 
BAS Score on Validation Data (Training Time 1.509907):  0.9239069595852404
Epoch 14: 
BAS Score on Validation Data (Training Time 1.511531):  0.9257808005774047
Epoch 15: 
BAS Score on Validation Data (Training Time 1.508735):  0.9274595084198904
Epoch 16: 
BAS Score on Validation Data (Training Time 1.509829):  0.9267895170309389
Epoch 17: 
BAS Score on Validation Data (Training Time 1.511377):  0.9287020809438568
Epoch 18: 
BAS Score on Validation Data (Training Time 1.514370):  0.9261639654414681
Epoch 19: 
BAS Score on Validation Data (Training Time 1.510509):  0.9355403165006986
Epoch 20: 
BAS Score on Validation Data (Training Time 1.516409):  0.9365346067680699
Epoch 21: 
BAS Score on Validation Data (Training Time 1.510706):  0.936566094264184
Epoch 22: 
BAS Score on Validation Data (Training Time 1.508582):  0.9357942709729056
Epoch 23: 
BAS Score on Validation Data (Training Time 1.512164):  0.9401832259632048
Epoch 24: 
BAS Score on Validation Data (Training Time 1.509046):  0.9404945278751434
Epoch 25: 
BAS Score on Validation Data (Training Time 1.509489):  0.9440945089379826
Epoch 26: 
BAS Score on Validation Data (Training Time 1.507652):  0.9430958416853358
Epoch 27: 
BAS Score on Validation Data (Training Time 1.508269):  0.9462294505007628
Epoch 28: 
BAS Score on Validation Data (Training Time 1.507642):  0.9453341336963552
Epoch 29: 
BAS Score on Validation Data (Training Time 1.508461):  0.9466010922811418
Epoch 30: 
BAS Score on Validation Data (Training Time 1.508882):  0.9457057308136191
Epoch 31: 
BAS Score on Validation Data (Training Time 1.526672):  0.9472840359734594
Epoch 32: 
BAS Score on Validation Data (Training Time 1.515345):  0.9475924794460345
Epoch 33: 
BAS Score on Validation Data (Training Time 1.521878):  0.9470056954404319
Epoch 34: 
BAS Score on Validation Data (Training Time 1.518270):  0.945072943799509
Epoch 35: 
BAS Score on Validation Data (Training Time 1.529245):  0.9493501516759387
Epoch 36: 
BAS Score on Validation Data (Training Time 1.542609):  0.9485466622360857
Epoch 37: 
BAS Score on Validation Data (Training Time 1.544919):  0.9498652513818767
Epoch 38: 
BAS Score on Validation Data (Training Time 1.564524):  0.94976766247548
Epoch 39: 
BAS Score on Validation Data (Training Time 1.560297):  0.9512282803271485
Epoch 40: 
BAS Score on Validation Data (Training Time 1.578844):  0.9508265356072219
Epoch 41: 
BAS Score on Validation Data (Training Time 1.534404):  0.9515094792995394
Epoch 42: 
BAS Score on Validation Data (Training Time 1.560038):  0.9511708435611866
Epoch 43: 
BAS Score on Validation Data (Training Time 1.536765):  0.9507462313263516
Epoch 44: 
BAS Score on Validation Data (Training Time 1.563217):  0.9511192576632973
Epoch 45: 
BAS Score on Validation Data (Training Time 1.539743):  0.9514693271591043
Epoch 46: 
BAS Score on Validation Data (Training Time 1.552287):  0.9528467376274238
Epoch 47: 
BAS Score on Validation Data (Training Time 1.542147):  0.9538166418339747
Epoch 48: 
BAS Score on Validation Data (Training Time 1.549814):  0.9534565231372802
Epoch 49: 
BAS Score on Validation Data (Training Time 1.549694):  0.9538826539180271
Epoch 50: 
BAS Score on Validation Data (Training Time 1.552121):  0.9530476323189448
Epoch 51: 
BAS Score on Validation Data (Training Time 1.534056):  0.9546144143951006
Epoch 52: 
BAS Score on Validation Data (Training Time 1.563232):  0.9507247037048948
Epoch 53: 
BAS Score on Validation Data (Training Time 1.585703):  0.9512756678922226
Epoch 54: 
BAS Score on Validation Data (Training Time 1.538074):  0.9531667041836833
Epoch 55: 
BAS Score on Validation Data (Training Time 1.572430):  0.954611511292622
Epoch 56: 
BAS Score on Validation Data (Training Time 1.542135):  0.9555011112183026
Epoch 57: 
BAS Score on Validation Data (Training Time 1.564656):  0.9550089683535031
Epoch 58: 
BAS Score on Validation Data (Training Time 1.565976):  0.9553978054331788
Epoch 59: 
BAS Score on Validation Data (Training Time 1.547120):  0.9564035741211193
Epoch 60: 
BAS Score on Validation Data (Training Time 1.562821):  0.9570377456917959
Epoch 61: 
BAS Score on Validation Data (Training Time 1.551953):  0.9568182264812969
Epoch 62: 
BAS Score on Validation Data (Training Time 1.532851):  0.9525971154773772
Epoch 63: 
BAS Score on Validation Data (Training Time 1.538515):  0.9579072472157014
Epoch 64: 
BAS Score on Validation Data (Training Time 1.568880):  0.956020498583286
Epoch 65: 
BAS Score on Validation Data (Training Time 1.560032):  0.9549845822926827
Epoch 66: 
BAS Score on Validation Data (Training Time 1.568131):  0.9535297259828565
Epoch 67: 
BAS Score on Validation Data (Training Time 1.546734):  0.9580435590428515
Epoch 68: 
BAS Score on Validation Data (Training Time 1.545896):  0.9594439263523098
Epoch 69: 
BAS Score on Validation Data (Training Time 1.551260):  0.9591253890157322
Epoch 70: 
BAS Score on Validation Data (Training Time 1.573566):  0.9582415506318936
Epoch 71: 
BAS Score on Validation Data (Training Time 1.550955):  0.9548827057272405
Epoch 72: 
BAS Score on Validation Data (Training Time 1.585974):  0.954509679390295
Epoch 73: 
BAS Score on Validation Data (Training Time 1.546640):  0.954996060713252
Epoch 74: 
BAS Score on Validation Data (Training Time 1.556961):  0.9590421816323832
Epoch 75: 
BAS Score on Validation Data (Training Time 1.565563):  0.9552256291246387
Epoch 76: 
BAS Score on Validation Data (Training Time 1.534957):  0.9554924912370968
Epoch 77: 
BAS Score on Validation Data (Training Time 1.557153):  0.9597222668853372
Epoch 78: 
BAS Score on Validation Data (Training Time 1.571413):  0.9581239079868369
Epoch 79: 
BAS Score on Validation Data (Training Time 1.534497):  0.9588843421837762
Epoch 80: 
BAS Score on Validation Data (Training Time 1.535541):  0.9605372347457597
Epoch 81: 
BAS Score on Validation Data (Training Time 1.533603):  0.9572515480235678
Epoch 82: 
BAS Score on Validation Data (Training Time 1.536587):  0.956927293808263
Epoch 83: 
BAS Score on Validation Data (Training Time 1.538356):  0.9568727601447801
Epoch 84: 
BAS Score on Validation Data (Training Time 1.539770):  0.9467130627105865
Epoch 85: 
BAS Score on Validation Data (Training Time 1.545903):  0.9598585787124874
Epoch 86: 
BAS Score on Validation Data (Training Time 1.541307):  0.95933200058598
Epoch 87: 
BAS Score on Validation Data (Training Time 1.544042):  0.9559415788589826
Epoch 88: 
BAS Score on Validation Data (Training Time 1.540828):  0.9609031149842965
Epoch 89: 
BAS Score on Validation Data (Training Time 1.542675):  0.956557125910681
Epoch 90: 
BAS Score on Validation Data (Training Time 1.543968):  0.9603449600354447
Epoch 91: 
BAS Score on Validation Data (Training Time 1.541993):  0.9598356218713487
Epoch 92: 
BAS Score on Validation Data (Training Time 1.547795):  0.9604827010822765
Epoch 93: 
BAS Score on Validation Data (Training Time 1.536320):  0.9607352263348018
Epoch 94: 
BAS Score on Validation Data (Training Time 1.539217):  0.9593033268661143
Epoch 95: 
BAS Score on Validation Data (Training Time 1.533057):  0.9579187256362708
Epoch 96: 
BAS Score on Validation Data (Training Time 1.543929):  0.9537635820532885
Epoch 97: 
BAS Score on Validation Data (Training Time 1.551628):  0.9609762731667578
Epoch 98: 
BAS Score on Validation Data (Training Time 1.556520):  0.960768232376828
Epoch 99: 
BAS Score on Validation Data (Training Time 1.535523):  0.9617797626066108
Epoch 100: 
BAS Score on Validation Data (Training Time 1.538964):  0.9620437662797054
Epoch 101: 
BAS Score on Validation Data (Training Time 1.554207):  0.9608830165825214
Epoch 102: 
BAS Score on Validation Data (Training Time 1.546955):  0.9606161544700632
Epoch 103: 
BAS Score on Validation Data (Training Time 1.530147):  0.9611484494752979
Epoch 104: 
BAS Score on Validation Data (Training Time 1.533377):  0.9555786017229243
Epoch 105: 
BAS Score on Validation Data (Training Time 1.542694):  0.9613780178866843
Epoch 106: 
BAS Score on Validation Data (Training Time 1.551769):  0.9610537636713795
Epoch 107: 
BAS Score on Validation Data (Training Time 1.538466):  0.9610537636713795
Epoch 108: 
BAS Score on Validation Data (Training Time 1.580008):  0.9584223469216395
Epoch 109: 
BAS Score on Validation Data (Training Time 1.557492):  0.960940408685368
Epoch 110: 
BAS Score on Validation Data (Training Time 1.538886):  0.9613091473632682
Epoch 111: 
BAS Score on Validation Data (Training Time 1.545714):  0.9608844458022031
Epoch 112: 
BAS Score on Validation Data (Training Time 1.584321):  0.9622159425882454
Epoch 113: 
BAS Score on Validation Data (Training Time 1.595419):  0.9588126132209966
Epoch 114: 
BAS Score on Validation Data (Training Time 1.601549):  0.961215890779032
Epoch 115: 
BAS Score on Validation Data (Training Time 1.608016):  0.9603507215772868
Epoch 116: 
BAS Score on Validation Data (Training Time 1.563873):  0.956067841485245
Epoch 117: 
BAS Score on Validation Data (Training Time 1.587393):  0.963201657537526
Epoch 118: 
BAS Score on Validation Data (Training Time 1.566187):  0.9620896799619828
Epoch 119: 
BAS Score on Validation Data (Training Time 1.548423):  0.9614339807698492
Epoch 120: 
BAS Score on Validation Data (Training Time 1.612254):  0.9543676060213026
Epoch 121: 
BAS Score on Validation Data (Training Time 1.553568):  0.9611212049751137
Epoch 122: 
BAS Score on Validation Data (Training Time 1.565675):  0.9616534999803482
Epoch 123: 
BAS Score on Validation Data (Training Time 1.578387):  0.961607586298071
Epoch 124: 
BAS Score on Validation Data (Training Time 1.564533):  0.962583252046464
Epoch 125: 
BAS Score on Validation Data (Training Time 1.580463):  0.9615602433961118
Epoch 126: 
BAS Score on Validation Data (Training Time 1.578527):  0.9620997291628702
Epoch 127: 
BAS Score on Validation Data (Training Time 1.532129):  0.9612058415781443
Epoch 128: 
BAS Score on Validation Data (Training Time 1.554644):  0.959037849310223
Epoch 129: 
BAS Score on Validation Data (Training Time 1.561614):  0.961388067087572
Epoch 130: 
BAS Score on Validation Data (Training Time 1.563795):  0.9615602433961118
Epoch 131: 
BAS Score on Validation Data (Training Time 1.556557):  0.9636163098977036
Epoch 132: 
BAS Score on Validation Data (Training Time 1.554493):  0.9615602433961118
Epoch 133: 
BAS Score on Validation Data (Training Time 1.537518):  0.9624914246819092
Epoch 134: 
BAS Score on Validation Data (Training Time 1.554992):  0.9617783333869291
Epoch 135: 
BAS Score on Validation Data (Training Time 1.543702):  0.9617223705037642
Epoch 136: 
BAS Score on Validation Data (Training Time 1.524282):  0.9635359609537183
Epoch 137: 
BAS Score on Validation Data (Training Time 1.538880):  0.9619404604945814
Epoch 138: 
BAS Score on Validation Data (Training Time 1.541980):  0.9615602433961118
Epoch 139: 
BAS Score on Validation Data (Training Time 1.530854):  0.9583864824402496
Epoch 140: 
BAS Score on Validation Data (Training Time 1.573517):  0.9620050433589521
Epoch 141: 
BAS Score on Validation Data (Training Time 1.545401):  0.9594238279505346
Epoch 142: 
BAS Score on Validation Data (Training Time 1.570863):  0.9602990463531672
Epoch 143: 
BAS Score on Validation Data (Training Time 1.539359):  0.9616176354989584
Epoch 144: 
BAS Score on Validation Data (Training Time 1.543489):  0.9617883825878165
Epoch 145: 
BAS Score on Validation Data (Training Time 1.560957):  0.964672324590082
Epoch 146: 
BAS Score on Validation Data (Training Time 1.526903):  0.9634670904303023
Epoch 147: 
BAS Score on Validation Data (Training Time 1.527446):  0.9652577240391177
Epoch 148: 
BAS Score on Validation Data (Training Time 1.533283):  0.962500044663115
Epoch 149: 
BAS Score on Validation Data (Training Time 1.524474):  0.9594238279505346
High Quality
0.9713055373774829 0.9778693047057665 0.9851806175293074 0.9713055373774829 0.9729541121531666
              precision    recall  f1-score   support

           0       0.99      1.00      0.99     23726
           1       0.98      1.00      0.99      5353
           2       0.98      0.92      0.95      3178

    accuracy                           0.99     32257
   macro avg       0.99      0.97      0.98     32257
weighted avg       0.99      0.99      0.99     32257

Low Quality Post 2020
0.9140846888716757 0.8689132416046049 0.836482670092266 0.9140846888716757 0.9587691845829789
              precision    recall  f1-score   support

           0       1.00      0.99      1.00      1291
           1       0.98      1.00      0.99       160
           2       0.53      0.75      0.62        12

    accuracy                           0.99      1463
   macro avg       0.84      0.91      0.87      1463
weighted avg       0.99      0.99      0.99      1463

Emb Dim: 128
Transformer-FNET-128
=====================================================================================================================================================================
Layer (type:depth-idx)                   Input Shape               Output Shape              Kernel Shape              Param #                   Mult-Adds
=====================================================================================================================================================================
TransfomerBlock                          [2, 2, 64, 64]            [2, 3]                    --                        --                        --
├─ModuleList: 1-1                        --                        --                        --                        --                        --
│    └─MakePatches: 2-1                  [2, 1, 64, 64]            [2, 256, 128]             --                        --                        --
│    │    └─Unfold: 3-1                  [2, 1, 64, 64]            [2, 16, 256]              [4, 4]                    --                        --
│    │    └─Linear: 3-2                  [2, 256, 16]              [2, 256, 128]             --                        2,176                     4,352
│    │    └─PositionalEncoding: 3-3      [2, 256, 128]             [2, 256, 128]             --                        --                        --
│    └─MakePatches: 2-2                  [2, 1, 64, 64]            [2, 256, 128]             --                        --                        --
│    │    └─Unfold: 3-4                  [2, 1, 64, 64]            [2, 16, 256]              [4, 4]                    --                        --
│    │    └─Linear: 3-5                  [2, 256, 16]              [2, 256, 128]             --                        2,176                     4,352
│    │    └─PositionalEncoding: 3-6      [2, 256, 128]             [2, 256, 128]             --                        --                        --
├─FNET: 1-2                              [2, 512, 128]             [2, 512, 128]             --                        --                        --
│    └─LayerNorm: 2-3                    [2, 512, 128]             [2, 512, 128]             --                        256                       512
│    └─Sequential: 2-4                   [2, 512, 128]             [2, 512, 128]             --                        --                        --
│    │    └─Linear: 3-7                  [2, 512, 128]             [2, 512, 128]             --                        16,512                    33,024
│    │    └─ReLU: 3-8                    [2, 512, 128]             [2, 512, 128]             --                        --                        --
│    │    └─Dropout: 3-9                 [2, 512, 128]             [2, 512, 128]             --                        --                        --
│    │    └─Linear: 3-10                 [2, 512, 128]             [2, 512, 128]             --                        16,512                    33,024
│    └─LayerNorm: 2-5                    [2, 512, 128]             [2, 512, 128]             --                        256                       512
├─Sequential: 1-3                        [2, 128]                  [2, 3]                    --                        --                        --
│    └─Linear: 2-6                       [2, 128]                  [2, 64]                   --                        8,256                     16,512
│    └─ReLU: 2-7                         [2, 64]                   [2, 64]                   --                        --                        --
│    └─Linear: 2-8                       [2, 64]                   [2, 32]                   --                        2,080                     4,160
│    └─ReLU: 2-9                         [2, 32]                   [2, 32]                   --                        --                        --
│    └─Linear: 2-10                      [2, 32]                   [2, 3]                    --                        99                        198
=====================================================================================================================================================================
Total params: 48,323
Trainable params: 48,323
Non-trainable params: 0
Total mult-adds (Units.MEGABYTES): 0.10
=====================================================================================================================================================================
Input size (MB): 0.07
Forward/backward pass size (MB): 5.24
Params size (MB): 0.19
Estimated Total Size (MB): 5.50
=====================================================================================================================================================================
Total Trainable Parameters:  48323
Total Parameters:  48323
Epoch 0: 
BAS Score on Validation Data (Training Time 1.887725):  0.5709167640322574
Epoch 1: 
BAS Score on Validation Data (Training Time 1.902734):  0.6562644038546055
Epoch 2: 
BAS Score on Validation Data (Training Time 1.897519):  0.6845056061142017
Epoch 3: 
BAS Score on Validation Data (Training Time 1.894924):  0.8394932701618233
Epoch 4: 
BAS Score on Validation Data (Training Time 1.897422):  0.8982253111232595
Epoch 5: 
BAS Score on Validation Data (Training Time 1.883929):  0.9097598285650993
Epoch 6: 
BAS Score on Validation Data (Training Time 1.905657):  0.9229010569079547
Epoch 7: 
BAS Score on Validation Data (Training Time 1.891634):  0.9278813962047071
Epoch 8: 
BAS Score on Validation Data (Training Time 1.896389):  0.9309102253522132
Epoch 9: 
BAS Score on Validation Data (Training Time 1.893606):  0.9334842946622217
Epoch 10: 
BAS Score on Validation Data (Training Time 1.899078):  0.9371099570162181
Epoch 11: 
BAS Score on Validation Data (Training Time 1.896355):  0.9299491644424435
Epoch 12: 
BAS Score on Validation Data (Training Time 1.891115):  0.9413354450054131
Epoch 13: 
BAS Score on Validation Data (Training Time 1.900980):  0.941960907268654
Epoch 14: 
BAS Score on Validation Data (Training Time 1.901240):  0.9439538647886719
Epoch 15: 
BAS Score on Validation Data (Training Time 1.913302):  0.9440486845819352
Epoch 16: 
BAS Score on Validation Data (Training Time 1.903985):  0.9454431116970912
Epoch 17: 
BAS Score on Validation Data (Training Time 1.918564):  0.9502153208776839
Epoch 18: 
BAS Score on Validation Data (Training Time 1.909615):  0.9454031382091163
Epoch 19: 
BAS Score on Validation Data (Training Time 1.915777):  0.9514449410982838
Epoch 20: 
BAS Score on Validation Data (Training Time 1.912555):  0.9505251935699407
Epoch 21: 
BAS Score on Validation Data (Training Time 1.903998):  0.9514291750186691
Epoch 22: 
BAS Score on Validation Data (Training Time 1.906577):  0.9521120740478718
Epoch 23: 
BAS Score on Validation Data (Training Time 1.922462):  0.953148079664705
Epoch 24: 
BAS Score on Validation Data (Training Time 1.912187):  0.9535353981984686
Epoch 25: 
BAS Score on Validation Data (Training Time 1.937190):  0.955175383120201
Epoch 26: 
BAS Score on Validation Data (Training Time 1.919104):  0.955285879666849
Epoch 27: 
BAS Score on Validation Data (Training Time 1.908536):  0.9559200512375257
Epoch 28: 
BAS Score on Validation Data (Training Time 1.916643):  0.9510489579201996
Epoch 29: 
BAS Score on Validation Data (Training Time 1.925467):  0.9563562312191601
Epoch 30: 
BAS Score on Validation Data (Training Time 1.934802):  0.9568153680419332
Epoch 31: 
BAS Score on Validation Data (Training Time 1.946703):  0.9579689269775934
Epoch 32: 
BAS Score on Validation Data (Training Time 1.900656):  0.9581626309075902
Epoch 33: 
BAS Score on Validation Data (Training Time 1.925153):  0.9580134114401889
Epoch 34: 
BAS Score on Validation Data (Training Time 1.919396):  0.9549988744895006
Epoch 35: 
BAS Score on Validation Data (Training Time 1.935451):  0.9593793434879392
Epoch 36: 
BAS Score on Validation Data (Training Time 1.902213):  0.9574581595938157
Epoch 37: 
BAS Score on Validation Data (Training Time 1.909219):  0.9556058462231084
Epoch 38: 
BAS Score on Validation Data (Training Time 1.910647):  0.9583979608608191
Epoch 39: 
BAS Score on Validation Data (Training Time 1.900686):  0.9586160508516363
Epoch 40: 
BAS Score on Validation Data (Training Time 1.904813):  0.9596318687404644
Epoch 41: 
BAS Score on Validation Data (Training Time 1.909139):  0.9593793434879392
Epoch 42: 
BAS Score on Validation Data (Training Time 1.898555):  0.9586849213750522
Epoch 43: 
BAS Score on Validation Data (Training Time 1.909576):  0.9599762213575443
Epoch 44: 
BAS Score on Validation Data (Training Time 1.906884):  0.9593793434879392
Epoch 45: 
BAS Score on Validation Data (Training Time 1.901675):  0.9605085163627788
Epoch 46: 
BAS Score on Validation Data (Training Time 1.908255):  0.961586058676614
Epoch 47: 
BAS Score on Validation Data (Training Time 1.917948):  0.9565943749486374
Epoch 48: 
BAS Score on Validation Data (Training Time 1.915162):  0.9569301522476265
Epoch 49: 
BAS Score on Validation Data (Training Time 1.919722):  0.9603205739746241
Epoch 50: 
BAS Score on Validation Data (Training Time 1.914778):  0.9607022202927756
Epoch 51: 
BAS Score on Validation Data (Training Time 1.923344):  0.9601627345260172
Epoch 52: 
BAS Score on Validation Data (Training Time 1.904622):  0.9606563066104984
Epoch 53: 
BAS Score on Validation Data (Training Time 1.939996):  0.9616778860411687
Epoch 54: 
BAS Score on Validation Data (Training Time 1.920604):  0.9573118432288932
Epoch 55: 
BAS Score on Validation Data (Training Time 1.937176):  0.961586058676614
Epoch 56: 
BAS Score on Validation Data (Training Time 1.916868):  0.9620337170788179
Epoch 57: 
BAS Score on Validation Data (Training Time 1.919535):  0.9619189328731247
Epoch 58: 
BAS Score on Validation Data (Training Time 1.915163):  0.9596864024039475
Epoch 59: 
BAS Score on Validation Data (Training Time 1.947914):  0.9621843657659009
Epoch 60: 
BAS Score on Validation Data (Training Time 1.920449):  0.9614253607886435
Epoch 61: 
BAS Score on Validation Data (Training Time 1.919660):  0.9610465729098555
Epoch 62: 
BAS Score on Validation Data (Training Time 1.936280):  0.962733900733547
Epoch 63: 
BAS Score on Validation Data (Training Time 1.933911):  0.9623436344341898
Epoch 64: 
BAS Score on Validation Data (Training Time 1.926137):  0.9625287183829808
Epoch 65: 
BAS Score on Validation Data (Training Time 1.940079):  0.960260323432414
Epoch 66: 
BAS Score on Validation Data (Training Time 1.925247):  0.9633092509816953
Epoch 67: 
BAS Score on Validation Data (Training Time 1.927660):  0.9639405641130083
Epoch 68: 
BAS Score on Validation Data (Training Time 1.922531):  0.9626664594298129
Epoch 69: 
BAS Score on Validation Data (Training Time 1.926815):  0.9628601633598097
Epoch 70: 
BAS Score on Validation Data (Training Time 1.925242):  0.9639176072718697
Epoch 71: 
BAS Score on Validation Data (Training Time 1.927751):  0.9595501352399124
Epoch 72: 
BAS Score on Validation Data (Training Time 1.923049):  0.9602818510538708
Epoch 73: 
BAS Score on Validation Data (Training Time 1.942837):  0.9616190647186401
Epoch 74: 
BAS Score on Validation Data (Training Time 1.918468):  0.9632389512385976
Epoch 75: 
BAS Score on Validation Data (Training Time 1.905142):  0.9639635209541471
Epoch 76: 
BAS Score on Validation Data (Training Time 1.899785):  0.9612116031199865
Epoch 77: 
BAS Score on Validation Data (Training Time 1.909132):  0.9635474393742877
Epoch 78: 
BAS Score on Validation Data (Training Time 1.903418):  0.9616405923400971
Epoch 79: 
BAS Score on Validation Data (Training Time 1.901196):  0.963180129916069
Epoch 80: 
BAS Score on Validation Data (Training Time 1.899192):  0.9633996491265681
Epoch 81: 
BAS Score on Validation Data (Training Time 1.902086):  0.959827046553258
Epoch 82: 
BAS Score on Validation Data (Training Time 1.898827):  0.9616979844429437
Epoch 83: 
BAS Score on Validation Data (Training Time 1.907179):  0.9643380211738896
Epoch 84: 
BAS Score on Validation Data (Training Time 1.897635):  0.9638444490894084
Epoch 85: 
BAS Score on Validation Data (Training Time 1.898352):  0.9602431281331175
Epoch 86: 
BAS Score on Validation Data (Training Time 1.892579):  0.9588945253740088
Epoch 87: 
BAS Score on Validation Data (Training Time 1.898167):  0.964327971973002
Epoch 88: 
BAS Score on Validation Data (Training Time 1.904354):  0.9602159282960486
Epoch 89: 
BAS Score on Validation Data (Training Time 1.903106):  0.9621341644245783
Epoch 90: 
BAS Score on Validation Data (Training Time 1.899481):  0.9644886698609727
Epoch 91: 
BAS Score on Validation Data (Training Time 1.905765):  0.9587538365615833
Epoch 92: 
BAS Score on Validation Data (Training Time 1.900680):  0.9620767723217316
Epoch 93: 
BAS Score on Validation Data (Training Time 1.898241):  0.9642705798701554
Epoch 94: 
BAS Score on Validation Data (Training Time 1.901771):  0.9592287841270862
Epoch 95: 
BAS Score on Validation Data (Training Time 1.901852):  0.964280629071043
Epoch 96: 
BAS Score on Validation Data (Training Time 1.902850):  0.9638243506876334
Epoch 97: 
BAS Score on Validation Data (Training Time 1.904706):  0.9649707635248844
Epoch 98: 
BAS Score on Validation Data (Training Time 1.900215):  0.961332148867522
Epoch 99: 
BAS Score on Validation Data (Training Time 1.905114):  0.9617066044241495
Epoch 100: 
BAS Score on Validation Data (Training Time 1.898870):  0.965256294819436
Epoch 101: 
BAS Score on Validation Data (Training Time 1.911696):  0.9638559275099778
Epoch 102: 
BAS Score on Validation Data (Training Time 1.906466):  0.9644413269590135
Epoch 103: 
BAS Score on Validation Data (Training Time 1.918680):  0.9653610298242418
Epoch 104: 
BAS Score on Validation Data (Training Time 1.900121):  0.9643193519917963
Epoch 105: 
BAS Score on Validation Data (Training Time 1.904907):  0.9650654493288027
Epoch 106: 
BAS Score on Validation Data (Training Time 1.906353):  0.9612446091620127
Epoch 107: 
BAS Score on Validation Data (Training Time 1.906113):  0.965290730081144
Epoch 108: 
BAS Score on Validation Data (Training Time 1.907064):  0.9618285793913669
Epoch 109: 
BAS Score on Validation Data (Training Time 1.905991):  0.9611513525777763
Epoch 110: 
BAS Score on Validation Data (Training Time 1.907006):  0.9637841985471981
Epoch 111: 
BAS Score on Validation Data (Training Time 1.899246):  0.9657599161048047
Epoch 112: 
BAS Score on Validation Data (Training Time 1.908119):  0.9602274067166179
Epoch 113: 
BAS Score on Validation Data (Training Time 1.915023):  0.9657283392824603
Epoch 114: 
BAS Score on Validation Data (Training Time 1.911638):  0.965325165342852
Epoch 115: 
BAS Score on Validation Data (Training Time 1.911262):  0.9656551810999989
Epoch 116: 
BAS Score on Validation Data (Training Time 1.899757):  0.961339339629046
Epoch 117: 
BAS Score on Validation Data (Training Time 1.905914):  0.9637268064443516
Epoch 118: 
BAS Score on Validation Data (Training Time 1.899717):  0.963428367509549
Epoch 119: 
BAS Score on Validation Data (Training Time 1.927911):  0.9654399495485452
Epoch 120: 
BAS Score on Validation Data (Training Time 1.914254):  0.9589662989999036
Epoch 121: 
BAS Score on Validation Data (Training Time 1.912664):  0.965475814029935
Epoch 122: 
BAS Score on Validation Data (Training Time 1.905309):  0.9621040614850308
Epoch 123: 
BAS Score on Validation Data (Training Time 1.907993):  0.9658459819275172
Epoch 124: 
BAS Score on Validation Data (Training Time 1.911257):  0.9656709471796137
Epoch 125: 
BAS Score on Validation Data (Training Time 1.910957):  0.9656666595205682
Epoch 126: 
BAS Score on Validation Data (Training Time 1.913774):  0.9638875043323222
Epoch 127: 
BAS Score on Validation Data (Training Time 1.923232):  0.9636163545608186
Epoch 128: 
BAS Score on Validation Data (Training Time 1.910535):  0.965290730081144
Epoch 129: 
BAS Score on Validation Data (Training Time 1.909428):  0.964459996141107
Epoch 130: 
BAS Score on Validation Data (Training Time 1.923531):  0.9654155634877247
Epoch 131: 
BAS Score on Validation Data (Training Time 1.917496):  0.9661645192640949
Epoch 132: 
BAS Score on Validation Data (Training Time 1.909836):  0.9660138705770117
Epoch 133: 
BAS Score on Validation Data (Training Time 1.931984):  0.965049683249188
Epoch 134: 
BAS Score on Validation Data (Training Time 1.916127):  0.9644858114216092
Epoch 135: 
BAS Score on Validation Data (Training Time 1.946206):  0.9628731603262909
Epoch 136: 
BAS Score on Validation Data (Training Time 1.905266):  0.9661186055818174
Epoch 137: 
BAS Score on Validation Data (Training Time 1.921507):  0.9653940358662679
Epoch 138: 
BAS Score on Validation Data (Training Time 1.957121):  0.9653007792820315
Epoch 139: 
BAS Score on Validation Data (Training Time 1.966571):  0.9658517434693593
Epoch 140: 
BAS Score on Validation Data (Training Time 1.921986):  0.9599476816270237
Epoch 141: 
BAS Score on Validation Data (Training Time 1.952366):  0.9634714674155779
Epoch 142: 
BAS Score on Validation Data (Training Time 1.944995):  0.9629305524291375
Epoch 143: 
BAS Score on Validation Data (Training Time 1.926708):  0.9657140024225274
Epoch 144: 
BAS Score on Validation Data (Training Time 1.918603):  0.9655977889971523
Epoch 145: 
BAS Score on Validation Data (Training Time 1.936077):  0.9650583032303938
Epoch 146: 
BAS Score on Validation Data (Training Time 1.905293):  0.9656322242588603
Epoch 147: 
BAS Score on Validation Data (Training Time 1.938205):  0.964253384570859
Epoch 148: 
BAS Score on Validation Data (Training Time 1.929411):  0.9647483858750219
Epoch 149: 
BAS Score on Validation Data (Training Time 1.921329):  0.9662075745070086
High Quality
0.9792465123304082 0.9812906747290993 0.9835449649462841 0.9792465123304082 0.9767769640405851
              precision    recall  f1-score   support

           0       0.99      0.99      0.99     23726
           1       0.98      1.00      0.99      5353
           2       0.97      0.94      0.96      3178

    accuracy                           0.99     32257
   macro avg       0.98      0.98      0.98     32257
weighted avg       0.99      0.99      0.99     32257

Low Quality Post 2020
0.9099535243996901 0.7913823720330163 0.7502605571251078 0.9099535243996901 0.9141067518952128
              precision    recall  f1-score   support

           0       1.00      0.98      0.99      1291
           1       0.99      1.00      0.99       160
           2       0.26      0.75      0.39        12

    accuracy                           0.98      1463
   macro avg       0.75      0.91      0.79      1463
weighted avg       0.99      0.98      0.98      1463

Emb Dim: 64
Transformer-MHA-64
=====================================================================================================================================================================
Layer (type:depth-idx)                   Input Shape               Output Shape              Kernel Shape              Param #                   Mult-Adds
=====================================================================================================================================================================
TransfomerBlock                          [2, 2, 64, 64]            [2, 3]                    --                        --                        --
├─ModuleList: 1-1                        --                        --                        --                        --                        --
│    └─MakePatches: 2-1                  [2, 1, 64, 64]            [2, 256, 64]              --                        --                        --
│    │    └─Unfold: 3-1                  [2, 1, 64, 64]            [2, 16, 256]              [4, 4]                    --                        --
│    │    └─Linear: 3-2                  [2, 256, 16]              [2, 256, 64]              --                        1,088                     2,176
│    │    └─PositionalEncoding: 3-3      [2, 256, 64]              [2, 256, 64]              --                        --                        --
│    └─MakePatches: 2-2                  [2, 1, 64, 64]            [2, 256, 64]              --                        --                        --
│    │    └─Unfold: 3-4                  [2, 1, 64, 64]            [2, 16, 256]              [4, 4]                    --                        --
│    │    └─Linear: 3-5                  [2, 256, 16]              [2, 256, 64]              --                        1,088                     2,176
│    │    └─PositionalEncoding: 3-6      [2, 256, 64]              [2, 256, 64]              --                        --                        --
├─TransformerEncoderLayer: 1-2           [2, 512, 64]              [2, 512, 64]              --                        --                        --
│    └─MultiheadAttention: 2-3           [2, 512, 64]              [2, 512, 64]              --                        16,640                    --
│    └─Dropout: 2-4                      [2, 512, 64]              [2, 512, 64]              --                        --                        --
│    └─LayerNorm: 2-5                    [2, 512, 64]              [2, 512, 64]              --                        128                       256
│    └─Linear: 2-6                       [2, 512, 64]              [2, 512, 2048]            --                        133,120                   266,240
│    └─Dropout: 2-7                      [2, 512, 2048]            [2, 512, 2048]            --                        --                        --
│    └─Linear: 2-8                       [2, 512, 2048]            [2, 512, 64]              --                        131,136                   262,272
│    └─Dropout: 2-9                      [2, 512, 64]              [2, 512, 64]              --                        --                        --
│    └─LayerNorm: 2-10                   [2, 512, 64]              [2, 512, 64]              --                        128                       256
├─Sequential: 1-3                        [2, 64]                   [2, 3]                    --                        --                        --
│    └─Linear: 2-11                      [2, 64]                   [2, 64]                   --                        4,160                     8,320
│    └─ReLU: 2-12                        [2, 64]                   [2, 64]                   --                        --                        --
│    └─Linear: 2-13                      [2, 64]                   [2, 32]                   --                        2,080                     4,160
│    └─ReLU: 2-14                        [2, 32]                   [2, 32]                   --                        --                        --
│    └─Linear: 2-15                      [2, 32]                   [2, 3]                    --                        99                        198
=====================================================================================================================================================================
Total params: 289,667
Trainable params: 289,667
Non-trainable params: 0
Total mult-adds (Units.MEGABYTES): 0.55
=====================================================================================================================================================================
Input size (MB): 0.07
Forward/backward pass size (MB): 18.88
Params size (MB): 1.09
Estimated Total Size (MB): 20.03
=====================================================================================================================================================================
Total Trainable Parameters:  289667
Total Parameters:  289667
Epoch 0: 
BAS Score on Validation Data (Training Time 3.018693):  0.5794407195406488
Epoch 1: 
BAS Score on Validation Data (Training Time 3.004442):  0.6459208730388426
Epoch 2: 
BAS Score on Validation Data (Training Time 2.973221):  0.8949308704305167
Epoch 3: 
BAS Score on Validation Data (Training Time 2.977594):  0.9269515994754763
Epoch 4: 
BAS Score on Validation Data (Training Time 2.985425):  0.9325732117781994
Epoch 5: 
BAS Score on Validation Data (Training Time 2.986050):  0.9345935031246316
Epoch 6: 
BAS Score on Validation Data (Training Time 2.979191):  0.9460042144115367
Epoch 7: 
BAS Score on Validation Data (Training Time 2.977316):  0.9385206415052543
Epoch 8: 
BAS Score on Validation Data (Training Time 2.985085):  0.9292090072997395
Epoch 9: 
BAS Score on Validation Data (Training Time 2.976809):  0.9490977157496436
Epoch 10: 
BAS Score on Validation Data (Training Time 2.984618):  0.945454902759466
Epoch 11: 
BAS Score on Validation Data (Training Time 2.988600):  0.9457332432924934
Epoch 12: 
BAS Score on Validation Data (Training Time 2.979964):  0.9310928974927913
Epoch 13: 
BAS Score on Validation Data (Training Time 2.985327):  0.9361604191901326
Epoch 14: 
BAS Score on Validation Data (Training Time 2.981201):  0.9313124167032903
Epoch 15: 
BAS Score on Validation Data (Training Time 2.984197):  0.9377301490318822
Epoch 16: 
BAS Score on Validation Data (Training Time 2.986742):  0.9473115037892187
Epoch 17: 
BAS Score on Validation Data (Training Time 2.981015):  0.9286824291732322
Epoch 18: 
BAS Score on Validation Data (Training Time 2.983677):  0.9379138484241066
Epoch 19: 
BAS Score on Validation Data (Training Time 2.986986):  0.9244929843178871
Epoch 20: 
BAS Score on Validation Data (Training Time 2.980506):  0.9467246751205011
Epoch 21: 
BAS Score on Validation Data (Training Time 2.979880):  0.9389712030099368
Epoch 22: 
BAS Score on Validation Data (Training Time 2.980154):  0.9483115555984322
Epoch 23: 
BAS Score on Validation Data (Training Time 2.980322):  0.94369589063611
Epoch 24: 
BAS Score on Validation Data (Training Time 2.969593):  0.9498280916701504
Epoch 25: 
BAS Score on Validation Data (Training Time 2.971174):  0.9501681566281849
Epoch 26: 
BAS Score on Validation Data (Training Time 2.965845):  0.9492025847437945
Epoch 27: 
BAS Score on Validation Data (Training Time 2.967915):  0.9356627380990664
Epoch 28: 
BAS Score on Validation Data (Training Time 2.956256):  0.9404691145626766
Epoch 29: 
BAS Score on Validation Data (Training Time 2.971028):  0.9588771514222523
Epoch 30: 
BAS Score on Validation Data (Training Time 2.968572):  0.958184158529047
Epoch 31: 
BAS Score on Validation Data (Training Time 2.973307):  0.9479386185877167
Epoch 32: 
BAS Score on Validation Data (Training Time 2.963132):  0.9489815469873836
Epoch 33: 
BAS Score on Validation Data (Training Time 2.968487):  0.9477046731910544
Epoch 34: 
BAS Score on Validation Data (Training Time 2.967220):  0.9505770921096355
Epoch 35: 
BAS Score on Validation Data (Training Time 2.970576):  0.9526087725504068
Epoch 36: 
BAS Score on Validation Data (Training Time 2.960968):  0.9465541066841032
Epoch 37: 
BAS Score on Validation Data (Training Time 2.969269):  0.9551698448939341
Epoch 38: 
BAS Score on Validation Data (Training Time 2.970435):  0.9550851189646733
Epoch 39: 
BAS Score on Validation Data (Training Time 2.967431):  0.9472713516487836
Epoch 40: 
BAS Score on Validation Data (Training Time 2.961929):  0.9571655715270855
Epoch 41: 
BAS Score on Validation Data (Training Time 2.968984):  0.9573764707563788
Epoch 42: 
BAS Score on Validation Data (Training Time 2.968430):  0.9384877247894581
Epoch 43: 
BAS Score on Validation Data (Training Time 2.970312):  0.9621958888495854
Epoch 44: 
BAS Score on Validation Data (Training Time 2.967267):  0.9597538437076817
Epoch 45: 
BAS Score on Validation Data (Training Time 2.968382):  0.9550061099141396
Epoch 46: 
BAS Score on Validation Data (Training Time 2.971213):  0.9560464925162485
Epoch 47: 
BAS Score on Validation Data (Training Time 2.968076):  0.9625474322281892
Epoch 48: 
BAS Score on Validation Data (Training Time 2.961067):  0.9506991564030828
Epoch 49: 
BAS Score on Validation Data (Training Time 3.005656):  0.960740987876644
Epoch 50: 
BAS Score on Validation Data (Training Time 2.996283):  0.9627253254154563
Epoch 51: 
BAS Score on Validation Data (Training Time 2.997467):  0.9589676388933551
Epoch 52: 
BAS Score on Validation Data (Training Time 3.016809):  0.9557250520771922
Epoch 53: 
BAS Score on Validation Data (Training Time 3.013841):  0.9634943795936014
Epoch 54: 
BAS Score on Validation Data (Training Time 3.007649):  0.9583463749629296
Epoch 55: 
BAS Score on Validation Data (Training Time 3.046595):  0.9534638925512643
Epoch 56: 
BAS Score on Validation Data (Training Time 3.031793):  0.9623537282981923
Epoch 57: 
BAS Score on Validation Data (Training Time 3.046323):  0.9605731438902646
Epoch 58: 
BAS Score on Validation Data (Training Time 3.007211):  0.9604770735297796
Epoch 59: 
BAS Score on Validation Data (Training Time 3.012779):  0.9453933569869192
Epoch 60: 
BAS Score on Validation Data (Training Time 3.013520):  0.9571484655540191
Epoch 61: 
BAS Score on Validation Data (Training Time 3.033024):  0.9589318190750804
Epoch 62: 
BAS Score on Validation Data (Training Time 3.007114):  0.9616750722649202
Epoch 63: 
BAS Score on Validation Data (Training Time 2.995797):  0.9632590496403726
Epoch 64: 
BAS Score on Validation Data (Training Time 2.979054):  0.9590867554212089
Epoch 65: 
BAS Score on Validation Data (Training Time 2.979463):  0.9516202884879927
Epoch 66: 
BAS Score on Validation Data (Training Time 2.987927):  0.9596850625104958
Epoch 67: 
BAS Score on Validation Data (Training Time 2.981053):  0.950938729352242
Epoch 68: 
BAS Score on Validation Data (Training Time 2.984515):  0.9546706452569559
Epoch 69: 
BAS Score on Validation Data (Training Time 2.984975):  0.9621959335127004
Epoch 70: 
BAS Score on Validation Data (Training Time 2.973887):  0.9489544811396597
Epoch 71: 
BAS Score on Validation Data (Training Time 2.978698):  0.9639664687197408
Epoch 72: 
BAS Score on Validation Data (Training Time 2.982495):  0.9616018694193437
Epoch 73: 
BAS Score on Validation Data (Training Time 2.981069):  0.9569820061242064
Epoch 74: 
BAS Score on Validation Data (Training Time 2.988202):  0.9487881556991921
Epoch 75: 
BAS Score on Validation Data (Training Time 2.973334):  0.9630323396683496
Epoch 76: 
BAS Score on Validation Data (Training Time 2.986623):  0.9634743705180564
Epoch 77: 
BAS Score on Validation Data (Training Time 2.991487):  0.9576548559525214
Epoch 78: 
BAS Score on Validation Data (Training Time 2.990587):  0.9591859075366327
Epoch 79: 
BAS Score on Validation Data (Training Time 2.981474):  0.9627182686432775
Epoch 80: 
BAS Score on Validation Data (Training Time 2.987703):  0.9581499019197993
Epoch 81: 
BAS Score on Validation Data (Training Time 3.012412):  0.9575631179141969
Epoch 82: 
BAS Score on Validation Data (Training Time 2.999709):  0.9607067312673964
Epoch 83: 
BAS Score on Validation Data (Training Time 3.004368):  0.9603622893240864
Epoch 84: 
BAS Score on Validation Data (Training Time 3.014801):  0.9625331400313715
Epoch 85: 
BAS Score on Validation Data (Training Time 3.002941):  0.9575860747553354
Epoch 86: 
BAS Score on Validation Data (Training Time 3.026451):  0.9617626566335445
Epoch 87: 
BAS Score on Validation Data (Training Time 3.030452):  0.9588199826349809
Epoch 88: 
BAS Score on Validation Data (Training Time 3.039006):  0.9650841631740111
Epoch 89: 
BAS Score on Validation Data (Training Time 3.006667):  0.9635174257609701
Epoch 90: 
BAS Score on Validation Data (Training Time 3.015141):  0.96318888388662
Epoch 91: 
BAS Score on Validation Data (Training Time 2.995249):  0.9591658984610877
Epoch 92: 
BAS Score on Validation Data (Training Time 3.009759):  0.957149984099931
Epoch 93: 
BAS Score on Validation Data (Training Time 3.008627):  0.9595818013884868
Epoch 94: 
BAS Score on Validation Data (Training Time 3.014377):  0.9590064511403386
Epoch 95: 
BAS Score on Validation Data (Training Time 2.983001):  0.9662406252121497
Epoch 96: 
BAS Score on Validation Data (Training Time 3.000472):  0.9657227117299633
Epoch 97: 
BAS Score on Validation Data (Training Time 3.002710):  0.9609707349404908
Epoch 98: 
BAS Score on Validation Data (Training Time 2.999413):  0.963283435701193
Epoch 99: 
BAS Score on Validation Data (Training Time 3.003933):  0.9632347082426672
Epoch 100: 
BAS Score on Validation Data (Training Time 3.026523):  0.9678030749661454
Epoch 101: 
BAS Score on Validation Data (Training Time 3.001677):  0.9622204088997509
Epoch 102: 
BAS Score on Validation Data (Training Time 2.998260):  0.9660068138048329
Epoch 103: 
BAS Score on Validation Data (Training Time 2.998950):  0.9651028770192195
Epoch 104: 
BAS Score on Validation Data (Training Time 3.024221):  0.9655634430616744
Epoch 105: 
BAS Score on Validation Data (Training Time 3.005588):  0.9477321410068139
Epoch 106: 
BAS Score on Validation Data (Training Time 3.006042):  0.9584570054989227
Epoch 107: 
BAS Score on Validation Data (Training Time 3.040302):  0.9685535046253122
Epoch 108: 
BAS Score on Validation Data (Training Time 3.026643):  0.9565028155627732
Epoch 109: 
BAS Score on Validation Data (Training Time 2.998135):  0.9643553504625313
Epoch 110: 
BAS Score on Validation Data (Training Time 3.011029):  0.9571901809034813
Epoch 111: 
BAS Score on Validation Data (Training Time 3.025242):  0.9674401424932023
Epoch 112: 
BAS Score on Validation Data (Training Time 2.992919):  0.9639766072468584
Epoch 113: 
BAS Score on Validation Data (Training Time 3.020203):  0.9623179531430327
Epoch 114: 
BAS Score on Validation Data (Training Time 3.002628):  0.9665677825299333
Epoch 115: 
BAS Score on Validation Data (Training Time 3.059286):  0.9632448914328999
Epoch 116: 
BAS Score on Validation Data (Training Time 3.024531):  0.9656997548888245
Epoch 117: 
BAS Score on Validation Data (Training Time 3.034696):  0.9649235099491555
Epoch 118: 
BAS Score on Validation Data (Training Time 2.995630):  0.9641257820511447
Epoch 119: 
BAS Score on Validation Data (Training Time 3.005355):  0.9692192083552182
Epoch 120: 
BAS Score on Validation Data (Training Time 3.005500):  0.9590309711905043
Epoch 121: 
BAS Score on Validation Data (Training Time 3.025098):  0.9677070046056603
Epoch 122: 
BAS Score on Validation Data (Training Time 3.005342):  0.9668217370021402
Epoch 123: 
BAS Score on Validation Data (Training Time 3.011208):  0.9667298649744706
Epoch 124: 
BAS Score on Validation Data (Training Time 3.024541):  0.964815827178756
Epoch 125: 
BAS Score on Validation Data (Training Time 3.006643):  0.9670526899700936
Epoch 126: 
BAS Score on Validation Data (Training Time 2.994371):  0.9637885755324737
Epoch 127: 
BAS Score on Validation Data (Training Time 3.033000):  0.9637829479799768
Epoch 128: 
BAS Score on Validation Data (Training Time 3.035544):  0.9629607893580302
Epoch 129: 
BAS Score on Validation Data (Training Time 3.016771):  0.9594140020652224
Epoch 130: 
BAS Score on Validation Data (Training Time 3.029985):  0.964617924915944
Epoch 131: 
BAS Score on Validation Data (Training Time 3.017582):  0.96847168179853
Epoch 132: 
BAS Score on Validation Data (Training Time 3.030168):  0.9677070046056603
Epoch 133: 
BAS Score on Validation Data (Training Time 2.989362):  0.964026808588181
Epoch 134: 
BAS Score on Validation Data (Training Time 3.027321):  0.9600610812761502
Epoch 135: 
BAS Score on Validation Data (Training Time 3.019664):  0.96215158303945
Epoch 136: 
BAS Score on Validation Data (Training Time 3.006678):  0.9591286047600162
Epoch 137: 
BAS Score on Validation Data (Training Time 2.991916):  0.9696669114205371
Epoch 138: 
BAS Score on Validation Data (Training Time 3.022201):  0.9664085585247594
Epoch 139: 
BAS Score on Validation Data (Training Time 2.994693):  0.9666624236707363
Epoch 140: 
BAS Score on Validation Data (Training Time 3.002128):  0.9685233570226496
Epoch 141: 
BAS Score on Validation Data (Training Time 2.981854):  0.9689925430463103
Epoch 142: 
BAS Score on Validation Data (Training Time 2.980217):  0.9673698427501045
Epoch 143: 
BAS Score on Validation Data (Training Time 2.980371):  0.9696582914393314
Epoch 144: 
BAS Score on Validation Data (Training Time 2.995887):  0.9700026440564113
Epoch 145: 
BAS Score on Validation Data (Training Time 2.981519):  0.9682752087553999
Epoch 146: 
BAS Score on Validation Data (Training Time 2.980572):  0.9700471285190068
Epoch 147: 
BAS Score on Validation Data (Training Time 2.981798):  0.9645103761348897
Epoch 148: 
BAS Score on Validation Data (Training Time 2.984223):  0.9539344184683767
Epoch 149: 
BAS Score on Validation Data (Training Time 2.982358):  0.9606852036459395
High Quality
0.9264770174573833 0.8930102523331155 0.8783990854359058 0.9264770174573833 0.8779196690013741
              precision    recall  f1-score   support

           0       0.99      0.96      0.98     23726
           1       0.98      0.87      0.92      5353
           2       0.66      0.94      0.78      3178

    accuracy                           0.95     32257
   macro avg       0.88      0.93      0.89     32257
weighted avg       0.96      0.95      0.95     32257

Low Quality Post 2020
0.9144935020225492 0.6967816247741604 0.6871299710596026 0.9144935020225492 0.7453514859031335
              precision    recall  f1-score   support

           0       1.00      0.91      0.95      1291
           1       0.98      1.00      0.99       160
           2       0.08      0.83      0.15        12

    accuracy                           0.92      1463
   macro avg       0.69      0.91      0.70      1463
weighted avg       0.99      0.92      0.95      1463

Emb Dim: 128
Transformer-MHA-128
=====================================================================================================================================================================
Layer (type:depth-idx)                   Input Shape               Output Shape              Kernel Shape              Param #                   Mult-Adds
=====================================================================================================================================================================
TransfomerBlock                          [2, 2, 64, 64]            [2, 3]                    --                        --                        --
├─ModuleList: 1-1                        --                        --                        --                        --                        --
│    └─MakePatches: 2-1                  [2, 1, 64, 64]            [2, 256, 128]             --                        --                        --
│    │    └─Unfold: 3-1                  [2, 1, 64, 64]            [2, 16, 256]              [4, 4]                    --                        --
│    │    └─Linear: 3-2                  [2, 256, 16]              [2, 256, 128]             --                        2,176                     4,352
│    │    └─PositionalEncoding: 3-3      [2, 256, 128]             [2, 256, 128]             --                        --                        --
│    └─MakePatches: 2-2                  [2, 1, 64, 64]            [2, 256, 128]             --                        --                        --
│    │    └─Unfold: 3-4                  [2, 1, 64, 64]            [2, 16, 256]              [4, 4]                    --                        --
│    │    └─Linear: 3-5                  [2, 256, 16]              [2, 256, 128]             --                        2,176                     4,352
│    │    └─PositionalEncoding: 3-6      [2, 256, 128]             [2, 256, 128]             --                        --                        --
├─TransformerEncoderLayer: 1-2           [2, 512, 128]             [2, 512, 128]             --                        --                        --
│    └─MultiheadAttention: 2-3           [2, 512, 128]             [2, 512, 128]             --                        66,048                    --
│    └─Dropout: 2-4                      [2, 512, 128]             [2, 512, 128]             --                        --                        --
│    └─LayerNorm: 2-5                    [2, 512, 128]             [2, 512, 128]             --                        256                       512
│    └─Linear: 2-6                       [2, 512, 128]             [2, 512, 2048]            --                        264,192                   528,384
│    └─Dropout: 2-7                      [2, 512, 2048]            [2, 512, 2048]            --                        --                        --
│    └─Linear: 2-8                       [2, 512, 2048]            [2, 512, 128]             --                        262,272                   524,544
│    └─Dropout: 2-9                      [2, 512, 128]             [2, 512, 128]             --                        --                        --
│    └─LayerNorm: 2-10                   [2, 512, 128]             [2, 512, 128]             --                        256                       512
├─Sequential: 1-3                        [2, 128]                  [2, 3]                    --                        --                        --
│    └─Linear: 2-11                      [2, 128]                  [2, 64]                   --                        8,256                     16,512
│    └─ReLU: 2-12                        [2, 64]                   [2, 64]                   --                        --                        --
│    └─Linear: 2-13                      [2, 64]                   [2, 32]                   --                        2,080                     4,160
│    └─ReLU: 2-14                        [2, 32]                   [2, 32]                   --                        --                        --
│    └─Linear: 2-15                      [2, 32]                   [2, 3]                    --                        99                        198
=====================================================================================================================================================================
Total params: 607,811
Trainable params: 607,811
Non-trainable params: 0
Total mult-adds (Units.MEGABYTES): 1.08
=====================================================================================================================================================================
Input size (MB): 0.07
Forward/backward pass size (MB): 20.97
Params size (MB): 2.17
Estimated Total Size (MB): 23.21
=====================================================================================================================================================================
Total Trainable Parameters:  607811
Total Parameters:  607811
Epoch 0: 
BAS Score on Validation Data (Training Time 3.428740):  0.6558483669378611
Epoch 1: 
BAS Score on Validation Data (Training Time 3.422733):  0.7248436790973048
Epoch 2: 
BAS Score on Validation Data (Training Time 3.420307):  0.9201118453727227
Epoch 3: 
BAS Score on Validation Data (Training Time 3.461022):  0.9054358137440911
Epoch 4: 
BAS Score on Validation Data (Training Time 3.464153):  0.9279018519114026
Epoch 5: 
BAS Score on Validation Data (Training Time 3.461014):  0.8886565513643688
Epoch 6: 
BAS Score on Validation Data (Training Time 3.436225):  0.9415952950088076
Epoch 7: 
BAS Score on Validation Data (Training Time 3.453854):  0.9390557949498523
Epoch 8: 
BAS Score on Validation Data (Training Time 3.450045):  0.9496557813722654
Epoch 9: 
BAS Score on Validation Data (Training Time 3.449249):  0.9427632354675156
Epoch 10: 
BAS Score on Validation Data (Training Time 3.456581):  0.9424333090365987
Epoch 11: 
BAS Score on Validation Data (Training Time 3.453060):  0.9426140606632294
Epoch 12: 
BAS Score on Validation Data (Training Time 3.467348):  0.9459613824841983
Epoch 13: 
BAS Score on Validation Data (Training Time 3.465070):  0.9317974134696808
Epoch 14: 
BAS Score on Validation Data (Training Time 3.448953):  0.9545684560497083
Epoch 15: 
BAS Score on Validation Data (Training Time 3.463328):  0.9385737906121706
Epoch 16: 
BAS Score on Validation Data (Training Time 3.454843):  0.9313354628706593
Epoch 17: 
BAS Score on Validation Data (Training Time 3.466552):  0.9460014452984032
Epoch 18: 
BAS Score on Validation Data (Training Time 3.474292):  0.9434434547098148
Epoch 19: 
BAS Score on Validation Data (Training Time 3.467231):  0.9438235378189394
Epoch 20: 
BAS Score on Validation Data (Training Time 3.471731):  0.9535197661081991
Epoch 21: 
BAS Score on Validation Data (Training Time 3.475193):  0.9459341826471293
Epoch 22: 
BAS Score on Validation Data (Training Time 3.466607):  0.9547478677828872
Epoch 23: 
BAS Score on Validation Data (Training Time 3.481230):  0.9427217880967439
Epoch 24: 
BAS Score on Validation Data (Training Time 3.464592):  0.950209737988302
Epoch 25: 
BAS Score on Validation Data (Training Time 3.458721):  0.9505771367727505
Epoch 26: 
BAS Score on Validation Data (Training Time 3.477340):  0.9494020948787486
Epoch 27: 
BAS Score on Validation Data (Training Time 3.494497):  0.9511309593994418
Epoch 28: 
BAS Score on Validation Data (Training Time 3.483787):  0.9569374323353808
Epoch 29: 
BAS Score on Validation Data (Training Time 3.445524):  0.9586921567996912
Epoch 30: 
BAS Score on Validation Data (Training Time 3.477733):  0.955541442011198
Epoch 31: 
BAS Score on Validation Data (Training Time 3.430644):  0.9453344910012756
Epoch 32: 
BAS Score on Validation Data (Training Time 3.423977):  0.9532730917237461
Epoch 33: 
BAS Score on Validation Data (Training Time 3.430183):  0.9538068159486625
Epoch 34: 
BAS Score on Validation Data (Training Time 3.433610):  0.9600049844036401
Epoch 35: 
BAS Score on Validation Data (Training Time 3.424278):  0.9420733689923644
Epoch 36: 
BAS Score on Validation Data (Training Time 3.421004):  0.9424822151475848
Epoch 37: 
BAS Score on Validation Data (Training Time 3.433897):  0.9608242399231081
Epoch 38: 
BAS Score on Validation Data (Training Time 3.422528):  0.955485479128033
Epoch 39: 
BAS Score on Validation Data (Training Time 3.425482):  0.9527293182979423
Epoch 40: 
BAS Score on Validation Data (Training Time 3.427908):  0.9610824373912452
Epoch 41: 
BAS Score on Validation Data (Training Time 3.434386):  0.9475282985496993
Epoch 42: 
BAS Score on Validation Data (Training Time 3.420433):  0.9519990763667806
Epoch 43: 
BAS Score on Validation Data (Training Time 3.428432):  0.9530693832559768
Epoch 44: 
BAS Score on Validation Data (Training Time 3.431985):  0.961600440199662
Epoch 45: 
BAS Score on Validation Data (Training Time 3.416622):  0.9600064582864372
Epoch 46: 
BAS Score on Validation Data (Training Time 3.434531):  0.9572962111386235
Epoch 47: 
BAS Score on Validation Data (Training Time 3.434214):  0.9537495131720459
Epoch 48: 
BAS Score on Validation Data (Training Time 3.433457):  0.9536289674245104
Epoch 49: 
BAS Score on Validation Data (Training Time 3.427960):  0.9633939769109561
Epoch 50: 
BAS Score on Validation Data (Training Time 3.439541):  0.9608429984314313
Epoch 51: 
BAS Score on Validation Data (Training Time 3.426408):  0.9475094507151458
Epoch 52: 
BAS Score on Validation Data (Training Time 3.429406):  0.9555039249945511
Epoch 53: 
BAS Score on Validation Data (Training Time 3.435592):  0.9554395207826407
Epoch 54: 
BAS Score on Validation Data (Training Time 3.444396):  0.9640353392431568
Epoch 55: 
BAS Score on Validation Data (Training Time 3.424275):  0.9586320402468261
Epoch 56: 
BAS Score on Validation Data (Training Time 3.431908):  0.9619793174046799
Epoch 57: 
BAS Score on Validation Data (Training Time 3.427884):  0.9593507590943036
Epoch 58: 
BAS Score on Validation Data (Training Time 3.429478):  0.9624484141021106
Epoch 59: 
BAS Score on Validation Data (Training Time 3.414267):  0.9645432035244558
Epoch 60: 
BAS Score on Validation Data (Training Time 3.428002):  0.9352064597156567
Epoch 61: 
BAS Score on Validation Data (Training Time 3.423309):  0.9617811918262925
Epoch 62: 
BAS Score on Validation Data (Training Time 3.421629):  0.9562530147602663
Epoch 63: 
BAS Score on Validation Data (Training Time 3.422068):  0.9583320381029967
Epoch 64: 
BAS Score on Validation Data (Training Time 3.426893):  0.9505816030842561
Epoch 65: 
BAS Score on Validation Data (Training Time 3.415504):  0.9563278254779846
Epoch 66: 
BAS Score on Validation Data (Training Time 3.429921):  0.9642892490522487
Epoch 67: 
BAS Score on Validation Data (Training Time 3.428674):  0.9605875700764276
Epoch 68: 
BAS Score on Validation Data (Training Time 3.432136):  0.9569446677600197
Epoch 69: 
BAS Score on Validation Data (Training Time 3.423747):  0.9551612695758432
Epoch 70: 
BAS Score on Validation Data (Training Time 3.430869):  0.9635718254351081
Epoch 71: 
BAS Score on Validation Data (Training Time 3.432917):  0.9613982056146896
Epoch 72: 
BAS Score on Validation Data (Training Time 3.421409):  0.9540680951717387
Epoch 73: 
BAS Score on Validation Data (Training Time 3.423636):  0.9516231022642413
Epoch 74: 
BAS Score on Validation Data (Training Time 3.426479):  0.9640438698981324
Epoch 75: 
BAS Score on Validation Data (Training Time 3.423111):  0.9561138891568676
Epoch 76: 
BAS Score on Validation Data (Training Time 3.411276):  0.9636680297849383
Epoch 77: 
BAS Score on Validation Data (Training Time 3.418309):  0.9643165382155479
Epoch 78: 
BAS Score on Validation Data (Training Time 3.414708):  0.9633423016868367
Epoch 79: 
BAS Score on Validation Data (Training Time 3.414396):  0.9652577240391178
Epoch 80: 
BAS Score on Validation Data (Training Time 3.412972):  0.9608989166514812
Epoch 81: 
BAS Score on Validation Data (Training Time 3.415124):  0.9645159590242717
Epoch 82: 
BAS Score on Validation Data (Training Time 3.406631):  0.9601787239212071
Epoch 83: 
BAS Score on Validation Data (Training Time 3.411863):  0.9646192648093956
Epoch 84: 
BAS Score on Validation Data (Training Time 3.413540):  0.9566432810596236
Epoch 85: 
BAS Score on Validation Data (Training Time 3.416359):  0.9645302958842046
Epoch 86: 
BAS Score on Validation Data (Training Time 3.405905):  0.9625804829333305
Epoch 87: 
BAS Score on Validation Data (Training Time 3.415290):  0.9634829904992621
Epoch 88: 
BAS Score on Validation Data (Training Time 3.415955):  0.9615187513622251
Epoch 89: 
BAS Score on Validation Data (Training Time 3.410308):  0.9656379411375875
Epoch 90: 
BAS Score on Validation Data (Training Time 3.414661):  0.9633136279669707
Epoch 91: 
BAS Score on Validation Data (Training Time 3.412400):  0.9585903695604792
Epoch 92: 
BAS Score on Validation Data (Training Time 3.420363):  0.9649679497486359
Epoch 93: 
BAS Score on Validation Data (Training Time 3.413349):  0.9638258692335452
Epoch 94: 
BAS Score on Validation Data (Training Time 3.418448):  0.9545626945078661
Epoch 95: 
BAS Score on Validation Data (Training Time 3.411463):  0.9650726400903267
Epoch 96: 
BAS Score on Validation Data (Training Time 3.411618):  0.9558958884922805
Epoch 97: 
BAS Score on Validation Data (Training Time 3.419990):  0.9637326126493088
Epoch 98: 
BAS Score on Validation Data (Training Time 3.422384):  0.965724051623415
Epoch 99: 
BAS Score on Validation Data (Training Time 3.406791):  0.9576492730631395
Epoch 100: 
BAS Score on Validation Data (Training Time 3.436330):  0.9660540673805619
Epoch 101: 
BAS Score on Validation Data (Training Time 3.461290):  0.9664758658391485
Epoch 102: 
BAS Score on Validation Data (Training Time 3.447251):  0.9670383084470456
Epoch 103: 
BAS Score on Validation Data (Training Time 3.452414):  0.9529388776337839
Epoch 104: 
BAS Score on Validation Data (Training Time 3.469378):  0.9629923215172597
Epoch 105: 
BAS Score on Validation Data (Training Time 3.479921):  0.9654156081508397
Epoch 106: 
BAS Score on Validation Data (Training Time 3.465505):  0.963531717957788
Epoch 107: 
BAS Score on Validation Data (Training Time 3.462485):  0.9565184029899276
Epoch 108: 
BAS Score on Validation Data (Training Time 3.476164):  0.9651315060759701
Epoch 109: 
BAS Score on Validation Data (Training Time 3.475649):  0.9643552611363012
Epoch 110: 
BAS Score on Validation Data (Training Time 3.457339):  0.9653897928703378
Epoch 111: 
BAS Score on Validation Data (Training Time 3.464000):  0.9510259117528307
Epoch 112: 
BAS Score on Validation Data (Training Time 3.448677):  0.9651229307578796
Epoch 113: 
BAS Score on Validation Data (Training Time 3.439153):  0.9652204750011611
Epoch 114: 
BAS Score on Validation Data (Training Time 3.429952):  0.965049683249188
Epoch 115: 
BAS Score on Validation Data (Training Time 3.428007):  0.9560134864742222
Epoch 116: 
BAS Score on Validation Data (Training Time 3.428144):  0.9659005602541152
Epoch 117: 
BAS Score on Validation Data (Training Time 3.431982):  0.9666868097315567
Epoch 118: 
BAS Score on Validation Data (Training Time 3.429413):  0.9634686536393294
Epoch 119: 
BAS Score on Validation Data (Training Time 3.428399):  0.9642792891775912
Epoch 120: 
BAS Score on Validation Data (Training Time 3.429967):  0.9567855330810761
Epoch 121: 
BAS Score on Validation Data (Training Time 3.425782):  0.9655533491976719
Epoch 122: 
BAS Score on Validation Data (Training Time 3.430588):  0.9566278276218142
Epoch 123: 
BAS Score on Validation Data (Training Time 3.426327):  0.9656122151833153
Epoch 124: 
BAS Score on Validation Data (Training Time 3.430766):  0.965731331711169
Epoch 125: 
BAS Score on Validation Data (Training Time 3.439108):  0.9654083727262007
Epoch 126: 
BAS Score on Validation Data (Training Time 3.419916):  0.9625259046067324
Epoch 127: 
BAS Score on Validation Data (Training Time 3.432420):  0.9639176072718697
Epoch 128: 
BAS Score on Validation Data (Training Time 3.430515):  0.9616279526785364
Epoch 129: 
BAS Score on Validation Data (Training Time 3.433587):  0.9676596170405863
Epoch 130: 
BAS Score on Validation Data (Training Time 3.427489):  0.9633652138648602
Epoch 131: 
BAS Score on Validation Data (Training Time 3.432974):  0.9653669253554291
Epoch 132: 
BAS Score on Validation Data (Training Time 3.434273):  0.9660254383238112
Epoch 133: 
BAS Score on Validation Data (Training Time 3.434469):  0.9672463939000905
Epoch 134: 
BAS Score on Validation Data (Training Time 3.436444):  0.9668102585815709
Epoch 135: 
BAS Score on Validation Data (Training Time 3.437282):  0.9660340136419019
Epoch 136: 
BAS Score on Validation Data (Training Time 3.431951):  0.9616480510803115
Epoch 137: 
BAS Score on Validation Data (Training Time 3.430547):  0.9659823384177822
Epoch 138: 
BAS Score on Validation Data (Training Time 3.429456):  0.9662636267164034
Epoch 139: 
BAS Score on Validation Data (Training Time 3.430439):  0.9681072307796751
Epoch 140: 
BAS Score on Validation Data (Training Time 3.429188):  0.9659607661332105
Epoch 141: 
BAS Score on Validation Data (Training Time 3.432927):  0.9670944053195557
Epoch 142: 
BAS Score on Validation Data (Training Time 3.431727):  0.9691546701539627
Epoch 143: 
BAS Score on Validation Data (Training Time 3.412657):  0.9673769888485134
Epoch 144: 
BAS Score on Validation Data (Training Time 3.421037):  0.9672335755860694
Epoch 145: 
BAS Score on Validation Data (Training Time 3.431130):  0.9657198979537148
Epoch 146: 
BAS Score on Validation Data (Training Time 3.425490):  0.9656452658884566
Epoch 147: 
BAS Score on Validation Data (Training Time 3.424769):  0.9634271616054425
Epoch 148: 
BAS Score on Validation Data (Training Time 3.424372):  0.9662708174779274
Epoch 149: 
BAS Score on Validation Data (Training Time 3.433974):  0.9665247719501345
High Quality
0.9464052500425685 0.9066174345668964 0.8841453427673885 0.9464052500425685 0.8881451379620772
              precision    recall  f1-score   support

           0       1.00      0.95      0.97     23726
           1       0.98      0.93      0.95      5353
           2       0.68      0.96      0.79      3178

    accuracy                           0.95     32257
   macro avg       0.88      0.95      0.91     32257
weighted avg       0.96      0.95      0.95     32257

Low Quality Post 2020
0.9383983131078405 0.694000447996416 0.6867221735319896 0.9383983131078405 0.7286294491719059
              precision    recall  f1-score   support

           0       1.00      0.90      0.95      1291
           1       0.98      1.00      0.99       160
           2       0.08      0.92      0.14        12

    accuracy                           0.91      1463
   macro avg       0.69      0.94      0.69      1463
weighted avg       0.99      0.91      0.94      1463


High Quality Post 2020
                          mean       std       sem  count
Model                                                    
Transformer-FNET-128  0.977619  0.002728  0.000964      8
Transformer-FNET-64   0.968082  0.016212  0.005732      8
Transformer-MHA-128   0.798273  0.080241  0.028370      8
Transformer-MHA-64    0.873510  0.067220  0.023766      8
                          mean       std       sem  count
Model                                                    
Transformer-FNET-128  0.975562  0.002522  0.000892      8
Transformer-FNET-64   0.970663  0.005516  0.001950      8
Transformer-MHA-128   0.892915  0.042053  0.014868      8
Transformer-MHA-64    0.929201  0.024643  0.008713      8
                          mean       std       sem  count
Model                                                    
Transformer-FNET-128  0.972300  0.003454  0.001221      8
Transformer-FNET-64   0.960195  0.021048  0.007442      8
Transformer-MHA-128   0.731298  0.116201  0.041083      8
Transformer-MHA-64    0.832940  0.094917  0.033558      8

Low Quality Pre + Post 2020
                          mean       std       sem  count
Model                                                    
Transformer-FNET-128  0.762569  0.047798  0.016899      8
Transformer-FNET-64   0.756698  0.059328  0.020976      8
Transformer-MHA-128   0.615897  0.060035  0.021225      8
Transformer-MHA-64    0.674327  0.046930  0.016592      8
                          mean       std       sem  count
Model                                                    
Transformer-FNET-128  0.918194  0.013943  0.004929      8
Transformer-FNET-64   0.905841  0.011993  0.004240      8
Transformer-MHA-128   0.851030  0.062856  0.022223      8
Transformer-MHA-64    0.882217  0.051469  0.018197      8
                          mean       std       sem  count
Model                                                    
Transformer-FNET-128  0.867275  0.051422  0.018181      8
Transformer-FNET-64   0.853056  0.069687  0.024638      8
Transformer-MHA-128   0.551018  0.134347  0.047499      8
Transformer-MHA-64    0.677577  0.134126  0.047421      8
Saving Results
************Fold: 8
Data Shape Before Sampling:  (81670, 2, 64, 64) (81670,)
Subtype/Host: 0 ,count:  52274 ,index count: (array([False,  True]), array([29396, 52274])) ,downsampling:  (16000, 2, 64, 64) (16000,)
Subtype/Host: 1 ,count:  18508 ,index count: (array([False,  True]), array([63162, 18508])) ,downsampling:  (16000, 2, 64, 64) (16000,)
Subtype/Host: 2 ,count:  10888 ,index count: (array([False,  True]), array([70782, 10888])) ,keep:  (10888, 2, 64, 64) (10888,)
Train shape:  (42888, 2, 64, 64) (42888,)
[[    0 16000]
 [    1 16000]
 [    2 10888]]
Val shape:  (9074, 2, 64, 64) (9074,)
[[   0 5808]
 [   1 2056]
 [   2 1210]]
Emb Dim: 64
Transformer-FNET-64
=====================================================================================================================================================================
Layer (type:depth-idx)                   Input Shape               Output Shape              Kernel Shape              Param #                   Mult-Adds
=====================================================================================================================================================================
TransfomerBlock                          [2, 2, 64, 64]            [2, 3]                    --                        --                        --
├─ModuleList: 1-1                        --                        --                        --                        --                        --
│    └─MakePatches: 2-1                  [2, 1, 64, 64]            [2, 256, 64]              --                        --                        --
│    │    └─Unfold: 3-1                  [2, 1, 64, 64]            [2, 16, 256]              [4, 4]                    --                        --
│    │    └─Linear: 3-2                  [2, 256, 16]              [2, 256, 64]              --                        1,088                     2,176
│    │    └─PositionalEncoding: 3-3      [2, 256, 64]              [2, 256, 64]              --                        --                        --
│    └─MakePatches: 2-2                  [2, 1, 64, 64]            [2, 256, 64]              --                        --                        --
│    │    └─Unfold: 3-4                  [2, 1, 64, 64]            [2, 16, 256]              [4, 4]                    --                        --
│    │    └─Linear: 3-5                  [2, 256, 16]              [2, 256, 64]              --                        1,088                     2,176
│    │    └─PositionalEncoding: 3-6      [2, 256, 64]              [2, 256, 64]              --                        --                        --
├─FNET: 1-2                              [2, 512, 64]              [2, 512, 64]              --                        --                        --
│    └─LayerNorm: 2-3                    [2, 512, 64]              [2, 512, 64]              --                        128                       256
│    └─Sequential: 2-4                   [2, 512, 64]              [2, 512, 64]              --                        --                        --
│    │    └─Linear: 3-7                  [2, 512, 64]              [2, 512, 64]              --                        4,160                     8,320
│    │    └─ReLU: 3-8                    [2, 512, 64]              [2, 512, 64]              --                        --                        --
│    │    └─Dropout: 3-9                 [2, 512, 64]              [2, 512, 64]              --                        --                        --
│    │    └─Linear: 3-10                 [2, 512, 64]              [2, 512, 64]              --                        4,160                     8,320
│    └─LayerNorm: 2-5                    [2, 512, 64]              [2, 512, 64]              --                        128                       256
├─Sequential: 1-3                        [2, 64]                   [2, 3]                    --                        --                        --
│    └─Linear: 2-6                       [2, 64]                   [2, 64]                   --                        4,160                     8,320
│    └─ReLU: 2-7                         [2, 64]                   [2, 64]                   --                        --                        --
│    └─Linear: 2-8                       [2, 64]                   [2, 32]                   --                        2,080                     4,160
│    └─ReLU: 2-9                         [2, 32]                   [2, 32]                   --                        --                        --
│    └─Linear: 2-10                      [2, 32]                   [2, 3]                    --                        99                        198
=====================================================================================================================================================================
Total params: 17,091
Trainable params: 17,091
Non-trainable params: 0
Total mult-adds (Units.MEGABYTES): 0.03
=====================================================================================================================================================================
Input size (MB): 0.07
Forward/backward pass size (MB): 2.62
Params size (MB): 0.07
Estimated Total Size (MB): 2.76
=====================================================================================================================================================================
Total Trainable Parameters:  17091
Total Parameters:  17091
Epoch 0: 
BAS Score on Validation Data (Training Time 1.529358):  0.3333333333333333
Epoch 1: 
BAS Score on Validation Data (Training Time 1.523002):  0.6542255326523102
Epoch 2: 
BAS Score on Validation Data (Training Time 1.517788):  0.6548095028816642
Epoch 3: 
BAS Score on Validation Data (Training Time 1.525344):  0.6549816791902042
Epoch 4: 
BAS Score on Validation Data (Training Time 1.528559):  0.7406738949452073
Epoch 5: 
BAS Score on Validation Data (Training Time 1.524848):  0.8330981373694497
Epoch 6: 
BAS Score on Validation Data (Training Time 1.526766):  0.8728192787442876
Epoch 7: 
BAS Score on Validation Data (Training Time 1.521494):  0.9074050998131296
Epoch 8: 
BAS Score on Validation Data (Training Time 1.529428):  0.9048584536557652
Epoch 9: 
BAS Score on Validation Data (Training Time 1.529974):  0.9190787428583679
Epoch 10: 
BAS Score on Validation Data (Training Time 1.521823):  0.9248351037792141
Epoch 11: 
BAS Score on Validation Data (Training Time 1.535301):  0.928245713234217
Epoch 12: 
BAS Score on Validation Data (Training Time 1.526365):  0.9278985915040036
Epoch 13: 
BAS Score on Validation Data (Training Time 1.528397):  0.9333693318040682
Epoch 14: 
BAS Score on Validation Data (Training Time 1.531790):  0.9374728894891612
Epoch 15: 
BAS Score on Validation Data (Training Time 1.526262):  0.9350367845415599
Epoch 16: 
BAS Score on Validation Data (Training Time 1.527929):  0.9381904024325319
Epoch 17: 
BAS Score on Validation Data (Training Time 1.529820):  0.9433024532555837
Epoch 18: 
BAS Score on Validation Data (Training Time 1.535017):  0.9426927124088426
Epoch 19: 
BAS Score on Validation Data (Training Time 1.525722):  0.9436252335880918
Epoch 20: 
BAS Score on Validation Data (Training Time 1.522550):  0.9443125989287999
Epoch 21: 
BAS Score on Validation Data (Training Time 1.526149):  0.94496543968157
Epoch 22: 
BAS Score on Validation Data (Training Time 1.526837):  0.9409954693736088
Epoch 23: 
BAS Score on Validation Data (Training Time 1.522435):  0.9490646203813872
Epoch 24: 
BAS Score on Validation Data (Training Time 1.518052):  0.9434575682541725
Epoch 25: 
BAS Score on Validation Data (Training Time 1.523929):  0.9471334319494913
Epoch 26: 
BAS Score on Validation Data (Training Time 1.522557):  0.9508092956448103
Epoch 27: 
BAS Score on Validation Data (Training Time 1.523780):  0.9473156574589189
Epoch 28: 
BAS Score on Validation Data (Training Time 1.523515):  0.9460975603220031
Epoch 29: 
BAS Score on Validation Data (Training Time 1.523770):  0.9525870216133746
Epoch 30: 
BAS Score on Validation Data (Training Time 1.529100):  0.9481550113801617
Epoch 31: 
BAS Score on Validation Data (Training Time 1.522556):  0.9522742458186393
Epoch 32: 
BAS Score on Validation Data (Training Time 1.519547):  0.952968667931526
Epoch 33: 
BAS Score on Validation Data (Training Time 1.519223):  0.9513330599950692
Epoch 34: 
BAS Score on Validation Data (Training Time 1.518349):  0.954323121558707
Epoch 35: 
BAS Score on Validation Data (Training Time 1.529582):  0.9538065926330872
Epoch 36: 
BAS Score on Validation Data (Training Time 1.527078):  0.953148079664705
Epoch 37: 
BAS Score on Validation Data (Training Time 1.523212):  0.9559415788589823
Epoch 38: 
BAS Score on Validation Data (Training Time 1.524536):  0.9545111086099767
Epoch 39: 
BAS Score on Validation Data (Training Time 1.527323):  0.9538683170580943
Epoch 40: 
BAS Score on Validation Data (Training Time 1.526051):  0.9568828093456675
Epoch 41: 
BAS Score on Validation Data (Training Time 1.539315):  0.9559874925412597
Epoch 42: 
BAS Score on Validation Data (Training Time 1.525227):  0.9571008993364848
Epoch 43: 
BAS Score on Validation Data (Training Time 1.525682):  0.956240017793785
Epoch 44: 
BAS Score on Validation Data (Training Time 1.528081):  0.9582831766551257
Epoch 45: 
BAS Score on Validation Data (Training Time 1.524636):  0.9565384567285876
Epoch 46: 
BAS Score on Validation Data (Training Time 1.531146):  0.9576862987855206
Epoch 47: 
BAS Score on Validation Data (Training Time 1.522879):  0.9579847377203232
Epoch 48: 
BAS Score on Validation Data (Training Time 1.522592):  0.9583520471785416
Epoch 49: 
BAS Score on Validation Data (Training Time 1.529182):  0.9587423134778988
Epoch 50: 
BAS Score on Validation Data (Training Time 1.527282):  0.9578240398323525
Epoch 51: 
BAS Score on Validation Data (Training Time 1.521779):  0.9572831248459123
Epoch 52: 
BAS Score on Validation Data (Training Time 1.531219):  0.9591899718801028
Epoch 53: 
BAS Score on Validation Data (Training Time 1.528288):  0.9569516798690835
Epoch 54: 
BAS Score on Validation Data (Training Time 1.529301):  0.9597409360674306
Epoch 55: 
BAS Score on Validation Data (Training Time 1.523500):  0.9598442418525545
Epoch 56: 
BAS Score on Validation Data (Training Time 1.523855):  0.9550018222550943
Epoch 57: 
BAS Score on Validation Data (Training Time 1.531684):  0.9598671986936932
Epoch 58: 
BAS Score on Validation Data (Training Time 1.527360):  0.9566302840931423
Epoch 59: 
BAS Score on Validation Data (Training Time 1.528808):  0.9600278965816639
Epoch 60: 
BAS Score on Validation Data (Training Time 1.543928):  0.9601699252875412
Epoch 61: 
BAS Score on Validation Data (Training Time 1.522255):  0.960521468666145
Epoch 62: 
BAS Score on Validation Data (Training Time 1.536425):  0.9601426807873571
Epoch 63: 
BAS Score on Validation Data (Training Time 1.525699):  0.9598671986936932
Epoch 64: 
BAS Score on Validation Data (Training Time 1.527573):  0.9605960560682881
Epoch 65: 
BAS Score on Validation Data (Training Time 1.530668):  0.9563634219806841
Epoch 66: 
BAS Score on Validation Data (Training Time 1.530196):  0.960115391624058
Epoch 67: 
BAS Score on Validation Data (Training Time 1.536220):  0.9601541592079265
Epoch 68: 
BAS Score on Validation Data (Training Time 1.526196):  0.9603621999978561
Epoch 69: 
BAS Score on Validation Data (Training Time 1.529075):  0.9604755549838676
Epoch 70: 
BAS Score on Validation Data (Training Time 1.529873):  0.9606319205496779
Epoch 71: 
BAS Score on Validation Data (Training Time 1.538757):  0.9591670150389641
Epoch 72: 
BAS Score on Validation Data (Training Time 1.532766):  0.9608084291803783
Epoch 73: 
BAS Score on Validation Data (Training Time 1.537265):  0.9614641283725117
Epoch 74: 
BAS Score on Validation Data (Training Time 1.543489):  0.9616735983821233
Epoch 75: 
BAS Score on Validation Data (Training Time 1.537071):  0.9616735983821233
Epoch 76: 
BAS Score on Validation Data (Training Time 1.551964):  0.9592244071418108
Epoch 77: 
BAS Score on Validation Data (Training Time 1.548448):  0.9612001246994173
Epoch 78: 
BAS Score on Validation Data (Training Time 1.549954):  0.9605444255072837
Epoch 79: 
BAS Score on Validation Data (Training Time 1.552278):  0.9613321042044071
Epoch 80: 
BAS Score on Validation Data (Training Time 1.548991):  0.961091057372451
Epoch 81: 
BAS Score on Validation Data (Training Time 1.555160):  0.9622819546722977
Epoch 82: 
BAS Score on Validation Data (Training Time 1.598653):  0.9609346918066408
Epoch 83: 
BAS Score on Validation Data (Training Time 1.542295):  0.962273334691092
Epoch 84: 
BAS Score on Validation Data (Training Time 1.549347):  0.955793833274378
Epoch 85: 
BAS Score on Validation Data (Training Time 1.542264):  0.9614182146902346
Epoch 86: 
BAS Score on Validation Data (Training Time 1.541198):  0.9611527817974581
Epoch 87: 
BAS Score on Validation Data (Training Time 1.577276):  0.9618558238915508
Epoch 88: 
BAS Score on Validation Data (Training Time 1.571472):  0.9621786488871739
Epoch 89: 
BAS Score on Validation Data (Training Time 1.532706):  0.9625029031024787
Epoch 90: 
BAS Score on Validation Data (Training Time 1.578770):  0.9612101739003048
Epoch 91: 
BAS Score on Validation Data (Training Time 1.573115):  0.9620753431020499
Epoch 92: 
BAS Score on Validation Data (Training Time 1.562191):  0.9608313860215169
Epoch 93: 
BAS Score on Validation Data (Training Time 1.556674):  0.9618658730924383
Epoch 94: 
BAS Score on Validation Data (Training Time 1.593290):  0.9625029031024787
Epoch 95: 
BAS Score on Validation Data (Training Time 1.617360):  0.962445510999632
Epoch 96: 
BAS Score on Validation Data (Training Time 1.536659):  0.9613823502088447
Epoch 97: 
BAS Score on Validation Data (Training Time 1.579294):  0.962273334691092
Epoch 98: 
BAS Score on Validation Data (Training Time 1.559769):  0.9627783851961426
Epoch 99: 
BAS Score on Validation Data (Training Time 1.528357):  0.9612689952228332
Epoch 100: 
BAS Score on Validation Data (Training Time 1.550685):  0.9612216523208742
Epoch 101: 
BAS Score on Validation Data (Training Time 1.555429):  0.9630653457103757
Epoch 102: 
BAS Score on Validation Data (Training Time 1.556671):  0.9625029031024787
Epoch 103: 
BAS Score on Validation Data (Training Time 1.553061):  0.9623135314946422
Epoch 104: 
BAS Score on Validation Data (Training Time 1.546295):  0.9616994136626255
Epoch 105: 
BAS Score on Validation Data (Training Time 1.557395):  0.9613837794285266
Epoch 106: 
BAS Score on Validation Data (Training Time 1.571665):  0.9569660613921315
Epoch 107: 
BAS Score on Validation Data (Training Time 1.536704):  0.9627898636167118
Epoch 108: 
BAS Score on Validation Data (Training Time 1.566471):  0.9611757386385968
Epoch 109: 
BAS Score on Validation Data (Training Time 1.600061):  0.9618141978683189
Epoch 110: 
BAS Score on Validation Data (Training Time 1.564144):  0.9633408278040396
Epoch 111: 
BAS Score on Validation Data (Training Time 1.558269):  0.9630653457103757
Epoch 112: 
BAS Score on Validation Data (Training Time 1.533648):  0.9628085327988051
Epoch 113: 
BAS Score on Validation Data (Training Time 1.549474):  0.9619347436158544
Epoch 114: 
BAS Score on Validation Data (Training Time 1.554119):  0.963180129916069
Epoch 115: 
BAS Score on Validation Data (Training Time 1.551893):  0.9623149607143239
Epoch 116: 
BAS Score on Validation Data (Training Time 1.554157):  0.9620968707235068
Epoch 117: 
BAS Score on Validation Data (Training Time 1.564512):  0.9610250899515137
Epoch 118: 
BAS Score on Validation Data (Training Time 1.590971):  0.9632145651777771
Epoch 119: 
BAS Score on Validation Data (Training Time 1.539459):  0.9616879352420562
Epoch 120: 
BAS Score on Validation Data (Training Time 1.547473):  0.9624297449200173
Epoch 121: 
BAS Score on Validation Data (Training Time 1.561020):  0.9616879352420562
Epoch 122: 
BAS Score on Validation Data (Training Time 1.547757):  0.962164312027241
Epoch 123: 
BAS Score on Validation Data (Training Time 1.534322):  0.9633523062246091
Epoch 124: 
BAS Score on Validation Data (Training Time 1.532668):  0.962376640476216
Epoch 125: 
BAS Score on Validation Data (Training Time 1.528559):  0.9625602952053253
Epoch 126: 
BAS Score on Validation Data (Training Time 1.537392):  0.9627626191165278
Epoch 127: 
BAS Score on Validation Data (Training Time 1.531419):  0.9627669067755732
Epoch 128: 
BAS Score on Validation Data (Training Time 1.534621):  0.9634096983274557
Epoch 129: 
BAS Score on Validation Data (Training Time 1.531684):  0.9635589177948569
Epoch 130: 
BAS Score on Validation Data (Training Time 1.524789):  0.9636851804211196
Epoch 131: 
BAS Score on Validation Data (Training Time 1.528488):  0.9635703962154262
Epoch 132: 
BAS Score on Validation Data (Training Time 1.532154):  0.9637770077856742
Epoch 133: 
BAS Score on Validation Data (Training Time 1.530275):  0.9626191165278537
Epoch 134: 
BAS Score on Validation Data (Training Time 1.530300):  0.9621183983449636
Epoch 135: 
BAS Score on Validation Data (Training Time 1.530119):  0.9636851804211196
Epoch 136: 
BAS Score on Validation Data (Training Time 1.528361):  0.9641787525056008
Epoch 137: 
BAS Score on Validation Data (Training Time 1.526876):  0.9631227378132223
Epoch 138: 
BAS Score on Validation Data (Training Time 1.525872):  0.9633063925423317
Epoch 139: 
BAS Score on Validation Data (Training Time 1.530017):  0.964121360402754
Epoch 140: 
BAS Score on Validation Data (Training Time 1.528503):  0.9633637846451784
Epoch 141: 
BAS Score on Validation Data (Training Time 1.534250):  0.9633063925423317
Epoch 142: 
BAS Score on Validation Data (Training Time 1.529993):  0.962233182550657
Epoch 143: 
BAS Score on Validation Data (Training Time 1.522547):  0.9625272891632991
Epoch 144: 
BAS Score on Validation Data (Training Time 1.526366):  0.9642361446084474
Epoch 145: 
BAS Score on Validation Data (Training Time 1.528027):  0.9640754467204768
Epoch 146: 
BAS Score on Validation Data (Training Time 1.530416):  0.9641227896224359
Epoch 147: 
BAS Score on Validation Data (Training Time 1.528816):  0.962233182550657
Epoch 148: 
BAS Score on Validation Data (Training Time 1.534610):  0.9640754467204768
Epoch 149: 
BAS Score on Validation Data (Training Time 1.528436):  0.9594625508712881
High Quality
0.9737950989533236 0.9636937346257576 0.954162175256084 0.9737950989533236 0.9550182709814592
              precision    recall  f1-score   support

           0       0.99      0.98      0.99     23726
           1       0.98      1.00      0.99      5353
           2       0.89      0.94      0.91      3178

    accuracy                           0.98     32257
   macro avg       0.95      0.97      0.96     32257
weighted avg       0.98      0.98      0.98     32257

Low Quality Post 2020
0.9613779154832601 0.7736677956016367 0.7330642608420387 0.9613779154832601 0.8822138857785458
              precision    recall  f1-score   support

           0       1.00      0.97      0.98      1291
           1       0.99      1.00      0.99       160
           2       0.21      0.92      0.34        12

    accuracy                           0.97      1463
   macro avg       0.73      0.96      0.77      1463
weighted avg       0.99      0.97      0.98      1463

Emb Dim: 128
Transformer-FNET-128
=====================================================================================================================================================================
Layer (type:depth-idx)                   Input Shape               Output Shape              Kernel Shape              Param #                   Mult-Adds
=====================================================================================================================================================================
TransfomerBlock                          [2, 2, 64, 64]            [2, 3]                    --                        --                        --
├─ModuleList: 1-1                        --                        --                        --                        --                        --
│    └─MakePatches: 2-1                  [2, 1, 64, 64]            [2, 256, 128]             --                        --                        --
│    │    └─Unfold: 3-1                  [2, 1, 64, 64]            [2, 16, 256]              [4, 4]                    --                        --
│    │    └─Linear: 3-2                  [2, 256, 16]              [2, 256, 128]             --                        2,176                     4,352
│    │    └─PositionalEncoding: 3-3      [2, 256, 128]             [2, 256, 128]             --                        --                        --
│    └─MakePatches: 2-2                  [2, 1, 64, 64]            [2, 256, 128]             --                        --                        --
│    │    └─Unfold: 3-4                  [2, 1, 64, 64]            [2, 16, 256]              [4, 4]                    --                        --
│    │    └─Linear: 3-5                  [2, 256, 16]              [2, 256, 128]             --                        2,176                     4,352
│    │    └─PositionalEncoding: 3-6      [2, 256, 128]             [2, 256, 128]             --                        --                        --
├─FNET: 1-2                              [2, 512, 128]             [2, 512, 128]             --                        --                        --
│    └─LayerNorm: 2-3                    [2, 512, 128]             [2, 512, 128]             --                        256                       512
│    └─Sequential: 2-4                   [2, 512, 128]             [2, 512, 128]             --                        --                        --
│    │    └─Linear: 3-7                  [2, 512, 128]             [2, 512, 128]             --                        16,512                    33,024
│    │    └─ReLU: 3-8                    [2, 512, 128]             [2, 512, 128]             --                        --                        --
│    │    └─Dropout: 3-9                 [2, 512, 128]             [2, 512, 128]             --                        --                        --
│    │    └─Linear: 3-10                 [2, 512, 128]             [2, 512, 128]             --                        16,512                    33,024
│    └─LayerNorm: 2-5                    [2, 512, 128]             [2, 512, 128]             --                        256                       512
├─Sequential: 1-3                        [2, 128]                  [2, 3]                    --                        --                        --
│    └─Linear: 2-6                       [2, 128]                  [2, 64]                   --                        8,256                     16,512
│    └─ReLU: 2-7                         [2, 64]                   [2, 64]                   --                        --                        --
│    └─Linear: 2-8                       [2, 64]                   [2, 32]                   --                        2,080                     4,160
│    └─ReLU: 2-9                         [2, 32]                   [2, 32]                   --                        --                        --
│    └─Linear: 2-10                      [2, 32]                   [2, 3]                    --                        99                        198
=====================================================================================================================================================================
Total params: 48,323
Trainable params: 48,323
Non-trainable params: 0
Total mult-adds (Units.MEGABYTES): 0.10
=====================================================================================================================================================================
Input size (MB): 0.07
Forward/backward pass size (MB): 5.24
Params size (MB): 0.19
Estimated Total Size (MB): 5.50
=====================================================================================================================================================================
Total Trainable Parameters:  48323
Total Parameters:  48323
Epoch 0: 
BAS Score on Validation Data (Training Time 1.903844):  0.3336575875486381
Epoch 1: 
BAS Score on Validation Data (Training Time 1.894828):  0.6545627391709812
Epoch 2: 
BAS Score on Validation Data (Training Time 1.900367):  0.6912936403297208
Epoch 3: 
BAS Score on Validation Data (Training Time 1.899603):  0.8741408603187875
Epoch 4: 
BAS Score on Validation Data (Training Time 1.904642):  0.9179724374984368
Epoch 5: 
BAS Score on Validation Data (Training Time 1.899655):  0.9249687358194608
Epoch 6: 
BAS Score on Validation Data (Training Time 1.909115):  0.9328542320981302
Epoch 7: 
BAS Score on Validation Data (Training Time 1.902037):  0.9389320781211478
Epoch 8: 
BAS Score on Validation Data (Training Time 1.906301):  0.9393712505314911
Epoch 9: 
BAS Score on Validation Data (Training Time 1.902718):  0.9446827668263821
Epoch 10: 
BAS Score on Validation Data (Training Time 1.904555):  0.9459411054299629
Epoch 11: 
BAS Score on Validation Data (Training Time 1.903193):  0.949815005377439
Epoch 12: 
BAS Score on Validation Data (Training Time 1.893165):  0.9458694211302984
Epoch 13: 
BAS Score on Validation Data (Training Time 1.911461):  0.951795055257206
Epoch 14: 
BAS Score on Validation Data (Training Time 1.906190):  0.9548396504843267
Epoch 15: 
BAS Score on Validation Data (Training Time 1.905384):  0.9564380093828273
Epoch 16: 
BAS Score on Validation Data (Training Time 1.905297):  0.9568813801259856
Epoch 17: 
BAS Score on Validation Data (Training Time 1.902110):  0.9574366766354739
Epoch 18: 
BAS Score on Validation Data (Training Time 1.904303):  0.9588484777023863
Epoch 19: 
BAS Score on Validation Data (Training Time 1.901788):  0.9590838076556153
Epoch 20: 
BAS Score on Validation Data (Training Time 1.904032):  0.9600780979229865
Epoch 21: 
BAS Score on Validation Data (Training Time 1.911351):  0.9590809045531365
Epoch 22: 
BAS Score on Validation Data (Training Time 1.903791):  0.9593248544875711
Epoch 23: 
BAS Score on Validation Data (Training Time 1.909504):  0.9600881471238741
Epoch 24: 
BAS Score on Validation Data (Training Time 1.899883):  0.9613407241856128
Epoch 25: 
BAS Score on Validation Data (Training Time 1.897203):  0.9584510206415052
Epoch 26: 
BAS Score on Validation Data (Training Time 1.909141):  0.961627684699846
Epoch 27: 
BAS Score on Validation Data (Training Time 1.911362):  0.9616363046810518
Epoch 28: 
BAS Score on Validation Data (Training Time 1.912026):  0.9616635491812358
Epoch 29: 
BAS Score on Validation Data (Training Time 1.914066):  0.9596218642026919
Epoch 30: 
BAS Score on Validation Data (Training Time 1.900084):  0.958804037902906
Epoch 31: 
BAS Score on Validation Data (Training Time 1.904580):  0.9617568057654721
Epoch 32: 
BAS Score on Validation Data (Training Time 1.898554):  0.9616061570783891
Epoch 33: 
BAS Score on Validation Data (Training Time 1.907709):  0.96190316679351
Epoch 34: 
BAS Score on Validation Data (Training Time 1.905250):  0.959139725875665
Epoch 35: 
BAS Score on Validation Data (Training Time 1.909007):  0.9620064725786338
Epoch 36: 
BAS Score on Validation Data (Training Time 1.904131):  0.961799861008386
Epoch 37: 
BAS Score on Validation Data (Training Time 1.899248):  0.9621585504853988
Epoch 38: 
BAS Score on Validation Data (Training Time 1.907833):  0.961297668942699
Epoch 39: 
BAS Score on Validation Data (Training Time 1.904392):  0.9623508251957138
Epoch 40: 
BAS Score on Validation Data (Training Time 1.915535):  0.9620208094385667
Epoch 41: 
BAS Score on Validation Data (Training Time 1.910604):  0.9625803936071003
Epoch 42: 
BAS Score on Validation Data (Training Time 1.901936):  0.9627554283550039
Epoch 43: 
BAS Score on Validation Data (Training Time 1.905598):  0.9625602952053253
Epoch 44: 
BAS Score on Validation Data (Training Time 1.904441):  0.9624340325790627
Epoch 45: 
BAS Score on Validation Data (Training Time 1.910765):  0.9628558757007643
Epoch 46: 
BAS Score on Validation Data (Training Time 1.908986):  0.9629046478224051
Epoch 47: 
BAS Score on Validation Data (Training Time 1.920374):  0.9627999128175994
Epoch 48: 
BAS Score on Validation Data (Training Time 1.902694):  0.9628458264998767
Epoch 49: 
BAS Score on Validation Data (Training Time 1.900731):  0.963490047271441
Epoch 50: 
BAS Score on Validation Data (Training Time 1.903450):  0.9627525699156404
Epoch 51: 
BAS Score on Validation Data (Training Time 1.915000):  0.9635933530565649
Epoch 52: 
BAS Score on Validation Data (Training Time 1.908791):  0.9636622235799809
Epoch 53: 
BAS Score on Validation Data (Training Time 1.909786):  0.9635015256920103
Epoch 54: 
BAS Score on Validation Data (Training Time 1.900414):  0.9629720891261394
Epoch 55: 
BAS Score on Validation Data (Training Time 1.903594):  0.9644427561786953
Epoch 56: 
BAS Score on Validation Data (Training Time 1.893183):  0.9612747121015603
Epoch 57: 
BAS Score on Validation Data (Training Time 1.904414):  0.9591971179785116
Epoch 58: 
BAS Score on Validation Data (Training Time 1.911064):  0.9647641519546365
Epoch 59: 
BAS Score on Validation Data (Training Time 1.913737):  0.9637870569865618
Epoch 60: 
BAS Score on Validation Data (Training Time 1.919202):  0.9634656612106206
Epoch 61: 
BAS Score on Validation Data (Training Time 1.901109):  0.9636378375191605
Epoch 62: 
BAS Score on Validation Data (Training Time 1.902756):  0.9648889853612174
Epoch 63: 
BAS Score on Validation Data (Training Time 1.904929):  0.9648215440574832
Epoch 64: 
BAS Score on Validation Data (Training Time 1.909503):  0.9635130041125796
Epoch 65: 
BAS Score on Validation Data (Training Time 1.913340):  0.9641199311830723
Epoch 66: 
BAS Score on Validation Data (Training Time 1.906571):  0.9606621128154557
Epoch 67: 
BAS Score on Validation Data (Training Time 1.895076):  0.9631557438552486
Epoch 68: 
BAS Score on Validation Data (Training Time 1.893958):  0.964142888024211
Epoch 69: 
BAS Score on Validation Data (Training Time 1.909845):  0.9638674059305471
Epoch 70: 
BAS Score on Validation Data (Training Time 1.905025):  0.9613091920263833
Epoch 71: 
BAS Score on Validation Data (Training Time 1.907772):  0.9632131359580952
Epoch 72: 
BAS Score on Validation Data (Training Time 1.899956):  0.9642921074916123
Epoch 73: 
BAS Score on Validation Data (Training Time 1.904550):  0.9653610298242418
Epoch 74: 
BAS Score on Validation Data (Training Time 1.905788):  0.9646838030106513
Epoch 75: 
BAS Score on Validation Data (Training Time 1.926358):  0.9653610298242418
Epoch 76: 
BAS Score on Validation Data (Training Time 1.917291):  0.9642002801270576
Epoch 77: 
BAS Score on Validation Data (Training Time 1.932253):  0.9652232887774096
Epoch 78: 
BAS Score on Validation Data (Training Time 1.930782):  0.9643150643327508
Epoch 79: 
BAS Score on Validation Data (Training Time 1.910823):  0.9643150643327508
Epoch 80: 
BAS Score on Validation Data (Training Time 1.923976):  0.9644757622207215
Epoch 81: 
BAS Score on Validation Data (Training Time 1.915898):  0.9645216759029989
Epoch 82: 
BAS Score on Validation Data (Training Time 1.884261):  0.9652118103568403
Epoch 83: 
BAS Score on Validation Data (Training Time 1.891046):  0.9647971579966628
Epoch 84: 
BAS Score on Validation Data (Training Time 1.898042):  0.9623967388779912
Epoch 85: 
BAS Score on Validation Data (Training Time 1.894076):  0.9647641519546366
Epoch 86: 
BAS Score on Validation Data (Training Time 1.887099):  0.9618615854333931
Epoch 87: 
BAS Score on Validation Data (Training Time 1.891442):  0.9617482304473816
Epoch 88: 
BAS Score on Validation Data (Training Time 1.891699):  0.9636607943602992
Epoch 89: 
BAS Score on Validation Data (Training Time 1.893778):  0.9651658966745632
Epoch 90: 
BAS Score on Validation Data (Training Time 1.887905):  0.9656236042776545
Epoch 91: 
BAS Score on Validation Data (Training Time 1.885734):  0.9651415106137428
Epoch 92: 
BAS Score on Validation Data (Training Time 1.887214):  0.9641672740850314
Epoch 93: 
BAS Score on Validation Data (Training Time 1.893671):  0.9644298485384443
Epoch 94: 
BAS Score on Validation Data (Training Time 1.892897):  0.9651300321931734
Epoch 95: 
BAS Score on Validation Data (Training Time 1.895874):  0.9647053306321082
Epoch 96: 
BAS Score on Validation Data (Training Time 1.887325):  0.9658990863713184
Epoch 97: 
BAS Score on Validation Data (Training Time 1.890917):  0.9657843021656252
Epoch 98: 
BAS Score on Validation Data (Training Time 1.889230):  0.9663711308343427
Epoch 99: 
BAS Score on Validation Data (Training Time 1.893477):  0.9663711308343427
Epoch 100: 
BAS Score on Validation Data (Training Time 1.891715):  0.9660841703201095
Epoch 101: 
BAS Score on Validation Data (Training Time 1.895367):  0.9657742529647374
Epoch 102: 
BAS Score on Validation Data (Training Time 1.884664):  0.960047994983439
Epoch 103: 
BAS Score on Validation Data (Training Time 1.887672):  0.9658531726890413
Epoch 104: 
BAS Score on Validation Data (Training Time 1.888907):  0.9647627227349548
Epoch 105: 
BAS Score on Validation Data (Training Time 1.894456):  0.9644872406412909
Epoch 106: 
BAS Score on Validation Data (Training Time 1.893218):  0.9656121258570852
Epoch 107: 
BAS Score on Validation Data (Training Time 1.894494):  0.9659693861144162
Epoch 108: 
BAS Score on Validation Data (Training Time 1.890781):  0.9657498669039172
Epoch 109: 
BAS Score on Validation Data (Training Time 1.888119):  0.965256294819436
Epoch 110: 
BAS Score on Validation Data (Training Time 1.896753):  0.9659579076938468
Epoch 111: 
BAS Score on Validation Data (Training Time 1.894856):  0.9661745684649824
Epoch 112: 
BAS Score on Validation Data (Training Time 1.892920):  0.9644872406412909
Epoch 113: 
BAS Score on Validation Data (Training Time 1.897760):  0.9663022603109268
Epoch 114: 
BAS Score on Validation Data (Training Time 1.899374):  0.9650382048286187
Epoch 115: 
BAS Score on Validation Data (Training Time 1.900208):  0.9663137387314961
Epoch 116: 
BAS Score on Validation Data (Training Time 1.893430):  0.9650382048286187
Epoch 117: 
BAS Score on Validation Data (Training Time 1.894314):  0.9660712626798583
Epoch 118: 
BAS Score on Validation Data (Training Time 1.897754):  0.9634986672526468
Epoch 119: 
BAS Score on Validation Data (Training Time 1.888171):  0.9660023921564425
Epoch 120: 
BAS Score on Validation Data (Training Time 1.903631):  0.9649908619266596
Epoch 121: 
BAS Score on Validation Data (Training Time 1.893303):  0.9650382048286187
Epoch 122: 
BAS Score on Validation Data (Training Time 1.889505):  0.9655891690159466
Epoch 123: 
BAS Score on Validation Data (Training Time 1.901355):  0.9655891690159466
Epoch 124: 
BAS Score on Validation Data (Training Time 1.896219):  0.9648760777209663
Epoch 125: 
BAS Score on Validation Data (Training Time 1.888086):  0.9662663958295369
Epoch 126: 
BAS Score on Validation Data (Training Time 1.894172):  0.9666566621288942
Epoch 127: 
BAS Score on Validation Data (Training Time 1.884560):  0.9622748085738889
Epoch 128: 
BAS Score on Validation Data (Training Time 1.933697):  0.9659564784741651
Epoch 129: 
BAS Score on Validation Data (Training Time 1.981623):  0.9661401332032744
Epoch 130: 
BAS Score on Validation Data (Training Time 1.982996):  0.9665418779232008
Epoch 131: 
BAS Score on Validation Data (Training Time 1.940389):  0.9651156953332404
Epoch 132: 
BAS Score on Validation Data (Training Time 1.921704):  0.9654959124317101
Epoch 133: 
BAS Score on Validation Data (Training Time 1.919692):  0.9653136869222827
Epoch 134: 
BAS Score on Validation Data (Training Time 1.936849):  0.9652663440203235
Epoch 135: 
BAS Score on Validation Data (Training Time 1.933924):  0.9641629864259861
Epoch 136: 
BAS Score on Validation Data (Training Time 1.944087):  0.9658747003104979
Epoch 137: 
BAS Score on Validation Data (Training Time 1.972234):  0.9659421416142321
Epoch 138: 
BAS Score on Validation Data (Training Time 1.920732):  0.9639750440378315
Epoch 139: 
BAS Score on Validation Data (Training Time 1.912950):  0.9666681405494635
Epoch 140: 
BAS Score on Validation Data (Training Time 1.931605):  0.9653954650859496
Epoch 141: 
BAS Score on Validation Data (Training Time 1.954452):  0.9662534881892858
Epoch 142: 
BAS Score on Validation Data (Training Time 1.946538):  0.9668862305402808
Epoch 143: 
BAS Score on Validation Data (Training Time 1.956095):  0.9662549174089676
Epoch 144: 
BAS Score on Validation Data (Training Time 1.929502):  0.9662190529275779
Epoch 145: 
BAS Score on Validation Data (Training Time 1.916810):  0.9665648347643395
Epoch 146: 
BAS Score on Validation Data (Training Time 1.940342):  0.9648976053424231
Epoch 147: 
BAS Score on Validation Data (Training Time 1.974620):  0.965269247122802
Epoch 148: 
BAS Score on Validation Data (Training Time 1.939605):  0.9665303995026315
Epoch 149: 
BAS Score on Validation Data (Training Time 1.935285):  0.9658431234881535
High Quality
0.9565507811680457 0.9104128965852434 0.8794416604862435 0.9565507811680457 0.8852506757612203
              precision    recall  f1-score   support

           0       0.99      0.94      0.96     23726
           1       0.97      1.00      0.99      5353
           2       0.67      0.93      0.78      3178

    accuracy                           0.95     32257
   macro avg       0.88      0.96      0.91     32257
weighted avg       0.96      0.95      0.95     32257

Low Quality Post 2020
0.9492426198468027 0.7183373714719067 0.6979466633279078 0.9492426198468027 0.7905734697458797
              precision    recall  f1-score   support

           0       1.00      0.93      0.96      1291
           1       0.98      1.00      0.99       160
           2       0.11      0.92      0.20        12

    accuracy                           0.94      1463
   macro avg       0.70      0.95      0.72      1463
weighted avg       0.99      0.94      0.96      1463

Emb Dim: 64
Transformer-MHA-64
=====================================================================================================================================================================
Layer (type:depth-idx)                   Input Shape               Output Shape              Kernel Shape              Param #                   Mult-Adds
=====================================================================================================================================================================
TransfomerBlock                          [2, 2, 64, 64]            [2, 3]                    --                        --                        --
├─ModuleList: 1-1                        --                        --                        --                        --                        --
│    └─MakePatches: 2-1                  [2, 1, 64, 64]            [2, 256, 64]              --                        --                        --
│    │    └─Unfold: 3-1                  [2, 1, 64, 64]            [2, 16, 256]              [4, 4]                    --                        --
│    │    └─Linear: 3-2                  [2, 256, 16]              [2, 256, 64]              --                        1,088                     2,176
│    │    └─PositionalEncoding: 3-3      [2, 256, 64]              [2, 256, 64]              --                        --                        --
│    └─MakePatches: 2-2                  [2, 1, 64, 64]            [2, 256, 64]              --                        --                        --
│    │    └─Unfold: 3-4                  [2, 1, 64, 64]            [2, 16, 256]              [4, 4]                    --                        --
│    │    └─Linear: 3-5                  [2, 256, 16]              [2, 256, 64]              --                        1,088                     2,176
│    │    └─PositionalEncoding: 3-6      [2, 256, 64]              [2, 256, 64]              --                        --                        --
├─TransformerEncoderLayer: 1-2           [2, 512, 64]              [2, 512, 64]              --                        --                        --
│    └─MultiheadAttention: 2-3           [2, 512, 64]              [2, 512, 64]              --                        16,640                    --
│    └─Dropout: 2-4                      [2, 512, 64]              [2, 512, 64]              --                        --                        --
│    └─LayerNorm: 2-5                    [2, 512, 64]              [2, 512, 64]              --                        128                       256
│    └─Linear: 2-6                       [2, 512, 64]              [2, 512, 2048]            --                        133,120                   266,240
│    └─Dropout: 2-7                      [2, 512, 2048]            [2, 512, 2048]            --                        --                        --
│    └─Linear: 2-8                       [2, 512, 2048]            [2, 512, 64]              --                        131,136                   262,272
│    └─Dropout: 2-9                      [2, 512, 64]              [2, 512, 64]              --                        --                        --
│    └─LayerNorm: 2-10                   [2, 512, 64]              [2, 512, 64]              --                        128                       256
├─Sequential: 1-3                        [2, 64]                   [2, 3]                    --                        --                        --
│    └─Linear: 2-11                      [2, 64]                   [2, 64]                   --                        4,160                     8,320
│    └─ReLU: 2-12                        [2, 64]                   [2, 64]                   --                        --                        --
│    └─Linear: 2-13                      [2, 64]                   [2, 32]                   --                        2,080                     4,160
│    └─ReLU: 2-14                        [2, 32]                   [2, 32]                   --                        --                        --
│    └─Linear: 2-15                      [2, 32]                   [2, 3]                    --                        99                        198
=====================================================================================================================================================================
Total params: 289,667
Trainable params: 289,667
Non-trainable params: 0
Total mult-adds (Units.MEGABYTES): 0.55
=====================================================================================================================================================================
Input size (MB): 0.07
Forward/backward pass size (MB): 18.88
Params size (MB): 1.09
Estimated Total Size (MB): 20.03
=====================================================================================================================================================================
Total Trainable Parameters:  289667
Total Parameters:  289667
Epoch 0: 
BAS Score on Validation Data (Training Time 3.044120):  0.3333333333333333
Epoch 1: 
BAS Score on Validation Data (Training Time 3.024219):  0.6547119139752674
Epoch 2: 
BAS Score on Validation Data (Training Time 2.989310):  0.6642347153887657
Epoch 3: 
BAS Score on Validation Data (Training Time 2.988643):  0.820208273038128
Epoch 4: 
BAS Score on Validation Data (Training Time 2.986151):  0.9265138116216999
Epoch 5: 
BAS Score on Validation Data (Training Time 2.994709):  0.9302286215533474
Epoch 6: 
BAS Score on Validation Data (Training Time 2.992942):  0.9017185026780004
Epoch 7: 
BAS Score on Validation Data (Training Time 2.978475):  0.9422321017032727
Epoch 8: 
BAS Score on Validation Data (Training Time 2.982179):  0.9412220900194016
Epoch 9: 
BAS Score on Validation Data (Training Time 2.983289):  0.9372249645374867
Epoch 10: 
BAS Score on Validation Data (Training Time 2.989824):  0.9325419475976604
Epoch 11: 
BAS Score on Validation Data (Training Time 2.983330):  0.9467016736162474
Epoch 12: 
BAS Score on Validation Data (Training Time 2.983053):  0.9265288184283587
Epoch 13: 
BAS Score on Validation Data (Training Time 2.988816):  0.9486587666548756
Epoch 14: 
BAS Score on Validation Data (Training Time 2.992723):  0.9279320888402954
Epoch 15: 
BAS Score on Validation Data (Training Time 2.978368):  0.9461521833117162
Epoch 16: 
BAS Score on Validation Data (Training Time 2.974848):  0.9399870208987648
Epoch 17: 
BAS Score on Validation Data (Training Time 2.985002):  0.9411664844411572
Epoch 18: 
BAS Score on Validation Data (Training Time 2.993509):  0.9452855402271746
Epoch 19: 
BAS Score on Validation Data (Training Time 2.982974):  0.9475066816020123
Epoch 20: 
BAS Score on Validation Data (Training Time 2.978310):  0.9480361181678832
Epoch 21: 
BAS Score on Validation Data (Training Time 2.987061):  0.950193971908687
Epoch 22: 
BAS Score on Validation Data (Training Time 2.989814):  0.9452139899168551
Epoch 23: 
BAS Score on Validation Data (Training Time 2.986365):  0.9445066155006021
Epoch 24: 
BAS Score on Validation Data (Training Time 2.990800):  0.9534279387436445
Epoch 25: 
BAS Score on Validation Data (Training Time 2.992794):  0.9538325865660496
Epoch 26: 
BAS Score on Validation Data (Training Time 2.988765):  0.95137776777324
Epoch 27: 
BAS Score on Validation Data (Training Time 2.984381):  0.9516647282874732
Epoch 28: 
BAS Score on Validation Data (Training Time 2.987832):  0.9468223980162431
Epoch 29: 
BAS Score on Validation Data (Training Time 2.985595):  0.945015998327813
Epoch 30: 
BAS Score on Validation Data (Training Time 2.991662):  0.9493648458407922
Epoch 31: 
BAS Score on Validation Data (Training Time 2.992565):  0.9511941130441306
Epoch 32: 
BAS Score on Validation Data (Training Time 2.984336):  0.9523233305820855
Epoch 33: 
BAS Score on Validation Data (Training Time 2.993308):  0.9555227728291046
Epoch 34: 
BAS Score on Validation Data (Training Time 2.988498):  0.9575013041629598
Epoch 35: 
BAS Score on Validation Data (Training Time 2.985347):  0.9336955958595506
Epoch 36: 
BAS Score on Validation Data (Training Time 2.987118):  0.9557997288055654
Epoch 37: 
BAS Score on Validation Data (Training Time 2.988808):  0.9535658137798215
Epoch 38: 
BAS Score on Validation Data (Training Time 2.992759):  0.957601796171835
Epoch 39: 
BAS Score on Validation Data (Training Time 2.990386):  0.9574999196063928
Epoch 40: 
BAS Score on Validation Data (Training Time 2.980988):  0.9489932933866433
Epoch 41: 
BAS Score on Validation Data (Training Time 2.999351):  0.9597466976092729
Epoch 42: 
BAS Score on Validation Data (Training Time 3.017165):  0.9558428287115941
Epoch 43: 
BAS Score on Validation Data (Training Time 3.000241):  0.952560134418111
Epoch 44: 
BAS Score on Validation Data (Training Time 3.009984):  0.956510006324297
Epoch 45: 
BAS Score on Validation Data (Training Time 3.024980):  0.9482630067923665
Epoch 46: 
BAS Score on Validation Data (Training Time 2.998189):  0.9538054760552108
Epoch 47: 
BAS Score on Validation Data (Training Time 3.000876):  0.9615143743769495
Epoch 48: 
BAS Score on Validation Data (Training Time 3.002270):  0.9588931408174423
Epoch 49: 
BAS Score on Validation Data (Training Time 3.016293):  0.9323670468391021
Epoch 50: 
BAS Score on Validation Data (Training Time 3.009706):  0.9378865145976926
Epoch 51: 
BAS Score on Validation Data (Training Time 3.012159):  0.9609677871748973
Epoch 52: 
BAS Score on Validation Data (Training Time 3.028640):  0.9621112522465548
Epoch 53: 
BAS Score on Validation Data (Training Time 3.008144):  0.9594885894673656
Epoch 54: 
BAS Score on Validation Data (Training Time 3.009264):  0.956352211538805
Epoch 55: 
BAS Score on Validation Data (Training Time 2.971950):  0.9579849610358983
Epoch 56: 
BAS Score on Validation Data (Training Time 2.979903):  0.9592819778971174
Epoch 57: 
BAS Score on Validation Data (Training Time 2.989806):  0.9534769788439758
Epoch 58: 
BAS Score on Validation Data (Training Time 2.971109):  0.9561154970290096
Epoch 59: 
BAS Score on Validation Data (Training Time 2.978454):  0.9564741418429072
Epoch 60: 
BAS Score on Validation Data (Training Time 2.980223):  0.9616522047500117
Epoch 61: 
BAS Score on Validation Data (Training Time 2.983177):  0.9565774922911464
Epoch 62: 
BAS Score on Validation Data (Training Time 2.981151):  0.960805749393475
Epoch 63: 
BAS Score on Validation Data (Training Time 2.987683):  0.9596579519996569
Epoch 64: 
BAS Score on Validation Data (Training Time 2.983719):  0.9575661103429055
Epoch 65: 
BAS Score on Validation Data (Training Time 2.983333):  0.9601572856259804
Epoch 66: 
BAS Score on Validation Data (Training Time 2.986108):  0.954444113937393
Epoch 67: 
BAS Score on Validation Data (Training Time 2.989759):  0.9650253418514826
Epoch 68: 
BAS Score on Validation Data (Training Time 2.987902):  0.9558945932619438
Epoch 69: 
BAS Score on Validation Data (Training Time 2.998840):  0.9606421930661407
Epoch 70: 
BAS Score on Validation Data (Training Time 2.990573):  0.9623753452458793
Epoch 71: 
BAS Score on Validation Data (Training Time 2.987771):  0.9646695554769485
Epoch 72: 
BAS Score on Validation Data (Training Time 2.989188):  0.9652261918798883
Epoch 73: 
BAS Score on Validation Data (Training Time 2.994008):  0.9654112758286795
Epoch 74: 
BAS Score on Validation Data (Training Time 2.977098):  0.9659521908151197
Epoch 75: 
BAS Score on Validation Data (Training Time 2.981153):  0.963896213639758
Epoch 76: 
BAS Score on Validation Data (Training Time 2.982952):  0.9641616018694193
Epoch 77: 
BAS Score on Validation Data (Training Time 2.987695):  0.9623209009086264
Epoch 78: 
BAS Score on Validation Data (Training Time 2.985507):  0.9648116288459408
Epoch 79: 
BAS Score on Validation Data (Training Time 2.994738):  0.9559477423688602
Epoch 80: 
BAS Score on Validation Data (Training Time 2.996779):  0.955597628209938
Epoch 81: 
BAS Score on Validation Data (Training Time 2.991849):  0.9644356100802863
Epoch 82: 
BAS Score on Validation Data (Training Time 2.989077):  0.9619636853144105
Epoch 83: 
BAS Score on Validation Data (Training Time 2.986804):  0.9552117388958564
Epoch 84: 
BAS Score on Validation Data (Training Time 2.990344):  0.9651961336034559
Epoch 85: 
BAS Score on Validation Data (Training Time 2.991253):  0.9626796797118692
Epoch 86: 
BAS Score on Validation Data (Training Time 2.991738):  0.9617412183383177
Epoch 87: 
BAS Score on Validation Data (Training Time 2.982404):  0.9639220735833752
Epoch 88: 
BAS Score on Validation Data (Training Time 3.006170):  0.9667672480017723
Epoch 89: 
BAS Score on Validation Data (Training Time 2.990325):  0.9644114473350411
Epoch 90: 
BAS Score on Validation Data (Training Time 2.986706):  0.9564757497150493
Epoch 91: 
BAS Score on Validation Data (Training Time 2.989174):  0.9592506243903486
Epoch 92: 
BAS Score on Validation Data (Training Time 2.997001):  0.9668461230629607
Epoch 93: 
BAS Score on Validation Data (Training Time 2.982344):  0.9568158146730839
Epoch 94: 
BAS Score on Validation Data (Training Time 2.983885):  0.9614041458089919
Epoch 95: 
BAS Score on Validation Data (Training Time 2.990067):  0.9649250731581825
Epoch 96: 
BAS Score on Validation Data (Training Time 2.982980):  0.9592935903070322
Epoch 97: 
BAS Score on Validation Data (Training Time 2.972357):  0.9594772450361414
Epoch 98: 
BAS Score on Validation Data (Training Time 2.982634):  0.9672507708853658
Epoch 99: 
BAS Score on Validation Data (Training Time 2.995316):  0.9609709582560662
Epoch 100: 
BAS Score on Validation Data (Training Time 2.994988):  0.9650915772511103
Epoch 101: 
BAS Score on Validation Data (Training Time 2.994737):  0.9648476273166757
Epoch 102: 
BAS Score on Validation Data (Training Time 3.011248):  0.9636538269143505
Epoch 103: 
BAS Score on Validation Data (Training Time 3.013174):  0.9600584461523619
Epoch 104: 
BAS Score on Validation Data (Training Time 3.024997):  0.9624601605013702
Epoch 105: 
BAS Score on Validation Data (Training Time 3.010889):  0.9640998774444123
Epoch 106: 
BAS Score on Validation Data (Training Time 3.027406):  0.9659938168383517
Epoch 107: 
BAS Score on Validation Data (Training Time 3.010393):  0.9648676363922207
Epoch 108: 
BAS Score on Validation Data (Training Time 3.041833):  0.9679695343959581
Epoch 109: 
BAS Score on Validation Data (Training Time 3.012208):  0.9640842900172579
Epoch 110: 
BAS Score on Validation Data (Training Time 2.996559):  0.961061356400939
Epoch 111: 
BAS Score on Validation Data (Training Time 3.017540):  0.9666667559928968
Epoch 112: 
BAS Score on Validation Data (Training Time 3.011434):  0.9627514086746488
Epoch 113: 
BAS Score on Validation Data (Training Time 2.999737):  0.9676883800866823
Epoch 114: 
BAS Score on Validation Data (Training Time 3.007053):  0.9570565042001192
Epoch 115: 
BAS Score on Validation Data (Training Time 2.998211):  0.9665793502767327
Epoch 116: 
BAS Score on Validation Data (Training Time 2.998630):  0.9676237525591965
Epoch 117: 
BAS Score on Validation Data (Training Time 3.037991):  0.9676123634648572
Epoch 118: 
BAS Score on Validation Data (Training Time 3.011940):  0.9618030320895549
Epoch 119: 
BAS Score on Validation Data (Training Time 2.999552):  0.9630628445759326
Epoch 120: 
BAS Score on Validation Data (Training Time 3.008548):  0.9663383481078919
Epoch 121: 
BAS Score on Validation Data (Training Time 3.001492):  0.9589187774454843
Epoch 122: 
BAS Score on Validation Data (Training Time 3.037030):  0.9697573988916401
Epoch 123: 
BAS Score on Validation Data (Training Time 3.019640):  0.963183256334123
Epoch 124: 
BAS Score on Validation Data (Training Time 3.009508):  0.9704804500612777
Epoch 125: 
BAS Score on Validation Data (Training Time 3.003741):  0.9699653950184549
Epoch 126: 
BAS Score on Validation Data (Training Time 2.994074):  0.9662566146073398
Epoch 127: 
BAS Score on Validation Data (Training Time 3.002658):  0.9672321910295026
Epoch 128: 
BAS Score on Validation Data (Training Time 2.997900):  0.9582879109453216
Epoch 129: 
BAS Score on Validation Data (Training Time 2.989029):  0.962970927885148
Epoch 130: 
BAS Score on Validation Data (Training Time 2.995826):  0.9699725857799789
Epoch 131: 
BAS Score on Validation Data (Training Time 3.010045):  0.9702896938968747
Epoch 132: 
BAS Score on Validation Data (Training Time 3.026331):  0.9654571895109568
Epoch 133: 
BAS Score on Validation Data (Training Time 2.999531):  0.9596710382923684
Epoch 134: 
BAS Score on Validation Data (Training Time 3.033903):  0.9695320734761839
Epoch 135: 
BAS Score on Validation Data (Training Time 3.036823):  0.9671172728344642
Epoch 136: 
BAS Score on Validation Data (Training Time 3.002221):  0.9692322499848146
Epoch 137: 
BAS Score on Validation Data (Training Time 3.023712):  0.9699066183590416
Epoch 138: 
BAS Score on Validation Data (Training Time 3.040295):  0.968864895863481
Epoch 139: 
BAS Score on Validation Data (Training Time 3.013315):  0.9682408181568068
Epoch 140: 
BAS Score on Validation Data (Training Time 3.031562):  0.9531802371075452
Epoch 141: 
BAS Score on Validation Data (Training Time 3.044813):  0.9706354310705212
Epoch 142: 
BAS Score on Validation Data (Training Time 3.041349):  0.9703369474726037
Epoch 143: 
BAS Score on Validation Data (Training Time 3.012819):  0.9681116524280656
Epoch 144: 
BAS Score on Validation Data (Training Time 3.000879):  0.9676782862226796
Epoch 145: 
BAS Score on Validation Data (Training Time 3.031848):  0.966322448038932
Epoch 146: 
BAS Score on Validation Data (Training Time 3.017034):  0.9549170963258335
Epoch 147: 
BAS Score on Validation Data (Training Time 2.992723):  0.9665063260836165
Epoch 148: 
BAS Score on Validation Data (Training Time 2.973850):  0.9549730592089983
Epoch 149: 
BAS Score on Validation Data (Training Time 2.987475):  0.9648531208798277
High Quality
0.9220535933644971 0.8238704980500766 0.8008841749227843 0.9220535933644971 0.7623577201865157
              precision    recall  f1-score   support

           0       1.00      0.83      0.90     23726
           1       0.98      0.97      0.98      5353
           2       0.42      0.97      0.59      3178

    accuracy                           0.87     32257
   macro avg       0.80      0.92      0.82     32257
weighted avg       0.94      0.87      0.89     32257

Low Quality Post 2020
0.8968284706084861 0.6454471990375749 0.6746927206824189 0.8968284706084861 0.5792089097964408
              precision    recall  f1-score   support

           0       1.00      0.77      0.87      1291
           1       0.99      1.00      0.99       160
           2       0.04      0.92      0.07        12

    accuracy                           0.80      1463
   macro avg       0.67      0.90      0.65      1463
weighted avg       0.99      0.80      0.88      1463

Emb Dim: 128
Transformer-MHA-128
=====================================================================================================================================================================
Layer (type:depth-idx)                   Input Shape               Output Shape              Kernel Shape              Param #                   Mult-Adds
=====================================================================================================================================================================
TransfomerBlock                          [2, 2, 64, 64]            [2, 3]                    --                        --                        --
├─ModuleList: 1-1                        --                        --                        --                        --                        --
│    └─MakePatches: 2-1                  [2, 1, 64, 64]            [2, 256, 128]             --                        --                        --
│    │    └─Unfold: 3-1                  [2, 1, 64, 64]            [2, 16, 256]              [4, 4]                    --                        --
│    │    └─Linear: 3-2                  [2, 256, 16]              [2, 256, 128]             --                        2,176                     4,352
│    │    └─PositionalEncoding: 3-3      [2, 256, 128]             [2, 256, 128]             --                        --                        --
│    └─MakePatches: 2-2                  [2, 1, 64, 64]            [2, 256, 128]             --                        --                        --
│    │    └─Unfold: 3-4                  [2, 1, 64, 64]            [2, 16, 256]              [4, 4]                    --                        --
│    │    └─Linear: 3-5                  [2, 256, 16]              [2, 256, 128]             --                        2,176                     4,352
│    │    └─PositionalEncoding: 3-6      [2, 256, 128]             [2, 256, 128]             --                        --                        --
├─TransformerEncoderLayer: 1-2           [2, 512, 128]             [2, 512, 128]             --                        --                        --
│    └─MultiheadAttention: 2-3           [2, 512, 128]             [2, 512, 128]             --                        66,048                    --
│    └─Dropout: 2-4                      [2, 512, 128]             [2, 512, 128]             --                        --                        --
│    └─LayerNorm: 2-5                    [2, 512, 128]             [2, 512, 128]             --                        256                       512
│    └─Linear: 2-6                       [2, 512, 128]             [2, 512, 2048]            --                        264,192                   528,384
│    └─Dropout: 2-7                      [2, 512, 2048]            [2, 512, 2048]            --                        --                        --
│    └─Linear: 2-8                       [2, 512, 2048]            [2, 512, 128]             --                        262,272                   524,544
│    └─Dropout: 2-9                      [2, 512, 128]             [2, 512, 128]             --                        --                        --
│    └─LayerNorm: 2-10                   [2, 512, 128]             [2, 512, 128]             --                        256                       512
├─Sequential: 1-3                        [2, 128]                  [2, 3]                    --                        --                        --
│    └─Linear: 2-11                      [2, 128]                  [2, 64]                   --                        8,256                     16,512
│    └─ReLU: 2-12                        [2, 64]                   [2, 64]                   --                        --                        --
│    └─Linear: 2-13                      [2, 64]                   [2, 32]                   --                        2,080                     4,160
│    └─ReLU: 2-14                        [2, 32]                   [2, 32]                   --                        --                        --
│    └─Linear: 2-15                      [2, 32]                   [2, 3]                    --                        99                        198
=====================================================================================================================================================================
Total params: 607,811
Trainable params: 607,811
Non-trainable params: 0
Total mult-adds (Units.MEGABYTES): 1.08
=====================================================================================================================================================================
Input size (MB): 0.07
Forward/backward pass size (MB): 20.97
Params size (MB): 2.17
Estimated Total Size (MB): 23.21
=====================================================================================================================================================================
Total Trainable Parameters:  607811
Total Parameters:  607811
Epoch 0: 
BAS Score on Validation Data (Training Time 3.439121):  0.6543675613581875
Epoch 1: 
BAS Score on Validation Data (Training Time 3.434542):  0.6964920249541756
Epoch 2: 
BAS Score on Validation Data (Training Time 3.432003):  0.8837425814565892
Epoch 3: 
BAS Score on Validation Data (Training Time 3.430629):  0.904822857153066
Epoch 4: 
BAS Score on Validation Data (Training Time 3.428909):  0.9001859772110922
Epoch 5: 
BAS Score on Validation Data (Training Time 3.437068):  0.9085494581470881
Epoch 6: 
BAS Score on Validation Data (Training Time 3.427380):  0.897303777070314
Epoch 7: 
BAS Score on Validation Data (Training Time 3.430334):  0.9202930436305038
Epoch 8: 
BAS Score on Validation Data (Training Time 3.434553):  0.8954600836808124
Epoch 9: 
BAS Score on Validation Data (Training Time 3.433498):  0.8949823223390609
Epoch 10: 
BAS Score on Validation Data (Training Time 3.449032):  0.9086041704630315
Epoch 11: 
BAS Score on Validation Data (Training Time 3.432485):  0.9313351948919689
Epoch 12: 
BAS Score on Validation Data (Training Time 3.426524):  0.9152185544872138
Epoch 13: 
BAS Score on Validation Data (Training Time 3.435873):  0.9388362757393532
Epoch 14: 
BAS Score on Validation Data (Training Time 3.422671):  0.9390227889078261
Epoch 15: 
BAS Score on Validation Data (Training Time 3.448853):  0.8772816152326234
Epoch 16: 
BAS Score on Validation Data (Training Time 3.441137):  0.945000053595738
Epoch 17: 
BAS Score on Validation Data (Training Time 3.432940):  0.9142443179585026
Epoch 18: 
BAS Score on Validation Data (Training Time 3.425269):  0.9172773901019391
Epoch 19: 
BAS Score on Validation Data (Training Time 3.436873):  0.9391189932576562
Epoch 20: 
BAS Score on Validation Data (Training Time 3.436345):  0.9457848291903828
Epoch 21: 
BAS Score on Validation Data (Training Time 3.426157):  0.9459569608358077
Epoch 22: 
BAS Score on Validation Data (Training Time 3.426095):  0.9359124049122279
Epoch 23: 
BAS Score on Validation Data (Training Time 3.436157):  0.9243451494070526
Epoch 24: 
BAS Score on Validation Data (Training Time 3.415164):  0.9313426536321833
Epoch 25: 
BAS Score on Validation Data (Training Time 3.419206):  0.9400487453237719
Epoch 26: 
BAS Score on Validation Data (Training Time 3.404384):  0.9482082498133083
Epoch 27: 
BAS Score on Validation Data (Training Time 3.407207):  0.9188114341147592
Epoch 28: 
BAS Score on Validation Data (Training Time 3.405549):  0.9505094721534411
Epoch 29: 
BAS Score on Validation Data (Training Time 3.408208):  0.9349999374716389
Epoch 30: 
BAS Score on Validation Data (Training Time 3.410281):  0.945324441800388
Epoch 31: 
BAS Score on Validation Data (Training Time 3.400432):  0.9342223079754031
Epoch 32: 
BAS Score on Validation Data (Training Time 3.408127):  0.9510075105494278
Epoch 33: 
BAS Score on Validation Data (Training Time 3.411319):  0.9509658845261958
Epoch 34: 
BAS Score on Validation Data (Training Time 3.412263):  0.9434564070131811
Epoch 35: 
BAS Score on Validation Data (Training Time 3.403815):  0.9487750247433656
Epoch 36: 
BAS Score on Validation Data (Training Time 3.406650):  0.9529832281070343
Epoch 37: 
BAS Score on Validation Data (Training Time 3.419370):  0.940551071378804
Epoch 38: 
BAS Score on Validation Data (Training Time 3.410514):  0.9504063896838923
Epoch 39: 
BAS Score on Validation Data (Training Time 3.412359):  0.947640224316029
Epoch 40: 
BAS Score on Validation Data (Training Time 3.422103):  0.9558484562640913
Epoch 41: 
BAS Score on Validation Data (Training Time 3.412355):  0.9552686843675523
Epoch 42: 
BAS Score on Validation Data (Training Time 3.412880):  0.9435023653585732
Epoch 43: 
BAS Score on Validation Data (Training Time 3.413426):  0.954268766547684
Epoch 44: 
BAS Score on Validation Data (Training Time 3.420445):  0.9486226341947955
Epoch 45: 
BAS Score on Validation Data (Training Time 3.407823):  0.9551024035901997
Epoch 46: 
BAS Score on Validation Data (Training Time 3.410779):  0.9384046960585694
Epoch 47: 
BAS Score on Validation Data (Training Time 3.447494):  0.9551210281091782
Epoch 48: 
BAS Score on Validation Data (Training Time 3.442185):  0.947551300053953
Epoch 49: 
BAS Score on Validation Data (Training Time 3.440978):  0.9566562780261046
Epoch 50: 
BAS Score on Validation Data (Training Time 3.448334):  0.9526992153583947
Epoch 51: 
BAS Score on Validation Data (Training Time 3.418118):  0.9510234552815026
Epoch 52: 
BAS Score on Validation Data (Training Time 3.437752):  0.9447951392238622
Epoch 53: 
BAS Score on Validation Data (Training Time 3.444855):  0.9540335705838006
Epoch 54: 
BAS Score on Validation Data (Training Time 3.441851):  0.9425885580245326
Epoch 55: 
BAS Score on Validation Data (Training Time 3.432725):  0.9459429366176803
Epoch 56: 
BAS Score on Validation Data (Training Time 3.440438):  0.9542860958363257
Epoch 57: 
BAS Score on Validation Data (Training Time 3.445625):  0.9480592536614821
Epoch 58: 
BAS Score on Validation Data (Training Time 3.445016):  0.9394936721298589
Epoch 59: 
BAS Score on Validation Data (Training Time 3.446251):  0.9517336881371193
Epoch 60: 
BAS Score on Validation Data (Training Time 3.496103):  0.9601584915300868
Epoch 61: 
BAS Score on Validation Data (Training Time 3.452750):  0.9605458993900805
Epoch 62: 
BAS Score on Validation Data (Training Time 3.486074):  0.9431150914879249
Epoch 63: 
BAS Score on Validation Data (Training Time 3.468710):  0.9528585733529136
Epoch 64: 
BAS Score on Validation Data (Training Time 3.447793):  0.9593738052616723
Epoch 65: 
BAS Score on Validation Data (Training Time 3.504584):  0.9582087679054427
Epoch 66: 
BAS Score on Validation Data (Training Time 3.475337):  0.9507552979387079
Epoch 67: 
BAS Score on Validation Data (Training Time 3.466339):  0.9537797501009386
Epoch 68: 
BAS Score on Validation Data (Training Time 3.500445):  0.9501383663304428
Epoch 69: 
BAS Score on Validation Data (Training Time 3.483552):  0.9622662779189133
Epoch 70: 
BAS Score on Validation Data (Training Time 3.448791):  0.9595918059262593
Epoch 71: 
BAS Score on Validation Data (Training Time 3.446122):  0.9591643352520607
Epoch 72: 
BAS Score on Validation Data (Training Time 3.461359):  0.9489016000114336
Epoch 73: 
BAS Score on Validation Data (Training Time 3.468091):  0.9590537940422977
Epoch 74: 
BAS Score on Validation Data (Training Time 3.485208):  0.9550395625873165
Epoch 75: 
BAS Score on Validation Data (Training Time 3.468096):  0.9630425228585823
Epoch 76: 
BAS Score on Validation Data (Training Time 3.487307):  0.9604599675567131
Epoch 77: 
BAS Score on Validation Data (Training Time 3.454916):  0.9568616390291312
Epoch 78: 
BAS Score on Validation Data (Training Time 3.481781):  0.9613623411332998
Epoch 79: 
BAS Score on Validation Data (Training Time 3.462846):  0.9614269239976704
Epoch 80: 
BAS Score on Validation Data (Training Time 3.448427):  0.9586293157968079
Epoch 81: 
BAS Score on Validation Data (Training Time 3.434538):  0.9646666523744698
Epoch 82: 
BAS Score on Validation Data (Training Time 3.445295):  0.9622202749104058
Epoch 83: 
BAS Score on Validation Data (Training Time 3.460252):  0.9554097304848984
Epoch 84: 
BAS Score on Validation Data (Training Time 3.492763):  0.955722550942749
Epoch 85: 
BAS Score on Validation Data (Training Time 3.492161):  0.9603910970332973
Epoch 86: 
BAS Score on Validation Data (Training Time 3.490187):  0.9572805343852391
Epoch 87: 
BAS Score on Validation Data (Training Time 3.459400):  0.9651043062389012
Epoch 88: 
BAS Score on Validation Data (Training Time 3.482800):  0.957008134046514
Epoch 89: 
BAS Score on Validation Data (Training Time 3.443068):  0.956301742218792
Epoch 90: 
BAS Score on Validation Data (Training Time 3.439471):  0.9534441514544096
Epoch 91: 
BAS Score on Validation Data (Training Time 3.420903):  0.965071300196875
Epoch 92: 
BAS Score on Validation Data (Training Time 3.438743):  0.9626782058290724
Epoch 93: 
BAS Score on Validation Data (Training Time 3.442101):  0.9607428190643613
Epoch 94: 
BAS Score on Validation Data (Training Time 3.434299):  0.9657084195331453
Epoch 95: 
BAS Score on Validation Data (Training Time 3.425879):  0.9554035669750208
Epoch 96: 
BAS Score on Validation Data (Training Time 3.431025):  0.9663569726268699
Epoch 97: 
BAS Score on Validation Data (Training Time 3.453171):  0.9630453366348308
Epoch 98: 
BAS Score on Validation Data (Training Time 3.441715):  0.9646409264201976
Epoch 99: 
BAS Score on Validation Data (Training Time 3.462710):  0.962612238408135
Epoch 100: 
BAS Score on Validation Data (Training Time 3.442828):  0.9609838212332024
Epoch 101: 
BAS Score on Validation Data (Training Time 3.462058):  0.9629767340901051
Epoch 102: 
BAS Score on Validation Data (Training Time 3.469665):  0.9573164435297438
Epoch 103: 
BAS Score on Validation Data (Training Time 3.460398):  0.9639938472092698
Epoch 104: 
BAS Score on Validation Data (Training Time 3.476857):  0.9637499419379504
Epoch 105: 
BAS Score on Validation Data (Training Time 3.472555):  0.9549191061660111
Epoch 106: 
BAS Score on Validation Data (Training Time 3.449515):  0.9606422823923708
Epoch 107: 
BAS Score on Validation Data (Training Time 3.436679):  0.9604227185187568
Epoch 108: 
BAS Score on Validation Data (Training Time 3.420291):  0.9640698191679798
Epoch 109: 
BAS Score on Validation Data (Training Time 3.429779):  0.9613540337938993
Epoch 110: 
BAS Score on Validation Data (Training Time 3.434402):  0.96253604313385
Epoch 111: 
BAS Score on Validation Data (Training Time 3.439825):  0.9663813140245754
Epoch 112: 
BAS Score on Validation Data (Training Time 3.413925):  0.9603751969643374
Epoch 113: 
BAS Score on Validation Data (Training Time 3.425199):  0.9664832799162477
Epoch 114: 
BAS Score on Validation Data (Training Time 3.457101):  0.9629294358512611
Epoch 115: 
BAS Score on Validation Data (Training Time 3.434026):  0.9638948737463063
Epoch 116: 
BAS Score on Validation Data (Training Time 3.435588):  0.9671489836461538
Epoch 117: 
BAS Score on Validation Data (Training Time 3.428463):  0.955729652378043
Epoch 118: 
BAS Score on Validation Data (Training Time 3.435963):  0.9623238486742202
Epoch 119: 
BAS Score on Validation Data (Training Time 3.430108):  0.9647672783726904
Epoch 120: 
BAS Score on Validation Data (Training Time 3.434190):  0.9560626159007836
Epoch 121: 
BAS Score on Validation Data (Training Time 3.433496):  0.9647027848345499
Epoch 122: 
BAS Score on Validation Data (Training Time 3.422658):  0.9668303569833462
Epoch 123: 
BAS Score on Validation Data (Training Time 3.460553):  0.9494054446123777
Epoch 124: 
BAS Score on Validation Data (Training Time 3.460321):  0.9627399749171945
Epoch 125: 
BAS Score on Validation Data (Training Time 3.451932):  0.9657400856817199
Epoch 126: 
BAS Score on Validation Data (Training Time 3.446921):  0.9649968914471921
Epoch 127: 
BAS Score on Validation Data (Training Time 3.441649):  0.9689022788907827
Epoch 128: 
BAS Score on Validation Data (Training Time 3.464182):  0.964583489654236
Epoch 129: 
BAS Score on Validation Data (Training Time 3.455384):  0.9628186266628078
Epoch 130: 
BAS Score on Validation Data (Training Time 3.443506):  0.9623856624254573
Epoch 131: 
BAS Score on Validation Data (Training Time 3.465386):  0.9660484844911799
Epoch 132: 
BAS Score on Validation Data (Training Time 3.454155):  0.9570985321913867
Epoch 133: 
BAS Score on Validation Data (Training Time 3.460397):  0.9651116756528855
Epoch 134: 
BAS Score on Validation Data (Training Time 3.427073):  0.9634072418561276
Epoch 135: 
BAS Score on Validation Data (Training Time 3.428221):  0.9612562215719272
Epoch 136: 
BAS Score on Validation Data (Training Time 3.419270):  0.9671346914493361
Epoch 137: 
BAS Score on Validation Data (Training Time 3.428719):  0.9648879134464562
Epoch 138: 
BAS Score on Validation Data (Training Time 3.419901):  0.9669752441285869
Epoch 139: 
BAS Score on Validation Data (Training Time 3.426561):  0.9634528875597145
Epoch 140: 
BAS Score on Validation Data (Training Time 3.427278):  0.9644285979712226
Epoch 141: 
BAS Score on Validation Data (Training Time 3.422320):  0.9634472600072176
Epoch 142: 
BAS Score on Validation Data (Training Time 3.422608):  0.9594386114416182
Epoch 143: 
BAS Score on Validation Data (Training Time 3.427846):  0.9645118946808017
Epoch 144: 
BAS Score on Validation Data (Training Time 3.428712):  0.9634328338210546
Epoch 145: 
BAS Score on Validation Data (Training Time 3.423037):  0.9665549642159122
Epoch 146: 
BAS Score on Validation Data (Training Time 3.423758):  0.9602303544822116
Epoch 147: 
BAS Score on Validation Data (Training Time 3.438138):  0.9626725782765755
Epoch 148: 
BAS Score on Validation Data (Training Time 3.437001):  0.9545455438716847
Epoch 149: 
BAS Score on Validation Data (Training Time 3.430550):  0.965285191854877
High Quality
0.9718780517279626 0.9464211223402649 0.9256680624671959 0.9718780517279626 0.9325340151498139
              precision    recall  f1-score   support

           0       1.00      0.97      0.98     23726
           1       0.98      0.99      0.99      5353
           2       0.80      0.95      0.87      3178

    accuracy                           0.97     32257
   macro avg       0.93      0.97      0.95     32257
weighted avg       0.97      0.97      0.97     32257

Low Quality Post 2020
0.9554216154574404 0.747693316060578 0.7164474485446353 0.9554216154574404 0.8470630827853695
              precision    recall  f1-score   support

           0       1.00      0.96      0.98      1291
           1       0.99      0.99      0.99       160
           2       0.16      0.92      0.28        12

    accuracy                           0.96      1463
   macro avg       0.72      0.96      0.75      1463
weighted avg       0.99      0.96      0.97      1463


High Quality Post 2020
                          mean       std       sem  count
Model                                                    
Transformer-FNET-128  0.970151  0.022547  0.007516      9
Transformer-FNET-64   0.967594  0.015235  0.005078      9
Transformer-MHA-128   0.814734  0.089847  0.029949      9
Transformer-MHA-64    0.867994  0.065019  0.021673      9
                          mean       std       sem  count
Model                                                    
Transformer-FNET-128  0.973449  0.006762  0.002254      9
Transformer-FNET-64   0.971011  0.005264  0.001755      9
Transformer-MHA-128   0.901689  0.047331  0.015777      9
Transformer-MHA-64    0.928407  0.023174  0.007725      9
                          mean       std       sem  count
Model                                                    
Transformer-FNET-128  0.962627  0.029196  0.009732      9
Transformer-FNET-64   0.959620  0.019764  0.006588      9
Transformer-MHA-128   0.753658  0.127727  0.042576      9
Transformer-MHA-64    0.825098  0.091851  0.030617      9

Low Quality Pre + Post 2020
                          mean       std       sem  count
Model                                                    
Transformer-FNET-128  0.757655  0.047079  0.015693      9
Transformer-FNET-64   0.758583  0.055784  0.018595      9
Transformer-MHA-128   0.630541  0.071300  0.023767      9
Transformer-MHA-64    0.671118  0.044942  0.014981      9
                          mean       std       sem  count
Model                                                    
Transformer-FNET-128  0.921644  0.016650  0.005550      9
Transformer-FNET-64   0.912012  0.021646  0.007215      9
Transformer-MHA-128   0.862629  0.068322  0.022774      9
Transformer-MHA-64    0.883840  0.048390  0.016130      9
                          mean       std       sem  count
Model                                                    
Transformer-FNET-128  0.858752  0.054474  0.018158      9
Transformer-FNET-64   0.856296  0.065906  0.021969      9
Transformer-MHA-128   0.583912  0.159784  0.053261      9
Transformer-MHA-64    0.666647  0.129677  0.043226      9
Saving Results
************Fold: 9
Data Shape Before Sampling:  (81670, 2, 64, 64) (81670,)
Subtype/Host: 0 ,count:  52274 ,index count: (array([False,  True]), array([29396, 52274])) ,downsampling:  (16000, 2, 64, 64) (16000,)
Subtype/Host: 1 ,count:  18508 ,index count: (array([False,  True]), array([63162, 18508])) ,downsampling:  (16000, 2, 64, 64) (16000,)
Subtype/Host: 2 ,count:  10888 ,index count: (array([False,  True]), array([70782, 10888])) ,keep:  (10888, 2, 64, 64) (10888,)
Train shape:  (42888, 2, 64, 64) (42888,)
[[    0 16000]
 [    1 16000]
 [    2 10888]]
Val shape:  (9074, 2, 64, 64) (9074,)
[[   0 5808]
 [   1 2056]
 [   2 1210]]
Emb Dim: 64
Transformer-FNET-64
=====================================================================================================================================================================
Layer (type:depth-idx)                   Input Shape               Output Shape              Kernel Shape              Param #                   Mult-Adds
=====================================================================================================================================================================
TransfomerBlock                          [2, 2, 64, 64]            [2, 3]                    --                        --                        --
├─ModuleList: 1-1                        --                        --                        --                        --                        --
│    └─MakePatches: 2-1                  [2, 1, 64, 64]            [2, 256, 64]              --                        --                        --
│    │    └─Unfold: 3-1                  [2, 1, 64, 64]            [2, 16, 256]              [4, 4]                    --                        --
│    │    └─Linear: 3-2                  [2, 256, 16]              [2, 256, 64]              --                        1,088                     2,176
│    │    └─PositionalEncoding: 3-3      [2, 256, 64]              [2, 256, 64]              --                        --                        --
│    └─MakePatches: 2-2                  [2, 1, 64, 64]            [2, 256, 64]              --                        --                        --
│    │    └─Unfold: 3-4                  [2, 1, 64, 64]            [2, 16, 256]              [4, 4]                    --                        --
│    │    └─Linear: 3-5                  [2, 256, 16]              [2, 256, 64]              --                        1,088                     2,176
│    │    └─PositionalEncoding: 3-6      [2, 256, 64]              [2, 256, 64]              --                        --                        --
├─FNET: 1-2                              [2, 512, 64]              [2, 512, 64]              --                        --                        --
│    └─LayerNorm: 2-3                    [2, 512, 64]              [2, 512, 64]              --                        128                       256
│    └─Sequential: 2-4                   [2, 512, 64]              [2, 512, 64]              --                        --                        --
│    │    └─Linear: 3-7                  [2, 512, 64]              [2, 512, 64]              --                        4,160                     8,320
│    │    └─ReLU: 3-8                    [2, 512, 64]              [2, 512, 64]              --                        --                        --
│    │    └─Dropout: 3-9                 [2, 512, 64]              [2, 512, 64]              --                        --                        --
│    │    └─Linear: 3-10                 [2, 512, 64]              [2, 512, 64]              --                        4,160                     8,320
│    └─LayerNorm: 2-5                    [2, 512, 64]              [2, 512, 64]              --                        128                       256
├─Sequential: 1-3                        [2, 64]                   [2, 3]                    --                        --                        --
│    └─Linear: 2-6                       [2, 64]                   [2, 64]                   --                        4,160                     8,320
│    └─ReLU: 2-7                         [2, 64]                   [2, 64]                   --                        --                        --
│    └─Linear: 2-8                       [2, 64]                   [2, 32]                   --                        2,080                     4,160
│    └─ReLU: 2-9                         [2, 32]                   [2, 32]                   --                        --                        --
│    └─Linear: 2-10                      [2, 32]                   [2, 3]                    --                        99                        198
=====================================================================================================================================================================
Total params: 17,091
Trainable params: 17,091
Non-trainable params: 0
Total mult-adds (Units.MEGABYTES): 0.03
=====================================================================================================================================================================
Input size (MB): 0.07
Forward/backward pass size (MB): 2.62
Params size (MB): 0.07
Estimated Total Size (MB): 2.76
=====================================================================================================================================================================
Total Trainable Parameters:  17091
Total Parameters:  17091
Epoch 0: 
BAS Score on Validation Data (Training Time 1.553449):  0.43104417003426554
Epoch 1: 
BAS Score on Validation Data (Training Time 1.526419):  0.638612647522269
Epoch 2: 
BAS Score on Validation Data (Training Time 1.527160):  0.651829579845144
Epoch 3: 
BAS Score on Validation Data (Training Time 1.525782):  0.6549171409889486
Epoch 4: 
BAS Score on Validation Data (Training Time 1.531215):  0.7529129730270515
Epoch 5: 
BAS Score on Validation Data (Training Time 1.525296):  0.8320824088068517
Epoch 6: 
BAS Score on Validation Data (Training Time 1.524024):  0.8567510531562531
Epoch 7: 
BAS Score on Validation Data (Training Time 1.531245):  0.870625649848324
Epoch 8: 
BAS Score on Validation Data (Training Time 1.525847):  0.8892938046899843
Epoch 9: 
BAS Score on Validation Data (Training Time 1.533601):  0.8903226642084089
Epoch 10: 
BAS Score on Validation Data (Training Time 1.521182):  0.9083020244896792
Epoch 11: 
BAS Score on Validation Data (Training Time 1.524842):  0.905398118074984
Epoch 12: 
BAS Score on Validation Data (Training Time 1.539742):  0.9155420940926776
Epoch 13: 
BAS Score on Validation Data (Training Time 1.523001):  0.9192682931186645
Epoch 14: 
BAS Score on Validation Data (Training Time 1.536559):  0.9231866775287362
Epoch 15: 
BAS Score on Validation Data (Training Time 1.525871):  0.9250376063428769
Epoch 16: 
BAS Score on Validation Data (Training Time 1.535449):  0.927201266288638
Epoch 17: 
BAS Score on Validation Data (Training Time 1.535910):  0.9296820343512952
Epoch 18: 
BAS Score on Validation Data (Training Time 1.535115):  0.9331212281999335
Epoch 19: 
BAS Score on Validation Data (Training Time 1.551481):  0.9348242774401246
Epoch 20: 
BAS Score on Validation Data (Training Time 1.554839):  0.9369779328481131
Epoch 21: 
BAS Score on Validation Data (Training Time 1.554576):  0.9380756182268386
Epoch 22: 
BAS Score on Validation Data (Training Time 1.530959):  0.9405248094671513
Epoch 23: 
BAS Score on Validation Data (Training Time 1.545269):  0.9403023871541735
Epoch 24: 
BAS Score on Validation Data (Training Time 1.550375):  0.9412837251181786
Epoch 25: 
BAS Score on Validation Data (Training Time 1.539994):  0.9416410747017396
Epoch 26: 
BAS Score on Validation Data (Training Time 1.536453):  0.9445493581017104
Epoch 27: 
BAS Score on Validation Data (Training Time 1.536617):  0.9452983585411955
Epoch 28: 
BAS Score on Validation Data (Training Time 1.547152):  0.9448018833542356
Epoch 29: 
BAS Score on Validation Data (Training Time 1.539255):  0.9470128862019559
Epoch 30: 
BAS Score on Validation Data (Training Time 1.541885):  0.9469512511031789
Epoch 31: 
BAS Score on Validation Data (Training Time 1.533095):  0.9481320992021381
Epoch 32: 
BAS Score on Validation Data (Training Time 1.533572):  0.9503904002887024
Epoch 33: 
BAS Score on Validation Data (Training Time 1.537820):  0.9504062110314321
Epoch 34: 
BAS Score on Validation Data (Training Time 1.537146):  0.9514908547805612
Epoch 35: 
BAS Score on Validation Data (Training Time 1.544291):  0.9520733511271184
Epoch 36: 
BAS Score on Validation Data (Training Time 1.539961):  0.9528754560104048
Epoch 37: 
BAS Score on Validation Data (Training Time 1.546265):  0.9528338299871727
Epoch 38: 
BAS Score on Validation Data (Training Time 1.538361):  0.9537922557731543
Epoch 39: 
BAS Score on Validation Data (Training Time 1.551517):  0.9546057944138949
Epoch 40: 
BAS Score on Validation Data (Training Time 1.555719):  0.9551911938629307
Epoch 41: 
BAS Score on Validation Data (Training Time 1.570562):  0.9543245507783888
Epoch 42: 
BAS Score on Validation Data (Training Time 1.528649):  0.9556187538633595
Epoch 43: 
BAS Score on Validation Data (Training Time 1.531639):  0.9562601161955602
Epoch 44: 
BAS Score on Validation Data (Training Time 1.537542):  0.9553447009893774
Epoch 45: 
BAS Score on Validation Data (Training Time 1.543342):  0.9564552493452387
Epoch 46: 
BAS Score on Validation Data (Training Time 1.558872):  0.9560104493823984
Epoch 47: 
BAS Score on Validation Data (Training Time 1.550744):  0.9574510134954068
Epoch 48: 
BAS Score on Validation Data (Training Time 1.550087):  0.9574553011544521
Epoch 49: 
BAS Score on Validation Data (Training Time 1.528432):  0.9575571777198943
Epoch 50: 
BAS Score on Validation Data (Training Time 1.542218):  0.9582831766551257
Epoch 51: 
BAS Score on Validation Data (Training Time 1.545591):  0.9574180074533807
Epoch 52: 
BAS Score on Validation Data (Training Time 1.552214):  0.9572558803457283
Epoch 53: 
BAS Score on Validation Data (Training Time 1.550769):  0.9601541592079265
Epoch 54: 
BAS Score on Validation Data (Training Time 1.544380):  0.960144110007039
Epoch 55: 
BAS Score on Validation Data (Training Time 1.547544):  0.9606018176101303
Epoch 56: 
BAS Score on Validation Data (Training Time 1.541225):  0.9572185866446566
Epoch 57: 
BAS Score on Validation Data (Training Time 1.528699):  0.9586720137348012
Epoch 58: 
BAS Score on Validation Data (Training Time 1.531733):  0.9596362010626249
Epoch 59: 
BAS Score on Validation Data (Training Time 1.549201):  0.9609590778674614
Epoch 60: 
BAS Score on Validation Data (Training Time 1.531981):  0.9594410679129463
Epoch 61: 
BAS Score on Validation Data (Training Time 1.541802):  0.9607955215401272
Epoch 62: 
BAS Score on Validation Data (Training Time 1.558529):  0.9616506415409846
Epoch 63: 
BAS Score on Validation Data (Training Time 1.538801):  0.9619376020552179
Epoch 64: 
BAS Score on Validation Data (Training Time 1.553279):  0.9619863741768588
Epoch 65: 
BAS Score on Validation Data (Training Time 1.558544):  0.9590823784359334
Epoch 66: 
BAS Score on Validation Data (Training Time 1.536636):  0.961765425746678
Epoch 67: 
BAS Score on Validation Data (Training Time 1.538022):  0.9601182947265366
Epoch 68: 
BAS Score on Validation Data (Training Time 1.557428):  0.9594066326512382
Epoch 69: 
BAS Score on Validation Data (Training Time 1.529298):  0.9621542628263534
Epoch 70: 
BAS Score on Validation Data (Training Time 1.547783):  0.962349395976032
Epoch 71: 
BAS Score on Validation Data (Training Time 1.538698):  0.9614842267742869
Epoch 72: 
BAS Score on Validation Data (Training Time 1.537524):  0.9621886980880614
Epoch 73: 
BAS Score on Validation Data (Training Time 1.526516):  0.9622130841488818
Epoch 74: 
BAS Score on Validation Data (Training Time 1.533412):  0.9608414352224045
Epoch 75: 
BAS Score on Validation Data (Training Time 1.528974):  0.961324958105998
Epoch 76: 
BAS Score on Validation Data (Training Time 1.530419):  0.9617137951856735
Epoch 77: 
BAS Score on Validation Data (Training Time 1.534722):  0.9611169173160684
Epoch 78: 
BAS Score on Validation Data (Training Time 1.528296):  0.9628816909812664
Epoch 79: 
BAS Score on Validation Data (Training Time 1.530426):  0.9610049915497386
Epoch 80: 
BAS Score on Validation Data (Training Time 1.524734):  0.9628142496775324
Epoch 81: 
BAS Score on Validation Data (Training Time 1.540149):  0.9627324715138652
Epoch 82: 
BAS Score on Validation Data (Training Time 1.563911):  0.9618314378307303
Epoch 83: 
BAS Score on Validation Data (Training Time 1.527555):  0.9619361728355361
Epoch 84: 
BAS Score on Validation Data (Training Time 1.525009):  0.9629720891261394
Epoch 85: 
BAS Score on Validation Data (Training Time 1.537410):  0.9632045159768895
Epoch 86: 
BAS Score on Validation Data (Training Time 1.521403):  0.963531673294673
Epoch 87: 
BAS Score on Validation Data (Training Time 1.522513):  0.9633738338460659
Epoch 88: 
BAS Score on Validation Data (Training Time 1.529168):  0.9619935649383828
Epoch 89: 
BAS Score on Validation Data (Training Time 1.532493):  0.9591426289781436
Epoch 90: 
BAS Score on Validation Data (Training Time 1.530001):  0.9625445291257106
Epoch 91: 
BAS Score on Validation Data (Training Time 1.535630):  0.9626879870512696
Epoch 92: 
BAS Score on Validation Data (Training Time 1.535267):  0.9638329706688391
Epoch 93: 
BAS Score on Validation Data (Training Time 1.538023):  0.9633135833038557
Epoch 94: 
BAS Score on Validation Data (Training Time 1.525914):  0.9612890936246083
Epoch 95: 
BAS Score on Validation Data (Training Time 1.529509):  0.9635144333322613
Epoch 96: 
BAS Score on Validation Data (Training Time 1.526495):  0.9632504296591669
Epoch 97: 
BAS Score on Validation Data (Training Time 1.539414):  0.9628200112193745
Epoch 98: 
BAS Score on Validation Data (Training Time 1.531183):  0.963675131220232
Epoch 99: 
BAS Score on Validation Data (Training Time 1.543131):  0.9628142496775324
Epoch 100: 
BAS Score on Validation Data (Training Time 1.579816):  0.9638573567296596
Epoch 101: 
BAS Score on Validation Data (Training Time 1.551668):  0.9600838594648287
Epoch 102: 
BAS Score on Validation Data (Training Time 1.545613):  0.9636952296220072
Epoch 103: 
BAS Score on Validation Data (Training Time 1.549666):  0.9638085846080187
Epoch 104: 
BAS Score on Validation Data (Training Time 1.552197):  0.9645575403843886
Epoch 105: 
BAS Score on Validation Data (Training Time 1.567642):  0.9641687033047132
Epoch 106: 
BAS Score on Validation Data (Training Time 1.564518):  0.9641199311830723
Epoch 107: 
BAS Score on Validation Data (Training Time 1.525259):  0.9639377056736448
Epoch 108: 
BAS Score on Validation Data (Training Time 1.578828):  0.9639219395940302
Epoch 109: 
BAS Score on Validation Data (Training Time 1.575056):  0.964293536711294
Epoch 110: 
BAS Score on Validation Data (Training Time 1.535784):  0.9639219395940302
Epoch 111: 
BAS Score on Validation Data (Training Time 1.557994):  0.9649937203660232
Epoch 112: 
BAS Score on Validation Data (Training Time 1.553589):  0.964142888024211
Epoch 113: 
BAS Score on Validation Data (Training Time 1.539893):  0.964142888024211
Epoch 114: 
BAS Score on Validation Data (Training Time 1.578479):  0.9639276564727574
Epoch 115: 
BAS Score on Validation Data (Training Time 1.558776):  0.9645130559217931
Epoch 116: 
BAS Score on Validation Data (Training Time 1.584987):  0.964500148281542
Epoch 117: 
BAS Score on Validation Data (Training Time 1.556234):  0.9641557956644621
Epoch 118: 
BAS Score on Validation Data (Training Time 1.575336):  0.9642476230290168
Epoch 119: 
BAS Score on Validation Data (Training Time 1.580494):  0.9647411951134979
Epoch 120: 
BAS Score on Validation Data (Training Time 1.595383):  0.9646149324872352
Epoch 121: 
BAS Score on Validation Data (Training Time 1.568980):  0.9643609780150282
Epoch 122: 
BAS Score on Validation Data (Training Time 1.573406):  0.9646378893283739
Epoch 123: 
BAS Score on Validation Data (Training Time 1.556353):  0.9650166772071618
Epoch 124: 
BAS Score on Validation Data (Training Time 1.541028):  0.9639908101174463
Epoch 125: 
BAS Score on Validation Data (Training Time 1.535375):  0.965029584847413
Epoch 126: 
BAS Score on Validation Data (Training Time 1.526625):  0.9648789361603298
Epoch 127: 
BAS Score on Validation Data (Training Time 1.532369):  0.9638602151690231
Epoch 128: 
BAS Score on Validation Data (Training Time 1.529528):  0.9647985872163446
Epoch 129: 
BAS Score on Validation Data (Training Time 1.533624):  0.9646378893283739
Epoch 130: 
BAS Score on Validation Data (Training Time 1.536664):  0.964589117206733
Epoch 131: 
BAS Score on Validation Data (Training Time 1.529793):  0.9650740693100085
Epoch 132: 
BAS Score on Validation Data (Training Time 1.529088):  0.9646378893283739
Epoch 133: 
BAS Score on Validation Data (Training Time 1.529570):  0.9647411951134979
Epoch 134: 
BAS Score on Validation Data (Training Time 1.520475):  0.9647985872163446
Epoch 135: 
BAS Score on Validation Data (Training Time 1.526607):  0.9657053824413216
Epoch 136: 
BAS Score on Validation Data (Training Time 1.532311):  0.965028155627731
Epoch 137: 
BAS Score on Validation Data (Training Time 1.520398):  0.9651199829922859
Epoch 138: 
BAS Score on Validation Data (Training Time 1.528714):  0.9647985872163446
Epoch 139: 
BAS Score on Validation Data (Training Time 1.523386):  0.9644843822019272
Epoch 140: 
BAS Score on Validation Data (Training Time 1.517812):  0.9650855477305779
Epoch 141: 
BAS Score on Validation Data (Training Time 1.517364):  0.9654413787682271
Epoch 142: 
BAS Score on Validation Data (Training Time 1.519065):  0.9654772432496168
Epoch 143: 
BAS Score on Validation Data (Training Time 1.515795):  0.9650740693100085
Epoch 144: 
BAS Score on Validation Data (Training Time 1.517292):  0.9644800498797669
Epoch 145: 
BAS Score on Validation Data (Training Time 1.511182):  0.9650970261511471
Epoch 146: 
BAS Score on Validation Data (Training Time 1.517010):  0.9649707635248844
Epoch 147: 
BAS Score on Validation Data (Training Time 1.512694):  0.9651788043148142
Epoch 148: 
BAS Score on Validation Data (Training Time 1.515464):  0.9652921593008257
Epoch 149: 
BAS Score on Validation Data (Training Time 1.512588):  0.9653638882636053
High Quality
0.9761466423919504 0.9777060356220835 0.979453380998908 0.9761466423919504 0.9724508949875694
              precision    recall  f1-score   support

           0       0.99      0.99      0.99     23726
           1       0.98      1.00      0.99      5353
           2       0.96      0.94      0.95      3178

    accuracy                           0.99     32257
   macro avg       0.98      0.98      0.98     32257
weighted avg       0.99      0.99      0.99     32257

Low Quality Post 2020
0.9405714777519579 0.8477046152787722 0.8011793007660056 0.9405714777519579 0.9475929250677252
              precision    recall  f1-score   support

           0       1.00      0.99      0.99      1291
           1       0.99      1.00      0.99       160
           2       0.42      0.83      0.56        12

    accuracy                           0.99      1463
   macro avg       0.80      0.94      0.85      1463
weighted avg       0.99      0.99      0.99      1463

Emb Dim: 128
Transformer-FNET-128
=====================================================================================================================================================================
Layer (type:depth-idx)                   Input Shape               Output Shape              Kernel Shape              Param #                   Mult-Adds
=====================================================================================================================================================================
TransfomerBlock                          [2, 2, 64, 64]            [2, 3]                    --                        --                        --
├─ModuleList: 1-1                        --                        --                        --                        --                        --
│    └─MakePatches: 2-1                  [2, 1, 64, 64]            [2, 256, 128]             --                        --                        --
│    │    └─Unfold: 3-1                  [2, 1, 64, 64]            [2, 16, 256]              [4, 4]                    --                        --
│    │    └─Linear: 3-2                  [2, 256, 16]              [2, 256, 128]             --                        2,176                     4,352
│    │    └─PositionalEncoding: 3-3      [2, 256, 128]             [2, 256, 128]             --                        --                        --
│    └─MakePatches: 2-2                  [2, 1, 64, 64]            [2, 256, 128]             --                        --                        --
│    │    └─Unfold: 3-4                  [2, 1, 64, 64]            [2, 16, 256]              [4, 4]                    --                        --
│    │    └─Linear: 3-5                  [2, 256, 16]              [2, 256, 128]             --                        2,176                     4,352
│    │    └─PositionalEncoding: 3-6      [2, 256, 128]             [2, 256, 128]             --                        --                        --
├─FNET: 1-2                              [2, 512, 128]             [2, 512, 128]             --                        --                        --
│    └─LayerNorm: 2-3                    [2, 512, 128]             [2, 512, 128]             --                        256                       512
│    └─Sequential: 2-4                   [2, 512, 128]             [2, 512, 128]             --                        --                        --
│    │    └─Linear: 3-7                  [2, 512, 128]             [2, 512, 128]             --                        16,512                    33,024
│    │    └─ReLU: 3-8                    [2, 512, 128]             [2, 512, 128]             --                        --                        --
│    │    └─Dropout: 3-9                 [2, 512, 128]             [2, 512, 128]             --                        --                        --
│    │    └─Linear: 3-10                 [2, 512, 128]             [2, 512, 128]             --                        16,512                    33,024
│    └─LayerNorm: 2-5                    [2, 512, 128]             [2, 512, 128]             --                        256                       512
├─Sequential: 1-3                        [2, 128]                  [2, 3]                    --                        --                        --
│    └─Linear: 2-6                       [2, 128]                  [2, 64]                   --                        8,256                     16,512
│    └─ReLU: 2-7                         [2, 64]                   [2, 64]                   --                        --                        --
│    └─Linear: 2-8                       [2, 64]                   [2, 32]                   --                        2,080                     4,160
│    └─ReLU: 2-9                         [2, 32]                   [2, 32]                   --                        --                        --
│    └─Linear: 2-10                      [2, 32]                   [2, 3]                    --                        99                        198
=====================================================================================================================================================================
Total params: 48,323
Trainable params: 48,323
Non-trainable params: 0
Total mult-adds (Units.MEGABYTES): 0.10
=====================================================================================================================================================================
Input size (MB): 0.07
Forward/backward pass size (MB): 5.24
Params size (MB): 0.19
Estimated Total Size (MB): 5.50
=====================================================================================================================================================================
Total Trainable Parameters:  48323
Total Parameters:  48323
Epoch 0: 
BAS Score on Validation Data (Training Time 1.890687):  0.3735408560311284
Epoch 1: 
BAS Score on Validation Data (Training Time 1.888983):  0.6549816791902042
Epoch 2: 
BAS Score on Validation Data (Training Time 1.889103):  0.6533432128143837
Epoch 3: 
BAS Score on Validation Data (Training Time 1.885792):  0.6542112404554924
Epoch 4: 
BAS Score on Validation Data (Training Time 1.885490):  0.7780419601033327
Epoch 5: 
BAS Score on Validation Data (Training Time 1.884691):  0.888847396855002
Epoch 6: 
BAS Score on Validation Data (Training Time 1.884658):  0.9097554069167088
Epoch 7: 
BAS Score on Validation Data (Training Time 1.888077):  0.9147787121301447
Epoch 8: 
BAS Score on Validation Data (Training Time 1.887625):  0.926011753545358
Epoch 9: 
BAS Score on Validation Data (Training Time 1.890060):  0.9319445784337895
Epoch 10: 
BAS Score on Validation Data (Training Time 1.888907):  0.9378043344659899
Epoch 11: 
BAS Score on Validation Data (Training Time 1.888941):  0.9404141789311581
Epoch 12: 
BAS Score on Validation Data (Training Time 1.887156):  0.9434760587838055
Epoch 13: 
BAS Score on Validation Data (Training Time 1.892400):  0.9425435376045562
Epoch 14: 
BAS Score on Validation Data (Training Time 1.890213):  0.9459869297860101
Epoch 15: 
BAS Score on Validation Data (Training Time 1.885758):  0.949341531694733
Epoch 16: 
BAS Score on Validation Data (Training Time 1.887067):  0.9479785474125765
Epoch 17: 
BAS Score on Validation Data (Training Time 1.887363):  0.9439396619180842
Epoch 18: 
BAS Score on Validation Data (Training Time 1.889257):  0.9511737913267804
Epoch 19: 
BAS Score on Validation Data (Training Time 1.894265):  0.9517089894344934
Epoch 20: 
BAS Score on Validation Data (Training Time 1.895820):  0.9517233262944265
Epoch 21: 
BAS Score on Validation Data (Training Time 1.879671):  0.9526960889403409
Epoch 22: 
BAS Score on Validation Data (Training Time 1.881101):  0.9520432035244557
Epoch 23: 
BAS Score on Validation Data (Training Time 1.890766):  0.9539572859832853
Epoch 24: 
BAS Score on Validation Data (Training Time 1.879904):  0.9537405805490348
Epoch 25: 
BAS Score on Validation Data (Training Time 1.893687):  0.954955863909702
Epoch 26: 
BAS Score on Validation Data (Training Time 1.888736):  0.9548439828064872
Epoch 27: 
BAS Score on Validation Data (Training Time 1.877927):  0.9560348354432189
Epoch 28: 
BAS Score on Validation Data (Training Time 1.880291):  0.9568498033036413
Epoch 29: 
BAS Score on Validation Data (Training Time 1.885656):  0.9555211649569627
Epoch 30: 
BAS Score on Validation Data (Training Time 1.881240):  0.9570420780139562
Epoch 31: 
BAS Score on Validation Data (Training Time 1.914986):  0.9576432435426069
Epoch 32: 
BAS Score on Validation Data (Training Time 1.913432):  0.9575241716778682
Epoch 33: 
BAS Score on Validation Data (Training Time 1.904178):  0.9583549056179054
Epoch 34: 
BAS Score on Validation Data (Training Time 1.895118):  0.9583893408796132
Epoch 35: 
BAS Score on Validation Data (Training Time 1.902993):  0.9561439027701851
Epoch 36: 
BAS Score on Validation Data (Training Time 1.901738):  0.9570191211728177
Epoch 37: 
BAS Score on Validation Data (Training Time 1.906389):  0.9586031432113852
Epoch 38: 
BAS Score on Validation Data (Training Time 1.903884):  0.9561539519710727
Epoch 39: 
BAS Score on Validation Data (Training Time 1.899146):  0.9585055543049883
Epoch 40: 
BAS Score on Validation Data (Training Time 1.896714):  0.9600436626612785
Epoch 41: 
BAS Score on Validation Data (Training Time 1.900343):  0.9592602716232005
Epoch 42: 
BAS Score on Validation Data (Training Time 1.902091):  0.9589417342866229
Epoch 43: 
BAS Score on Validation Data (Training Time 1.902165):  0.9602488450118448
Epoch 44: 
BAS Score on Validation Data (Training Time 1.907319):  0.9601455392267207
Epoch 45: 
BAS Score on Validation Data (Training Time 1.896673):  0.9600881471238741
Epoch 46: 
BAS Score on Validation Data (Training Time 1.904737):  0.9593879634691449
Epoch 47: 
BAS Score on Validation Data (Training Time 1.897861):  0.9609504578862555
Epoch 48: 
BAS Score on Validation Data (Training Time 1.899826):  0.9614899436530141
Epoch 49: 
BAS Score on Validation Data (Training Time 1.896766):  0.9577150171685015
Epoch 50: 
BAS Score on Validation Data (Training Time 1.905005):  0.9595027476748382
Epoch 51: 
BAS Score on Validation Data (Training Time 1.895021):  0.9609719855077125
Epoch 52: 
BAS Score on Validation Data (Training Time 1.897444):  0.9612474676013764
Epoch 53: 
BAS Score on Validation Data (Training Time 1.906273):  0.9586375784730933
Epoch 54: 
BAS Score on Validation Data (Training Time 1.906232):  0.9611011065733387
Epoch 55: 
BAS Score on Validation Data (Training Time 1.907167):  0.9593420497868675
Epoch 56: 
BAS Score on Validation Data (Training Time 1.916213):  0.9614095947090288
Epoch 57: 
BAS Score on Validation Data (Training Time 1.900844):  0.9607653739374644
Epoch 58: 
BAS Score on Validation Data (Training Time 1.907516):  0.9600077981798888
Epoch 59: 
BAS Score on Validation Data (Training Time 1.917262):  0.9597897081890715
Epoch 60: 
BAS Score on Validation Data (Training Time 1.907202):  0.9616865060223745
Epoch 61: 
BAS Score on Validation Data (Training Time 1.911174):  0.9622374702097023
Epoch 62: 
BAS Score on Validation Data (Training Time 1.903508):  0.9609375502460044
Epoch 63: 
BAS Score on Validation Data (Training Time 1.903567):  0.9618931175926223
Epoch 64: 
BAS Score on Validation Data (Training Time 1.910940):  0.9579933577015289
Epoch 65: 
BAS Score on Validation Data (Training Time 1.915751):  0.9609949423488512
Epoch 66: 
BAS Score on Validation Data (Training Time 1.912817):  0.9609375502460044
Epoch 67: 
BAS Score on Validation Data (Training Time 1.917109):  0.9593047560857961
Epoch 68: 
BAS Score on Validation Data (Training Time 1.918318):  0.9628257280981017
Epoch 69: 
BAS Score on Validation Data (Training Time 1.905547):  0.9599604552779296
Epoch 70: 
BAS Score on Validation Data (Training Time 1.904415):  0.9610049915497386
Epoch 71: 
BAS Score on Validation Data (Training Time 1.920190):  0.962837206518671
Epoch 72: 
BAS Score on Validation Data (Training Time 1.913365):  0.9623163899340058
Epoch 73: 
BAS Score on Validation Data (Training Time 1.927579):  0.9625344799248231
Epoch 74: 
BAS Score on Validation Data (Training Time 1.914987):  0.962809962018487
Epoch 75: 
BAS Score on Validation Data (Training Time 1.901981):  0.9621556920460351
Epoch 76: 
BAS Score on Validation Data (Training Time 1.908769):  0.9629146970232928
Epoch 77: 
BAS Score on Validation Data (Training Time 1.907011):  0.9625918720276697
Epoch 78: 
BAS Score on Validation Data (Training Time 1.923766):  0.9625344799248231
Epoch 79: 
BAS Score on Validation Data (Training Time 1.915056):  0.9623178191536876
Epoch 80: 
BAS Score on Validation Data (Training Time 1.943584):  0.9635373901734
Epoch 81: 
BAS Score on Validation Data (Training Time 1.921518):  0.963408269107774
Epoch 82: 
BAS Score on Validation Data (Training Time 1.913373):  0.9626406441493106
Epoch 83: 
BAS Score on Validation Data (Training Time 1.922867):  0.9631901791169567
Epoch 84: 
BAS Score on Validation Data (Training Time 1.916045):  0.9628113912381688
Epoch 85: 
BAS Score on Validation Data (Training Time 1.924777):  0.963029481228986
Epoch 86: 
BAS Score on Validation Data (Training Time 1.934721):  0.9637411433042845
Epoch 87: 
BAS Score on Validation Data (Training Time 1.936693):  0.9646278401274864
Epoch 88: 
BAS Score on Validation Data (Training Time 1.908922):  0.9634670904303023
Epoch 89: 
BAS Score on Validation Data (Training Time 1.957308):  0.9622231333497693
Epoch 90: 
BAS Score on Validation Data (Training Time 1.942569):  0.9636952296220072
Epoch 91: 
BAS Score on Validation Data (Training Time 1.969015):  0.9619232651952849
Epoch 92: 
BAS Score on Validation Data (Training Time 1.936409):  0.9651328906325368
Epoch 93: 
BAS Score on Validation Data (Training Time 1.923640):  0.9644427561786953
Epoch 94: 
BAS Score on Validation Data (Training Time 1.922184):  0.9646249816881228
Epoch 95: 
BAS Score on Validation Data (Training Time 1.928524):  0.9658445527078353
Epoch 96: 
BAS Score on Validation Data (Training Time 1.933701):  0.9650166772071618
Epoch 97: 
BAS Score on Validation Data (Training Time 1.937712):  0.9619964233777463
Epoch 98: 
BAS Score on Validation Data (Training Time 1.941882):  0.9635187656544218
Epoch 99: 
BAS Score on Validation Data (Training Time 1.932291):  0.9612589906850607
Epoch 100: 
BAS Score on Validation Data (Training Time 1.898466):  0.9669464810824909
Epoch 101: 
BAS Score on Validation Data (Training Time 1.912031):  0.9642476230290168
Epoch 102: 
BAS Score on Validation Data (Training Time 1.901069):  0.9635474393742877
Epoch 103: 
BAS Score on Validation Data (Training Time 1.919820):  0.963187320677593
Epoch 104: 
BAS Score on Validation Data (Training Time 1.929974):  0.9650166772071618
Epoch 105: 
BAS Score on Validation Data (Training Time 1.917408):  0.9606807373344338
Epoch 106: 
BAS Score on Validation Data (Training Time 1.904570):  0.965475814029935
Epoch 107: 
BAS Score on Validation Data (Training Time 1.914865):  0.9628903109624724
Epoch 108: 
BAS Score on Validation Data (Training Time 1.911562):  0.9656250334973363
Epoch 109: 
BAS Score on Validation Data (Training Time 1.914054):  0.9629104093642473
Epoch 110: 
BAS Score on Validation Data (Training Time 1.909219):  0.9659234724321388
Epoch 111: 
BAS Score on Validation Data (Training Time 1.902011):  0.9649133714220378
Epoch 112: 
BAS Score on Validation Data (Training Time 1.900810):  0.965372508244811
Epoch 113: 
BAS Score on Validation Data (Training Time 1.903890):  0.9685419815416277
Epoch 114: 
BAS Score on Validation Data (Training Time 1.901540):  0.9605014595906001
Epoch 115: 
BAS Score on Validation Data (Training Time 1.904148):  0.9658302158479025
Epoch 116: 
BAS Score on Validation Data (Training Time 1.902925):  0.9653940358662679
Epoch 117: 
BAS Score on Validation Data (Training Time 1.904456):  0.9657154316422091
Epoch 118: 
BAS Score on Validation Data (Training Time 1.904963):  0.9684271973359345
Epoch 119: 
BAS Score on Validation Data (Training Time 1.900953):  0.9665060134418111
Epoch 120: 
BAS Score on Validation Data (Training Time 1.898010):  0.9693469002011627
Epoch 121: 
BAS Score on Validation Data (Training Time 1.913731):  0.9690240752055397
Epoch 122: 
BAS Score on Validation Data (Training Time 1.904640):  0.967867613167401
Epoch 123: 
BAS Score on Validation Data (Training Time 1.899854):  0.9644068916973056
Epoch 124: 
BAS Score on Validation Data (Training Time 1.904942):  0.9663912292361179
Epoch 125: 
BAS Score on Validation Data (Training Time 1.907082):  0.9692306867757875
Epoch 126: 
BAS Score on Validation Data (Training Time 1.903348):  0.968204819686072
Epoch 127: 
BAS Score on Validation Data (Training Time 1.901697):  0.9685563184015606
Epoch 128: 
BAS Score on Validation Data (Training Time 1.911885):  0.9646150218134654
Epoch 129: 
BAS Score on Validation Data (Training Time 1.904693):  0.9679436744523408
Epoch 130: 
BAS Score on Validation Data (Training Time 1.899493):  0.969117331789776
Epoch 131: 
BAS Score on Validation Data (Training Time 1.897961):  0.9673281274006426
Epoch 132: 
BAS Score on Validation Data (Training Time 1.898599):  0.9671287065919184
Epoch 133: 
BAS Score on Validation Data (Training Time 1.901849):  0.9675534081529836
Epoch 134: 
BAS Score on Validation Data (Training Time 1.904242):  0.9670368792273639
Epoch 135: 
BAS Score on Validation Data (Training Time 1.907315):  0.9679795389337307
Epoch 136: 
BAS Score on Validation Data (Training Time 1.906060):  0.9674156671061517
Epoch 137: 
BAS Score on Validation Data (Training Time 1.906179):  0.969806037023936
Epoch 138: 
BAS Score on Validation Data (Training Time 1.905878):  0.9692536436169262
Epoch 139: 
BAS Score on Validation Data (Training Time 1.914639):  0.9650913539355351
Epoch 140: 
BAS Score on Validation Data (Training Time 1.914589):  0.9676667631389954
Epoch 141: 
BAS Score on Validation Data (Training Time 1.899657):  0.9690456028269966
Epoch 142: 
BAS Score on Validation Data (Training Time 1.906873):  0.970608097244107
Epoch 143: 
BAS Score on Validation Data (Training Time 1.905955):  0.9693411833224356
Epoch 144: 
BAS Score on Validation Data (Training Time 1.911581):  0.9673912810453312
Epoch 145: 
BAS Score on Validation Data (Training Time 1.915200):  0.9699681641315884
Epoch 146: 
BAS Score on Validation Data (Training Time 1.909704):  0.9684142896956834
Epoch 147: 
BAS Score on Validation Data (Training Time 1.904870):  0.9688375620370667
Epoch 148: 
BAS Score on Validation Data (Training Time 1.900320):  0.9690111675652885
Epoch 149: 
BAS Score on Validation Data (Training Time 1.911237):  0.9690556520278841
High Quality
0.9770550272438965 0.9778093483223297 0.9786924034023913 0.9770550272438965 0.9724695298196955
              precision    recall  f1-score   support

           0       0.99      0.99      0.99     23726
           1       0.98      1.00      0.99      5353
           2       0.96      0.94      0.95      3178

    accuracy                           0.99     32257
   macro avg       0.98      0.98      0.98     32257
weighted avg       0.99      0.99      0.99     32257

Low Quality Post 2020
0.9112445132971857 0.8105794051813797 0.7671504454696954 0.9112445132971857 0.9273501651901636
              precision    recall  f1-score   support

           0       1.00      0.98      0.99      1291
           1       0.98      1.00      0.99       160
           2       0.32      0.75      0.45        12

    accuracy                           0.98      1463
   macro avg       0.77      0.91      0.81      1463
weighted avg       0.99      0.98      0.99      1463

Emb Dim: 64
Transformer-MHA-64
=====================================================================================================================================================================
Layer (type:depth-idx)                   Input Shape               Output Shape              Kernel Shape              Param #                   Mult-Adds
=====================================================================================================================================================================
TransfomerBlock                          [2, 2, 64, 64]            [2, 3]                    --                        --                        --
├─ModuleList: 1-1                        --                        --                        --                        --                        --
│    └─MakePatches: 2-1                  [2, 1, 64, 64]            [2, 256, 64]              --                        --                        --
│    │    └─Unfold: 3-1                  [2, 1, 64, 64]            [2, 16, 256]              [4, 4]                    --                        --
│    │    └─Linear: 3-2                  [2, 256, 16]              [2, 256, 64]              --                        1,088                     2,176
│    │    └─PositionalEncoding: 3-3      [2, 256, 64]              [2, 256, 64]              --                        --                        --
│    └─MakePatches: 2-2                  [2, 1, 64, 64]            [2, 256, 64]              --                        --                        --
│    │    └─Unfold: 3-4                  [2, 1, 64, 64]            [2, 16, 256]              [4, 4]                    --                        --
│    │    └─Linear: 3-5                  [2, 256, 16]              [2, 256, 64]              --                        1,088                     2,176
│    │    └─PositionalEncoding: 3-6      [2, 256, 64]              [2, 256, 64]              --                        --                        --
├─TransformerEncoderLayer: 1-2           [2, 512, 64]              [2, 512, 64]              --                        --                        --
│    └─MultiheadAttention: 2-3           [2, 512, 64]              [2, 512, 64]              --                        16,640                    --
│    └─Dropout: 2-4                      [2, 512, 64]              [2, 512, 64]              --                        --                        --
│    └─LayerNorm: 2-5                    [2, 512, 64]              [2, 512, 64]              --                        128                       256
│    └─Linear: 2-6                       [2, 512, 64]              [2, 512, 2048]            --                        133,120                   266,240
│    └─Dropout: 2-7                      [2, 512, 2048]            [2, 512, 2048]            --                        --                        --
│    └─Linear: 2-8                       [2, 512, 2048]            [2, 512, 64]              --                        131,136                   262,272
│    └─Dropout: 2-9                      [2, 512, 64]              [2, 512, 64]              --                        --                        --
│    └─LayerNorm: 2-10                   [2, 512, 64]              [2, 512, 64]              --                        128                       256
├─Sequential: 1-3                        [2, 64]                   [2, 3]                    --                        --                        --
│    └─Linear: 2-11                      [2, 64]                   [2, 64]                   --                        4,160                     8,320
│    └─ReLU: 2-12                        [2, 64]                   [2, 64]                   --                        --                        --
│    └─Linear: 2-13                      [2, 64]                   [2, 32]                   --                        2,080                     4,160
│    └─ReLU: 2-14                        [2, 32]                   [2, 32]                   --                        --                        --
│    └─Linear: 2-15                      [2, 32]                   [2, 3]                    --                        99                        198
=====================================================================================================================================================================
Total params: 289,667
Trainable params: 289,667
Non-trainable params: 0
Total mult-adds (Units.MEGABYTES): 0.55
=====================================================================================================================================================================
Input size (MB): 0.07
Forward/backward pass size (MB): 18.88
Params size (MB): 1.09
Estimated Total Size (MB): 20.03
=====================================================================================================================================================================
Total Trainable Parameters:  289667
Total Parameters:  289667
Epoch 0: 
BAS Score on Validation Data (Training Time 2.986325):  0.6514204657112334
Epoch 1: 
BAS Score on Validation Data (Training Time 2.978883):  0.6578483812300578
Epoch 2: 
BAS Score on Validation Data (Training Time 2.988108):  0.8740244682409521
Epoch 3: 
BAS Score on Validation Data (Training Time 2.983508):  0.9289488893176548
Epoch 4: 
BAS Score on Validation Data (Training Time 2.975977):  0.9179587259221146
Epoch 5: 
BAS Score on Validation Data (Training Time 2.980658):  0.948070285450901
Epoch 6: 
BAS Score on Validation Data (Training Time 2.979516):  0.9509240798505036
Epoch 7: 
BAS Score on Validation Data (Training Time 2.978051):  0.9385981320098759
Epoch 8: 
BAS Score on Validation Data (Training Time 2.987010):  0.9512096111450551
Epoch 9: 
BAS Score on Validation Data (Training Time 2.982934):  0.9510575332382903
Epoch 10: 
BAS Score on Validation Data (Training Time 2.983030):  0.9499757925916397
Epoch 11: 
BAS Score on Validation Data (Training Time 2.994823):  0.9442683824448946
Epoch 12: 
BAS Score on Validation Data (Training Time 2.987352):  0.9293138316307754
Epoch 13: 
BAS Score on Validation Data (Training Time 2.983613):  0.9454147506190308
Epoch 14: 
BAS Score on Validation Data (Training Time 2.989982):  0.9536014549456361
Epoch 15: 
BAS Score on Validation Data (Training Time 2.991322):  0.9455854977078889
Epoch 16: 
BAS Score on Validation Data (Training Time 2.986606):  0.9499931665433965
Epoch 17: 
BAS Score on Validation Data (Training Time 2.988211):  0.942150725507641
Epoch 18: 
BAS Score on Validation Data (Training Time 2.981936):  0.9363413494692235
Epoch 19: 
BAS Score on Validation Data (Training Time 2.992116):  0.9424190168397809
Epoch 20: 
BAS Score on Validation Data (Training Time 2.990889):  0.9422009268489636
Epoch 21: 
BAS Score on Validation Data (Training Time 2.988305):  0.9582330199769181
Epoch 22: 
BAS Score on Validation Data (Training Time 2.985119):  0.9409397298060193
Epoch 23: 
BAS Score on Validation Data (Training Time 2.989516):  0.9535483951649498
Epoch 24: 
BAS Score on Validation Data (Training Time 2.985539):  0.9281688480132061
Epoch 25: 
BAS Score on Validation Data (Training Time 2.979639):  0.9558341194041583
Epoch 26: 
BAS Score on Validation Data (Training Time 2.991788):  0.9522343616568945
Epoch 27: 
BAS Score on Validation Data (Training Time 2.982742):  0.9456802281749223
Epoch 28: 
BAS Score on Validation Data (Training Time 2.986418):  0.9443488207151102
Epoch 29: 
BAS Score on Validation Data (Training Time 2.981089):  0.9453789754638712
Epoch 30: 
BAS Score on Validation Data (Training Time 2.989470):  0.9560923168722958
Epoch 31: 
BAS Score on Validation Data (Training Time 2.995065):  0.9497234459915748
Epoch 32: 
BAS Score on Validation Data (Training Time 2.979792):  0.9489773933176834
Epoch 33: 
BAS Score on Validation Data (Training Time 2.982138):  0.9440188049579632
Epoch 34: 
BAS Score on Validation Data (Training Time 2.991493):  0.9578686582842932
Epoch 35: 
BAS Score on Validation Data (Training Time 2.988851):  0.9439628420747983
Epoch 36: 
BAS Score on Validation Data (Training Time 2.982458):  0.9533936821343967
Epoch 37: 
BAS Score on Validation Data (Training Time 2.983342):  0.9475454491858808
Epoch 38: 
BAS Score on Validation Data (Training Time 2.989805):  0.9583377549817239
Epoch 39: 
BAS Score on Validation Data (Training Time 2.997209):  0.9473991328209581
Epoch 40: 
BAS Score on Validation Data (Training Time 2.982046):  0.9611097265545444
Epoch 41: 
BAS Score on Validation Data (Training Time 2.979139):  0.9534409803732408
Epoch 42: 
BAS Score on Validation Data (Training Time 2.993493):  0.9454134553886941
Epoch 43: 
BAS Score on Validation Data (Training Time 3.001999):  0.9439055392981817
Epoch 44: 
BAS Score on Validation Data (Training Time 2.980812):  0.9577237711390524
Epoch 45: 
BAS Score on Validation Data (Training Time 2.983302):  0.9579562426529176
Epoch 46: 
BAS Score on Validation Data (Training Time 2.997853):  0.9514581613803405
Epoch 47: 
BAS Score on Validation Data (Training Time 3.004711):  0.9554539469688037
Epoch 48: 
BAS Score on Validation Data (Training Time 2.999774):  0.948849746134854
Epoch 49: 
BAS Score on Validation Data (Training Time 3.011089):  0.9530306603352235
Epoch 50: 
BAS Score on Validation Data (Training Time 2.983887):  0.9439643606207101
Epoch 51: 
BAS Score on Validation Data (Training Time 3.013752):  0.9606836404369125
Epoch 52: 
BAS Score on Validation Data (Training Time 2.993230):  0.956970483040522
Epoch 53: 
BAS Score on Validation Data (Training Time 2.995688):  0.9617439874514512
Epoch 54: 
BAS Score on Validation Data (Training Time 3.002276):  0.9464566517670515
Epoch 55: 
BAS Score on Validation Data (Training Time 2.999253):  0.952463974731396
Epoch 56: 
BAS Score on Validation Data (Training Time 2.992175):  0.9612589460219457
Epoch 57: 
BAS Score on Validation Data (Training Time 2.999537):  0.957644896077864
Epoch 58: 
BAS Score on Validation Data (Training Time 2.993067):  0.9532832302508637
Epoch 59: 
BAS Score on Validation Data (Training Time 3.034335):  0.9597583100191872
Epoch 60: 
BAS Score on Validation Data (Training Time 2.984288):  0.9480763596345486
Epoch 61: 
BAS Score on Validation Data (Training Time 2.996506):  0.9599792137862532
Epoch 62: 
BAS Score on Validation Data (Training Time 3.009429):  0.9480849796157543
Epoch 63: 
BAS Score on Validation Data (Training Time 2.995073):  0.9512817420758702
Epoch 64: 
BAS Score on Validation Data (Training Time 2.998318):  0.9359727894437834
Epoch 65: 
BAS Score on Validation Data (Training Time 3.008235):  0.9434851700592768
Epoch 66: 
BAS Score on Validation Data (Training Time 2.997757):  0.9572489575628946
Epoch 67: 
BAS Score on Validation Data (Training Time 2.987761):  0.9566334551743112
Epoch 68: 
BAS Score on Validation Data (Training Time 2.979906):  0.9560265281038185
Epoch 69: 
BAS Score on Validation Data (Training Time 2.990385):  0.9455355643452567
Epoch 70: 
BAS Score on Validation Data (Training Time 2.984226):  0.9594368695801311
Epoch 71: 
BAS Score on Validation Data (Training Time 2.998692):  0.9487794910548714
Epoch 72: 
BAS Score on Validation Data (Training Time 2.998045):  0.9564555173239291
Epoch 73: 
BAS Score on Validation Data (Training Time 3.001668):  0.9494754317136701
Epoch 74: 
BAS Score on Validation Data (Training Time 2.994792):  0.9367878912935511
Epoch 75: 
BAS Score on Validation Data (Training Time 3.008292):  0.9665778317308208
Epoch 76: 
BAS Score on Validation Data (Training Time 2.998593):  0.9542015485595252
Epoch 77: 
BAS Score on Validation Data (Training Time 3.012431):  0.9545444272938083
Epoch 78: 
BAS Score on Validation Data (Training Time 2.996973):  0.9602706852751068
Epoch 79: 
BAS Score on Validation Data (Training Time 2.997510):  0.954313474325855
Epoch 80: 
BAS Score on Validation Data (Training Time 2.992576):  0.9531468737605985
Epoch 81: 
BAS Score on Validation Data (Training Time 3.012316):  0.9595704122941476
Epoch 82: 
BAS Score on Validation Data (Training Time 3.011676):  0.9596966302572952
Epoch 83: 
BAS Score on Validation Data (Training Time 3.004749):  0.9640985822140756
Epoch 84: 
BAS Score on Validation Data (Training Time 3.013273):  0.9574327016182339
Epoch 85: 
BAS Score on Validation Data (Training Time 2.999967):  0.957610594805501
Epoch 86: 
BAS Score on Validation Data (Training Time 3.014064):  0.9609320120197374
Epoch 87: 
BAS Score on Validation Data (Training Time 2.995464):  0.9453102835929154
Epoch 88: 
BAS Score on Validation Data (Training Time 3.001056):  0.956992189314439
Epoch 89: 
BAS Score on Validation Data (Training Time 3.000917):  0.9614743562258595
Epoch 90: 
BAS Score on Validation Data (Training Time 2.997250):  0.9528701857628281
Epoch 91: 
BAS Score on Validation Data (Training Time 2.988462):  0.961573329688823
Epoch 92: 
BAS Score on Validation Data (Training Time 2.988258):  0.9627312209466435
Epoch 93: 
BAS Score on Validation Data (Training Time 2.984821):  0.9666883729405837
Epoch 94: 
BAS Score on Validation Data (Training Time 2.994354):  0.9626179552868623
Epoch 95: 
BAS Score on Validation Data (Training Time 2.987776):  0.9585503067462743
Epoch 96: 
BAS Score on Validation Data (Training Time 2.991873):  0.9646007742797625
Epoch 97: 
BAS Score on Validation Data (Training Time 2.979697):  0.958943431484995
Epoch 98: 
BAS Score on Validation Data (Training Time 2.993213):  0.9668203971086885
Epoch 99: 
BAS Score on Validation Data (Training Time 2.989497):  0.9643425321485103
Epoch 100: 
BAS Score on Validation Data (Training Time 2.995423):  0.9661187842342778
Epoch 101: 
BAS Score on Validation Data (Training Time 2.991971):  0.9612390709357458
Epoch 102: 
BAS Score on Validation Data (Training Time 2.996566):  0.9579420844454449
Epoch 103: 
BAS Score on Validation Data (Training Time 2.986567):  0.9621415785016776
Epoch 104: 
BAS Score on Validation Data (Training Time 2.990773):  0.9561228217798788
Epoch 105: 
BAS Score on Validation Data (Training Time 2.992240):  0.967463143997456
Epoch 106: 
BAS Score on Validation Data (Training Time 2.989107):  0.9681920013720507
Epoch 107: 
BAS Score on Validation Data (Training Time 2.985803):  0.9601086028305695
Epoch 108: 
BAS Score on Validation Data (Training Time 2.986571):  0.9461913082005052
Epoch 109: 
BAS Score on Validation Data (Training Time 2.985887):  0.9561828936696287
Epoch 110: 
BAS Score on Validation Data (Training Time 2.983218):  0.9475084234634995
Epoch 111: 
BAS Score on Validation Data (Training Time 2.978203):  0.9652981441582432
Epoch 112: 
BAS Score on Validation Data (Training Time 2.979080):  0.968156181553776
Epoch 113: 
BAS Score on Validation Data (Training Time 2.972999):  0.9542948498068767
Epoch 114: 
BAS Score on Validation Data (Training Time 2.964649):  0.9652435211685301
Epoch 115: 
BAS Score on Validation Data (Training Time 2.971099):  0.9473537550960613
Epoch 116: 
BAS Score on Validation Data (Training Time 2.971583):  0.969730020402111
Epoch 117: 
BAS Score on Validation Data (Training Time 2.978724):  0.9683526545969064
Epoch 118: 
BAS Score on Validation Data (Training Time 2.968083):  0.9493964673262516
Epoch 119: 
BAS Score on Validation Data (Training Time 2.967991):  0.9648433843207455
Epoch 120: 
BAS Score on Validation Data (Training Time 2.972796):  0.967889319441318
Epoch 121: 
BAS Score on Validation Data (Training Time 2.977493):  0.9635548087882718
Epoch 122: 
BAS Score on Validation Data (Training Time 2.972045):  0.9638533817124196
Epoch 123: 
BAS Score on Validation Data (Training Time 2.967055):  0.9603525974281192
Epoch 124: 
BAS Score on Validation Data (Training Time 2.969492):  0.9579334644642392
Epoch 125: 
BAS Score on Validation Data (Training Time 2.981036):  0.9556665433964691
Epoch 126: 
BAS Score on Validation Data (Training Time 2.971324):  0.9641116238436719
Epoch 127: 
BAS Score on Validation Data (Training Time 2.964851):  0.9670341994404605
Epoch 128: 
BAS Score on Validation Data (Training Time 2.975989):  0.9534483944503399
Epoch 129: 
BAS Score on Validation Data (Training Time 2.976668):  0.9686152290503193
Epoch 130: 
BAS Score on Validation Data (Training Time 2.964838):  0.9664976167761806
Epoch 131: 
BAS Score on Validation Data (Training Time 2.968209):  0.9610053935177741
Epoch 132: 
BAS Score on Validation Data (Training Time 2.977800):  0.9669869012016165
Epoch 133: 
BAS Score on Validation Data (Training Time 2.979421):  0.9647055986107985
Epoch 134: 
BAS Score on Validation Data (Training Time 2.965305):  0.9637859850718004
Epoch 135: 
BAS Score on Validation Data (Training Time 2.962713):  0.9649868869094197
Epoch 136: 
BAS Score on Validation Data (Training Time 2.968484):  0.9592360195517252
Epoch 137: 
BAS Score on Validation Data (Training Time 3.035944):  0.9641748221514758
Epoch 138: 
BAS Score on Validation Data (Training Time 3.008362):  0.9644114919981562
Epoch 139: 
BAS Score on Validation Data (Training Time 3.005795):  0.9673714059591315
Epoch 140: 
BAS Score on Validation Data (Training Time 3.033896):  0.9531282939047353
Epoch 141: 
BAS Score on Validation Data (Training Time 3.015054):  0.966097390602166
Epoch 142: 
BAS Score on Validation Data (Training Time 3.004644):  0.9684058930300529
Epoch 143: 
BAS Score on Validation Data (Training Time 2.987279):  0.95548306731982
Epoch 144: 
BAS Score on Validation Data (Training Time 2.989153):  0.9640801363475576
Epoch 145: 
BAS Score on Validation Data (Training Time 2.997610):  0.9573253314896398
Epoch 146: 
BAS Score on Validation Data (Training Time 2.991208):  0.9674616701146591
Epoch 147: 
BAS Score on Validation Data (Training Time 2.993638):  0.9541412086910849
Epoch 148: 
BAS Score on Validation Data (Training Time 2.986844):  0.9694188524795174
Epoch 149: 
BAS Score on Validation Data (Training Time 2.986068):  0.9532804611377305
High Quality
0.9112122637878014 0.8919775636502854 0.8889075490191379 0.9112122637878014 0.8881069530299265
              precision    recall  f1-score   support

           0       0.99      0.98      0.99     23726
           1       0.98      0.82      0.89      5353
           2       0.70      0.93      0.80      3178

    accuracy                           0.95     32257
   macro avg       0.89      0.91      0.89     32257
weighted avg       0.96      0.95      0.95     32257

Low Quality Post 2020
0.9323091488079869 0.7563263407132158 0.7218075122358923 0.9323091488079869 0.8673715712145068
              precision    recall  f1-score   support

           0       1.00      0.96      0.98      1291
           1       0.99      1.00      0.99       160
           2       0.18      0.83      0.29        12

    accuracy                           0.97      1463
   macro avg       0.72      0.93      0.76      1463
weighted avg       0.99      0.97      0.98      1463

Emb Dim: 128
Transformer-MHA-128
=====================================================================================================================================================================
Layer (type:depth-idx)                   Input Shape               Output Shape              Kernel Shape              Param #                   Mult-Adds
=====================================================================================================================================================================
TransfomerBlock                          [2, 2, 64, 64]            [2, 3]                    --                        --                        --
├─ModuleList: 1-1                        --                        --                        --                        --                        --
│    └─MakePatches: 2-1                  [2, 1, 64, 64]            [2, 256, 128]             --                        --                        --
│    │    └─Unfold: 3-1                  [2, 1, 64, 64]            [2, 16, 256]              [4, 4]                    --                        --
│    │    └─Linear: 3-2                  [2, 256, 16]              [2, 256, 128]             --                        2,176                     4,352
│    │    └─PositionalEncoding: 3-3      [2, 256, 128]             [2, 256, 128]             --                        --                        --
│    └─MakePatches: 2-2                  [2, 1, 64, 64]            [2, 256, 128]             --                        --                        --
│    │    └─Unfold: 3-4                  [2, 1, 64, 64]            [2, 16, 256]              [4, 4]                    --                        --
│    │    └─Linear: 3-5                  [2, 256, 16]              [2, 256, 128]             --                        2,176                     4,352
│    │    └─PositionalEncoding: 3-6      [2, 256, 128]             [2, 256, 128]             --                        --                        --
├─TransformerEncoderLayer: 1-2           [2, 512, 128]             [2, 512, 128]             --                        --                        --
│    └─MultiheadAttention: 2-3           [2, 512, 128]             [2, 512, 128]             --                        66,048                    --
│    └─Dropout: 2-4                      [2, 512, 128]             [2, 512, 128]             --                        --                        --
│    └─LayerNorm: 2-5                    [2, 512, 128]             [2, 512, 128]             --                        256                       512
│    └─Linear: 2-6                       [2, 512, 128]             [2, 512, 2048]            --                        264,192                   528,384
│    └─Dropout: 2-7                      [2, 512, 2048]            [2, 512, 2048]            --                        --                        --
│    └─Linear: 2-8                       [2, 512, 2048]            [2, 512, 128]             --                        262,272                   524,544
│    └─Dropout: 2-9                      [2, 512, 128]             [2, 512, 128]             --                        --                        --
│    └─LayerNorm: 2-10                   [2, 512, 128]             [2, 512, 128]             --                        256                       512
├─Sequential: 1-3                        [2, 128]                  [2, 3]                    --                        --                        --
│    └─Linear: 2-11                      [2, 128]                  [2, 64]                   --                        8,256                     16,512
│    └─ReLU: 2-12                        [2, 64]                   [2, 64]                   --                        --                        --
│    └─Linear: 2-13                      [2, 64]                   [2, 32]                   --                        2,080                     4,160
│    └─ReLU: 2-14                        [2, 32]                   [2, 32]                   --                        --                        --
│    └─Linear: 2-15                      [2, 32]                   [2, 3]                    --                        99                        198
=====================================================================================================================================================================
Total params: 607,811
Trainable params: 607,811
Non-trainable params: 0
Total mult-adds (Units.MEGABYTES): 1.08
=====================================================================================================================================================================
Input size (MB): 0.07
Forward/backward pass size (MB): 20.97
Params size (MB): 2.17
Estimated Total Size (MB): 23.21
=====================================================================================================================================================================
Total Trainable Parameters:  607811
Total Parameters:  607811
Epoch 0: 
BAS Score on Validation Data (Training Time 3.434100):  0.3333333333333333
Epoch 1: 
BAS Score on Validation Data (Training Time 3.435990):  0.7411343716614321
Epoch 2: 
BAS Score on Validation Data (Training Time 3.435541):  0.8794182986568907
Epoch 3: 
BAS Score on Validation Data (Training Time 3.428687):  0.9363264319887948
Epoch 4: 
BAS Score on Validation Data (Training Time 3.426074):  0.9277911767122945
Epoch 5: 
BAS Score on Validation Data (Training Time 3.430930):  0.9351257534667511
Epoch 6: 
BAS Score on Validation Data (Training Time 3.430070):  0.9200566417625137
Epoch 7: 
BAS Score on Validation Data (Training Time 3.429752):  0.9393813890586088
Epoch 8: 
BAS Score on Validation Data (Training Time 3.427257):  0.9514062628406457
Epoch 9: 
BAS Score on Validation Data (Training Time 3.423980):  0.9528123023657159
Epoch 10: 
BAS Score on Validation Data (Training Time 3.432190):  0.9076127386350238
Epoch 11: 
BAS Score on Validation Data (Training Time 3.439949):  0.9546301804747154
Epoch 12: 
BAS Score on Validation Data (Training Time 3.436864):  0.9381778520972013
Epoch 13: 
BAS Score on Validation Data (Training Time 3.446799):  0.9412740332222115
Epoch 14: 
BAS Score on Validation Data (Training Time 3.446718):  0.9560134418111071
Epoch 15: 
BAS Score on Validation Data (Training Time 3.444884):  0.9587150243145999
Epoch 16: 
BAS Score on Validation Data (Training Time 3.435314):  0.9532055610937817
Epoch 17: 
BAS Score on Validation Data (Training Time 3.427859):  0.9557723949791512
Epoch 18: 
BAS Score on Validation Data (Training Time 3.461897):  0.9388250206343591
Epoch 19: 
BAS Score on Validation Data (Training Time 3.467688):  0.9603435754788778
Epoch 20: 
BAS Score on Validation Data (Training Time 3.475066):  0.953891452551693
Epoch 21: 
BAS Score on Validation Data (Training Time 3.481019):  0.9597510299314331
Epoch 22: 
BAS Score on Validation Data (Training Time 3.451828):  0.9592187349261986
Epoch 23: 
BAS Score on Validation Data (Training Time 3.476901):  0.9617683288491566
Epoch 24: 
BAS Score on Validation Data (Training Time 3.457116):  0.949894193080433
Epoch 25: 
BAS Score on Validation Data (Training Time 3.453682):  0.9472529504453805
Epoch 26: 
BAS Score on Validation Data (Training Time 3.428490):  0.9608142353853356
Epoch 27: 
BAS Score on Validation Data (Training Time 3.430496):  0.9622992392978243
Epoch 28: 
BAS Score on Validation Data (Training Time 3.444144):  0.9642950105940908
Epoch 29: 
BAS Score on Validation Data (Training Time 3.431299):  0.9599218663465215
Epoch 30: 
BAS Score on Validation Data (Training Time 3.437428):  0.9529848806422914
Epoch 31: 
BAS Score on Validation Data (Training Time 3.437871):  0.959025164985547
Epoch 32: 
BAS Score on Validation Data (Training Time 3.432594):  0.9634858489386259
Epoch 33: 
BAS Score on Validation Data (Training Time 3.437674):  0.9642706691963854
Epoch 34: 
BAS Score on Validation Data (Training Time 3.466807):  0.9604829690609669
Epoch 35: 
BAS Score on Validation Data (Training Time 3.445687):  0.9637871463127917
Epoch 36: 
BAS Score on Validation Data (Training Time 3.439425):  0.9656795671608194
Epoch 37: 
BAS Score on Validation Data (Training Time 3.441996):  0.9590150711215445
Epoch 38: 
BAS Score on Validation Data (Training Time 3.449969):  0.9619750744087497
Epoch 39: 
BAS Score on Validation Data (Training Time 3.445536):  0.9641228789486661
Epoch 40: 
BAS Score on Validation Data (Training Time 3.441936):  0.9632692328306054
Epoch 41: 
BAS Score on Validation Data (Training Time 3.455228):  0.963194556102232
Epoch 42: 
BAS Score on Validation Data (Training Time 3.448562):  0.9655720183797651
Epoch 43: 
BAS Score on Validation Data (Training Time 3.431404):  0.961353765815209
Epoch 44: 
BAS Score on Validation Data (Training Time 3.441900):  0.964005191640494
Epoch 45: 
BAS Score on Validation Data (Training Time 3.477129):  0.9652405734029363
Epoch 46: 
BAS Score on Validation Data (Training Time 3.435956):  0.9588904163674238
Epoch 47: 
BAS Score on Validation Data (Training Time 3.444984):  0.9662449575343102
Epoch 48: 
BAS Score on Validation Data (Training Time 3.438257):  0.9668589860400969
Epoch 49: 
BAS Score on Validation Data (Training Time 3.446577):  0.9653783144497683
Epoch 50: 
BAS Score on Validation Data (Training Time 3.458783):  0.9677600643863468
Epoch 51: 
BAS Score on Validation Data (Training Time 3.503465):  0.9659178448796418
Epoch 52: 
BAS Score on Validation Data (Training Time 3.462550):  0.9649766143929569
Epoch 53: 
BAS Score on Validation Data (Training Time 3.487121):  0.9668977536239652
Epoch 54: 
BAS Score on Validation Data (Training Time 3.469944):  0.9626523905485703
Epoch 55: 
BAS Score on Validation Data (Training Time 3.460712):  0.967207670979337
Epoch 56: 
BAS Score on Validation Data (Training Time 3.457404):  0.9655131523941217
Epoch 57: 
BAS Score on Validation Data (Training Time 3.452693):  0.9660369167443804
Epoch 58: 
BAS Score on Validation Data (Training Time 3.473024):  0.9596236060641791
Epoch 59: 
BAS Score on Validation Data (Training Time 3.456409):  0.9360575600361593
Epoch 60: 
BAS Score on Validation Data (Training Time 3.435435):  0.9677471567460957
Epoch 61: 
BAS Score on Validation Data (Training Time 3.444381):  0.9687227778313735
Epoch 62: 
BAS Score on Validation Data (Training Time 3.445519):  0.9666123116556439
Epoch 63: 
BAS Score on Validation Data (Training Time 3.436805):  0.9582691524369983
Epoch 64: 
BAS Score on Validation Data (Training Time 3.445738):  0.9679924912370969
Epoch 65: 
BAS Score on Validation Data (Training Time 3.443265):  0.9648877794571109
Epoch 66: 
BAS Score on Validation Data (Training Time 3.443346):  0.9637700850028406
Epoch 67: 
BAS Score on Validation Data (Training Time 3.443094):  0.968884904939026
Epoch 68: 
BAS Score on Validation Data (Training Time 3.439115):  0.9669165121322886
Epoch 69: 
BAS Score on Validation Data (Training Time 3.439792):  0.9546622932544405
Epoch 70: 
BAS Score on Validation Data (Training Time 3.413109):  0.968292314728466
Epoch 71: 
BAS Score on Validation Data (Training Time 3.458253):  0.9686682888310054
Epoch 72: 
BAS Score on Validation Data (Training Time 3.459822):  0.9663841278008239
Epoch 73: 
BAS Score on Validation Data (Training Time 3.441751):  0.970031362439392
Epoch 74: 
BAS Score on Validation Data (Training Time 3.447132):  0.9611890482468833
Epoch 75: 
BAS Score on Validation Data (Training Time 3.446721):  0.9654758586930501
Epoch 76: 
BAS Score on Validation Data (Training Time 3.434915):  0.9622503778499535
Epoch 77: 
BAS Score on Validation Data (Training Time 3.431076):  0.9657630425228585
Epoch 78: 
BAS Score on Validation Data (Training Time 3.457730):  0.9704086764353832
Epoch 79: 
BAS Score on Validation Data (Training Time 3.464573):  0.963662268243096
Epoch 80: 
BAS Score on Validation Data (Training Time 3.443618):  0.968110312534614
Epoch 81: 
BAS Score on Validation Data (Training Time 3.445466):  0.9692536882800412
Epoch 82: 
BAS Score on Validation Data (Training Time 3.472660):  0.9687071010779889
Epoch 83: 
BAS Score on Validation Data (Training Time 3.438854):  0.9691977700599915
Epoch 84: 
BAS Score on Validation Data (Training Time 3.447390):  0.9687988391163135
Epoch 85: 
BAS Score on Validation Data (Training Time 3.446313):  0.969077179649341
Epoch 86: 
BAS Score on Validation Data (Training Time 3.439106):  0.9670355839970273
Epoch 87: 
BAS Score on Validation Data (Training Time 3.461257):  0.966389800016436
Epoch 88: 
BAS Score on Validation Data (Training Time 3.450178):  0.9655119018269
Epoch 89: 
BAS Score on Validation Data (Training Time 3.457074):  0.9668719383434629
Epoch 90: 
BAS Score on Validation Data (Training Time 3.443789):  0.9675205807634176
Epoch 91: 
BAS Score on Validation Data (Training Time 3.463572):  0.9697070635609725
Epoch 92: 
BAS Score on Validation Data (Training Time 3.448087):  0.9601871205868376
Epoch 93: 
BAS Score on Validation Data (Training Time 3.465453):  0.968665430391642
Epoch 94: 
BAS Score on Validation Data (Training Time 3.434048):  0.9651443690531063
Epoch 95: 
BAS Score on Validation Data (Training Time 3.436456):  0.9636510131381019
Epoch 96: 
BAS Score on Validation Data (Training Time 3.439851):  0.9666768051937843
Epoch 97: 
BAS Score on Validation Data (Training Time 3.436339):  0.9688806619430957
Epoch 98: 
BAS Score on Validation Data (Training Time 3.449032):  0.968692674891826
Epoch 99: 
BAS Score on Validation Data (Training Time 3.454272):  0.9676740878898643
Epoch 100: 
BAS Score on Validation Data (Training Time 3.447327):  0.9681475169094554
Epoch 101: 
BAS Score on Validation Data (Training Time 3.450882):  0.9532720644720998
Epoch 102: 
BAS Score on Validation Data (Training Time 3.449156):  0.9500531491069163
Epoch 103: 
BAS Score on Validation Data (Training Time 3.451693):  0.9603521954600837
Epoch 104: 
BAS Score on Validation Data (Training Time 3.446075):  0.9613784198547198
Epoch 105: 
BAS Score on Validation Data (Training Time 3.447020):  0.9654500434125478
Epoch 106: 
BAS Score on Validation Data (Training Time 3.446325):  0.9667429066040668
Epoch 107: 
BAS Score on Validation Data (Training Time 3.433061):  0.956872000871824
Epoch 108: 
BAS Score on Validation Data (Training Time 3.447068):  0.9686870026762139
Epoch 109: 
BAS Score on Validation Data (Training Time 3.443900):  0.9696225162841717
Epoch 110: 
BAS Score on Validation Data (Training Time 3.437000):  0.9645665176705149
Epoch 111: 
BAS Score on Validation Data (Training Time 3.427232):  0.9595447756661057
Epoch 112: 
BAS Score on Validation Data (Training Time 3.438557):  0.9697473496907526
Epoch 113: 
BAS Score on Validation Data (Training Time 3.429935):  0.9717631747256791
Epoch 114: 
BAS Score on Validation Data (Training Time 3.437891):  0.9691906686246976
Epoch 115: 
BAS Score on Validation Data (Training Time 3.437489):  0.9603537586691105
Epoch 116: 
BAS Score on Validation Data (Training Time 3.429303):  0.9690126861112005
Epoch 117: 
BAS Score on Validation Data (Training Time 3.417680):  0.9467603162863156
Epoch 118: 
BAS Score on Validation Data (Training Time 3.429929):  0.9672378632451147
Epoch 119: 
BAS Score on Validation Data (Training Time 3.429505):  0.9569703490511768
Epoch 120: 
BAS Score on Validation Data (Training Time 3.417771):  0.9543539391080954
Epoch 121: 
BAS Score on Validation Data (Training Time 3.424486):  0.9705737066455143
Epoch 122: 
BAS Score on Validation Data (Training Time 3.430477):  0.9463585269032739
Epoch 123: 
BAS Score on Validation Data (Training Time 3.418743):  0.9670873038842617
Epoch 124: 
BAS Score on Validation Data (Training Time 3.428937):  0.9593004237636356
Epoch 125: 
BAS Score on Validation Data (Training Time 3.440963):  0.971304037902906
Epoch 126: 
BAS Score on Validation Data (Training Time 3.466774):  0.968768870166111
Epoch 127: 
BAS Score on Validation Data (Training Time 3.442637):  0.9681431399241799
Epoch 128: 
BAS Score on Validation Data (Training Time 3.454118):  0.9301710507980405
Epoch 129: 
BAS Score on Validation Data (Training Time 3.442942):  0.9616351881031754
Epoch 130: 
BAS Score on Validation Data (Training Time 3.435240):  0.9682334934059377
Epoch 131: 
BAS Score on Validation Data (Training Time 3.442214):  0.9630740996809267
Epoch 132: 
BAS Score on Validation Data (Training Time 3.459402):  0.9626823148356576
Epoch 133: 
BAS Score on Validation Data (Training Time 3.495774):  0.9574553458175673
Epoch 134: 
BAS Score on Validation Data (Training Time 3.443205):  0.9666009225613045
Epoch 135: 
BAS Score on Validation Data (Training Time 3.428498):  0.962882048286187
Epoch 136: 
BAS Score on Validation Data (Training Time 3.430525):  0.9624340772421777
Epoch 137: 
BAS Score on Validation Data (Training Time 3.419794):  0.9400239126318009
Epoch 138: 
BAS Score on Validation Data (Training Time 3.427571):  0.962660876540431
Epoch 139: 
BAS Score on Validation Data (Training Time 3.429005):  0.9668547430441664
Epoch 140: 
BAS Score on Validation Data (Training Time 3.420792):  0.9669266059962912
Epoch 141: 
BAS Score on Validation Data (Training Time 3.421061):  0.9642923754703027
Epoch 142: 
BAS Score on Validation Data (Training Time 3.429522):  0.9691074165782337
Epoch 143: 
BAS Score on Validation Data (Training Time 3.423772):  0.9578929550188836
Epoch 144: 
BAS Score on Validation Data (Training Time 3.425605):  0.9672047678768584
Epoch 145: 
BAS Score on Validation Data (Training Time 3.439361):  0.9677299614467992
Epoch 146: 
BAS Score on Validation Data (Training Time 3.427626):  0.9678260764703991
Epoch 147: 
BAS Score on Validation Data (Training Time 3.427647):  0.9687630192980388
Epoch 148: 
BAS Score on Validation Data (Training Time 3.423095):  0.9717904638889783
Epoch 149: 
BAS Score on Validation Data (Training Time 3.432820):  0.9604540273624108
High Quality
0.8620866354504484 0.7202206829521683 0.7449353753776005 0.8620866354504484 0.6170527580197758
              precision    recall  f1-score   support

           0       1.00      0.62      0.77     23726
           1       0.98      0.99      0.99      5353
           2       0.26      0.97      0.41      3178

    accuracy                           0.72     32257
   macro avg       0.74      0.86      0.72     32257
weighted avg       0.92      0.72      0.77     32257

Low Quality Post 2020
0.8265986745847319 0.5829447578848482 0.6669307665678077 0.8265986745847319 0.4561292615345209
              precision    recall  f1-score   support

           0       1.00      0.56      0.72      1291
           1       0.98      1.00      0.99       160
           2       0.02      0.92      0.04        12

    accuracy                           0.61      1463
   macro avg       0.67      0.83      0.58      1463
weighted avg       0.99      0.61      0.74      1463


High Quality Post 2020
                          mean       std       sem  count
Model                                                    
Transformer-FNET-128  0.970917  0.021395  0.006766     10
Transformer-FNET-64   0.968605  0.014715  0.004653     10
Transformer-MHA-128   0.805282  0.089827  0.028406     10
Transformer-MHA-64    0.870393  0.061768  0.019533     10
                          mean       std       sem  count
Model                                                    
Transformer-FNET-128  0.973810  0.006476  0.002048     10
Transformer-FNET-64   0.971525  0.005222  0.001651     10
Transformer-MHA-128   0.897728  0.046348  0.014656     10
Transformer-MHA-64    0.926687  0.022515  0.007120     10
                          mean       std       sem  count
Model                                                    
Transformer-FNET-128  0.963612  0.027701  0.008760     10
Transformer-FNET-64   0.960903  0.019071  0.006031     10
Transformer-MHA-128   0.739997  0.127936  0.040457     10
Transformer-MHA-64    0.831399  0.088861  0.028100     10

Low Quality Pre + Post 2020
                          mean       std       sem  count
Model                                                    
Transformer-FNET-128  0.762947  0.047437  0.015001     10
Transformer-FNET-64   0.767495  0.059669  0.018869     10
Transformer-MHA-128   0.625781  0.068887  0.021784     10
Transformer-MHA-64    0.679639  0.050214  0.015879     10
                          mean       std       sem  count
Model                                                    
Transformer-FNET-128  0.920604  0.016038  0.005072     10
Transformer-FNET-64   0.914868  0.022317  0.007057     10
Transformer-MHA-128   0.859026  0.065415  0.020686     10
Transformer-MHA-64    0.888687  0.048129  0.015220     10
                          mean       std       sem  count
Model                                                    
Transformer-FNET-128  0.865612  0.055752  0.017630     10
Transformer-FNET-64   0.865426  0.068517  0.021667     10
Transformer-MHA-128   0.571133  0.155971  0.049322     10
Transformer-MHA-64    0.686720  0.137756  0.043562     10
Saving Results
