warning: refusing to reload ordenv; ORDENV_SETUP already set
CUDA_VISIBLE_DEVICES=0
Fri Apr 25 19:29:05 2025       
+-----------------------------------------------------------------------------------------+
| NVIDIA-SMI 550.127.08             Driver Version: 550.127.08     CUDA Version: 12.4     |
|-----------------------------------------+------------------------+----------------------+
| GPU  Name                 Persistence-M | Bus-Id          Disp.A | Volatile Uncorr. ECC |
| Fan  Temp   Perf          Pwr:Usage/Cap |           Memory-Usage | GPU-Util  Compute M. |
|                                         |                        |               MIG M. |
|=========================================+========================+======================|
|   0  NVIDIA A100-SXM4-40GB          Off |   00000000:0F:00.0 Off |                    0 |
| N/A   29C    P0             54W /  400W |       1MiB /  40960MiB |      0%      Default |
|                                         |                        |             Disabled |
+-----------------------------------------+------------------------+----------------------+
                                                                                         
+-----------------------------------------------------------------------------------------+
| Processes:                                                                              |
|  GPU   GI   CI        PID   Type   Process name                              GPU Memory |
|        ID   ID                                                               Usage      |
|=========================================================================================|
|  No running processes found                                                             |
+-----------------------------------------------------------------------------------------+
OneHot training data shape: (119070, 64, 64) (119070,)
Test High-quality Data Shape: (44760, 64, 64) (44760,)
Test Low-quality Data Shape (Post 2020): (2221, 64, 64) (2221,)
Number of classes: 3
************Fold: 0
Data Shape Before Sampling:  (107163, 64, 64) (107163,)
Subtype/Host: 0 ,count:  72320 ,index count: (array([False,  True]), array([34843, 72320])) ,downsampling:  (16000, 64, 64) (16000,)
Subtype/Host: 1 ,count:  22412 ,index count: (array([False,  True]), array([84751, 22412])) ,downsampling:  (16000, 64, 64) (16000,)
Subtype/Host: 2 ,count:  12431 ,index count: (array([False,  True]), array([94732, 12431])) ,keep:  (12431, 64, 64) (12431,)
Emb Dim: 64
Transformer-FNET-64
=====================================================================================================================================================================
Layer (type:depth-idx)                   Input Shape               Output Shape              Kernel Shape              Param #                   Mult-Adds
=====================================================================================================================================================================
TransfomerBlock                          [2, 64, 64]               [2, 3]                    --                        --                        --
├─MakePatches: 1-1                       [2, 64, 64]               [2, 256, 16]              --                        --                        --
│    └─Unfold: 2-1                       [2, 1, 64, 64]            [2, 16, 256]              [4, 4]                    --                        --
├─Linear: 1-2                            [2, 256, 16]              [2, 256, 64]              --                        1,088                     2,176
├─PositionalEncoding: 1-3                [2, 256, 64]              [2, 256, 64]              --                        --                        --
├─FNET: 1-4                              [2, 256, 64]              [2, 256, 64]              --                        --                        --
│    └─LayerNorm: 2-2                    [2, 256, 64]              [2, 256, 64]              --                        128                       256
│    └─Sequential: 2-3                   [2, 256, 64]              [2, 256, 64]              --                        --                        --
│    │    └─Linear: 3-1                  [2, 256, 64]              [2, 256, 64]              --                        4,160                     8,320
│    │    └─ReLU: 3-2                    [2, 256, 64]              [2, 256, 64]              --                        --                        --
│    │    └─Dropout: 3-3                 [2, 256, 64]              [2, 256, 64]              --                        --                        --
│    │    └─Linear: 3-4                  [2, 256, 64]              [2, 256, 64]              --                        4,160                     8,320
│    └─LayerNorm: 2-4                    [2, 256, 64]              [2, 256, 64]              --                        128                       256
├─Sequential: 1-5                        [2, 64]                   [2, 3]                    --                        --                        --
│    └─Linear: 2-5                       [2, 64]                   [2, 64]                   --                        4,160                     8,320
│    └─ReLU: 2-6                         [2, 64]                   [2, 64]                   --                        --                        --
│    └─Linear: 2-7                       [2, 64]                   [2, 32]                   --                        2,080                     4,160
│    └─ReLU: 2-8                         [2, 32]                   [2, 32]                   --                        --                        --
│    └─Linear: 2-9                       [2, 32]                   [2, 3]                    --                        99                        198
=====================================================================================================================================================================
Total params: 16,003
Trainable params: 16,003
Non-trainable params: 0
Total mult-adds (Units.MEGABYTES): 0.03
=====================================================================================================================================================================
Input size (MB): 0.03
Forward/backward pass size (MB): 1.31
Params size (MB): 0.06
Estimated Total Size (MB): 1.41
=====================================================================================================================================================================
Total Trainable Parameters:  16003
Total Parameters:  16003
Epoch 0: 
BAS Score on Validation Data (Training Time 2.653236):  0.44381284887350964
Epoch 1: 
BAS Score on Validation Data (Training Time 0.965616):  0.6534024266969988
Epoch 2: 
BAS Score on Validation Data (Training Time 0.965107):  0.6897007700458787
Epoch 3: 
BAS Score on Validation Data (Training Time 0.965333):  0.8172647611753621
Epoch 4: 
BAS Score on Validation Data (Training Time 0.965135):  0.8710145163808501
Epoch 5: 
BAS Score on Validation Data (Training Time 0.965308):  0.8943258671068072
Epoch 6: 
BAS Score on Validation Data (Training Time 0.969865):  0.899259101139319
Epoch 7: 
BAS Score on Validation Data (Training Time 0.979209):  0.9027270395133703
Epoch 8: 
BAS Score on Validation Data (Training Time 0.963680):  0.8975962059615772
Epoch 9: 
BAS Score on Validation Data (Training Time 0.963980):  0.9130373831548649
Epoch 10: 
BAS Score on Validation Data (Training Time 0.968002):  0.913472765311286
Epoch 11: 
BAS Score on Validation Data (Training Time 0.974415):  0.91975756661876
Epoch 12: 
BAS Score on Validation Data (Training Time 0.973604):  0.9232514858564699
Epoch 13: 
BAS Score on Validation Data (Training Time 0.965992):  0.9266307336460495
Epoch 14: 
BAS Score on Validation Data (Training Time 0.966567):  0.925944111978818
Epoch 15: 
BAS Score on Validation Data (Training Time 0.974512):  0.929244028032845
Epoch 16: 
BAS Score on Validation Data (Training Time 0.984656):  0.9313823753122851
Epoch 17: 
BAS Score on Validation Data (Training Time 0.967213):  0.9322516516384987
Epoch 18: 
BAS Score on Validation Data (Training Time 0.977723):  0.933450806978958
Epoch 19: 
BAS Score on Validation Data (Training Time 0.967797):  0.9353212467497015
Epoch 20: 
BAS Score on Validation Data (Training Time 0.966332):  0.9356211308562984
Epoch 21: 
BAS Score on Validation Data (Training Time 0.972595):  0.9376934559637355
Epoch 22: 
BAS Score on Validation Data (Training Time 0.965837):  0.9386079358457889
Epoch 23: 
BAS Score on Validation Data (Training Time 0.968500):  0.939567660586487
Epoch 24: 
BAS Score on Validation Data (Training Time 0.971722):  0.9398374338625505
Epoch 25: 
BAS Score on Validation Data (Training Time 0.974591):  0.9415966066026463
Epoch 26: 
BAS Score on Validation Data (Training Time 0.972193):  0.9416456909333785
Epoch 27: 
BAS Score on Validation Data (Training Time 0.966481):  0.941656869566518
Epoch 28: 
BAS Score on Validation Data (Training Time 0.966337):  0.9425205359247593
Epoch 29: 
BAS Score on Validation Data (Training Time 0.968940):  0.9440443413974199
Epoch 30: 
BAS Score on Validation Data (Training Time 0.971619):  0.9443177636026069
Epoch 31: 
BAS Score on Validation Data (Training Time 0.979750):  0.9450452809817115
Epoch 32: 
BAS Score on Validation Data (Training Time 0.969204):  0.9444723144530506
Epoch 33: 
BAS Score on Validation Data (Training Time 0.970144):  0.944262600932023
Epoch 34: 
BAS Score on Validation Data (Training Time 0.974571):  0.9473892244811765
Epoch 35: 
BAS Score on Validation Data (Training Time 0.973907):  0.9479680994581274
Epoch 36: 
BAS Score on Validation Data (Training Time 0.970176):  0.9481700800663031
Epoch 37: 
BAS Score on Validation Data (Training Time 0.972793):  0.9488110631230899
Epoch 38: 
BAS Score on Validation Data (Training Time 0.974314):  0.948360032583532
Epoch 39: 
BAS Score on Validation Data (Training Time 0.969235):  0.9490519990556924
Epoch 40: 
BAS Score on Validation Data (Training Time 0.972324):  0.9512434400295137
Epoch 41: 
BAS Score on Validation Data (Training Time 0.981218):  0.9510019737708245
Epoch 42: 
BAS Score on Validation Data (Training Time 0.973313):  0.9520580427084254
Epoch 43: 
BAS Score on Validation Data (Training Time 0.974235):  0.952297303416625
Epoch 44: 
BAS Score on Validation Data (Training Time 0.975550):  0.9526158545575721
Epoch 45: 
BAS Score on Validation Data (Training Time 0.971203):  0.9521785686361689
Epoch 46: 
BAS Score on Validation Data (Training Time 0.973440):  0.953025181230255
Epoch 47: 
BAS Score on Validation Data (Training Time 0.974925):  0.9500003752716896
Epoch 48: 
BAS Score on Validation Data (Training Time 0.975284):  0.9545111223081278
Epoch 49: 
BAS Score on Validation Data (Training Time 0.969225):  0.9548146759952507
Epoch 50: 
BAS Score on Validation Data (Training Time 0.969399):  0.9550578714470198
Epoch 51: 
BAS Score on Validation Data (Training Time 0.977270):  0.9543619702312899
Epoch 52: 
BAS Score on Validation Data (Training Time 0.968441):  0.9549313211481016
Epoch 53: 
BAS Score on Validation Data (Training Time 0.976554):  0.9560383528496734
Epoch 54: 
BAS Score on Validation Data (Training Time 0.973610):  0.9554442898759342
Epoch 55: 
BAS Score on Validation Data (Training Time 0.975932):  0.9564531735674441
Epoch 56: 
BAS Score on Validation Data (Training Time 0.968200):  0.9569208767852292
Epoch 57: 
BAS Score on Validation Data (Training Time 0.974099):  0.957796061559733
Epoch 58: 
BAS Score on Validation Data (Training Time 0.972989):  0.9512296620940847
Epoch 59: 
BAS Score on Validation Data (Training Time 0.974561):  0.9582240552667661
Epoch 60: 
BAS Score on Validation Data (Training Time 0.974102):  0.953188821086233
Epoch 61: 
BAS Score on Validation Data (Training Time 0.971058):  0.9569980029702921
Epoch 62: 
BAS Score on Validation Data (Training Time 0.972037):  0.958716226029838
Epoch 63: 
BAS Score on Validation Data (Training Time 0.968321):  0.957505287110073
Epoch 64: 
BAS Score on Validation Data (Training Time 0.980988):  0.9586464596572298
Epoch 65: 
BAS Score on Validation Data (Training Time 0.979748):  0.9571901943552853
Epoch 66: 
BAS Score on Validation Data (Training Time 0.969579):  0.9564226816509827
Epoch 67: 
BAS Score on Validation Data (Training Time 0.976616):  0.9587440773412048
Epoch 68: 
BAS Score on Validation Data (Training Time 0.981120):  0.9563792819083021
Epoch 69: 
BAS Score on Validation Data (Training Time 0.968856):  0.9598698920000116
Epoch 70: 
BAS Score on Validation Data (Training Time 0.969607):  0.959903862954035
Epoch 71: 
BAS Score on Validation Data (Training Time 0.973027):  0.9590796822463071
Epoch 72: 
BAS Score on Validation Data (Training Time 0.970060):  0.9565604105830404
Epoch 73: 
BAS Score on Validation Data (Training Time 0.975471):  0.9565188353049215
Epoch 74: 
BAS Score on Validation Data (Training Time 0.975222):  0.9571354460879039
Epoch 75: 
BAS Score on Validation Data (Training Time 0.969605):  0.9595943801672194
Epoch 76: 
BAS Score on Validation Data (Training Time 0.971092):  0.9577653457830332
Epoch 77: 
BAS Score on Validation Data (Training Time 0.976224):  0.9597527911411533
Epoch 78: 
BAS Score on Validation Data (Training Time 0.976745):  0.9590249339789257
Epoch 79: 
BAS Score on Validation Data (Training Time 0.972194):  0.9520328003254108
Epoch 80: 
BAS Score on Validation Data (Training Time 0.978936):  0.9597603001937666
Epoch 81: 
BAS Score on Validation Data (Training Time 0.982097):  0.9603430352942075
Epoch 82: 
BAS Score on Validation Data (Training Time 0.981739):  0.9611294055758245
Epoch 83: 
BAS Score on Validation Data (Training Time 0.974101):  0.9624777129931218
Epoch 84: 
BAS Score on Validation Data (Training Time 0.971351):  0.961821467319467
Epoch 85: 
BAS Score on Validation Data (Training Time 0.976060):  0.9580348125932483
Epoch 86: 
BAS Score on Validation Data (Training Time 0.968051):  0.9615572833599733
Epoch 87: 
BAS Score on Validation Data (Training Time 0.972079):  0.96159876336661
Epoch 88: 
BAS Score on Validation Data (Training Time 0.970360):  0.9622381871218787
Epoch 89: 
BAS Score on Validation Data (Training Time 0.973085):  0.9612424017995519
Epoch 90: 
BAS Score on Validation Data (Training Time 0.972206):  0.9613762706081196
Epoch 91: 
BAS Score on Validation Data (Training Time 0.971550):  0.9617458258158428
Epoch 92: 
BAS Score on Validation Data (Training Time 0.972118):  0.9542953970817974
Epoch 93: 
BAS Score on Validation Data (Training Time 0.974741):  0.9629981907735679
Epoch 94: 
BAS Score on Validation Data (Training Time 0.984421):  0.9607577400890936
Epoch 95: 
BAS Score on Validation Data (Training Time 0.975504):  0.9579650462206398
Epoch 96: 
BAS Score on Validation Data (Training Time 0.976257):  0.9635486841130652
Epoch 97: 
BAS Score on Validation Data (Training Time 0.977307):  0.9611084377195024
Epoch 98: 
BAS Score on Validation Data (Training Time 0.966458):  0.9619664194896921
Epoch 99: 
BAS Score on Validation Data (Training Time 0.975318):  0.9620927792456463
Epoch 100: 
BAS Score on Validation Data (Training Time 0.975398):  0.9589512122113453
Epoch 101: 
BAS Score on Validation Data (Training Time 0.977525):  0.9631299493031277
Epoch 102: 
BAS Score on Validation Data (Training Time 0.970375):  0.9611593465147964
Epoch 103: 
BAS Score on Validation Data (Training Time 0.975365):  0.962767903148018
Epoch 104: 
BAS Score on Validation Data (Training Time 0.975986):  0.9594641809391778
Epoch 105: 
BAS Score on Validation Data (Training Time 0.972082):  0.9587815479841927
Epoch 106: 
BAS Score on Validation Data (Training Time 0.975442):  0.9610802466250128
Epoch 107: 
BAS Score on Validation Data (Training Time 0.974836):  0.9632641785462207
Epoch 108: 
BAS Score on Validation Data (Training Time 0.975083):  0.9623756302394902
Epoch 109: 
BAS Score on Validation Data (Training Time 0.976439):  0.9623643769862714
Epoch 110: 
BAS Score on Validation Data (Training Time 0.972305):  0.9642388261206638
Epoch 111: 
BAS Score on Validation Data (Training Time 0.982019):  0.9622172192655566
Epoch 112: 
BAS Score on Validation Data (Training Time 0.979291):  0.963593738428746
Epoch 113: 
BAS Score on Validation Data (Training Time 0.976562):  0.9595640787937221
Epoch 114: 
BAS Score on Validation Data (Training Time 0.977412):  0.9629319987100033
Epoch 115: 
BAS Score on Validation Data (Training Time 0.975201):  0.963531576380233
Epoch 116: 
BAS Score on Validation Data (Training Time 0.974260):  0.9640182530982172
Epoch 117: 
BAS Score on Validation Data (Training Time 0.975065):  0.9617401618791935
Epoch 118: 
BAS Score on Validation Data (Training Time 0.978285):  0.9629414274986606
Epoch 119: 
BAS Score on Validation Data (Training Time 0.977438):  0.9631054277891641
Epoch 120: 
BAS Score on Validation Data (Training Time 0.972026):  0.9638785091586337
Epoch 121: 
BAS Score on Validation Data (Training Time 0.974184):  0.9641085316211403
Epoch 122: 
BAS Score on Validation Data (Training Time 0.971747):  0.9649308878643063
Epoch 123: 
BAS Score on Validation Data (Training Time 0.982488):  0.9654286479439479
Epoch 124: 
BAS Score on Validation Data (Training Time 0.972132):  0.9642989938130535
Epoch 125: 
BAS Score on Validation Data (Training Time 0.972017):  0.9616949376719514
Epoch 126: 
BAS Score on Validation Data (Training Time 0.971391):  0.9646179260399288
Epoch 127: 
BAS Score on Validation Data (Training Time 0.982306):  0.9644500656259353
Epoch 128: 
BAS Score on Validation Data (Training Time 0.971279):  0.9634221544655496
Epoch 129: 
BAS Score on Validation Data (Training Time 0.976308):  0.962126770851072
Epoch 130: 
BAS Score on Validation Data (Training Time 0.979590):  0.9638803542745981
Epoch 131: 
BAS Score on Validation Data (Training Time 0.976714):  0.9607708384582768
Epoch 132: 
BAS Score on Validation Data (Training Time 0.975180):  0.9652552188647872
Epoch 133: 
BAS Score on Validation Data (Training Time 0.975809):  0.9639538854992145
Epoch 134: 
BAS Score on Validation Data (Training Time 0.971608):  0.9644422914102785
Epoch 135: 
BAS Score on Validation Data (Training Time 0.972141):  0.9650193419226675
Epoch 136: 
BAS Score on Validation Data (Training Time 0.970943):  0.9632864611924202
Epoch 137: 
BAS Score on Validation Data (Training Time 0.981992):  0.9631959921265331
Epoch 138: 
BAS Score on Validation Data (Training Time 0.975170):  0.9649968147648272
Epoch 139: 
BAS Score on Validation Data (Training Time 0.972268):  0.9640330806604801
Epoch 140: 
BAS Score on Validation Data (Training Time 0.972687):  0.9623530284615706
Epoch 141: 
BAS Score on Validation Data (Training Time 0.983852):  0.9633957878356215
Epoch 142: 
BAS Score on Validation Data (Training Time 0.974161):  0.9605483250483839
Epoch 143: 
BAS Score on Validation Data (Training Time 0.973144):  0.9644328626216211
Epoch 144: 
BAS Score on Validation Data (Training Time 0.976133):  0.9644008114036415
Epoch 145: 
BAS Score on Validation Data (Training Time 0.972054):  0.9633882787830083
Epoch 146: 
BAS Score on Validation Data (Training Time 0.971173):  0.964434687086183
Epoch 147: 
BAS Score on Validation Data (Training Time 0.983361):  0.9662092590174335
Epoch 148: 
BAS Score on Validation Data (Training Time 0.977124):  0.9631111123772157
Epoch 149: 
BAS Score on Validation Data (Training Time 0.975778):  0.966024481413572
High Quality
0.9706608922505601 0.9741767180256359 0.9779997663540669 0.9706608922505601 0.9709621683411728
              precision    recall  f1-score   support

           0       0.99      0.99      0.99     34537
           1       0.98      1.00      0.99      6756
           2       0.96      0.92      0.94      3467

    accuracy                           0.99     44760
   macro avg       0.98      0.97      0.97     44760
weighted avg       0.99      0.99      0.99     44760

Low Quality
0.9032443746729463 0.6985893258534462 0.675867440365875 0.9032443746729463 0.7259608807972151
              precision    recall  f1-score   support

           0       1.00      0.90      0.95      1960
           1       0.92      1.00      0.96       235
           2       0.11      0.81      0.19        26

    accuracy                           0.91      2221
   macro avg       0.68      0.90      0.70      2221
weighted avg       0.98      0.91      0.94      2221

Emb Dim: 128
Transformer-FNET-128
=====================================================================================================================================================================
Layer (type:depth-idx)                   Input Shape               Output Shape              Kernel Shape              Param #                   Mult-Adds
=====================================================================================================================================================================
TransfomerBlock                          [2, 64, 64]               [2, 3]                    --                        --                        --
├─MakePatches: 1-1                       [2, 64, 64]               [2, 256, 16]              --                        --                        --
│    └─Unfold: 2-1                       [2, 1, 64, 64]            [2, 16, 256]              [4, 4]                    --                        --
├─Linear: 1-2                            [2, 256, 16]              [2, 256, 128]             --                        2,176                     4,352
├─PositionalEncoding: 1-3                [2, 256, 128]             [2, 256, 128]             --                        --                        --
├─FNET: 1-4                              [2, 256, 128]             [2, 256, 128]             --                        --                        --
│    └─LayerNorm: 2-2                    [2, 256, 128]             [2, 256, 128]             --                        256                       512
│    └─Sequential: 2-3                   [2, 256, 128]             [2, 256, 128]             --                        --                        --
│    │    └─Linear: 3-1                  [2, 256, 128]             [2, 256, 128]             --                        16,512                    33,024
│    │    └─ReLU: 3-2                    [2, 256, 128]             [2, 256, 128]             --                        --                        --
│    │    └─Dropout: 3-3                 [2, 256, 128]             [2, 256, 128]             --                        --                        --
│    │    └─Linear: 3-4                  [2, 256, 128]             [2, 256, 128]             --                        16,512                    33,024
│    └─LayerNorm: 2-4                    [2, 256, 128]             [2, 256, 128]             --                        256                       512
├─Sequential: 1-5                        [2, 128]                  [2, 3]                    --                        --                        --
│    └─Linear: 2-5                       [2, 128]                  [2, 64]                   --                        8,256                     16,512
│    └─ReLU: 2-6                         [2, 64]                   [2, 64]                   --                        --                        --
│    └─Linear: 2-7                       [2, 64]                   [2, 32]                   --                        2,080                     4,160
│    └─ReLU: 2-8                         [2, 32]                   [2, 32]                   --                        --                        --
│    └─Linear: 2-9                       [2, 32]                   [2, 3]                    --                        99                        198
=====================================================================================================================================================================
Total params: 46,147
Trainable params: 46,147
Non-trainable params: 0
Total mult-adds (Units.MEGABYTES): 0.09
=====================================================================================================================================================================
Input size (MB): 0.03
Forward/backward pass size (MB): 2.62
Params size (MB): 0.18
Estimated Total Size (MB): 2.84
=====================================================================================================================================================================
Total Trainable Parameters:  46147
Total Parameters:  46147
Epoch 0: 
BAS Score on Validation Data (Training Time 1.240608):  0.6539417001005515
Epoch 1: 
BAS Score on Validation Data (Training Time 1.108581):  0.6557988716105504
Epoch 2: 
BAS Score on Validation Data (Training Time 1.105709):  0.8615086034444986
Epoch 3: 
BAS Score on Validation Data (Training Time 1.114019):  0.9069761782013925
Epoch 4: 
BAS Score on Validation Data (Training Time 1.107697):  0.9197030835144219
Epoch 5: 
BAS Score on Validation Data (Training Time 1.108316):  0.9253463920904245
Epoch 6: 
BAS Score on Validation Data (Training Time 1.108369):  0.9303903008732894
Epoch 7: 
BAS Score on Validation Data (Training Time 1.107417):  0.9339581324215439
Epoch 8: 
BAS Score on Validation Data (Training Time 1.107316):  0.9365490362247858
Epoch 9: 
BAS Score on Validation Data (Training Time 1.109782):  0.9403482716599726
Epoch 10: 
BAS Score on Validation Data (Training Time 1.107137):  0.9414644876385609
Epoch 11: 
BAS Score on Validation Data (Training Time 1.106559):  0.9427335459259156
Epoch 12: 
BAS Score on Validation Data (Training Time 1.108060):  0.9464313655078449
Epoch 13: 
BAS Score on Validation Data (Training Time 1.107661):  0.9488976927168897
Epoch 14: 
BAS Score on Validation Data (Training Time 1.107766):  0.9490256863944415
Epoch 15: 
BAS Score on Validation Data (Training Time 1.111444):  0.9488201521286243
Epoch 16: 
BAS Score on Validation Data (Training Time 1.106871):  0.9479848134391596
Epoch 17: 
BAS Score on Validation Data (Training Time 1.108977):  0.9533911621289342
Epoch 18: 
BAS Score on Validation Data (Training Time 1.107334):  0.9541021021012935
Epoch 19: 
BAS Score on Validation Data (Training Time 1.108012):  0.9544978540473831
Epoch 20: 
BAS Score on Validation Data (Training Time 1.108305):  0.9525478380294462
Epoch 21: 
BAS Score on Validation Data (Training Time 1.107186):  0.9532325066433596
Epoch 22: 
BAS Score on Validation Data (Training Time 1.107123):  0.9551614928507669
Epoch 23: 
BAS Score on Validation Data (Training Time 1.107042):  0.9565382025569202
Epoch 24: 
BAS Score on Validation Data (Training Time 1.107036):  0.9573977642800308
Epoch 25: 
BAS Score on Validation Data (Training Time 1.108005):  0.9576881243264883
Epoch 26: 
BAS Score on Validation Data (Training Time 1.108136):  0.9548651084331347
Epoch 27: 
BAS Score on Validation Data (Training Time 1.107554):  0.9548689685566246
Epoch 28: 
BAS Score on Validation Data (Training Time 1.110580):  0.9579954222142167
Epoch 29: 
BAS Score on Validation Data (Training Time 1.107991):  0.9580369022208535
Epoch 30: 
BAS Score on Validation Data (Training Time 1.108628):  0.9533246096308443
Epoch 31: 
BAS Score on Validation Data (Training Time 1.108692):  0.9599453429606717
Epoch 32: 
BAS Score on Validation Data (Training Time 1.108502):  0.9584517975587034
Epoch 33: 
BAS Score on Validation Data (Training Time 1.108404):  0.9583687422739479
Epoch 34: 
BAS Score on Validation Data (Training Time 1.115295):  0.9605298072541925
Epoch 35: 
BAS Score on Validation Data (Training Time 1.112901):  0.958331122390801
Epoch 36: 
BAS Score on Validation Data (Training Time 1.108343):  0.9582655146220005
Epoch 37: 
BAS Score on Validation Data (Training Time 1.116371):  0.9617441712428425
Epoch 38: 
BAS Score on Validation Data (Training Time 1.109621):  0.9614367780836323
Epoch 39: 
BAS Score on Validation Data (Training Time 1.110436):  0.9619025822167764
Epoch 40: 
BAS Score on Validation Data (Training Time 1.113074):  0.9602902813829494
Epoch 41: 
BAS Score on Validation Data (Training Time 1.109877):  0.960276992470802
Epoch 42: 
BAS Score on Validation Data (Training Time 1.110103):  0.9562889081138971
Epoch 43: 
BAS Score on Validation Data (Training Time 1.108833):  0.9601600615035052
Epoch 44: 
BAS Score on Validation Data (Training Time 1.108299):  0.9601600615035052
Epoch 45: 
BAS Score on Validation Data (Training Time 1.108731):  0.9622777267410694
Epoch 46: 
BAS Score on Validation Data (Training Time 1.109864):  0.9621137264505658
Epoch 47: 
BAS Score on Validation Data (Training Time 1.108723):  0.9622816614846387
Epoch 48: 
BAS Score on Validation Data (Training Time 1.108858):  0.9608974633772744
Epoch 49: 
BAS Score on Validation Data (Training Time 1.116821):  0.9632339724442054
Epoch 50: 
BAS Score on Validation Data (Training Time 1.108761):  0.9595415309844791
Epoch 51: 
BAS Score on Validation Data (Training Time 1.108708):  0.961689858030066
Epoch 52: 
BAS Score on Validation Data (Training Time 1.114262):  0.9626416180121433
Epoch 53: 
BAS Score on Validation Data (Training Time 1.108962):  0.9615252321419936
Epoch 54: 
BAS Score on Validation Data (Training Time 1.108441):  0.9625379759569936
Epoch 55: 
BAS Score on Validation Data (Training Time 1.113695):  0.9583800368299719
Epoch 56: 
BAS Score on Validation Data (Training Time 1.109243):  0.9643312149225945
Epoch 57: 
BAS Score on Validation Data (Training Time 1.110810):  0.9609444374289989
Epoch 58: 
BAS Score on Validation Data (Training Time 1.108577):  0.9620437901863959
Epoch 59: 
BAS Score on Validation Data (Training Time 1.111189):  0.9635674670703
Epoch 60: 
BAS Score on Validation Data (Training Time 1.109565):  0.9572333289349224
Epoch 61: 
BAS Score on Validation Data (Training Time 1.117681):  0.9641861674808876
Epoch 62: 
BAS Score on Validation Data (Training Time 1.109273):  0.9640616528408977
Epoch 63: 
BAS Score on Validation Data (Training Time 1.109061):  0.9639332780774179
Epoch 64: 
BAS Score on Validation Data (Training Time 1.116928):  0.9647196483590347
Epoch 65: 
BAS Score on Validation Data (Training Time 1.115403):  0.9636861272306767
Epoch 66: 
BAS Score on Validation Data (Training Time 1.108860):  0.9644159994004299
Epoch 67: 
BAS Score on Validation Data (Training Time 1.109802):  0.9644554643995411
Epoch 68: 
BAS Score on Validation Data (Training Time 1.116298):  0.9614176553432744
Epoch 69: 
BAS Score on Validation Data (Training Time 1.109725):  0.9646839482119317
Epoch 70: 
BAS Score on Validation Data (Training Time 1.109134):  0.9643745400451956
Epoch 71: 
BAS Score on Validation Data (Training Time 1.115197):  0.9645199272700258
Epoch 72: 
BAS Score on Validation Data (Training Time 1.110063):  0.9634824920495006
Epoch 73: 
BAS Score on Validation Data (Training Time 1.108889):  0.9657453746203334
Epoch 74: 
BAS Score on Validation Data (Training Time 1.108656):  0.965270141698532
Epoch 75: 
BAS Score on Validation Data (Training Time 1.110729):  0.9647612029857511
Epoch 76: 
BAS Score on Validation Data (Training Time 1.113497):  0.9638859229397653
Epoch 77: 
BAS Score on Validation Data (Training Time 1.111346):  0.9653870726658291
Epoch 78: 
BAS Score on Validation Data (Training Time 1.109260):  0.9654285526724659
Epoch 79: 
BAS Score on Validation Data (Training Time 1.109842):  0.9646854868620475
Epoch 80: 
BAS Score on Validation Data (Training Time 1.118371):  0.9636561116716255
Epoch 81: 
BAS Score on Validation Data (Training Time 1.112146):  0.964110356085702
Epoch 82: 
BAS Score on Validation Data (Training Time 1.109697):  0.962102323957188
Epoch 83: 
BAS Score on Validation Data (Training Time 1.116090):  0.9646987757741946
Epoch 84: 
BAS Score on Validation Data (Training Time 1.109207):  0.9654890061793014
Epoch 85: 
BAS Score on Validation Data (Training Time 1.110328):  0.963029976828504
Epoch 86: 
BAS Score on Validation Data (Training Time 1.114044):  0.9596528186665294
Epoch 87: 
BAS Score on Validation Data (Training Time 1.109149):  0.9627942904293483
Epoch 88: 
BAS Score on Validation Data (Training Time 1.110579):  0.9614084377489837
Epoch 89: 
BAS Score on Validation Data (Training Time 1.109911):  0.9608651469962514
Epoch 90: 
BAS Score on Validation Data (Training Time 1.109615):  0.9661507458980441
Epoch 91: 
BAS Score on Validation Data (Training Time 1.109733):  0.966318585660635
Epoch 92: 
BAS Score on Validation Data (Training Time 1.109789):  0.96669382545641
Epoch 93: 
BAS Score on Validation Data (Training Time 1.110828):  0.962956561526772
Epoch 94: 
BAS Score on Validation Data (Training Time 1.110442):  0.9646515159080241
Epoch 95: 
BAS Score on Validation Data (Training Time 1.117871):  0.9668692695430964
Epoch 96: 
BAS Score on Validation Data (Training Time 1.111021):  0.9668033426425754
Epoch 97: 
BAS Score on Validation Data (Training Time 1.109834):  0.965017326915142
Epoch 98: 
BAS Score on Validation Data (Training Time 1.115874):  0.9668428076416866
Epoch 99: 
BAS Score on Validation Data (Training Time 1.111458):  0.9670596364635277
Epoch 100: 
BAS Score on Validation Data (Training Time 1.109687):  0.9666788073511831
Epoch 101: 
BAS Score on Validation Data (Training Time 1.114054):  0.9639125007640597
Epoch 102: 
BAS Score on Validation Data (Training Time 1.109528):  0.9651757378890755
Epoch 103: 
BAS Score on Validation Data (Training Time 1.111201):  0.966002124147293
Epoch 104: 
BAS Score on Validation Data (Training Time 1.109991):  0.9638521631801084
Epoch 105: 
BAS Score on Validation Data (Training Time 1.111291):  0.9642368317645406
Epoch 106: 
BAS Score on Validation Data (Training Time 1.110255):  0.9664128941986095
Epoch 107: 
BAS Score on Validation Data (Training Time 1.109998):  0.959492487956552
Epoch 108: 
BAS Score on Validation Data (Training Time 1.113981):  0.9667767854696835
Epoch 109: 
BAS Score on Validation Data (Training Time 1.109982):  0.965958363970087
Epoch 110: 
BAS Score on Validation Data (Training Time 1.110062):  0.9657602974540783
Epoch 111: 
BAS Score on Validation Data (Training Time 1.117640):  0.9664165637791357
Epoch 112: 
BAS Score on Validation Data (Training Time 1.110235):  0.9673030224582608
Epoch 113: 
BAS Score on Validation Data (Training Time 1.109728):  0.9643931118080641
Epoch 114: 
BAS Score on Validation Data (Training Time 1.116287):  0.9653096066976431
Epoch 115: 
BAS Score on Validation Data (Training Time 1.109965):  0.967229416613565
Epoch 116: 
BAS Score on Validation Data (Training Time 1.109874):  0.9674744365298958
Epoch 117: 
BAS Score on Validation Data (Training Time 1.113523):  0.9645724160182404
Epoch 118: 
BAS Score on Validation Data (Training Time 1.109535):  0.9665938323303838
Epoch 119: 
BAS Score on Validation Data (Training Time 1.109072):  0.9667487642667556
Epoch 120: 
BAS Score on Validation Data (Training Time 1.109106):  0.963277032403763
Epoch 121: 
BAS Score on Validation Data (Training Time 1.108938):  0.9670182517283729
Epoch 122: 
BAS Score on Validation Data (Training Time 1.118184):  0.9602975665753245
Epoch 123: 
BAS Score on Validation Data (Training Time 1.110507):  0.9662223573866169
Epoch 124: 
BAS Score on Validation Data (Training Time 1.109954):  0.9662317861752739
Epoch 125: 
BAS Score on Validation Data (Training Time 1.109904):  0.9659092796393548
Epoch 126: 
BAS Score on Validation Data (Training Time 1.117615):  0.966967152390115
Epoch 127: 
BAS Score on Validation Data (Training Time 1.110869):  0.9665373342185201
Epoch 128: 
BAS Score on Validation Data (Training Time 1.110826):  0.9650342647564125
Epoch 129: 
BAS Score on Validation Data (Training Time 1.118494):  0.9647665271392775
Epoch 130: 
BAS Score on Validation Data (Training Time 1.111602):  0.9635371656968027
Epoch 131: 
BAS Score on Validation Data (Training Time 1.110644):  0.967316025555962
Epoch 132: 
BAS Score on Validation Data (Training Time 1.115792):  0.9669734625757357
Epoch 133: 
BAS Score on Validation Data (Training Time 1.111788):  0.9666636193543946
Epoch 134: 
BAS Score on Validation Data (Training Time 1.109447):  0.967730920893812
Epoch 135: 
BAS Score on Validation Data (Training Time 1.109903):  0.9656584052434107
Epoch 136: 
BAS Score on Validation Data (Training Time 1.111784):  0.9656717687756374
Epoch 137: 
BAS Score on Validation Data (Training Time 1.108827):  0.9653134874725356
Epoch 138: 
BAS Score on Validation Data (Training Time 1.110590):  0.9675593162792131
Epoch 139: 
BAS Score on Validation Data (Training Time 1.114043):  0.9669992036080944
Epoch 140: 
BAS Score on Validation Data (Training Time 1.110532):  0.963950046027127
Epoch 141: 
BAS Score on Validation Data (Training Time 1.118108):  0.9659658730227004
Epoch 142: 
BAS Score on Validation Data (Training Time 1.111511):  0.9655170067308272
Epoch 143: 
BAS Score on Validation Data (Training Time 1.111019):  0.9679986585109472
Epoch 144: 
BAS Score on Validation Data (Training Time 1.116450):  0.967781829689106
Epoch 145: 
BAS Score on Validation Data (Training Time 1.114531):  0.967214303236856
Epoch 146: 
BAS Score on Validation Data (Training Time 1.110090):  0.9677291710493298
Epoch 147: 
BAS Score on Validation Data (Training Time 1.113938):  0.9658319089426509
Epoch 148: 
BAS Score on Validation Data (Training Time 1.109470):  0.9604388078622184
Epoch 149: 
BAS Score on Validation Data (Training Time 1.110409):  0.9661356531727378
High Quality
0.97325503317521 0.9781774321132676 0.9835186292141387 0.97325503317521 0.9754005153333172
              precision    recall  f1-score   support

           0       0.99      1.00      0.99     34537
           1       0.98      1.00      0.99      6756
           2       0.97      0.93      0.95      3467

    accuracy                           0.99     44760
   macro avg       0.98      0.97      0.98     44760
weighted avg       0.99      0.99      0.99     44760

Low Quality
0.925349599741697 0.8304313749385038 0.78449326337235 0.925349599741697 0.911219317530041
              precision    recall  f1-score   support

           0       1.00      0.98      0.99      1960
           1       0.97      0.99      0.98       235
           2       0.39      0.81      0.53        26

    accuracy                           0.98      2221
   macro avg       0.78      0.93      0.83      2221
weighted avg       0.99      0.98      0.98      2221

Emb Dim: 64
Transformer-MHA-64
=====================================================================================================================================================================
Layer (type:depth-idx)                   Input Shape               Output Shape              Kernel Shape              Param #                   Mult-Adds
=====================================================================================================================================================================
TransfomerBlock                          [2, 64, 64]               [2, 3]                    --                        --                        --
├─MakePatches: 1-1                       [2, 64, 64]               [2, 256, 16]              --                        --                        --
│    └─Unfold: 2-1                       [2, 1, 64, 64]            [2, 16, 256]              [4, 4]                    --                        --
├─Linear: 1-2                            [2, 256, 16]              [2, 256, 64]              --                        1,088                     2,176
├─PositionalEncoding: 1-3                [2, 256, 64]              [2, 256, 64]              --                        --                        --
├─TransformerEncoderLayer: 1-4           [2, 256, 64]              [2, 256, 64]              --                        --                        --
│    └─MultiheadAttention: 2-2           [2, 256, 64]              [2, 256, 64]              --                        16,640                    --
│    └─Dropout: 2-3                      [2, 256, 64]              [2, 256, 64]              --                        --                        --
│    └─LayerNorm: 2-4                    [2, 256, 64]              [2, 256, 64]              --                        128                       256
│    └─Linear: 2-5                       [2, 256, 64]              [2, 256, 2048]            --                        133,120                   266,240
│    └─Dropout: 2-6                      [2, 256, 2048]            [2, 256, 2048]            --                        --                        --
│    └─Linear: 2-7                       [2, 256, 2048]            [2, 256, 64]              --                        131,136                   262,272
│    └─Dropout: 2-8                      [2, 256, 64]              [2, 256, 64]              --                        --                        --
│    └─LayerNorm: 2-9                    [2, 256, 64]              [2, 256, 64]              --                        128                       256
├─Sequential: 1-5                        [2, 64]                   [2, 3]                    --                        --                        --
│    └─Linear: 2-10                      [2, 64]                   [2, 64]                   --                        4,160                     8,320
│    └─ReLU: 2-11                        [2, 64]                   [2, 64]                   --                        --                        --
│    └─Linear: 2-12                      [2, 64]                   [2, 32]                   --                        2,080                     4,160
│    └─ReLU: 2-13                        [2, 32]                   [2, 32]                   --                        --                        --
│    └─Linear: 2-14                      [2, 32]                   [2, 3]                    --                        99                        198
=====================================================================================================================================================================
Total params: 288,579
Trainable params: 288,579
Non-trainable params: 0
Total mult-adds (Units.MEGABYTES): 0.54
=====================================================================================================================================================================
Input size (MB): 0.03
Forward/backward pass size (MB): 9.44
Params size (MB): 1.09
Estimated Total Size (MB): 10.56
=====================================================================================================================================================================
Total Trainable Parameters:  288579
Total Parameters:  288579
Epoch 0: 
BAS Score on Validation Data (Training Time 2.002643):  0.6549315896404599
Epoch 1: 
BAS Score on Validation Data (Training Time 1.687497):  0.6989219026021541
Epoch 2: 
BAS Score on Validation Data (Training Time 1.686103):  0.8984155388490631
Epoch 3: 
BAS Score on Validation Data (Training Time 1.687072):  0.9252191082565835
Epoch 4: 
BAS Score on Validation Data (Training Time 1.687328):  0.9357242092680867
Epoch 5: 
BAS Score on Validation Data (Training Time 1.690561):  0.9409755307500077
Epoch 6: 
BAS Score on Validation Data (Training Time 1.687271):  0.931414579075613
Epoch 7: 
BAS Score on Validation Data (Training Time 1.693202):  0.9397898008959826
Epoch 8: 
BAS Score on Validation Data (Training Time 1.689192):  0.9408702960760652
Epoch 9: 
BAS Score on Validation Data (Training Time 1.690526):  0.9445716693156361
Epoch 10: 
BAS Score on Validation Data (Training Time 1.689338):  0.928635099499227
Epoch 11: 
BAS Score on Validation Data (Training Time 1.688905):  0.9468890349908067
Epoch 12: 
BAS Score on Validation Data (Training Time 1.686959):  0.9465518374669116
Epoch 13: 
BAS Score on Validation Data (Training Time 1.687889):  0.9458239803046841
Epoch 14: 
BAS Score on Validation Data (Training Time 1.687516):  0.949208225130539
Epoch 15: 
BAS Score on Validation Data (Training Time 1.687352):  0.9468983891593844
Epoch 16: 
BAS Score on Validation Data (Training Time 1.687505):  0.9559741757936348
Epoch 17: 
BAS Score on Validation Data (Training Time 1.687377):  0.9504737091088497
Epoch 18: 
BAS Score on Validation Data (Training Time 1.690776):  0.9488145501461825
Epoch 19: 
BAS Score on Validation Data (Training Time 1.687748):  0.9478812333382174
Epoch 20: 
BAS Score on Validation Data (Training Time 1.687350):  0.95609266606245
Epoch 21: 
BAS Score on Validation Data (Training Time 1.688247):  0.9553853956706168
Epoch 22: 
BAS Score on Validation Data (Training Time 1.689078):  0.9541450874407719
Epoch 23: 
BAS Score on Validation Data (Training Time 1.687402):  0.9577142257933727
Epoch 24: 
BAS Score on Validation Data (Training Time 1.697540):  0.9496003901017126
Epoch 25: 
BAS Score on Validation Data (Training Time 1.688043):  0.9513823551626923
Epoch 26: 
BAS Score on Validation Data (Training Time 1.694329):  0.9515522305842116
Epoch 27: 
BAS Score on Validation Data (Training Time 1.693255):  0.9559322813837957
Epoch 28: 
BAS Score on Validation Data (Training Time 1.691913):  0.9519912870014996
Epoch 29: 
BAS Score on Validation Data (Training Time 1.687963):  0.9602333069136756
Epoch 30: 
BAS Score on Validation Data (Training Time 1.688720):  0.9582799484324637
Epoch 31: 
BAS Score on Validation Data (Training Time 1.688008):  0.9599296786064734
Epoch 32: 
BAS Score on Validation Data (Training Time 1.689060):  0.95959044542365
Epoch 33: 
BAS Score on Validation Data (Training Time 1.687276):  0.9521405756526248
Epoch 34: 
BAS Score on Validation Data (Training Time 1.696825):  0.9601559568683742
Epoch 35: 
BAS Score on Validation Data (Training Time 1.689946):  0.9542031655055564
Epoch 36: 
BAS Score on Validation Data (Training Time 1.692897):  0.9602729831071533
Epoch 37: 
BAS Score on Validation Data (Training Time 1.690391):  0.9568318590835064
Epoch 38: 
BAS Score on Validation Data (Training Time 1.691672):  0.9619039509753305
Epoch 39: 
BAS Score on Validation Data (Training Time 1.690250):  0.9601429744220756
Epoch 40: 
BAS Score on Validation Data (Training Time 1.692553):  0.958372262614315
Epoch 41: 
BAS Score on Validation Data (Training Time 1.690337):  0.9580309937725633
Epoch 42: 
BAS Score on Validation Data (Training Time 1.690125):  0.9643555665449967
Epoch 43: 
BAS Score on Validation Data (Training Time 1.690996):  0.9539448566770782
Epoch 44: 
BAS Score on Validation Data (Training Time 1.690253):  0.9622698572539302
Epoch 45: 
BAS Score on Validation Data (Training Time 1.697551):  0.9619208888166013
Epoch 46: 
BAS Score on Validation Data (Training Time 1.690062):  0.9536375794407524
Epoch 47: 
BAS Score on Validation Data (Training Time 1.695328):  0.9624659087624133
Epoch 48: 
BAS Score on Validation Data (Training Time 1.689893):  0.9633487185124151
Epoch 49: 
BAS Score on Validation Data (Training Time 1.694891):  0.9617966599910573
Epoch 50: 
BAS Score on Validation Data (Training Time 1.690176):  0.9628997569490597
Epoch 51: 
BAS Score on Validation Data (Training Time 1.689588):  0.9611273159482193
Epoch 52: 
BAS Score on Validation Data (Training Time 1.689677):  0.9637368454830068
Epoch 53: 
BAS Score on Validation Data (Training Time 1.691000):  0.9553425755423589
Epoch 54: 
BAS Score on Validation Data (Training Time 1.689469):  0.9635013496268151
Epoch 55: 
BAS Score on Validation Data (Training Time 1.697495):  0.9621435181493787
Epoch 56: 
BAS Score on Validation Data (Training Time 1.691628):  0.9591134293400921
Epoch 57: 
BAS Score on Validation Data (Training Time 1.697250):  0.9495145513167023
Epoch 58: 
BAS Score on Validation Data (Training Time 1.690567):  0.9641592498734702
Epoch 59: 
BAS Score on Validation Data (Training Time 1.693260):  0.96236034697122
Epoch 60: 
BAS Score on Validation Data (Training Time 1.690021):  0.9563268424484231
Epoch 61: 
BAS Score on Validation Data (Training Time 1.691122):  0.964462898832075
Epoch 62: 
BAS Score on Validation Data (Training Time 1.690246):  0.9543622100625896
Epoch 63: 
BAS Score on Validation Data (Training Time 1.691017):  0.9587702614136994
Epoch 64: 
BAS Score on Validation Data (Training Time 1.689801):  0.9577353921781895
Epoch 65: 
BAS Score on Validation Data (Training Time 1.695854):  0.9618497949882436
Epoch 66: 
BAS Score on Validation Data (Training Time 1.691922):  0.9649833559611185
Epoch 67: 
BAS Score on Validation Data (Training Time 1.693674):  0.953879277545211
Epoch 68: 
BAS Score on Validation Data (Training Time 1.692801):  0.9601091193909368
Epoch 69: 
BAS Score on Validation Data (Training Time 1.689642):  0.9598999155445935
Epoch 70: 
BAS Score on Validation Data (Training Time 1.693384):  0.9644176539734302
Epoch 71: 
BAS Score on Validation Data (Training Time 1.689601):  0.9542092931337436
Epoch 72: 
BAS Score on Validation Data (Training Time 1.689840):  0.9618363361845349
Epoch 73: 
BAS Score on Validation Data (Training Time 1.688791):  0.9602202911501027
Epoch 74: 
BAS Score on Validation Data (Training Time 1.689043):  0.9661280281972399
Epoch 75: 
BAS Score on Validation Data (Training Time 1.689142):  0.9617289499287797
Epoch 76: 
BAS Score on Validation Data (Training Time 1.696237):  0.9653132762781692
Epoch 77: 
BAS Score on Validation Data (Training Time 1.691870):  0.9653321338554836
Epoch 78: 
BAS Score on Validation Data (Training Time 1.694831):  0.9682457140862063
Epoch 79: 
BAS Score on Validation Data (Training Time 1.689452):  0.9618758964551279
Epoch 80: 
BAS Score on Validation Data (Training Time 1.693677):  0.9688549857081364
Epoch 81: 
BAS Score on Validation Data (Training Time 1.689767):  0.965202220441888
Epoch 82: 
BAS Score on Validation Data (Training Time 1.691031):  0.9671689631067292
Epoch 83: 
BAS Score on Validation Data (Training Time 1.689041):  0.9687454891733737
Epoch 84: 
BAS Score on Validation Data (Training Time 1.690873):  0.9650381455313051
Epoch 85: 
BAS Score on Validation Data (Training Time 1.693474):  0.9589816168418553
Epoch 86: 
BAS Score on Validation Data (Training Time 1.697482):  0.9642007505315094
Epoch 87: 
BAS Score on Validation Data (Training Time 1.690284):  0.9656698696909962
Epoch 88: 
BAS Score on Validation Data (Training Time 1.695801):  0.9681537603388805
Epoch 89: 
BAS Score on Validation Data (Training Time 1.689678):  0.9649796324119156
Epoch 90: 
BAS Score on Validation Data (Training Time 1.693903):  0.9640895994237463
Epoch 91: 
BAS Score on Validation Data (Training Time 1.689216):  0.9681251135383834
Epoch 92: 
BAS Score on Validation Data (Training Time 1.689054):  0.9623114944862566
Epoch 93: 
BAS Score on Validation Data (Training Time 1.692310):  0.9689586484146888
Epoch 94: 
BAS Score on Validation Data (Training Time 1.691731):  0.9549143373236847
Epoch 95: 
BAS Score on Validation Data (Training Time 1.690120):  0.9684719716967046
Epoch 96: 
BAS Score on Validation Data (Training Time 1.694513):  0.9691959893868448
Epoch 97: 
BAS Score on Validation Data (Training Time 1.692431):  0.9618778161911717
Epoch 98: 
BAS Score on Validation Data (Training Time 1.691560):  0.969139491274981
Epoch 99: 
BAS Score on Validation Data (Training Time 1.696530):  0.9609219182566893
Epoch 100: 
BAS Score on Validation Data (Training Time 1.688686):  0.9668372596279219
Epoch 101: 
BAS Score on Validation Data (Training Time 1.694021):  0.964129466160188
Epoch 102: 
BAS Score on Validation Data (Training Time 1.689861):  0.964138704405881
Epoch 103: 
BAS Score on Validation Data (Training Time 1.689903):  0.9618590745367418
Epoch 104: 
BAS Score on Validation Data (Training Time 1.690156):  0.9661930420452137
Epoch 105: 
BAS Score on Validation Data (Training Time 1.690028):  0.9649158364418048
Epoch 106: 
BAS Score on Validation Data (Training Time 1.692512):  0.9595021898937833
Epoch 107: 
BAS Score on Validation Data (Training Time 1.695658):  0.9638217665351293
Epoch 108: 
BAS Score on Validation Data (Training Time 1.690716):  0.9555520525372762
Epoch 109: 
BAS Score on Validation Data (Training Time 1.696240):  0.9691112049090095
Epoch 110: 
BAS Score on Validation Data (Training Time 1.690485):  0.9606316534817138
Epoch 111: 
BAS Score on Validation Data (Training Time 1.695143):  0.9685680300791616
Epoch 112: 
BAS Score on Validation Data (Training Time 1.690478):  0.9587476596357795
Epoch 113: 
BAS Score on Validation Data (Training Time 1.690490):  0.9528654381202308
Epoch 114: 
BAS Score on Validation Data (Training Time 1.691676):  0.9596755030500596
Epoch 115: 
BAS Score on Validation Data (Training Time 1.690687):  0.9645439391093049
Epoch 116: 
BAS Score on Validation Data (Training Time 1.689919):  0.9679779558176685
Epoch 117: 
BAS Score on Validation Data (Training Time 1.697257):  0.9673913812451401
Epoch 118: 
BAS Score on Validation Data (Training Time 1.691063):  0.9688000675491936
Epoch 119: 
BAS Score on Validation Data (Training Time 1.696745):  0.9684944988545451
Epoch 120: 
BAS Score on Validation Data (Training Time 1.690951):  0.9653437555287586
Epoch 121: 
BAS Score on Validation Data (Training Time 1.694155):  0.9642143665609079
Epoch 122: 
BAS Score on Validation Data (Training Time 1.692608):  0.9667560494591306
Epoch 123: 
BAS Score on Validation Data (Training Time 1.691177):  0.9677347063972225
Epoch 124: 
BAS Score on Validation Data (Training Time 1.690925):  0.9648743770865705
Epoch 125: 
BAS Score on Validation Data (Training Time 1.692437):  0.9652759835122734
Epoch 126: 
BAS Score on Validation Data (Training Time 1.693162):  0.9689604728792505
Epoch 127: 
BAS Score on Validation Data (Training Time 1.694798):  0.9607613557009427
Epoch 128: 
BAS Score on Validation Data (Training Time 1.692211):  0.9691338273383318
Epoch 129: 
BAS Score on Validation Data (Training Time 1.692122):  0.9669313982743349
Epoch 130: 
BAS Score on Validation Data (Training Time 1.697381):  0.9670993333084078
Epoch 131: 
BAS Score on Validation Data (Training Time 1.691281):  0.968931995970315
Epoch 132: 
BAS Score on Validation Data (Training Time 1.695829):  0.9655209081571222
Epoch 133: 
BAS Score on Validation Data (Training Time 1.691140):  0.9689396209458131
Epoch 134: 
BAS Score on Validation Data (Training Time 1.688607):  0.9683606300459774
Epoch 135: 
BAS Score on Validation Data (Training Time 1.692435):  0.9657623744158116
Epoch 136: 
BAS Score on Validation Data (Training Time 1.690529):  0.967519702039943
Epoch 137: 
BAS Score on Validation Data (Training Time 1.691931):  0.9700806236014081
Epoch 138: 
BAS Score on Validation Data (Training Time 1.705622):  0.9687171821559994
Epoch 139: 
BAS Score on Validation Data (Training Time 1.690241):  0.9681947306708328
Epoch 140: 
BAS Score on Validation Data (Training Time 1.697095):  0.965514153290834
Epoch 141: 
BAS Score on Validation Data (Training Time 1.692079):  0.9698278088180179
Epoch 142: 
BAS Score on Validation Data (Training Time 1.694995):  0.9669030912569608
Epoch 143: 
BAS Score on Validation Data (Training Time 1.691886):  0.9655061012462619
Epoch 144: 
BAS Score on Validation Data (Training Time 1.691117):  0.9685175769898748
Epoch 145: 
BAS Score on Validation Data (Training Time 1.690460):  0.9690548973401096
Epoch 146: 
BAS Score on Validation Data (Training Time 1.690768):  0.9689701128622743
Epoch 147: 
BAS Score on Validation Data (Training Time 1.690740):  0.9664148012687814
Epoch 148: 
BAS Score on Validation Data (Training Time 1.698705):  0.9689095847353592
Epoch 149: 
BAS Score on Validation Data (Training Time 1.691969):  0.9680174621195846
High Quality
0.9392028262870146 0.9165239066474413 0.9037723570703484 0.9392028262870146 0.916046614820357
              precision    recall  f1-score   support

           0       1.00      0.98      0.99     34537
           1       0.98      0.89      0.94      6756
           2       0.73      0.94      0.82      3467

    accuracy                           0.97     44760
   macro avg       0.90      0.94      0.92     44760
weighted avg       0.97      0.97      0.97     44760

Low Quality
0.94481389937317 0.7667268096368162 0.7271430192049467 0.94481389937317 0.8398813115721447
              precision    recall  f1-score   support

           0       1.00      0.95      0.98      1960
           1       0.97      1.00      0.98       235
           2       0.21      0.88      0.34        26

    accuracy                           0.96      2221
   macro avg       0.73      0.94      0.77      2221
weighted avg       0.99      0.96      0.97      2221

Emb Dim: 128
Transformer-MHA-128
=====================================================================================================================================================================
Layer (type:depth-idx)                   Input Shape               Output Shape              Kernel Shape              Param #                   Mult-Adds
=====================================================================================================================================================================
TransfomerBlock                          [2, 64, 64]               [2, 3]                    --                        --                        --
├─MakePatches: 1-1                       [2, 64, 64]               [2, 256, 16]              --                        --                        --
│    └─Unfold: 2-1                       [2, 1, 64, 64]            [2, 16, 256]              [4, 4]                    --                        --
├─Linear: 1-2                            [2, 256, 16]              [2, 256, 128]             --                        2,176                     4,352
├─PositionalEncoding: 1-3                [2, 256, 128]             [2, 256, 128]             --                        --                        --
├─TransformerEncoderLayer: 1-4           [2, 256, 128]             [2, 256, 128]             --                        --                        --
│    └─MultiheadAttention: 2-2           [2, 256, 128]             [2, 256, 128]             --                        66,048                    --
│    └─Dropout: 2-3                      [2, 256, 128]             [2, 256, 128]             --                        --                        --
│    └─LayerNorm: 2-4                    [2, 256, 128]             [2, 256, 128]             --                        256                       512
│    └─Linear: 2-5                       [2, 256, 128]             [2, 256, 2048]            --                        264,192                   528,384
│    └─Dropout: 2-6                      [2, 256, 2048]            [2, 256, 2048]            --                        --                        --
│    └─Linear: 2-7                       [2, 256, 2048]            [2, 256, 128]             --                        262,272                   524,544
│    └─Dropout: 2-8                      [2, 256, 128]             [2, 256, 128]             --                        --                        --
│    └─LayerNorm: 2-9                    [2, 256, 128]             [2, 256, 128]             --                        256                       512
├─Sequential: 1-5                        [2, 128]                  [2, 3]                    --                        --                        --
│    └─Linear: 2-10                      [2, 128]                  [2, 64]                   --                        8,256                     16,512
│    └─ReLU: 2-11                        [2, 64]                   [2, 64]                   --                        --                        --
│    └─Linear: 2-12                      [2, 64]                   [2, 32]                   --                        2,080                     4,160
│    └─ReLU: 2-13                        [2, 32]                   [2, 32]                   --                        --                        --
│    └─Linear: 2-14                      [2, 32]                   [2, 3]                    --                        99                        198
=====================================================================================================================================================================
Total params: 605,635
Trainable params: 605,635
Non-trainable params: 0
Total mult-adds (Units.MEGABYTES): 1.08
=====================================================================================================================================================================
Input size (MB): 0.03
Forward/backward pass size (MB): 10.49
Params size (MB): 2.16
Estimated Total Size (MB): 12.68
=====================================================================================================================================================================
Total Trainable Parameters:  605635
Total Parameters:  605635
Epoch 0: 
BAS Score on Validation Data (Training Time 1.924859):  0.6540510140778811
Epoch 1: 
BAS Score on Validation Data (Training Time 1.923429):  0.8977389762483988
Epoch 2: 
BAS Score on Validation Data (Training Time 1.920628):  0.931253954565659
Epoch 3: 
BAS Score on Validation Data (Training Time 1.919423):  0.9310047140913128
Epoch 4: 
BAS Score on Validation Data (Training Time 1.921158):  0.9092199143647809
Epoch 5: 
BAS Score on Validation Data (Training Time 1.922950):  0.9348441433801922
Epoch 6: 
BAS Score on Validation Data (Training Time 1.926064):  0.9426973694214026
Epoch 7: 
BAS Score on Validation Data (Training Time 1.921225):  0.9341846505147444
Epoch 8: 
BAS Score on Validation Data (Training Time 1.922167):  0.9247549190582922
Epoch 9: 
BAS Score on Validation Data (Training Time 1.921349):  0.9426390881477822
Epoch 10: 
BAS Score on Validation Data (Training Time 1.922385):  0.8907157174089543
Epoch 11: 
BAS Score on Validation Data (Training Time 1.923103):  0.9459123930602403
Epoch 12: 
BAS Score on Validation Data (Training Time 1.921668):  0.9498835395758748
Epoch 13: 
BAS Score on Validation Data (Training Time 1.922714):  0.9330305701413685
Epoch 14: 
BAS Score on Validation Data (Training Time 1.922155):  0.9437784235645053
Epoch 15: 
BAS Score on Validation Data (Training Time 1.922141):  0.9229978232799297
Epoch 16: 
BAS Score on Validation Data (Training Time 1.921513):  0.9498611489923213
Epoch 17: 
BAS Score on Validation Data (Training Time 1.927596):  0.9569641812564278
Epoch 18: 
BAS Score on Validation Data (Training Time 1.921471):  0.9384215609427934
Epoch 19: 
BAS Score on Validation Data (Training Time 1.927954):  0.9494541850958179
Epoch 20: 
BAS Score on Validation Data (Training Time 1.922362):  0.9465444649885851
Epoch 21: 
BAS Score on Validation Data (Training Time 1.926177):  0.956228665801428
Epoch 22: 
BAS Score on Validation Data (Training Time 1.921841):  0.9555365087863036
Epoch 23: 
BAS Score on Validation Data (Training Time 1.922242):  0.9553613711654655
Epoch 24: 
BAS Score on Validation Data (Training Time 1.922296):  0.944696688949969
Epoch 25: 
BAS Score on Validation Data (Training Time 1.925743):  0.9585291889068098
Epoch 26: 
BAS Score on Validation Data (Training Time 1.928150):  0.9378374444179262
Epoch 27: 
BAS Score on Validation Data (Training Time 1.921733):  0.9505985921688956
Epoch 28: 
BAS Score on Validation Data (Training Time 1.928812):  0.9557364204182766
Epoch 29: 
BAS Score on Validation Data (Training Time 1.921891):  0.9445292715761112
Epoch 30: 
BAS Score on Validation Data (Training Time 1.927252):  0.9458523286248632
Epoch 31: 
BAS Score on Validation Data (Training Time 1.922258):  0.9571262284936131
Epoch 32: 
BAS Score on Validation Data (Training Time 1.921778):  0.9477722544636694
Epoch 33: 
BAS Score on Validation Data (Training Time 1.923225):  0.9462941289042587
Epoch 34: 
BAS Score on Validation Data (Training Time 1.921770):  0.9611049380305379
Epoch 35: 
BAS Score on Validation Data (Training Time 1.928509):  0.9612406519550699
Epoch 36: 
BAS Score on Validation Data (Training Time 1.922996):  0.9476402514224688
Epoch 37: 
BAS Score on Validation Data (Training Time 1.929406):  0.9557577360432523
Epoch 38: 
BAS Score on Validation Data (Training Time 1.922623):  0.9502841329972075
Epoch 39: 
BAS Score on Validation Data (Training Time 1.926450):  0.9575625680451951
Epoch 40: 
BAS Score on Validation Data (Training Time 1.922704):  0.9594249477858359
Epoch 41: 
BAS Score on Validation Data (Training Time 1.922620):  0.9582276582127434
Epoch 42: 
BAS Score on Validation Data (Training Time 1.929130):  0.9531009879450995
Epoch 43: 
BAS Score on Validation Data (Training Time 1.923741):  0.9606398960692498
Epoch 44: 
BAS Score on Validation Data (Training Time 1.929522):  0.953046525492164
Epoch 45: 
BAS Score on Validation Data (Training Time 1.924806):  0.9586895069509153
Epoch 46: 
BAS Score on Validation Data (Training Time 1.929893):  0.9639973805133769
Epoch 47: 
BAS Score on Validation Data (Training Time 1.925568):  0.9575845855283512
Epoch 48: 
BAS Score on Validation Data (Training Time 1.927803):  0.9595361401964041
Epoch 49: 
BAS Score on Validation Data (Training Time 1.922840):  0.9611806414883696
Epoch 50: 
BAS Score on Validation Data (Training Time 1.923122):  0.9534247060138833
Epoch 51: 
BAS Score on Validation Data (Training Time 1.925982):  0.956481720416118
Epoch 52: 
BAS Score on Validation Data (Training Time 1.923196):  0.9629699250589988
Epoch 53: 
BAS Score on Validation Data (Training Time 1.928665):  0.9632055368380747
Epoch 54: 
BAS Score on Validation Data (Training Time 1.923756):  0.9589064723470436
Epoch 55: 
BAS Score on Validation Data (Training Time 1.929035):  0.963004181827468
Epoch 56: 
BAS Score on Validation Data (Training Time 1.924112):  0.9476316261084725
Epoch 57: 
BAS Score on Validation Data (Training Time 1.927187):  0.9630095266323968
Epoch 58: 
BAS Score on Validation Data (Training Time 1.922707):  0.9655078844080185
Epoch 59: 
BAS Score on Validation Data (Training Time 1.922631):  0.9636621233769281
Epoch 60: 
BAS Score on Validation Data (Training Time 1.924650):  0.9644614761048439
Epoch 61: 
BAS Score on Validation Data (Training Time 1.923538):  0.9540292330967098
Epoch 62: 
BAS Score on Validation Data (Training Time 1.929492):  0.9585568607005525
Epoch 63: 
BAS Score on Validation Data (Training Time 1.923147):  0.963187134966768
Epoch 64: 
BAS Score on Validation Data (Training Time 1.929916):  0.9584334243243297
Epoch 65: 
BAS Score on Validation Data (Training Time 1.924375):  0.9616823982657882
Epoch 66: 
BAS Score on Validation Data (Training Time 1.927541):  0.9666844919392349
Epoch 67: 
BAS Score on Validation Data (Training Time 1.922975):  0.9661131466662999
Epoch 68: 
BAS Score on Validation Data (Training Time 1.923539):  0.9665449385426155
Epoch 69: 
BAS Score on Validation Data (Training Time 1.924504):  0.9656192467101482
Epoch 70: 
BAS Score on Validation Data (Training Time 1.926154):  0.9573391002799503
Epoch 71: 
BAS Score on Validation Data (Training Time 1.930372):  0.9658984281234663
Epoch 72: 
BAS Score on Validation Data (Training Time 1.924351):  0.966501443528453
Epoch 73: 
BAS Score on Validation Data (Training Time 1.929013):  0.9632157198130574
Epoch 74: 
BAS Score on Validation Data (Training Time 1.922846):  0.95960164306766
Epoch 75: 
BAS Score on Validation Data (Training Time 1.926760):  0.9524381652822486
Epoch 76: 
BAS Score on Validation Data (Training Time 1.922776):  0.962498953998018
Epoch 77: 
BAS Score on Validation Data (Training Time 1.924192):  0.9644108531239958
Epoch 78: 
BAS Score on Validation Data (Training Time 1.924531):  0.9615917306714065
Epoch 79: 
BAS Score on Validation Data (Training Time 1.923294):  0.9633154351101684
Epoch 80: 
BAS Score on Validation Data (Training Time 1.928879):  0.953708708251042
Epoch 81: 
BAS Score on Validation Data (Training Time 1.923460):  0.9560016603496028
Epoch 82: 
BAS Score on Validation Data (Training Time 1.928263):  0.963560645569463
Epoch 83: 
BAS Score on Validation Data (Training Time 1.923915):  0.962008363187867
Epoch 84: 
BAS Score on Validation Data (Training Time 1.926906):  0.9577564219887192
Epoch 85: 
BAS Score on Validation Data (Training Time 1.923088):  0.9659475870742781
Epoch 86: 
BAS Score on Validation Data (Training Time 1.923644):  0.9604604506044452
Epoch 87: 
BAS Score on Validation Data (Training Time 1.923482):  0.9629363971451109
Epoch 88: 
BAS Score on Validation Data (Training Time 1.922716):  0.9661474240861717
Epoch 89: 
BAS Score on Validation Data (Training Time 1.930216):  0.9651970741654538
Epoch 90: 
BAS Score on Validation Data (Training Time 1.923469):  0.9503272419797207
Epoch 91: 
BAS Score on Validation Data (Training Time 1.929312):  0.9567279375589095
Epoch 92: 
BAS Score on Validation Data (Training Time 1.922806):  0.9587210515340199
Epoch 93: 
BAS Score on Validation Data (Training Time 1.926741):  0.9551236474668497
Epoch 94: 
BAS Score on Validation Data (Training Time 1.923429):  0.9466601177884685
Epoch 95: 
BAS Score on Validation Data (Training Time 1.923244):  0.9600498917474951
Epoch 96: 
BAS Score on Validation Data (Training Time 1.924481):  0.945021375439254
Epoch 97: 
BAS Score on Validation Data (Training Time 1.922662):  0.9573390050084684
Epoch 98: 
BAS Score on Validation Data (Training Time 1.931565):  0.9666883933655299
Epoch 99: 
BAS Score on Validation Data (Training Time 1.923811):  0.964609089531566
Epoch 100: 
BAS Score on Validation Data (Training Time 1.928930):  0.9645902113028489
Epoch 101: 
BAS Score on Validation Data (Training Time 1.923002):  0.9601634436290533
Epoch 102: 
BAS Score on Validation Data (Training Time 1.926421):  0.9656851736106692
Epoch 103: 
BAS Score on Validation Data (Training Time 1.924106):  0.9570248952459658
Epoch 104: 
BAS Score on Validation Data (Training Time 1.923039):  0.9665886654025471
Epoch 105: 
BAS Score on Validation Data (Training Time 1.923682):  0.9590932109897542
Epoch 106: 
BAS Score on Validation Data (Training Time 1.922572):  0.9583927191554206
Epoch 107: 
BAS Score on Validation Data (Training Time 1.928948):  0.9556231494054431
Epoch 108: 
BAS Score on Validation Data (Training Time 1.923812):  0.9574821660314061
Epoch 109: 
BAS Score on Validation Data (Training Time 1.929501):  0.9548183232838422
Epoch 110: 
BAS Score on Validation Data (Training Time 1.925061):  0.9085124132610756
Epoch 111: 
BAS Score on Validation Data (Training Time 1.926563):  0.9574164503252517
Epoch 112: 
BAS Score on Validation Data (Training Time 1.924073):  0.960664466871549
Epoch 113: 
BAS Score on Validation Data (Training Time 1.923368):  0.9598925430662671
Epoch 114: 
BAS Score on Validation Data (Training Time 1.926162):  0.9644430742335368
Epoch 115: 
BAS Score on Validation Data (Training Time 1.922828):  0.9572335718060313
Epoch 116: 
BAS Score on Validation Data (Training Time 1.930158):  0.9652834925648869
Epoch 117: 
BAS Score on Validation Data (Training Time 1.924543):  0.959052899572645
Epoch 118: 
BAS Score on Validation Data (Training Time 1.930505):  0.9554894584739674
Epoch 119: 
BAS Score on Validation Data (Training Time 1.926654):  0.9648464844723988
Epoch 120: 
BAS Score on Validation Data (Training Time 1.924303):  0.9582988250206487
Epoch 121: 
BAS Score on Validation Data (Training Time 1.923193):  0.9550651549988628
Epoch 122: 
BAS Score on Validation Data (Training Time 1.923528):  0.96075929775008
Epoch 123: 
BAS Score on Validation Data (Training Time 1.924104):  0.9571393585395388
Epoch 124: 
BAS Score on Validation Data (Training Time 1.922794):  0.934133461984623
Epoch 125: 
BAS Score on Validation Data (Training Time 1.936500):  0.9583194197765733
Epoch 126: 
BAS Score on Validation Data (Training Time 1.925772):  0.9505723984703384
Epoch 127: 
BAS Score on Validation Data (Training Time 1.929728):  0.9535116990820177
Epoch 128: 
BAS Score on Validation Data (Training Time 1.927590):  0.9577312366141909
Epoch 129: 
BAS Score on Validation Data (Training Time 1.924622):  0.9421067868845024
Epoch 130: 
BAS Score on Validation Data (Training Time 1.924247):  0.953962119995068
Epoch 131: 
BAS Score on Validation Data (Training Time 1.923631):  0.9638584067311804
Epoch 132: 
BAS Score on Validation Data (Training Time 1.924273):  0.9430308114780975
Epoch 133: 
BAS Score on Validation Data (Training Time 1.924084):  0.9512654145693329
Epoch 134: 
BAS Score on Validation Data (Training Time 1.931554):  0.9478248128862424
Epoch 135: 
BAS Score on Validation Data (Training Time 1.924291):  0.9587735609336372
Epoch 136: 
BAS Score on Validation Data (Training Time 1.931792):  0.9601274243502297
Epoch 137: 
BAS Score on Validation Data (Training Time 1.928457):  0.9624191332391835
Epoch 138: 
BAS Score on Validation Data (Training Time 1.924827):  0.9610891767643256
Epoch 139: 
BAS Score on Validation Data (Training Time 1.924016):  0.9569694084979402
Epoch 140: 
BAS Score on Validation Data (Training Time 1.924554):  0.9482006243109092
Epoch 141: 
BAS Score on Validation Data (Training Time 1.924482):  0.9477160578719328
Epoch 142: 
BAS Score on Validation Data (Training Time 1.924504):  0.9518242124505739
Epoch 143: 
BAS Score on Validation Data (Training Time 1.929986):  0.9544920598814457
Epoch 144: 
BAS Score on Validation Data (Training Time 1.924047):  0.9600387877344351
Epoch 145: 
BAS Score on Validation Data (Training Time 1.930020):  0.9607781346759917
Epoch 146: 
BAS Score on Validation Data (Training Time 1.926517):  0.9606216514236324
Epoch 147: 
BAS Score on Validation Data (Training Time 1.923683):  0.9614586780033719
Epoch 148: 
BAS Score on Validation Data (Training Time 1.922628):  0.9652387573809266
Epoch 149: 
BAS Score on Validation Data (Training Time 1.923421):  0.9665850910935031
High Quality
0.8881299254370217 0.7828156092632202 0.7774569447204863 0.8881299254370217 0.7244055582957885
              precision    recall  f1-score   support

           0       1.00      0.85      0.92     34537
           1       0.98      0.85      0.91      6756
           2       0.35      0.96      0.52      3467

    accuracy                           0.86     44760
   macro avg       0.78      0.89      0.78     44760
weighted avg       0.94      0.86      0.89     44760

Low Quality
0.9012764844071834 0.6661764181911396 0.6739777033327977 0.9012764844071834 0.6211819280499871
              precision    recall  f1-score   support

           0       1.00      0.82      0.90      1960
           1       0.96      1.00      0.98       235
           2       0.06      0.88      0.12        26

    accuracy                           0.84      2221
   macro avg       0.67      0.90      0.67      2221
weighted avg       0.98      0.84      0.90      2221


High Quality Post 2020
                          mean  std  sem  count
Model                                          
Transformer-FNET-128  0.978177  NaN  NaN      1
Transformer-FNET-64   0.974177  NaN  NaN      1
Transformer-MHA-128   0.782816  NaN  NaN      1
Transformer-MHA-64    0.916524  NaN  NaN      1
                          mean  std  sem  count
Model                                          
Transformer-FNET-128  0.973255  NaN  NaN      1
Transformer-FNET-64   0.970661  NaN  NaN      1
Transformer-MHA-128   0.888130  NaN  NaN      1
Transformer-MHA-64    0.939203  NaN  NaN      1
                          mean  std  sem  count
Model                                          
Transformer-FNET-128  0.975401  NaN  NaN      1
Transformer-FNET-64   0.970962  NaN  NaN      1
Transformer-MHA-128   0.724406  NaN  NaN      1
Transformer-MHA-64    0.916047  NaN  NaN      1

Low Quality Post 2020
                          mean  std  sem  count
Model                                          
Transformer-FNET-128  0.830431  NaN  NaN      1
Transformer-FNET-64   0.698589  NaN  NaN      1
Transformer-MHA-128   0.666176  NaN  NaN      1
Transformer-MHA-64    0.766727  NaN  NaN      1
                          mean  std  sem  count
Model                                          
Transformer-FNET-128  0.925350  NaN  NaN      1
Transformer-FNET-64   0.903244  NaN  NaN      1
Transformer-MHA-128   0.901276  NaN  NaN      1
Transformer-MHA-64    0.944814  NaN  NaN      1
                          mean  std  sem  count
Model                                          
Transformer-FNET-128  0.911219  NaN  NaN      1
Transformer-FNET-64   0.725961  NaN  NaN      1
Transformer-MHA-128   0.621182  NaN  NaN      1
Transformer-MHA-64    0.839881  NaN  NaN      1
Saving Results
************Fold: 1
Data Shape Before Sampling:  (107163, 64, 64) (107163,)
Subtype/Host: 0 ,count:  72320 ,index count: (array([False,  True]), array([34843, 72320])) ,downsampling:  (16000, 64, 64) (16000,)
Subtype/Host: 1 ,count:  22412 ,index count: (array([False,  True]), array([84751, 22412])) ,downsampling:  (16000, 64, 64) (16000,)
Subtype/Host: 2 ,count:  12431 ,index count: (array([False,  True]), array([94732, 12431])) ,keep:  (12431, 64, 64) (12431,)
Emb Dim: 64
Transformer-FNET-64
=====================================================================================================================================================================
Layer (type:depth-idx)                   Input Shape               Output Shape              Kernel Shape              Param #                   Mult-Adds
=====================================================================================================================================================================
TransfomerBlock                          [2, 64, 64]               [2, 3]                    --                        --                        --
├─MakePatches: 1-1                       [2, 64, 64]               [2, 256, 16]              --                        --                        --
│    └─Unfold: 2-1                       [2, 1, 64, 64]            [2, 16, 256]              [4, 4]                    --                        --
├─Linear: 1-2                            [2, 256, 16]              [2, 256, 64]              --                        1,088                     2,176
├─PositionalEncoding: 1-3                [2, 256, 64]              [2, 256, 64]              --                        --                        --
├─FNET: 1-4                              [2, 256, 64]              [2, 256, 64]              --                        --                        --
│    └─LayerNorm: 2-2                    [2, 256, 64]              [2, 256, 64]              --                        128                       256
│    └─Sequential: 2-3                   [2, 256, 64]              [2, 256, 64]              --                        --                        --
│    │    └─Linear: 3-1                  [2, 256, 64]              [2, 256, 64]              --                        4,160                     8,320
│    │    └─ReLU: 3-2                    [2, 256, 64]              [2, 256, 64]              --                        --                        --
│    │    └─Dropout: 3-3                 [2, 256, 64]              [2, 256, 64]              --                        --                        --
│    │    └─Linear: 3-4                  [2, 256, 64]              [2, 256, 64]              --                        4,160                     8,320
│    └─LayerNorm: 2-4                    [2, 256, 64]              [2, 256, 64]              --                        128                       256
├─Sequential: 1-5                        [2, 64]                   [2, 3]                    --                        --                        --
│    └─Linear: 2-5                       [2, 64]                   [2, 64]                   --                        4,160                     8,320
│    └─ReLU: 2-6                         [2, 64]                   [2, 64]                   --                        --                        --
│    └─Linear: 2-7                       [2, 64]                   [2, 32]                   --                        2,080                     4,160
│    └─ReLU: 2-8                         [2, 32]                   [2, 32]                   --                        --                        --
│    └─Linear: 2-9                       [2, 32]                   [2, 3]                    --                        99                        198
=====================================================================================================================================================================
Total params: 16,003
Trainable params: 16,003
Non-trainable params: 0
Total mult-adds (Units.MEGABYTES): 0.03
=====================================================================================================================================================================
Input size (MB): 0.03
Forward/backward pass size (MB): 1.31
Params size (MB): 0.06
Estimated Total Size (MB): 1.41
=====================================================================================================================================================================
Total Trainable Parameters:  16003
Total Parameters:  16003
Epoch 0: 
BAS Score on Validation Data (Training Time 0.976644):  0.5066765152529814
Epoch 1: 
BAS Score on Validation Data (Training Time 0.978095):  0.6493882615246118
Epoch 2: 
BAS Score on Validation Data (Training Time 0.969548):  0.6576204922136051
Epoch 3: 
BAS Score on Validation Data (Training Time 0.967523):  0.8121936076678287
Epoch 4: 
BAS Score on Validation Data (Training Time 0.971839):  0.8849892516422098
Epoch 5: 
BAS Score on Validation Data (Training Time 0.975116):  0.9018370811452804
Epoch 6: 
BAS Score on Validation Data (Training Time 0.968687):  0.9139995119745477
Epoch 7: 
BAS Score on Validation Data (Training Time 0.975741):  0.9142260061111562
Epoch 8: 
BAS Score on Validation Data (Training Time 0.966437):  0.9261671350633952
Epoch 9: 
BAS Score on Validation Data (Training Time 0.964824):  0.9276322575251049
Epoch 10: 
BAS Score on Validation Data (Training Time 0.967238):  0.9338605353889712
Epoch 11: 
BAS Score on Validation Data (Training Time 0.965910):  0.9357307846167507
Epoch 12: 
BAS Score on Validation Data (Training Time 0.965876):  0.936315174290192
Epoch 13: 
BAS Score on Validation Data (Training Time 0.968244):  0.9390869875882751
Epoch 14: 
BAS Score on Validation Data (Training Time 0.968367):  0.9428925411946132
Epoch 15: 
BAS Score on Validation Data (Training Time 0.972317):  0.9444819750874768
Epoch 16: 
BAS Score on Validation Data (Training Time 0.970941):  0.9430823031688783
Epoch 17: 
BAS Score on Validation Data (Training Time 0.971225):  0.9464333392125658
Epoch 18: 
BAS Score on Validation Data (Training Time 0.967153):  0.9480399014896639
Epoch 19: 
BAS Score on Validation Data (Training Time 0.966564):  0.9480607534231016
Epoch 20: 
BAS Score on Validation Data (Training Time 0.972694):  0.9470493243979791
Epoch 21: 
BAS Score on Validation Data (Training Time 0.972656):  0.9502799710882103
Epoch 22: 
BAS Score on Validation Data (Training Time 0.966626):  0.9509207636020331
Epoch 23: 
BAS Score on Validation Data (Training Time 0.976302):  0.9514035262278503
Epoch 24: 
BAS Score on Validation Data (Training Time 0.971702):  0.9522766959948283
Epoch 25: 
BAS Score on Validation Data (Training Time 0.966875):  0.9524424461298141
Epoch 26: 
BAS Score on Validation Data (Training Time 0.966954):  0.9541074802234967
Epoch 27: 
BAS Score on Validation Data (Training Time 0.972694):  0.9535684306801824
Epoch 28: 
BAS Score on Validation Data (Training Time 0.969063):  0.954171677930938
Epoch 29: 
BAS Score on Validation Data (Training Time 0.968140):  0.9547448889712397
Epoch 30: 
BAS Score on Validation Data (Training Time 0.970421):  0.9551275425481461
Epoch 31: 
BAS Score on Validation Data (Training Time 0.970185):  0.9556840269415438
Epoch 32: 
BAS Score on Validation Data (Training Time 0.968072):  0.9555405181499524
Epoch 33: 
BAS Score on Validation Data (Training Time 0.971446):  0.9527824001816884
Epoch 34: 
BAS Score on Validation Data (Training Time 0.965991):  0.9551575787586
Epoch 35: 
BAS Score on Validation Data (Training Time 0.967661):  0.9562835093402913
Epoch 36: 
BAS Score on Validation Data (Training Time 0.967037):  0.9560570405354264
Epoch 37: 
BAS Score on Validation Data (Training Time 0.968566):  0.9545468018038283
Epoch 38: 
BAS Score on Validation Data (Training Time 0.966419):  0.9541868452763239
Epoch 39: 
BAS Score on Validation Data (Training Time 0.966415):  0.9567946123007571
Epoch 40: 
BAS Score on Validation Data (Training Time 0.971464):  0.9566040548373618
Epoch 41: 
BAS Score on Validation Data (Training Time 0.970098):  0.9573374266960796
Epoch 42: 
BAS Score on Validation Data (Training Time 0.969062):  0.9569265613732809
Epoch 43: 
BAS Score on Validation Data (Training Time 0.972593):  0.9582107123859421
Epoch 44: 
BAS Score on Validation Data (Training Time 0.967186):  0.9570114411225982
Epoch 45: 
BAS Score on Validation Data (Training Time 0.967229):  0.9572847680563031
Epoch 46: 
BAS Score on Validation Data (Training Time 0.973910):  0.9584122372881104
Epoch 47: 
BAS Score on Validation Data (Training Time 0.972166):  0.9588289570905221
Epoch 48: 
BAS Score on Validation Data (Training Time 0.972185):  0.9580898466750757
Epoch 49: 
BAS Score on Validation Data (Training Time 0.966943):  0.9579788448074714
Epoch 50: 
BAS Score on Validation Data (Training Time 0.977436):  0.9595530700521441
Epoch 51: 
BAS Score on Validation Data (Training Time 0.972161):  0.9579614512601933
Epoch 52: 
BAS Score on Validation Data (Training Time 0.968153):  0.958425505548855
Epoch 53: 
BAS Score on Validation Data (Training Time 0.972999):  0.9593796409729833
Epoch 54: 
BAS Score on Validation Data (Training Time 0.967313):  0.9599528520132852
Epoch 55: 
BAS Score on Validation Data (Training Time 0.967843):  0.9590231841344434
Epoch 56: 
BAS Score on Validation Data (Training Time 0.967895):  0.9598209029407613
Epoch 57: 
BAS Score on Validation Data (Training Time 0.974046):  0.9596135029075773
Epoch 58: 
BAS Score on Validation Data (Training Time 0.968705):  0.9598623829473981
Epoch 59: 
BAS Score on Validation Data (Training Time 0.973437):  0.9603261720730164
Epoch 60: 
BAS Score on Validation Data (Training Time 0.965760):  0.960424245462999
Epoch 61: 
BAS Score on Validation Data (Training Time 0.968592):  0.960358318562478
Epoch 62: 
BAS Score on Validation Data (Training Time 0.973306):  0.9603129784323512
Epoch 63: 
BAS Score on Validation Data (Training Time 0.972955):  0.9606901586155724
Epoch 64: 
BAS Score on Validation Data (Training Time 0.977329):  0.9600734525611081
Epoch 65: 
BAS Score on Validation Data (Training Time 0.973174):  0.9600640983925305
Epoch 66: 
BAS Score on Validation Data (Training Time 0.975590):  0.9607033316048351
Epoch 67: 
BAS Score on Validation Data (Training Time 0.978071):  0.9609257497432461
Epoch 68: 
BAS Score on Validation Data (Training Time 0.977761):  0.9588100788618051
Epoch 69: 
BAS Score on Validation Data (Training Time 0.968809):  0.9609597206972694
Epoch 70: 
BAS Score on Validation Data (Training Time 0.978615):  0.9609389433839112
Epoch 71: 
BAS Score on Validation Data (Training Time 0.975210):  0.9610088050280016
Epoch 72: 
BAS Score on Validation Data (Training Time 0.973457):  0.9610842559886618
Epoch 73: 
BAS Score on Validation Data (Training Time 0.974511):  0.9612180295257474
Epoch 74: 
BAS Score on Validation Data (Training Time 0.969340):  0.9616952774550742
Epoch 75: 
BAS Score on Validation Data (Training Time 0.969720):  0.9613180226517736
Epoch 76: 
BAS Score on Validation Data (Training Time 0.969514):  0.9612520004797708
Epoch 77: 
BAS Score on Validation Data (Training Time 0.969358):  0.9618987427446889
Epoch 78: 
BAS Score on Validation Data (Training Time 0.974048):  0.9614575760483929
Epoch 79: 
BAS Score on Validation Data (Training Time 0.973344):  0.9611482838045414
Epoch 80: 
BAS Score on Validation Data (Training Time 0.969100):  0.9619629198007275
Epoch 81: 
BAS Score on Validation Data (Training Time 0.971540):  0.9621665756333061
Epoch 82: 
BAS Score on Validation Data (Training Time 0.967997):  0.962596393804901
Epoch 83: 
BAS Score on Validation Data (Training Time 0.968044):  0.9624079466205133
Epoch 84: 
BAS Score on Validation Data (Training Time 0.975658):  0.9623815799905855
Epoch 85: 
BAS Score on Validation Data (Training Time 0.972296):  0.9625738666470607
Epoch 86: 
BAS Score on Validation Data (Training Time 0.972310):  0.9626172663897411
Epoch 87: 
BAS Score on Validation Data (Training Time 0.977913):  0.9628190771063553
Epoch 88: 
BAS Score on Validation Data (Training Time 0.978098):  0.9621324141363187
Epoch 89: 
BAS Score on Validation Data (Training Time 0.971498):  0.9622381871218787
Epoch 90: 
BAS Score on Validation Data (Training Time 0.974496):  0.9622456961744922
Epoch 91: 
BAS Score on Validation Data (Training Time 0.974288):  0.9630566086214752
Epoch 92: 
BAS Score on Validation Data (Training Time 0.970431):  0.961883534096498
Epoch 93: 
BAS Score on Validation Data (Training Time 0.974358):  0.9629094509007604
Epoch 94: 
BAS Score on Validation Data (Training Time 0.973237):  0.9629058765917163
Epoch 95: 
BAS Score on Validation Data (Training Time 0.968597):  0.9637487656365997
Epoch 96: 
BAS Score on Validation Data (Training Time 0.970757):  0.9629734580652377
Epoch 97: 
BAS Score on Validation Data (Training Time 0.973859):  0.9626378738115378
Epoch 98: 
BAS Score on Validation Data (Training Time 0.969931):  0.9636977615698236
Epoch 99: 
BAS Score on Validation Data (Training Time 0.974588):  0.9626944671948836
Epoch 100: 
BAS Score on Validation Data (Training Time 0.970901):  0.9632866310839816
Epoch 101: 
BAS Score on Validation Data (Training Time 0.973768):  0.9634486909870388
Epoch 102: 
BAS Score on Validation Data (Training Time 0.972930):  0.9638976525503943
Epoch 103: 
BAS Score on Validation Data (Training Time 0.973231):  0.963461979899186
Epoch 104: 
BAS Score on Validation Data (Training Time 0.971462):  0.9631187706699883
Epoch 105: 
BAS Score on Validation Data (Training Time 0.974293):  0.9629264093934337
Epoch 106: 
BAS Score on Validation Data (Training Time 0.978741):  0.962373785123526
Epoch 107: 
BAS Score on Validation Data (Training Time 0.974096):  0.9633957671842192
Epoch 108: 
BAS Score on Validation Data (Training Time 0.969414):  0.9646784335154414
Epoch 109: 
BAS Score on Validation Data (Training Time 0.972779):  0.9631525717324502
Epoch 110: 
BAS Score on Validation Data (Training Time 0.974891):  0.9630639271311248
Epoch 111: 
BAS Score on Validation Data (Training Time 0.974819):  0.964110641900148
Epoch 112: 
BAS Score on Validation Data (Training Time 0.972907):  0.9629809671178511
Epoch 113: 
BAS Score on Validation Data (Training Time 0.974692):  0.9628867538513587
Epoch 114: 
BAS Score on Validation Data (Training Time 0.973933):  0.9640973529880007
Epoch 115: 
BAS Score on Validation Data (Training Time 0.976359):  0.9646140659164387
Epoch 116: 
BAS Score on Validation Data (Training Time 0.975006):  0.9646784335154414
Epoch 117: 
BAS Score on Validation Data (Training Time 0.969191):  0.9635693868063436
Epoch 118: 
BAS Score on Validation Data (Training Time 0.974259):  0.9640558729813639
Epoch 119: 
BAS Score on Validation Data (Training Time 0.974246):  0.963011193871269
Epoch 120: 
BAS Score on Validation Data (Training Time 0.977699):  0.9650968078908534
Epoch 121: 
BAS Score on Validation Data (Training Time 0.975224):  0.9631507472678883
Epoch 122: 
BAS Score on Validation Data (Training Time 0.974813):  0.9633524627130207
Epoch 123: 
BAS Score on Validation Data (Training Time 0.969155):  0.9641708842126171
Epoch 124: 
BAS Score on Validation Data (Training Time 0.979479):  0.9637088449314811
Epoch 125: 
BAS Score on Validation Data (Training Time 0.970208):  0.964470673047732
Epoch 126: 
BAS Score on Validation Data (Training Time 0.976372):  0.965049738567647
Epoch 127: 
BAS Score on Validation Data (Training Time 0.974953):  0.9635410051688903
Epoch 128: 
BAS Score on Validation Data (Training Time 0.977358):  0.9652552188647872
Epoch 129: 
BAS Score on Validation Data (Training Time 0.968142):  0.964197250842545
Epoch 130: 
BAS Score on Validation Data (Training Time 0.968882):  0.963258249446528
Epoch 131: 
BAS Score on Validation Data (Training Time 0.975041):  0.9651872769567404
Epoch 132: 
BAS Score on Validation Data (Training Time 0.973763):  0.9655495136548141
Epoch 133: 
BAS Score on Validation Data (Training Time 0.974868):  0.9641601612854851
Epoch 134: 
BAS Score on Validation Data (Training Time 0.970894):  0.9637352115614091
Epoch 135: 
BAS Score on Validation Data (Training Time 0.968195):  0.9648761395969249
Epoch 136: 
BAS Score on Validation Data (Training Time 0.973704):  0.964576255490328
Epoch 137: 
BAS Score on Validation Data (Training Time 0.973048):  0.9650609172007864
Epoch 138: 
BAS Score on Validation Data (Training Time 0.972950):  0.965168514650908
Epoch 139: 
BAS Score on Validation Data (Training Time 0.976197):  0.9640163333621734
Epoch 140: 
BAS Score on Validation Data (Training Time 0.971247):  0.9636673649248443
Epoch 141: 
BAS Score on Validation Data (Training Time 0.973351):  0.9646686442922587
Epoch 142: 
BAS Score on Validation Data (Training Time 0.979048):  0.9658190011164317
Epoch 143: 
BAS Score on Validation Data (Training Time 0.973497):  0.9653268303533599
Epoch 144: 
BAS Score on Validation Data (Training Time 0.969528):  0.9653022881879937
Epoch 145: 
BAS Score on Validation Data (Training Time 0.979620):  0.9652590583368746
Epoch 146: 
BAS Score on Validation Data (Training Time 0.974786):  0.9659547896610431
Epoch 147: 
BAS Score on Validation Data (Training Time 0.968920):  0.9650043238174407
Epoch 148: 
BAS Score on Validation Data (Training Time 0.974763):  0.9645517133249619
Epoch 149: 
BAS Score on Validation Data (Training Time 0.969393):  0.9656191101358611
High Quality
0.9698968602871075 0.9771130905961188 0.985091086302042 0.9698968602871075 0.9742421112761814
              precision    recall  f1-score   support

           0       0.99      1.00      0.99     34537
           1       0.98      1.00      0.99      6756
           2       0.98      0.91      0.94      3467

    accuracy                           0.99     44760
   macro avg       0.99      0.97      0.98     44760
weighted avg       0.99      0.99      0.99     44760

Low Quality
0.8969911041339613 0.7635984489899456 0.7219537230624562 0.8969911041339613 0.8480133356666
              precision    recall  f1-score   support

           0       1.00      0.96      0.98      1960
           1       0.95      1.00      0.97       235
           2       0.22      0.73      0.34        26

    accuracy                           0.96      2221
   macro avg       0.72      0.90      0.76      2221
weighted avg       0.98      0.96      0.97      2221

Emb Dim: 128
Transformer-FNET-128
=====================================================================================================================================================================
Layer (type:depth-idx)                   Input Shape               Output Shape              Kernel Shape              Param #                   Mult-Adds
=====================================================================================================================================================================
TransfomerBlock                          [2, 64, 64]               [2, 3]                    --                        --                        --
├─MakePatches: 1-1                       [2, 64, 64]               [2, 256, 16]              --                        --                        --
│    └─Unfold: 2-1                       [2, 1, 64, 64]            [2, 16, 256]              [4, 4]                    --                        --
├─Linear: 1-2                            [2, 256, 16]              [2, 256, 128]             --                        2,176                     4,352
├─PositionalEncoding: 1-3                [2, 256, 128]             [2, 256, 128]             --                        --                        --
├─FNET: 1-4                              [2, 256, 128]             [2, 256, 128]             --                        --                        --
│    └─LayerNorm: 2-2                    [2, 256, 128]             [2, 256, 128]             --                        256                       512
│    └─Sequential: 2-3                   [2, 256, 128]             [2, 256, 128]             --                        --                        --
│    │    └─Linear: 3-1                  [2, 256, 128]             [2, 256, 128]             --                        16,512                    33,024
│    │    └─ReLU: 3-2                    [2, 256, 128]             [2, 256, 128]             --                        --                        --
│    │    └─Dropout: 3-3                 [2, 256, 128]             [2, 256, 128]             --                        --                        --
│    │    └─Linear: 3-4                  [2, 256, 128]             [2, 256, 128]             --                        16,512                    33,024
│    └─LayerNorm: 2-4                    [2, 256, 128]             [2, 256, 128]             --                        256                       512
├─Sequential: 1-5                        [2, 128]                  [2, 3]                    --                        --                        --
│    └─Linear: 2-5                       [2, 128]                  [2, 64]                   --                        8,256                     16,512
│    └─ReLU: 2-6                         [2, 64]                   [2, 64]                   --                        --                        --
│    └─Linear: 2-7                       [2, 64]                   [2, 32]                   --                        2,080                     4,160
│    └─ReLU: 2-8                         [2, 32]                   [2, 32]                   --                        --                        --
│    └─Linear: 2-9                       [2, 32]                   [2, 3]                    --                        99                        198
=====================================================================================================================================================================
Total params: 46,147
Trainable params: 46,147
Non-trainable params: 0
Total mult-adds (Units.MEGABYTES): 0.09
=====================================================================================================================================================================
Input size (MB): 0.03
Forward/backward pass size (MB): 2.62
Params size (MB): 0.18
Estimated Total Size (MB): 2.84
=====================================================================================================================================================================
Total Trainable Parameters:  46147
Total Parameters:  46147
Epoch 0: 
BAS Score on Validation Data (Training Time 1.107903):  0.6536607355254768
Epoch 1: 
BAS Score on Validation Data (Training Time 1.107485):  0.6572205197095
Epoch 2: 
BAS Score on Validation Data (Training Time 1.107169):  0.8466044861187432
Epoch 3: 
BAS Score on Validation Data (Training Time 1.107233):  0.9082562245789226
Epoch 4: 
BAS Score on Validation Data (Training Time 1.115307):  0.9207472862671069
Epoch 5: 
BAS Score on Validation Data (Training Time 1.108761):  0.9264590623969018
Epoch 6: 
BAS Score on Validation Data (Training Time 1.108202):  0.9301037929647912
Epoch 7: 
BAS Score on Validation Data (Training Time 1.113765):  0.9381290000261874
Epoch 8: 
BAS Score on Validation Data (Training Time 1.108166):  0.9415855025895863
Epoch 9: 
BAS Score on Validation Data (Training Time 1.108643):  0.9444705106398913
Epoch 10: 
BAS Score on Validation Data (Training Time 1.108650):  0.9460393164595559
Epoch 11: 
BAS Score on Validation Data (Training Time 1.107105):  0.9481662405942156
Epoch 12: 
BAS Score on Validation Data (Training Time 1.107481):  0.948537980701026
Epoch 13: 
BAS Score on Validation Data (Training Time 1.107791):  0.9514473610251358
Epoch 14: 
BAS Score on Validation Data (Training Time 1.108381):  0.9508456191072213
Epoch 15: 
BAS Score on Validation Data (Training Time 1.108037):  0.9515775602531774
Epoch 16: 
BAS Score on Validation Data (Training Time 1.111016):  0.9542662516319559
Epoch 17: 
BAS Score on Validation Data (Training Time 1.108888):  0.9505348754992057
Epoch 18: 
BAS Score on Validation Data (Training Time 1.109010):  0.9525424599072428
Epoch 19: 
BAS Score on Validation Data (Training Time 1.109316):  0.9547978540768645
Epoch 20: 
BAS Score on Validation Data (Training Time 1.110166):  0.9529067449301167
Epoch 21: 
BAS Score on Validation Data (Training Time 1.107721):  0.9549977783747093
Epoch 22: 
BAS Score on Validation Data (Training Time 1.111427):  0.9579298557482211
Epoch 23: 
BAS Score on Validation Data (Training Time 1.108510):  0.9505007140022182
Epoch 24: 
BAS Score on Validation Data (Training Time 1.108854):  0.9573510553913497
Epoch 25: 
BAS Score on Validation Data (Training Time 1.108330):  0.9602303042335235
Epoch 26: 
BAS Score on Validation Data (Training Time 1.108685):  0.9577862723365503
Epoch 27: 
BAS Score on Validation Data (Training Time 1.109531):  0.9527939185979507
Epoch 28: 
BAS Score on Validation Data (Training Time 1.110267):  0.9600623898508531
Epoch 29: 
BAS Score on Validation Data (Training Time 1.108599):  0.9579055787458984
Epoch 30: 
BAS Score on Validation Data (Training Time 1.108923):  0.9587596257725185
Epoch 31: 
BAS Score on Validation Data (Training Time 1.108946):  0.9600304878730325
Epoch 32: 
BAS Score on Validation Data (Training Time 1.108869):  0.9616066535051514
Epoch 33: 
BAS Score on Validation Data (Training Time 1.109298):  0.9614520820033053
Epoch 34: 
BAS Score on Validation Data (Training Time 1.108801):  0.9615671678546379
Epoch 35: 
BAS Score on Validation Data (Training Time 1.108809):  0.961310608870642
Epoch 36: 
BAS Score on Validation Data (Training Time 1.109333):  0.9614785439047151
Epoch 37: 
BAS Score on Validation Data (Training Time 1.109435):  0.9620876456350839
Epoch 38: 
BAS Score on Validation Data (Training Time 1.115982):  0.9623608772973068
Epoch 39: 
BAS Score on Validation Data (Training Time 1.109369):  0.9621216165891072
Epoch 40: 
BAS Score on Validation Data (Training Time 1.120648):  0.9622968701328296
Epoch 41: 
BAS Score on Validation Data (Training Time 1.115341):  0.9623441093475976
Epoch 42: 
BAS Score on Validation Data (Training Time 1.109298):  0.9614710142006991
Epoch 43: 
BAS Score on Validation Data (Training Time 1.110808):  0.9628172526417936
Epoch 44: 
BAS Score on Validation Data (Training Time 1.114651):  0.9631263749940837
Epoch 45: 
BAS Score on Validation Data (Training Time 1.110627):  0.9629604549675364
Epoch 46: 
BAS Score on Validation Data (Training Time 1.110383):  0.9632641039261413
Epoch 47: 
BAS Score on Validation Data (Training Time 1.110395):  0.9634847722200699
Epoch 48: 
BAS Score on Validation Data (Training Time 1.109082):  0.9630436801438536
Epoch 49: 
BAS Score on Validation Data (Training Time 1.109953):  0.9633752550339044
Epoch 50: 
BAS Score on Validation Data (Training Time 1.115830):  0.9643011787121406
Epoch 51: 
BAS Score on Validation Data (Training Time 1.110485):  0.9639052568744897
Epoch 52: 
BAS Score on Validation Data (Training Time 1.110181):  0.9644313985915849
Epoch 53: 
BAS Score on Validation Data (Training Time 1.120226):  0.9645992383541758
Epoch 54: 
BAS Score on Validation Data (Training Time 1.110612):  0.9610545595613308
Epoch 55: 
BAS Score on Validation Data (Training Time 1.110963):  0.9640656622045466
Epoch 56: 
BAS Score on Validation Data (Training Time 1.115671):  0.9652647429249264
Epoch 57: 
BAS Score on Validation Data (Training Time 1.111069):  0.9641977065485525
Epoch 58: 
BAS Score on Validation Data (Training Time 1.111217):  0.9640541437882842
Epoch 59: 
BAS Score on Validation Data (Training Time 1.114493):  0.9651667648064258
Epoch 60: 
BAS Score on Validation Data (Training Time 1.109467):  0.9650612776353119
Epoch 61: 
BAS Score on Validation Data (Training Time 1.110863):  0.96511017142308
Epoch 62: 
BAS Score on Validation Data (Training Time 1.111169):  0.9648857382771433
Epoch 63: 
BAS Score on Validation Data (Training Time 1.110622):  0.9639125753841391
Epoch 64: 
BAS Score on Validation Data (Training Time 1.109143):  0.9652686776684959
Epoch 65: 
BAS Score on Validation Data (Training Time 1.110554):  0.9656570158334539
Epoch 66: 
BAS Score on Validation Data (Training Time 1.110229):  0.9650798700495827
Epoch 67: 
BAS Score on Validation Data (Training Time 1.110822):  0.9652610733444003
Epoch 68: 
BAS Score on Validation Data (Training Time 1.117680):  0.9654627141694531
Epoch 69: 
BAS Score on Validation Data (Training Time 1.111940):  0.9644612442590748
Epoch 70: 
BAS Score on Validation Data (Training Time 1.109931):  0.9659323577746847
Epoch 71: 
BAS Score on Validation Data (Training Time 1.113813):  0.9655042894475719
Epoch 72: 
BAS Score on Validation Data (Training Time 1.112347):  0.9655287363414561
Epoch 73: 
BAS Score on Validation Data (Training Time 1.110855):  0.9651609103268126
Epoch 74: 
BAS Score on Validation Data (Training Time 1.111153):  0.9645196621069821
Epoch 75: 
BAS Score on Validation Data (Training Time 1.115154):  0.9588245236976082
Epoch 76: 
BAS Score on Validation Data (Training Time 1.112080):  0.9652782017286349
Epoch 77: 
BAS Score on Validation Data (Training Time 1.110723):  0.96496092407476
Epoch 78: 
BAS Score on Validation Data (Training Time 1.111893):  0.9660037787202933
Epoch 79: 
BAS Score on Validation Data (Training Time 1.110457):  0.96477293259638
Epoch 80: 
BAS Score on Validation Data (Training Time 1.109152):  0.9661831575505492
Epoch 81: 
BAS Score on Validation Data (Training Time 1.111290):  0.9630645527286936
Epoch 82: 
BAS Score on Validation Data (Training Time 1.111163):  0.9657096744732302
Epoch 83: 
BAS Score on Validation Data (Training Time 1.118860):  0.9655266260624483
Epoch 84: 
BAS Score on Validation Data (Training Time 1.120713):  0.9657852953254519
Epoch 85: 
BAS Score on Validation Data (Training Time 1.111712):  0.9661187899515465
Epoch 86: 
BAS Score on Validation Data (Training Time 1.110589):  0.9634977006976917
Epoch 87: 
BAS Score on Validation Data (Training Time 1.116398):  0.9665659063989377
Epoch 88: 
BAS Score on Validation Data (Training Time 1.110262):  0.9670277757885121
Epoch 89: 
BAS Score on Validation Data (Training Time 1.109552):  0.964408415727737
Epoch 90: 
BAS Score on Validation Data (Training Time 1.116797):  0.9657416304197278
Epoch 91: 
BAS Score on Validation Data (Training Time 1.111438):  0.9668808086107612
Epoch 92: 
BAS Score on Validation Data (Training Time 1.111570):  0.9662491797225522
Epoch 93: 
BAS Score on Validation Data (Training Time 1.112470):  0.9672182379804255
Epoch 94: 
BAS Score on Validation Data (Training Time 1.111311):  0.9660339102022292
Epoch 95: 
BAS Score on Validation Data (Training Time 1.110267):  0.966009368036863
Epoch 96: 
BAS Score on Validation Data (Training Time 1.110959):  0.9658586566585067
Epoch 97: 
BAS Score on Validation Data (Training Time 1.110540):  0.965816986108906
Epoch 98: 
BAS Score on Validation Data (Training Time 1.110998):  0.9664921100112777
Epoch 99: 
BAS Score on Validation Data (Training Time 1.118208):  0.967018346999855
Epoch 100: 
BAS Score on Validation Data (Training Time 1.110779):  0.9646028872832993
Epoch 101: 
BAS Score on Validation Data (Training Time 1.110795):  0.9665996121899174
Epoch 102: 
BAS Score on Validation Data (Training Time 1.115581):  0.9664507252761229
Epoch 103: 
BAS Score on Validation Data (Training Time 1.110024):  0.9649308132442268
Epoch 104: 
BAS Score on Validation Data (Training Time 1.111171):  0.965958459241569
Epoch 105: 
BAS Score on Validation Data (Training Time 1.114964):  0.9671013070131286
Epoch 106: 
BAS Score on Validation Data (Training Time 1.111797):  0.9674879906050865
Epoch 107: 
BAS Score on Validation Data (Training Time 1.109927):  0.9660168770894765
Epoch 108: 
BAS Score on Validation Data (Training Time 1.110709):  0.9667674519525083
Epoch 109: 
BAS Score on Validation Data (Training Time 1.110008):  0.9666808223587088
Epoch 110: 
BAS Score on Validation Data (Training Time 1.110836):  0.9661735588703305
Epoch 111: 
BAS Score on Validation Data (Training Time 1.111619):  0.9667863095298229
Epoch 112: 
BAS Score on Validation Data (Training Time 1.112252):  0.966627898555889
Epoch 113: 
BAS Score on Validation Data (Training Time 1.110291):  0.9655813949812324
Epoch 114: 
BAS Score on Validation Data (Training Time 1.118502):  0.9671900262345333
Epoch 115: 
BAS Score on Validation Data (Training Time 1.112406):  0.9661980057642147
Epoch 116: 
BAS Score on Validation Data (Training Time 1.110119):  0.9664054804174781
Epoch 117: 
BAS Score on Validation Data (Training Time 1.113789):  0.9681705282885895
Epoch 118: 
BAS Score on Validation Data (Training Time 1.114029):  0.967491830077174
Epoch 119: 
BAS Score on Validation Data (Training Time 1.109972):  0.9671918713504977
Epoch 120: 
BAS Score on Validation Data (Training Time 1.110199):  0.9671110009648292
Epoch 121: 
BAS Score on Validation Data (Training Time 1.114206):  0.965471973066549
Epoch 122: 
BAS Score on Validation Data (Training Time 1.110234):  0.9672880996245158
Epoch 123: 
BAS Score on Validation Data (Training Time 1.109735):  0.9660809795254357
Epoch 124: 
BAS Score on Validation Data (Training Time 1.109739):  0.9622343889525963
Epoch 125: 
BAS Score on Validation Data (Training Time 1.109712):  0.9664825859511385
Epoch 126: 
BAS Score on Validation Data (Training Time 1.109934):  0.9653134668211333
Epoch 127: 
BAS Score on Validation Data (Training Time 1.111403):  0.9663940366212952
Epoch 128: 
BAS Score on Validation Data (Training Time 1.109980):  0.9648873182300642
Epoch 129: 
BAS Score on Validation Data (Training Time 1.110421):  0.9658642459750766
Epoch 130: 
BAS Score on Validation Data (Training Time 1.116809):  0.9666618695099124
Epoch 131: 
BAS Score on Validation Data (Training Time 1.111063):  0.968189481137386
Epoch 132: 
BAS Score on Validation Data (Training Time 1.111025):  0.9658302750210531
Epoch 133: 
BAS Score on Validation Data (Training Time 1.117338):  0.9663204307765993
Epoch 134: 
BAS Score on Validation Data (Training Time 1.112381):  0.9646459472428569
Epoch 135: 
BAS Score on Validation Data (Training Time 1.112687):  0.9669089250851716
Epoch 136: 
BAS Score on Validation Data (Training Time 1.114650):  0.9676594999482034
Epoch 137: 
BAS Score on Validation Data (Training Time 1.110938):  0.9650505547081797
Epoch 138: 
BAS Score on Validation Data (Training Time 1.110988):  0.9671410371752831
Epoch 139: 
BAS Score on Validation Data (Training Time 1.111233):  0.9666900812558046
Epoch 140: 
BAS Score on Validation Data (Training Time 1.110895):  0.9635055368675561
Epoch 141: 
BAS Score on Validation Data (Training Time 1.110331):  0.9664714279694016
Epoch 142: 
BAS Score on Validation Data (Training Time 1.112507):  0.9672390152937836
Epoch 143: 
BAS Score on Validation Data (Training Time 1.115048):  0.9680178019027076
Epoch 144: 
BAS Score on Validation Data (Training Time 1.109816):  0.9681837219292548
Epoch 145: 
BAS Score on Validation Data (Training Time 1.119668):  0.966682667474673
Epoch 146: 
BAS Score on Validation Data (Training Time 1.110800):  0.9659245089389482
Epoch 147: 
BAS Score on Validation Data (Training Time 1.113991):  0.9670560828058864
Epoch 148: 
BAS Score on Validation Data (Training Time 1.116479):  0.9631092132925746
Epoch 149: 
BAS Score on Validation Data (Training Time 1.112532):  0.9680292456988905
High Quality
0.9715350167327917 0.9684979159882353 0.965546744941827 0.9715350167327917 0.9652312908341336
              precision    recall  f1-score   support

           0       1.00      0.99      0.99     34537
           1       0.98      1.00      0.99      6756
           2       0.92      0.92      0.92      3467

    accuracy                           0.99     44760
   macro avg       0.97      0.97      0.97     44760
weighted avg       0.99      0.99      0.99     44760

Low Quality
0.9126635269492412 0.6973699242455975 0.6816974988462041 0.9126635269492412 0.71062926057892
              precision    recall  f1-score   support

           0       1.00      0.89      0.94      1960
           1       0.95      1.00      0.97       235
           2       0.10      0.85      0.18        26

    accuracy                           0.90      2221
   macro avg       0.68      0.91      0.70      2221
weighted avg       0.98      0.90      0.94      2221

Emb Dim: 64
Transformer-MHA-64
=====================================================================================================================================================================
Layer (type:depth-idx)                   Input Shape               Output Shape              Kernel Shape              Param #                   Mult-Adds
=====================================================================================================================================================================
TransfomerBlock                          [2, 64, 64]               [2, 3]                    --                        --                        --
├─MakePatches: 1-1                       [2, 64, 64]               [2, 256, 16]              --                        --                        --
│    └─Unfold: 2-1                       [2, 1, 64, 64]            [2, 16, 256]              [4, 4]                    --                        --
├─Linear: 1-2                            [2, 256, 16]              [2, 256, 64]              --                        1,088                     2,176
├─PositionalEncoding: 1-3                [2, 256, 64]              [2, 256, 64]              --                        --                        --
├─TransformerEncoderLayer: 1-4           [2, 256, 64]              [2, 256, 64]              --                        --                        --
│    └─MultiheadAttention: 2-2           [2, 256, 64]              [2, 256, 64]              --                        16,640                    --
│    └─Dropout: 2-3                      [2, 256, 64]              [2, 256, 64]              --                        --                        --
│    └─LayerNorm: 2-4                    [2, 256, 64]              [2, 256, 64]              --                        128                       256
│    └─Linear: 2-5                       [2, 256, 64]              [2, 256, 2048]            --                        133,120                   266,240
│    └─Dropout: 2-6                      [2, 256, 2048]            [2, 256, 2048]            --                        --                        --
│    └─Linear: 2-7                       [2, 256, 2048]            [2, 256, 64]              --                        131,136                   262,272
│    └─Dropout: 2-8                      [2, 256, 64]              [2, 256, 64]              --                        --                        --
│    └─LayerNorm: 2-9                    [2, 256, 64]              [2, 256, 64]              --                        128                       256
├─Sequential: 1-5                        [2, 64]                   [2, 3]                    --                        --                        --
│    └─Linear: 2-10                      [2, 64]                   [2, 64]                   --                        4,160                     8,320
│    └─ReLU: 2-11                        [2, 64]                   [2, 64]                   --                        --                        --
│    └─Linear: 2-12                      [2, 64]                   [2, 32]                   --                        2,080                     4,160
│    └─ReLU: 2-13                        [2, 32]                   [2, 32]                   --                        --                        --
│    └─Linear: 2-14                      [2, 32]                   [2, 3]                    --                        99                        198
=====================================================================================================================================================================
Total params: 288,579
Trainable params: 288,579
Non-trainable params: 0
Total mult-adds (Units.MEGABYTES): 0.54
=====================================================================================================================================================================
Input size (MB): 0.03
Forward/backward pass size (MB): 9.44
Params size (MB): 1.09
Estimated Total Size (MB): 10.56
=====================================================================================================================================================================
Total Trainable Parameters:  288579
Total Parameters:  288579
Epoch 0: 
BAS Score on Validation Data (Training Time 1.688442):  0.6034881853613224
Epoch 1: 
BAS Score on Validation Data (Training Time 1.687257):  0.7719267520634103
Epoch 2: 
BAS Score on Validation Data (Training Time 1.687125):  0.90136343946712
Epoch 3: 
BAS Score on Validation Data (Training Time 1.687122):  0.9359319157671191
Epoch 4: 
BAS Score on Validation Data (Training Time 1.687306):  0.9452015690107656
Epoch 5: 
BAS Score on Validation Data (Training Time 1.687578):  0.9253795772055055
Epoch 6: 
BAS Score on Validation Data (Training Time 1.688747):  0.9493213499430229
Epoch 7: 
BAS Score on Validation Data (Training Time 1.686713):  0.9261323036503502
Epoch 8: 
BAS Score on Validation Data (Training Time 1.691450):  0.9399475799514744
Epoch 9: 
BAS Score on Validation Data (Training Time 1.688671):  0.9341776258050715
Epoch 10: 
BAS Score on Validation Data (Training Time 1.687458):  0.9290433512133321
Epoch 11: 
BAS Score on Validation Data (Training Time 1.688080):  0.9333388287294474
Epoch 12: 
BAS Score on Validation Data (Training Time 1.687414):  0.9316040076117539
Epoch 13: 
BAS Score on Validation Data (Training Time 1.687991):  0.9490977282572778
Epoch 14: 
BAS Score on Validation Data (Training Time 1.688987):  0.9596002346468326
Epoch 15: 
BAS Score on Validation Data (Training Time 1.688547):  0.9458605458806558
Epoch 16: 
BAS Score on Validation Data (Training Time 1.689281):  0.9505044741738851
Epoch 17: 
BAS Score on Validation Data (Training Time 1.688432):  0.9367136447666452
Epoch 18: 
BAS Score on Validation Data (Training Time 1.695331):  0.9394803943939042
Epoch 19: 
BAS Score on Validation Data (Training Time 1.691750):  0.9533403772420553
Epoch 20: 
BAS Score on Validation Data (Training Time 1.693602):  0.9619064629916689
Epoch 21: 
BAS Score on Validation Data (Training Time 1.690467):  0.945491106595817
Epoch 22: 
BAS Score on Validation Data (Training Time 1.691709):  0.9601830110500785
Epoch 23: 
BAS Score on Validation Data (Training Time 1.692698):  0.942711912833877
Epoch 24: 
BAS Score on Validation Data (Training Time 1.687905):  0.9631827778344654
Epoch 25: 
BAS Score on Validation Data (Training Time 1.689597):  0.9530842199953901
Epoch 26: 
BAS Score on Validation Data (Training Time 1.688241):  0.9632300583520385
Epoch 27: 
BAS Score on Validation Data (Training Time 1.690788):  0.9603775445598485
Epoch 28: 
BAS Score on Validation Data (Training Time 1.689526):  0.9599250293388516
Epoch 29: 
BAS Score on Validation Data (Training Time 1.695210):  0.9532370623041566
Epoch 30: 
BAS Score on Validation Data (Training Time 1.689561):  0.9640315420103643
Epoch 31: 
BAS Score on Validation Data (Training Time 1.696255):  0.9526525027391539
Epoch 32: 
BAS Score on Validation Data (Training Time 1.690350):  0.9587689879266269
Epoch 33: 
BAS Score on Validation Data (Training Time 1.694629):  0.9619778426344725
Epoch 34: 
BAS Score on Validation Data (Training Time 1.688889):  0.9650610124722684
Epoch 35: 
BAS Score on Validation Data (Training Time 1.689757):  0.9652250127627718
Epoch 36: 
BAS Score on Validation Data (Training Time 1.689715):  0.9472502793359129
Epoch 37: 
BAS Score on Validation Data (Training Time 1.690670):  0.9632019831804333
Epoch 38: 
BAS Score on Validation Data (Training Time 1.690165):  0.9631811852156726
Epoch 39: 
BAS Score on Validation Data (Training Time 1.695958):  0.93441988287255
Epoch 40: 
BAS Score on Validation Data (Training Time 1.690457):  0.9474597150280251
Epoch 41: 
BAS Score on Validation Data (Training Time 1.697253):  0.9631053118662796
Epoch 42: 
BAS Score on Validation Data (Training Time 1.689917):  0.9615409044817227
Epoch 43: 
BAS Score on Validation Data (Training Time 1.694220):  0.9622479843305919
Epoch 44: 
BAS Score on Validation Data (Training Time 1.689667):  0.9639655404897639
Epoch 45: 
BAS Score on Validation Data (Training Time 1.692454):  0.9638505292585107
Epoch 46: 
BAS Score on Validation Data (Training Time 1.692254):  0.9631432175638723
Epoch 47: 
BAS Score on Validation Data (Training Time 1.692358):  0.9623573109737934
Epoch 48: 
BAS Score on Validation Data (Training Time 1.690132):  0.9658378793451486
Epoch 49: 
BAS Score on Validation Data (Training Time 1.694901):  0.9612728810501414
Epoch 50: 
BAS Score on Validation Data (Training Time 1.691164):  0.9628853724269324
Epoch 51: 
BAS Score on Validation Data (Training Time 1.691744):  0.9664319629702905
Epoch 52: 
BAS Score on Validation Data (Training Time 1.695271):  0.9673332492116785
Epoch 53: 
BAS Score on Validation Data (Training Time 1.690311):  0.9662659476722614
Epoch 54: 
BAS Score on Validation Data (Training Time 1.697555):  0.964012821007337
Epoch 55: 
BAS Score on Validation Data (Training Time 1.689548):  0.9667844104451816
Epoch 56: 
BAS Score on Validation Data (Training Time 1.690123):  0.9606376985042907
Epoch 57: 
BAS Score on Validation Data (Training Time 1.689977):  0.9662583433481658
Epoch 58: 
BAS Score on Validation Data (Training Time 1.689955):  0.9666581253093068
Epoch 59: 
BAS Score on Validation Data (Training Time 1.691037):  0.9608470182735185
Epoch 60: 
BAS Score on Validation Data (Training Time 1.697658):  0.9632077836913696
Epoch 61: 
BAS Score on Validation Data (Training Time 1.690178):  0.9674047654287693
Epoch 62: 
BAS Score on Validation Data (Training Time 1.696831):  0.9647483571137393
Epoch 63: 
BAS Score on Validation Data (Training Time 1.690120):  0.9638167901502565
Epoch 64: 
BAS Score on Validation Data (Training Time 1.699080):  0.9638827170507773
Epoch 65: 
BAS Score on Validation Data (Training Time 1.690838):  0.9662132350638082
Epoch 66: 
BAS Score on Validation Data (Training Time 1.690914):  0.9671560965833151
Epoch 67: 
BAS Score on Validation Data (Training Time 1.691597):  0.9673539519049573
Epoch 68: 
BAS Score on Validation Data (Training Time 1.692378):  0.9658512841801804
Epoch 69: 
BAS Score on Validation Data (Training Time 1.690426):  0.9595290328811212
Epoch 70: 
BAS Score on Validation Data (Training Time 1.706140):  0.9665676022747429
Epoch 71: 
BAS Score on Validation Data (Training Time 1.691135):  0.9641242579295461
Epoch 72: 
BAS Score on Validation Data (Training Time 1.698794):  0.9612379557407662
Epoch 73: 
BAS Score on Validation Data (Training Time 1.690553):  0.9623990021747968
Epoch 74: 
BAS Score on Validation Data (Training Time 1.695478):  0.9673331745915991
Epoch 75: 
BAS Score on Validation Data (Training Time 1.692291):  0.9668827489982075
Epoch 76: 
BAS Score on Validation Data (Training Time 1.690916):  0.9638906071893188
Epoch 77: 
BAS Score on Validation Data (Training Time 1.690292):  0.9665280007013447
Epoch 78: 
BAS Score on Validation Data (Training Time 1.691786):  0.9613336410228257
Epoch 79: 
BAS Score on Validation Data (Training Time 1.691432):  0.9664941663216086
Epoch 80: 
BAS Score on Validation Data (Training Time 1.695840):  0.966516788750931
Epoch 81: 
BAS Score on Validation Data (Training Time 1.694002):  0.9663323302787896
Epoch 82: 
BAS Score on Validation Data (Training Time 1.692619):  0.9675142079948554
Epoch 83: 
BAS Score on Validation Data (Training Time 1.698080):  0.966886588470295
Epoch 84: 
BAS Score on Validation Data (Training Time 1.692669):  0.9650311541389066
Epoch 85: 
BAS Score on Validation Data (Training Time 1.697098):  0.9649592695017598
Epoch 86: 
BAS Score on Validation Data (Training Time 1.690181):  0.9644429043419754
Epoch 87: 
BAS Score on Validation Data (Training Time 1.691036):  0.9661396292191123
Epoch 88: 
BAS Score on Validation Data (Training Time 1.690042):  0.9569947844154324
Epoch 89: 
BAS Score on Validation Data (Training Time 1.691329):  0.9618449884949324
Epoch 90: 
BAS Score on Validation Data (Training Time 1.690158):  0.9667940504282053
Epoch 91: 
BAS Score on Validation Data (Training Time 1.697835):  0.9619296443840112
Epoch 92: 
BAS Score on Validation Data (Training Time 1.690694):  0.9643939359341277
Epoch 93: 
BAS Score on Validation Data (Training Time 1.698040):  0.964150815102438
Epoch 94: 
BAS Score on Validation Data (Training Time 1.689918):  0.9659531970422504
Epoch 95: 
BAS Score on Validation Data (Training Time 1.695208):  0.9668844242226103
Epoch 96: 
BAS Score on Validation Data (Training Time 1.691453):  0.9647954470883485
Epoch 97: 
BAS Score on Validation Data (Training Time 1.690297):  0.9572758109447149
Epoch 98: 
BAS Score on Validation Data (Training Time 1.690501):  0.9637963732714238
Epoch 99: 
BAS Score on Validation Data (Training Time 1.692324):  0.9585484768583878
Epoch 100: 
BAS Score on Validation Data (Training Time 1.691806):  0.9651536537713707
Epoch 101: 
BAS Score on Validation Data (Training Time 1.697797):  0.9676444072228968
Epoch 102: 
BAS Score on Validation Data (Training Time 1.692085):  0.9563241875369245
Epoch 103: 
BAS Score on Validation Data (Training Time 1.697296):  0.9638360288134988
Epoch 104: 
BAS Score on Validation Data (Training Time 1.690525):  0.9640413392190776
Epoch 105: 
BAS Score on Validation Data (Training Time 1.696085):  0.9608837917386673
Epoch 106: 
BAS Score on Validation Data (Training Time 1.691181):  0.966283212630783
Epoch 107: 
BAS Score on Validation Data (Training Time 1.691209):  0.9651816876401708
Epoch 108: 
BAS Score on Validation Data (Training Time 1.690656):  0.9678498875200372
Epoch 109: 
BAS Score on Validation Data (Training Time 1.691506):  0.96086987254861
Epoch 110: 
BAS Score on Validation Data (Training Time 1.690945):  0.9607361942830064
Epoch 111: 
BAS Score on Validation Data (Training Time 1.691166):  0.9596501304377565
Epoch 112: 
BAS Score on Validation Data (Training Time 1.695763):  0.9633666090685057
Epoch 113: 
BAS Score on Validation Data (Training Time 1.690932):  0.9663982238620363
Epoch 114: 
BAS Score on Validation Data (Training Time 1.697449):  0.9655612639168457
Epoch 115: 
BAS Score on Validation Data (Training Time 1.690066):  0.9659852815775043
Epoch 116: 
BAS Score on Validation Data (Training Time 1.693924):  0.9620332118190816
Epoch 117: 
BAS Score on Validation Data (Training Time 1.691246):  0.9614397664573805
Epoch 118: 
BAS Score on Validation Data (Training Time 1.694332):  0.9638812450352104
Epoch 119: 
BAS Score on Validation Data (Training Time 1.690482):  0.963411982515907
Epoch 120: 
BAS Score on Validation Data (Training Time 1.692876):  0.9658345368818736
Epoch 121: 
BAS Score on Validation Data (Training Time 1.692034):  0.9643260146774836
Epoch 122: 
BAS Score on Validation Data (Training Time 1.699146):  0.9663192319096064
Epoch 123: 
BAS Score on Validation Data (Training Time 1.691668):  0.96659624907524
Epoch 124: 
BAS Score on Validation Data (Training Time 1.699017):  0.961143817094353
Epoch 125: 
BAS Score on Validation Data (Training Time 1.690177):  0.965743951893102
Epoch 126: 
BAS Score on Validation Data (Training Time 1.694904):  0.9626031596965291
Epoch 127: 
BAS Score on Validation Data (Training Time 1.691239):  0.9634759896803842
Epoch 128: 
BAS Score on Validation Data (Training Time 1.691063):  0.9490597479396056
Epoch 129: 
BAS Score on Validation Data (Training Time 1.690526):  0.9666603308597965
Epoch 130: 
BAS Score on Validation Data (Training Time 1.692308):  0.968076165781938
Epoch 131: 
BAS Score on Validation Data (Training Time 1.690570):  0.9652011168463771
Epoch 132: 
BAS Score on Validation Data (Training Time 1.697031):  0.9650479141030851
Epoch 133: 
BAS Score on Validation Data (Training Time 1.691676):  0.9622481209048791
Epoch 134: 
BAS Score on Validation Data (Training Time 1.698016):  0.9632834458463962
Epoch 135: 
BAS Score on Validation Data (Training Time 1.690344):  0.9656587323606618
Epoch 136: 
BAS Score on Validation Data (Training Time 1.694281):  0.963696699277118
Epoch 137: 
BAS Score on Validation Data (Training Time 1.691055):  0.9614567995701332
Epoch 138: 
BAS Score on Validation Data (Training Time 1.691437):  0.9647052971541817
Epoch 139: 
BAS Score on Validation Data (Training Time 1.690192):  0.9624839025755166
Epoch 140: 
BAS Score on Validation Data (Training Time 1.692356):  0.9640097357215748
Epoch 141: 
BAS Score on Validation Data (Training Time 1.691596):  0.963866152309904
Epoch 142: 
BAS Score on Validation Data (Training Time 1.690176):  0.9671391793934468
Epoch 143: 
BAS Score on Validation Data (Training Time 1.697307):  0.9622202489421099
Epoch 144: 
BAS Score on Validation Data (Training Time 1.690691):  0.9649991981924089
Epoch 145: 
BAS Score on Validation Data (Training Time 1.697356):  0.9662757035781695
Epoch 146: 
BAS Score on Validation Data (Training Time 1.691356):  0.9644449400009035
Epoch 147: 
BAS Score on Validation Data (Training Time 1.695217):  0.9649824095912972
Epoch 148: 
BAS Score on Validation Data (Training Time 1.691055):  0.9643943296859275
Epoch 149: 
BAS Score on Validation Data (Training Time 1.691243):  0.9680478587645641
High Quality
0.9030255226911968 0.8699666588915888 0.8647747056693541 0.9030255226911968 0.8716459786195447
              precision    recall  f1-score   support

           0       1.00      0.98      0.99     34537
           1       0.98      0.79      0.87      6756
           2       0.62      0.94      0.75      3467

    accuracy                           0.95     44760
   macro avg       0.86      0.90      0.87     44760
weighted avg       0.96      0.95      0.95     44760

Low Quality
0.8658767271229277 0.6480658729815559 0.6668720883313157 0.8658767271229277 0.5931579227268575
              precision    recall  f1-score   support

           0       1.00      0.82      0.90      1960
           1       0.94      0.94      0.94       235
           2       0.06      0.85      0.11        26

    accuracy                           0.83      2221
   macro avg       0.67      0.87      0.65      2221
weighted avg       0.98      0.83      0.89      2221

Emb Dim: 128
Transformer-MHA-128
=====================================================================================================================================================================
Layer (type:depth-idx)                   Input Shape               Output Shape              Kernel Shape              Param #                   Mult-Adds
=====================================================================================================================================================================
TransfomerBlock                          [2, 64, 64]               [2, 3]                    --                        --                        --
├─MakePatches: 1-1                       [2, 64, 64]               [2, 256, 16]              --                        --                        --
│    └─Unfold: 2-1                       [2, 1, 64, 64]            [2, 16, 256]              [4, 4]                    --                        --
├─Linear: 1-2                            [2, 256, 16]              [2, 256, 128]             --                        2,176                     4,352
├─PositionalEncoding: 1-3                [2, 256, 128]             [2, 256, 128]             --                        --                        --
├─TransformerEncoderLayer: 1-4           [2, 256, 128]             [2, 256, 128]             --                        --                        --
│    └─MultiheadAttention: 2-2           [2, 256, 128]             [2, 256, 128]             --                        66,048                    --
│    └─Dropout: 2-3                      [2, 256, 128]             [2, 256, 128]             --                        --                        --
│    └─LayerNorm: 2-4                    [2, 256, 128]             [2, 256, 128]             --                        256                       512
│    └─Linear: 2-5                       [2, 256, 128]             [2, 256, 2048]            --                        264,192                   528,384
│    └─Dropout: 2-6                      [2, 256, 2048]            [2, 256, 2048]            --                        --                        --
│    └─Linear: 2-7                       [2, 256, 2048]            [2, 256, 128]             --                        262,272                   524,544
│    └─Dropout: 2-8                      [2, 256, 128]             [2, 256, 128]             --                        --                        --
│    └─LayerNorm: 2-9                    [2, 256, 128]             [2, 256, 128]             --                        256                       512
├─Sequential: 1-5                        [2, 128]                  [2, 3]                    --                        --                        --
│    └─Linear: 2-10                      [2, 128]                  [2, 64]                   --                        8,256                     16,512
│    └─ReLU: 2-11                        [2, 64]                   [2, 64]                   --                        --                        --
│    └─Linear: 2-12                      [2, 64]                   [2, 32]                   --                        2,080                     4,160
│    └─ReLU: 2-13                        [2, 32]                   [2, 32]                   --                        --                        --
│    └─Linear: 2-14                      [2, 32]                   [2, 3]                    --                        99                        198
=====================================================================================================================================================================
Total params: 605,635
Trainable params: 605,635
Non-trainable params: 0
Total mult-adds (Units.MEGABYTES): 1.08
=====================================================================================================================================================================
Input size (MB): 0.03
Forward/backward pass size (MB): 10.49
Params size (MB): 2.16
Estimated Total Size (MB): 12.68
=====================================================================================================================================================================
Total Trainable Parameters:  605635
Total Parameters:  605635
Epoch 0: 
BAS Score on Validation Data (Training Time 1.922975):  0.6548447981406296
Epoch 1: 
BAS Score on Validation Data (Training Time 1.920173):  0.869497607029106
Epoch 2: 
BAS Score on Validation Data (Training Time 1.929265):  0.9402900110377548
Epoch 3: 
BAS Score on Validation Data (Training Time 1.926802):  0.8281225704822152
Epoch 4: 
BAS Score on Validation Data (Training Time 1.920612):  0.8364834284318597
Epoch 5: 
BAS Score on Validation Data (Training Time 1.929446):  0.878649395915137
Epoch 6: 
BAS Score on Validation Data (Training Time 1.921921):  0.9262960720950845
Epoch 7: 
BAS Score on Validation Data (Training Time 1.923569):  0.9212271860922486
Epoch 8: 
BAS Score on Validation Data (Training Time 1.921452):  0.9532138189576066
Epoch 9: 
BAS Score on Validation Data (Training Time 1.920766):  0.9377392344536566
Epoch 10: 
BAS Score on Validation Data (Training Time 1.921722):  0.9253118464918253
Epoch 11: 
BAS Score on Validation Data (Training Time 1.921661):  0.9251142023645497
Epoch 12: 
BAS Score on Validation Data (Training Time 1.924725):  0.9452059880972756
Epoch 13: 
BAS Score on Validation Data (Training Time 1.920994):  0.9504983671971003
Epoch 14: 
BAS Score on Validation Data (Training Time 1.921178):  0.9460607433270747
Epoch 15: 
BAS Score on Validation Data (Training Time 1.920978):  0.9320193253383368
Epoch 16: 
BAS Score on Validation Data (Training Time 1.922400):  0.9515454090833746
Epoch 17: 
BAS Score on Validation Data (Training Time 1.923809):  0.9268995305402067
Epoch 18: 
BAS Score on Validation Data (Training Time 1.922214):  0.9432184474676738
Epoch 19: 
BAS Score on Validation Data (Training Time 1.921398):  0.9592083634756357
Epoch 20: 
BAS Score on Validation Data (Training Time 1.922430):  0.9615917306714065
Epoch 21: 
BAS Score on Validation Data (Training Time 1.930377):  0.9469694433495944
Epoch 22: 
BAS Score on Validation Data (Training Time 1.923151):  0.944520360447669
Epoch 23: 
BAS Score on Validation Data (Training Time 1.929796):  0.9585784018262986
Epoch 24: 
BAS Score on Validation Data (Training Time 1.922937):  0.9502670792330523
Epoch 25: 
BAS Score on Validation Data (Training Time 1.927883):  0.9484891648385266
Epoch 26: 
BAS Score on Validation Data (Training Time 1.925001):  0.9401677718879929
Epoch 27: 
BAS Score on Validation Data (Training Time 1.923013):  0.9617443078171295
Epoch 28: 
BAS Score on Validation Data (Training Time 1.924160):  0.9370096894011546
Epoch 29: 
BAS Score on Validation Data (Training Time 1.922553):  0.9435682813338714
Epoch 30: 
BAS Score on Validation Data (Training Time 1.929979):  0.9310333911934005
Epoch 31: 
BAS Score on Validation Data (Training Time 1.923826):  0.9571552643655687
Epoch 32: 
BAS Score on Validation Data (Training Time 1.928454):  0.9429330241679411
Epoch 33: 
BAS Score on Validation Data (Training Time 1.925360):  0.964998829772353
Epoch 34: 
BAS Score on Validation Data (Training Time 1.927099):  0.9444220965147224
Epoch 35: 
BAS Score on Validation Data (Training Time 1.923414):  0.9622744255805994
Epoch 36: 
BAS Score on Validation Data (Training Time 1.923552):  0.9143369876168638
Epoch 37: 
BAS Score on Validation Data (Training Time 1.923531):  0.9550263458747859
Epoch 38: 
BAS Score on Validation Data (Training Time 1.923942):  0.9614113022143167
Epoch 39: 
BAS Score on Validation Data (Training Time 1.931385):  0.9658096675992565
Epoch 40: 
BAS Score on Validation Data (Training Time 1.924474):  0.9582622214470612
Epoch 41: 
BAS Score on Validation Data (Training Time 1.929059):  0.942661944087531
Epoch 42: 
BAS Score on Validation Data (Training Time 1.922727):  0.9646954333109198
Epoch 43: 
BAS Score on Validation Data (Training Time 1.931350):  0.9655098787641417
Epoch 44: 
BAS Score on Validation Data (Training Time 1.924174):  0.9638371450748816
Epoch 45: 
BAS Score on Validation Data (Training Time 1.926919):  0.9535069515031047
Epoch 46: 
BAS Score on Validation Data (Training Time 1.923825):  0.9674409419332823
Epoch 47: 
BAS Score on Validation Data (Training Time 1.923828):  0.9506276486922539
Epoch 48: 
BAS Score on Validation Data (Training Time 1.930727):  0.9512127052660689
Epoch 49: 
BAS Score on Validation Data (Training Time 1.924088):  0.9406026014263924
Epoch 50: 
BAS Score on Validation Data (Training Time 1.928996):  0.9666397980580794
Epoch 51: 
BAS Score on Validation Data (Training Time 1.923272):  0.9635867676877501
Epoch 52: 
BAS Score on Validation Data (Training Time 1.941401):  0.9495699871358602
Epoch 53: 
BAS Score on Validation Data (Training Time 1.924370):  0.9663981079391517
Epoch 54: 
BAS Score on Validation Data (Training Time 1.924583):  0.9678255152462326
Epoch 55: 
BAS Score on Validation Data (Training Time 1.925220):  0.964856157772697
Epoch 56: 
BAS Score on Validation Data (Training Time 1.923173):  0.9651818448658603
Epoch 57: 
BAS Score on Validation Data (Training Time 1.937915):  0.9622106502618912
Epoch 58: 
BAS Score on Validation Data (Training Time 1.924400):  0.9600069317397607
Epoch 59: 
BAS Score on Validation Data (Training Time 1.929335):  0.952424747781345
Epoch 60: 
BAS Score on Validation Data (Training Time 1.924358):  0.9611475279776842
Epoch 61: 
BAS Score on Validation Data (Training Time 1.927829):  0.9681687244754303
Epoch 62: 
BAS Score on Validation Data (Training Time 1.923815):  0.9686381775376978
Epoch 63: 
BAS Score on Validation Data (Training Time 1.925441):  0.9606000040010644
Epoch 64: 
BAS Score on Validation Data (Training Time 1.926974):  0.9660082311240777
Epoch 65: 
BAS Score on Validation Data (Training Time 1.923005):  0.9665621082296552
Epoch 66: 
BAS Score on Validation Data (Training Time 1.943344):  0.9664001435980799
Epoch 67: 
BAS Score on Validation Data (Training Time 1.923903):  0.9651503446253701
Epoch 68: 
BAS Score on Validation Data (Training Time 1.929116):  0.9648563689670634
Epoch 69: 
BAS Score on Validation Data (Training Time 1.924331):  0.9676730746747966
Epoch 70: 
BAS Score on Validation Data (Training Time 1.926428):  0.9527640968870528
Epoch 71: 
BAS Score on Validation Data (Training Time 1.923770):  0.9681575664936934
Epoch 72: 
BAS Score on Validation Data (Training Time 1.923842):  0.9541067910311885
Epoch 73: 
BAS Score on Validation Data (Training Time 1.925086):  0.9683554218153357
Epoch 74: 
BAS Score on Validation Data (Training Time 1.924262):  0.9657687798729141
Epoch 75: 
BAS Score on Validation Data (Training Time 1.930614):  0.9625880749567534
Epoch 76: 
BAS Score on Validation Data (Training Time 1.923803):  0.9641228478681868
Epoch 77: 
BAS Score on Validation Data (Training Time 1.928859):  0.9656084285115343
Epoch 78: 
BAS Score on Validation Data (Training Time 1.925122):  0.9535960278538456
Epoch 79: 
BAS Score on Validation Data (Training Time 1.927453):  0.9654087820426046
Epoch 80: 
BAS Score on Validation Data (Training Time 1.941422):  0.9670622977200248
Epoch 81: 
BAS Score on Validation Data (Training Time 1.923033):  0.9665323991364524
Epoch 82: 
BAS Score on Validation Data (Training Time 1.927273):  0.9683498531501685
Epoch 83: 
BAS Score on Validation Data (Training Time 1.923707):  0.9648282318412509
Epoch 84: 
BAS Score on Validation Data (Training Time 1.929726):  0.9645996067742318
Epoch 85: 
BAS Score on Validation Data (Training Time 1.923250):  0.9634686791562653
Epoch 86: 
BAS Score on Validation Data (Training Time 1.928680):  0.9616718578960896
Epoch 87: 
BAS Score on Validation Data (Training Time 1.926211):  0.9667303830468511
Epoch 88: 
BAS Score on Validation Data (Training Time 1.928240):  0.9613322722642713
Epoch 89: 
BAS Score on Validation Data (Training Time 1.923539):  0.9669941319517399
Epoch 90: 
BAS Score on Validation Data (Training Time 1.923359):  0.9669640211212065
Epoch 91: 
BAS Score on Validation Data (Training Time 1.925051):  0.9589891369198087
Epoch 92: 
BAS Score on Validation Data (Training Time 1.922924):  0.965814024731559
Epoch 93: 
BAS Score on Validation Data (Training Time 1.930890):  0.9629069785466954
Epoch 94: 
BAS Score on Validation Data (Training Time 1.931592):  0.9668757163030041
Epoch 95: 
BAS Score on Validation Data (Training Time 1.928404):  0.9665005717787111
Epoch 96: 
BAS Score on Validation Data (Training Time 1.924190):  0.9661852758150875
Epoch 97: 
BAS Score on Validation Data (Training Time 1.926666):  0.9621170133046318
Epoch 98: 
BAS Score on Validation Data (Training Time 1.924678):  0.9499774147239018
Epoch 99: 
BAS Score on Validation Data (Training Time 1.924848):  0.9648753218158599
Epoch 100: 
BAS Score on Validation Data (Training Time 1.925493):  0.950778961711587
Epoch 101: 
BAS Score on Validation Data (Training Time 1.923376):  0.9677693442516199
Epoch 102: 
BAS Score on Validation Data (Training Time 1.931799):  0.9666020702375788
Epoch 103: 
BAS Score on Validation Data (Training Time 1.926571):  0.9562534841551774
Epoch 104: 
BAS Score on Validation Data (Training Time 1.929636):  0.9680143848193531
Epoch 105: 
BAS Score on Validation Data (Training Time 1.925533):  0.9626325036748652
Epoch 106: 
BAS Score on Validation Data (Training Time 1.928573):  0.9634930720814725
Epoch 107: 
BAS Score on Validation Data (Training Time 1.925174):  0.9648526993865375
Epoch 108: 
BAS Score on Validation Data (Training Time 1.929700):  0.9640551298203786
Epoch 109: 
BAS Score on Validation Data (Training Time 1.925364):  0.9668474839057094
Epoch 110: 
BAS Score on Validation Data (Training Time 1.925781):  0.9571416387101079
Epoch 111: 
BAS Score on Validation Data (Training Time 1.932817):  0.9613571795445042
Epoch 112: 
BAS Score on Validation Data (Training Time 1.925311):  0.9640775283894625
Epoch 113: 
BAS Score on Validation Data (Training Time 1.930129):  0.9653824154126767
Epoch 114: 
BAS Score on Validation Data (Training Time 1.924199):  0.9670788418094958
Epoch 115: 
BAS Score on Validation Data (Training Time 1.927991):  0.9619890196270799
Epoch 116: 
BAS Score on Validation Data (Training Time 1.926121):  0.9636008647548996
Epoch 117: 
BAS Score on Validation Data (Training Time 1.923134):  0.9651124802305824
Epoch 118: 
BAS Score on Validation Data (Training Time 1.924619):  0.9674261143710194
Epoch 119: 
BAS Score on Validation Data (Training Time 1.924527):  0.9656933082608515
Epoch 120: 
BAS Score on Validation Data (Training Time 1.931393):  0.9595549468448508
Epoch 121: 
BAS Score on Validation Data (Training Time 1.925284):  0.9687025451367006
Epoch 122: 
BAS Score on Validation Data (Training Time 1.940219):  0.9626804637586841
Epoch 123: 
BAS Score on Validation Data (Training Time 1.924554):  0.9633537345595609
Epoch 124: 
BAS Score on Validation Data (Training Time 1.927639):  0.9472949255933899
Epoch 125: 
BAS Score on Validation Data (Training Time 1.923929):  0.9681047586137583
Epoch 126: 
BAS Score on Validation Data (Training Time 1.924005):  0.963744075066173
Epoch 127: 
BAS Score on Validation Data (Training Time 1.926287):  0.9620205691559058
Epoch 128: 
BAS Score on Validation Data (Training Time 1.924899):  0.9627597255544985
Epoch 129: 
BAS Score on Validation Data (Training Time 1.931017):  0.964092811657733
Epoch 130: 
BAS Score on Validation Data (Training Time 1.924454):  0.9620621444340246
Epoch 131: 
BAS Score on Validation Data (Training Time 1.928642):  0.9659369594186281
Epoch 132: 
BAS Score on Validation Data (Training Time 1.927022):  0.9661286824317418
Epoch 133: 
BAS Score on Validation Data (Training Time 1.924945):  0.9632294644312119
Epoch 134: 
BAS Score on Validation Data (Training Time 1.924644):  0.965257697563851
Epoch 135: 
BAS Score on Validation Data (Training Time 1.923271):  0.9648128946043034
Epoch 136: 
BAS Score on Validation Data (Training Time 1.933392):  0.9631878971386238
Epoch 137: 
BAS Score on Validation Data (Training Time 1.923846):  0.9641170140399762
Epoch 138: 
BAS Score on Validation Data (Training Time 1.931569):  0.966979155149318
Epoch 139: 
BAS Score on Validation Data (Training Time 1.924144):  0.9680782760609459
Epoch 140: 
BAS Score on Validation Data (Training Time 1.929803):  0.9619489370159306
Epoch 141: 
BAS Score on Validation Data (Training Time 1.927588):  0.9622903884151155
Epoch 142: 
BAS Score on Validation Data (Training Time 1.924172):  0.9363331964748483
Epoch 143: 
BAS Score on Validation Data (Training Time 1.924910):  0.9612288334179576
Epoch 144: 
BAS Score on Validation Data (Training Time 1.924679):  0.9633840359330582
Epoch 145: 
BAS Score on Validation Data (Training Time 1.925196):  0.961677264655226
Epoch 146: 
BAS Score on Validation Data (Training Time 1.924586):  0.9649647302295731
Epoch 147: 
BAS Score on Validation Data (Training Time 1.932505):  0.9651636128861149
Epoch 148: 
BAS Score on Validation Data (Training Time 1.924867):  0.9644039283661461
Epoch 149: 
BAS Score on Validation Data (Training Time 1.928875):  0.9647959774144353
High Quality
0.8318112220485995 0.7717032966782561 0.8066271028055936 0.8318112220485995 0.7700221934174596
              precision    recall  f1-score   support

           0       1.00      0.96      0.98     34537
           1       0.98      0.58      0.73      6756
           2       0.45      0.95      0.61      3467

    accuracy                           0.90     44760
   macro avg       0.81      0.83      0.77     44760
weighted avg       0.95      0.90      0.91     44760

Low Quality
0.761314394825033 0.560465092628076 0.6650285494322191 0.761314394825033 0.46211037389006476
              precision    recall  f1-score   support

           0       1.00      0.78      0.88      1960
           1       0.95      0.58      0.72       235
           2       0.04      0.92      0.08        26

    accuracy                           0.76      2221
   macro avg       0.67      0.76      0.56      2221
weighted avg       0.98      0.76      0.85      2221


High Quality Post 2020
                          mean       std       sem  count
Model                                                    
Transformer-FNET-128  0.973338  0.006844  0.004840      2
Transformer-FNET-64   0.975645  0.002076  0.001468      2
Transformer-MHA-128   0.777259  0.007858  0.005556      2
Transformer-MHA-64    0.893245  0.032921  0.023279      2
                          mean       std       sem  count
Model                                                    
Transformer-FNET-128  0.972395  0.001216  0.000860      2
Transformer-FNET-64   0.970279  0.000540  0.000382      2
Transformer-MHA-128   0.859971  0.039823  0.028159      2
Transformer-MHA-64    0.921114  0.025581  0.018089      2
                          mean       std       sem  count
Model                                                    
Transformer-FNET-128  0.970316  0.007191  0.005085      2
Transformer-FNET-64   0.972602  0.002319  0.001640      2
Transformer-MHA-128   0.747214  0.032256  0.022808      2
Transformer-MHA-64    0.893846  0.031396  0.022200      2

Low Quality Post 2020
                          mean       std       sem  count
Model                                                    
Transformer-FNET-128  0.763901  0.094089  0.066531      2
Transformer-FNET-64   0.731094  0.045968  0.032505      2
Transformer-MHA-128   0.613321  0.074749  0.052856      2
Transformer-MHA-64    0.707396  0.083906  0.059330      2
                          mean       std       sem  count
Model                                                    
Transformer-FNET-128  0.919007  0.008970  0.006343      2
Transformer-FNET-64   0.900118  0.004422  0.003127      2
Transformer-MHA-128   0.831295  0.098968  0.069981      2
Transformer-MHA-64    0.905345  0.055817  0.039469      2
                          mean       std       sem  count
Model                                                    
Transformer-FNET-128  0.810924  0.141839  0.100295      2
Transformer-FNET-64   0.786987  0.086304  0.061026      2
Transformer-MHA-128   0.541646  0.112481  0.079536      2
Transformer-MHA-64    0.716520  0.174460  0.123362      2
Saving Results
************Fold: 2
Data Shape Before Sampling:  (107163, 64, 64) (107163,)
Subtype/Host: 0 ,count:  72320 ,index count: (array([False,  True]), array([34843, 72320])) ,downsampling:  (16000, 64, 64) (16000,)
Subtype/Host: 1 ,count:  22412 ,index count: (array([False,  True]), array([84751, 22412])) ,downsampling:  (16000, 64, 64) (16000,)
Subtype/Host: 2 ,count:  12431 ,index count: (array([False,  True]), array([94732, 12431])) ,keep:  (12431, 64, 64) (12431,)
Emb Dim: 64
Transformer-FNET-64
=====================================================================================================================================================================
Layer (type:depth-idx)                   Input Shape               Output Shape              Kernel Shape              Param #                   Mult-Adds
=====================================================================================================================================================================
TransfomerBlock                          [2, 64, 64]               [2, 3]                    --                        --                        --
├─MakePatches: 1-1                       [2, 64, 64]               [2, 256, 16]              --                        --                        --
│    └─Unfold: 2-1                       [2, 1, 64, 64]            [2, 16, 256]              [4, 4]                    --                        --
├─Linear: 1-2                            [2, 256, 16]              [2, 256, 64]              --                        1,088                     2,176
├─PositionalEncoding: 1-3                [2, 256, 64]              [2, 256, 64]              --                        --                        --
├─FNET: 1-4                              [2, 256, 64]              [2, 256, 64]              --                        --                        --
│    └─LayerNorm: 2-2                    [2, 256, 64]              [2, 256, 64]              --                        128                       256
│    └─Sequential: 2-3                   [2, 256, 64]              [2, 256, 64]              --                        --                        --
│    │    └─Linear: 3-1                  [2, 256, 64]              [2, 256, 64]              --                        4,160                     8,320
│    │    └─ReLU: 3-2                    [2, 256, 64]              [2, 256, 64]              --                        --                        --
│    │    └─Dropout: 3-3                 [2, 256, 64]              [2, 256, 64]              --                        --                        --
│    │    └─Linear: 3-4                  [2, 256, 64]              [2, 256, 64]              --                        4,160                     8,320
│    └─LayerNorm: 2-4                    [2, 256, 64]              [2, 256, 64]              --                        128                       256
├─Sequential: 1-5                        [2, 64]                   [2, 3]                    --                        --                        --
│    └─Linear: 2-5                       [2, 64]                   [2, 64]                   --                        4,160                     8,320
│    └─ReLU: 2-6                         [2, 64]                   [2, 64]                   --                        --                        --
│    └─Linear: 2-7                       [2, 64]                   [2, 32]                   --                        2,080                     4,160
│    └─ReLU: 2-8                         [2, 32]                   [2, 32]                   --                        --                        --
│    └─Linear: 2-9                       [2, 32]                   [2, 3]                    --                        99                        198
=====================================================================================================================================================================
Total params: 16,003
Trainable params: 16,003
Non-trainable params: 0
Total mult-adds (Units.MEGABYTES): 0.03
=====================================================================================================================================================================
Input size (MB): 0.03
Forward/backward pass size (MB): 1.31
Params size (MB): 0.06
Estimated Total Size (MB): 1.41
=====================================================================================================================================================================
Total Trainable Parameters:  16003
Total Parameters:  16003
Epoch 0: 
BAS Score on Validation Data (Training Time 0.965787):  0.41155043269144276
Epoch 1: 
BAS Score on Validation Data (Training Time 0.962895):  0.5040896621161933
Epoch 2: 
BAS Score on Validation Data (Training Time 0.964336):  0.6446613732181089
Epoch 3: 
BAS Score on Validation Data (Training Time 0.963169):  0.651918575246731
Epoch 4: 
BAS Score on Validation Data (Training Time 0.964213):  0.7852635292641952
Epoch 5: 
BAS Score on Validation Data (Training Time 0.964797):  0.8790916372563795
Epoch 6: 
BAS Score on Validation Data (Training Time 0.964138):  0.9082528534787144
Epoch 7: 
BAS Score on Validation Data (Training Time 0.961548):  0.9121305409141817
Epoch 8: 
BAS Score on Validation Data (Training Time 0.966655):  0.9202306686101508
Epoch 9: 
BAS Score on Validation Data (Training Time 0.975795):  0.9243718191360609
Epoch 10: 
BAS Score on Validation Data (Training Time 0.964162):  0.9260479032741266
Epoch 11: 
BAS Score on Validation Data (Training Time 0.965680):  0.9298456413620029
Epoch 12: 
BAS Score on Validation Data (Training Time 0.970719):  0.9308845612639666
Epoch 13: 
BAS Score on Validation Data (Training Time 0.971147):  0.9336452578831177
Epoch 14: 
BAS Score on Validation Data (Training Time 0.964209):  0.9348384841238842
Epoch 15: 
BAS Score on Validation Data (Training Time 0.967248):  0.9377860146572278
Epoch 16: 
BAS Score on Validation Data (Training Time 0.967491):  0.937580269197044
Epoch 17: 
BAS Score on Validation Data (Training Time 0.970380):  0.9400881923356099
Epoch 18: 
BAS Score on Validation Data (Training Time 0.974240):  0.9399278616256325
Epoch 19: 
BAS Score on Validation Data (Training Time 0.970646):  0.9423019159556308
Epoch 20: 
BAS Score on Validation Data (Training Time 0.967248):  0.9407483521014317
Epoch 21: 
BAS Score on Validation Data (Training Time 0.967424):  0.9421281264419447
Epoch 22: 
BAS Score on Validation Data (Training Time 0.975993):  0.9436365946776579
Epoch 23: 
BAS Score on Validation Data (Training Time 0.968985):  0.9450811510203759
Epoch 24: 
BAS Score on Validation Data (Training Time 0.968574):  0.9457598492317917
Epoch 25: 
BAS Score on Validation Data (Training Time 0.969151):  0.9468914230987298
Epoch 26: 
BAS Score on Validation Data (Training Time 0.968390):  0.9450889998561123
Epoch 27: 
BAS Score on Validation Data (Training Time 0.968493):  0.946740256014366
Epoch 28: 
BAS Score on Validation Data (Training Time 0.969075):  0.9485053038854775
Epoch 29: 
BAS Score on Validation Data (Training Time 0.972529):  0.9430668833263208
Epoch 30: 
BAS Score on Validation Data (Training Time 0.968905):  0.9492406701003184
Epoch 31: 
BAS Score on Validation Data (Training Time 0.972193):  0.9490956226586112
Epoch 32: 
BAS Score on Validation Data (Training Time 0.973609):  0.9495009193162427
Epoch 33: 
BAS Score on Validation Data (Training Time 0.972159):  0.9495632512563171
Epoch 34: 
BAS Score on Validation Data (Training Time 0.968402):  0.9492462800682907
Epoch 35: 
BAS Score on Validation Data (Training Time 0.969182):  0.9503891818085272
Epoch 36: 
BAS Score on Validation Data (Training Time 0.968731):  0.9508039818748951
Epoch 37: 
BAS Score on Validation Data (Training Time 0.976319):  0.9501479060928016
Epoch 38: 
BAS Score on Validation Data (Training Time 0.974451):  0.9514506495197338
Epoch 39: 
BAS Score on Validation Data (Training Time 0.972841):  0.950877247936468
Epoch 40: 
BAS Score on Validation Data (Training Time 0.972374):  0.9514826054662313
Epoch 41: 
BAS Score on Validation Data (Training Time 0.973312):  0.9516787315947939
Epoch 42: 
BAS Score on Validation Data (Training Time 0.978734):  0.9507700109208718
Epoch 43: 
BAS Score on Validation Data (Training Time 0.973279):  0.9506132751713409
Epoch 44: 
BAS Score on Validation Data (Training Time 0.969292):  0.9517767097132945
Epoch 45: 
BAS Score on Validation Data (Training Time 0.984510):  0.9519616032400405
Epoch 46: 
BAS Score on Validation Data (Training Time 0.970921):  0.952402749284934
Epoch 47: 
BAS Score on Validation Data (Training Time 0.968999):  0.9514052347695275
Epoch 48: 
BAS Score on Validation Data (Training Time 0.970658):  0.9529723113961123
Epoch 49: 
BAS Score on Validation Data (Training Time 0.973689):  0.9535173106905219
Epoch 50: 
BAS Score on Validation Data (Training Time 0.969504):  0.953553106109107
Epoch 51: 
BAS Score on Validation Data (Training Time 0.970605):  0.9520878677245128
Epoch 52: 
BAS Score on Validation Data (Training Time 0.973434):  0.9538549099517475
Epoch 53: 
BAS Score on Validation Data (Training Time 0.969183):  0.9537660954588606
Epoch 54: 
BAS Score on Validation Data (Training Time 0.968989):  0.9537699555823508
Epoch 55: 
BAS Score on Validation Data (Training Time 0.968020):  0.9534022248391891
Epoch 56: 
BAS Score on Validation Data (Training Time 0.973543):  0.953932015485408
Epoch 57: 
BAS Score on Validation Data (Training Time 0.968876):  0.9538887110142094
Epoch 58: 
BAS Score on Validation Data (Training Time 0.968885):  0.954239408644618
Epoch 59: 
BAS Score on Validation Data (Training Time 0.974107):  0.9529723860161917
Epoch 60: 
BAS Score on Validation Data (Training Time 0.977635):  0.9540697444174654
Epoch 61: 
BAS Score on Validation Data (Training Time 0.973699):  0.9543111154046727
Epoch 62: 
BAS Score on Validation Data (Training Time 0.973150):  0.9534776551484468
Epoch 63: 
BAS Score on Validation Data (Training Time 0.977762):  0.954331797446549
Epoch 64: 
BAS Score on Validation Data (Training Time 0.967619):  0.9536831560969897
Epoch 65: 
BAS Score on Validation Data (Training Time 0.968616):  0.9538452160000469
Epoch 66: 
BAS Score on Validation Data (Training Time 0.969712):  0.9542546919128886
Epoch 67: 
BAS Score on Validation Data (Training Time 0.975254):  0.9547390884603034
Epoch 68: 
BAS Score on Validation Data (Training Time 0.973814):  0.955233274230901
Epoch 69: 
BAS Score on Validation Data (Training Time 0.970029):  0.9547805684669403
Epoch 70: 
BAS Score on Validation Data (Training Time 0.969650):  0.9546278420810582
Epoch 71: 
BAS Score on Validation Data (Training Time 0.975485):  0.9544279511004877
Epoch 72: 
BAS Score on Validation Data (Training Time 0.971156):  0.954922062251006
Epoch 73: 
BAS Score on Validation Data (Training Time 0.972741):  0.9491196344978906
Epoch 74: 
BAS Score on Validation Data (Training Time 0.976187):  0.9534586276795709
Epoch 75: 
BAS Score on Validation Data (Training Time 0.973754):  0.9548352421142422
Epoch 76: 
BAS Score on Validation Data (Training Time 0.974500):  0.9553934350493171
Epoch 77: 
BAS Score on Validation Data (Training Time 0.972046):  0.9555236342773586
Epoch 78: 
BAS Score on Validation Data (Training Time 0.976445):  0.9558329471726127
Epoch 79: 
BAS Score on Validation Data (Training Time 0.974778):  0.9562366638773231
Epoch 80: 
BAS Score on Validation Data (Training Time 0.971152):  0.9529684925754273
Epoch 81: 
BAS Score on Validation Data (Training Time 0.974462):  0.9558365214816568
Epoch 82: 
BAS Score on Validation Data (Training Time 0.969088):  0.9550521662075656
Epoch 83: 
BAS Score on Validation Data (Training Time 0.974940):  0.956187674818073
Epoch 84: 
BAS Score on Validation Data (Training Time 0.969705):  0.9547409335762677
Epoch 85: 
BAS Score on Validation Data (Training Time 0.972360):  0.9568699473385327
Epoch 86: 
BAS Score on Validation Data (Training Time 0.973383):  0.9543203536503659
Epoch 87: 
BAS Score on Validation Data (Training Time 0.970130):  0.9548144648008842
Epoch 88: 
BAS Score on Validation Data (Training Time 0.970890):  0.9550934556712383
Epoch 89: 
BAS Score on Validation Data (Training Time 0.976465):  0.9555668641284778
Epoch 90: 
BAS Score on Validation Data (Training Time 0.975057):  0.9546371755982334
Epoch 91: 
BAS Score on Validation Data (Training Time 0.975545):  0.9555894865578002
Epoch 92: 
BAS Score on Validation Data (Training Time 0.981821):  0.9557270995669732
Epoch 93: 
BAS Score on Validation Data (Training Time 0.975654):  0.9562552562915941
Epoch 94: 
BAS Score on Validation Data (Training Time 0.975451):  0.9564286853707548
Epoch 95: 
BAS Score on Validation Data (Training Time 0.969916):  0.9554556177492325
Epoch 96: 
BAS Score on Validation Data (Training Time 0.976715):  0.9561005148981865
Epoch 97: 
BAS Score on Validation Data (Training Time 0.972762):  0.9553838157176958
Epoch 98: 
BAS Score on Validation Data (Training Time 0.975411):  0.9559081329702294
Epoch 99: 
BAS Score on Validation Data (Training Time 0.975915):  0.9557006376655632
Epoch 100: 
BAS Score on Validation Data (Training Time 0.970384):  0.9574771293328578
Epoch 101: 
BAS Score on Validation Data (Training Time 0.975461):  0.9561758705873645
Epoch 102: 
BAS Score on Validation Data (Training Time 0.972863):  0.9557892822668886
Epoch 103: 
BAS Score on Validation Data (Training Time 0.970683):  0.9563417906139118
Epoch 104: 
BAS Score on Validation Data (Training Time 0.974410):  0.9567076016210295
Epoch 105: 
BAS Score on Validation Data (Training Time 0.974785):  0.9562964711351875
Epoch 106: 
BAS Score on Validation Data (Training Time 0.974708):  0.9575678635617884
Epoch 107: 
BAS Score on Validation Data (Training Time 0.975462):  0.9569414635556234
Epoch 108: 
BAS Score on Validation Data (Training Time 0.974621):  0.9570169145162835
Epoch 109: 
BAS Score on Validation Data (Training Time 0.974334):  0.9563360314057805
Epoch 110: 
BAS Score on Validation Data (Training Time 0.982007):  0.9569489726082369
Epoch 111: 
BAS Score on Validation Data (Training Time 0.974133):  0.9573186230874421
Epoch 112: 
BAS Score on Validation Data (Training Time 0.973041):  0.9563172484485456
Epoch 113: 
BAS Score on Validation Data (Training Time 0.974102):  0.9575618391906137
Epoch 114: 
BAS Score on Validation Data (Training Time 0.974124):  0.9572053617006712
Epoch 115: 
BAS Score on Validation Data (Training Time 0.971531):  0.9578409253324498
Epoch 116: 
BAS Score on Validation Data (Training Time 0.970519):  0.956754575672754
Epoch 117: 
BAS Score on Validation Data (Training Time 0.973840):  0.9558231786008324
Epoch 118: 
BAS Score on Validation Data (Training Time 0.980951):  0.9584895873334117
Epoch 119: 
BAS Score on Validation Data (Training Time 0.974710):  0.9578824053390865
Epoch 120: 
BAS Score on Validation Data (Training Time 0.973618):  0.9577427773223879
Epoch 121: 
BAS Score on Validation Data (Training Time 0.972797):  0.9571563932928234
Epoch 122: 
BAS Score on Validation Data (Training Time 0.973007):  0.9586535876239152
Epoch 123: 
BAS Score on Validation Data (Training Time 0.970678):  0.9585856457158686
Epoch 124: 
BAS Score on Validation Data (Training Time 0.978282):  0.9560833118938724
Epoch 125: 
BAS Score on Validation Data (Training Time 0.978559):  0.9588195076504623
Epoch 126: 
BAS Score on Validation Data (Training Time 0.976834):  0.9591386097688991
Epoch 127: 
BAS Score on Validation Data (Training Time 0.971313):  0.9600622532765661
Epoch 128: 
BAS Score on Validation Data (Training Time 0.988598):  0.9599792932632925
Epoch 129: 
BAS Score on Validation Data (Training Time 0.975499):  0.9559570474094002
Epoch 130: 
BAS Score on Validation Data (Training Time 0.981606):  0.9590778164789403
Epoch 131: 
BAS Score on Validation Data (Training Time 0.974855):  0.9598774756727044
Epoch 132: 
BAS Score on Validation Data (Training Time 0.975539):  0.9582501360822481
Epoch 133: 
BAS Score on Validation Data (Training Time 0.976642):  0.9577369974628541
Epoch 134: 
BAS Score on Validation Data (Training Time 0.975665):  0.9577938560092433
Epoch 135: 
BAS Score on Validation Data (Training Time 0.975352):  0.9587251991124878
Epoch 136: 
BAS Score on Validation Data (Training Time 0.968954):  0.9575767620243586
Epoch 137: 
BAS Score on Validation Data (Training Time 0.978368):  0.9595265874993317
Epoch 138: 
BAS Score on Validation Data (Training Time 0.974146):  0.96019420234909
Epoch 139: 
BAS Score on Validation Data (Training Time 0.975432):  0.9588533833330036
Epoch 140: 
BAS Score on Validation Data (Training Time 0.968501):  0.9596833439002651
Epoch 141: 
BAS Score on Validation Data (Training Time 0.971320):  0.9573352957656693
Epoch 142: 
BAS Score on Validation Data (Training Time 0.979921):  0.9601262604410433
Epoch 143: 
BAS Score on Validation Data (Training Time 0.974229):  0.9589667399912566
Epoch 144: 
BAS Score on Validation Data (Training Time 0.974545):  0.9585761216557294
Epoch 145: 
BAS Score on Validation Data (Training Time 0.970905):  0.9602431914083404
Epoch 146: 
BAS Score on Validation Data (Training Time 0.978553):  0.9601922826130463
Epoch 147: 
BAS Score on Validation Data (Training Time 0.971361):  0.9603016092562476
Epoch 148: 
BAS Score on Validation Data (Training Time 0.973593):  0.9577729088043236
Epoch 149: 
BAS Score on Validation Data (Training Time 0.974494):  0.9595850053472392
High Quality
0.9639422728684414 0.9715608456959708 0.9802570496108908 0.9639422728684414 0.9694875332241402
              precision    recall  f1-score   support

           0       0.99      1.00      0.99     34537
           1       0.98      1.00      0.99      6756
           2       0.97      0.90      0.93      3467

    accuracy                           0.99     44760
   macro avg       0.98      0.96      0.97     44760
weighted avg       0.99      0.99      0.99     44760

Low Quality
0.9215538261130968 0.7734482346918788 0.7279557506848464 0.9215538261130968 0.8542354820415314
              precision    recall  f1-score   support

           0       1.00      0.96      0.98      1960
           1       0.94      1.00      0.97       235
           2       0.24      0.81      0.37        26

    accuracy                           0.96      2221
   macro avg       0.73      0.92      0.77      2221
weighted avg       0.98      0.96      0.97      2221

Emb Dim: 128
Transformer-FNET-128
=====================================================================================================================================================================
Layer (type:depth-idx)                   Input Shape               Output Shape              Kernel Shape              Param #                   Mult-Adds
=====================================================================================================================================================================
TransfomerBlock                          [2, 64, 64]               [2, 3]                    --                        --                        --
├─MakePatches: 1-1                       [2, 64, 64]               [2, 256, 16]              --                        --                        --
│    └─Unfold: 2-1                       [2, 1, 64, 64]            [2, 16, 256]              [4, 4]                    --                        --
├─Linear: 1-2                            [2, 256, 16]              [2, 256, 128]             --                        2,176                     4,352
├─PositionalEncoding: 1-3                [2, 256, 128]             [2, 256, 128]             --                        --                        --
├─FNET: 1-4                              [2, 256, 128]             [2, 256, 128]             --                        --                        --
│    └─LayerNorm: 2-2                    [2, 256, 128]             [2, 256, 128]             --                        256                       512
│    └─Sequential: 2-3                   [2, 256, 128]             [2, 256, 128]             --                        --                        --
│    │    └─Linear: 3-1                  [2, 256, 128]             [2, 256, 128]             --                        16,512                    33,024
│    │    └─ReLU: 3-2                    [2, 256, 128]             [2, 256, 128]             --                        --                        --
│    │    └─Dropout: 3-3                 [2, 256, 128]             [2, 256, 128]             --                        --                        --
│    │    └─Linear: 3-4                  [2, 256, 128]             [2, 256, 128]             --                        16,512                    33,024
│    └─LayerNorm: 2-4                    [2, 256, 128]             [2, 256, 128]             --                        256                       512
├─Sequential: 1-5                        [2, 128]                  [2, 3]                    --                        --                        --
│    └─Linear: 2-5                       [2, 128]                  [2, 64]                   --                        8,256                     16,512
│    └─ReLU: 2-6                         [2, 64]                   [2, 64]                   --                        --                        --
│    └─Linear: 2-7                       [2, 64]                   [2, 32]                   --                        2,080                     4,160
│    └─ReLU: 2-8                         [2, 32]                   [2, 32]                   --                        --                        --
│    └─Linear: 2-9                       [2, 32]                   [2, 3]                    --                        99                        198
=====================================================================================================================================================================
Total params: 46,147
Trainable params: 46,147
Non-trainable params: 0
Total mult-adds (Units.MEGABYTES): 0.09
=====================================================================================================================================================================
Input size (MB): 0.03
Forward/backward pass size (MB): 2.62
Params size (MB): 0.18
Estimated Total Size (MB): 2.84
=====================================================================================================================================================================
Total Trainable Parameters:  46147
Total Parameters:  46147
Epoch 0: 
BAS Score on Validation Data (Training Time 1.108487):  0.5578653422383745
Epoch 1: 
BAS Score on Validation Data (Training Time 1.107365):  0.6496315109450578
Epoch 2: 
BAS Score on Validation Data (Training Time 1.107260):  0.7509981825979284
Epoch 3: 
BAS Score on Validation Data (Training Time 1.107931):  0.8879916050630143
Epoch 4: 
BAS Score on Validation Data (Training Time 1.107188):  0.9081383932249508
Epoch 5: 
BAS Score on Validation Data (Training Time 1.108169):  0.9029017787020669
Epoch 6: 
BAS Score on Validation Data (Training Time 1.107621):  0.9241818206356855
Epoch 7: 
BAS Score on Validation Data (Training Time 1.108510):  0.9239604521241086
Epoch 8: 
BAS Score on Validation Data (Training Time 1.108231):  0.9322554164905067
Epoch 9: 
BAS Score on Validation Data (Training Time 1.107738):  0.9355592672881032
Epoch 10: 
BAS Score on Validation Data (Training Time 1.107754):  0.9346179524042427
Epoch 11: 
BAS Score on Validation Data (Training Time 1.108352):  0.9398900511995217
Epoch 12: 
BAS Score on Validation Data (Training Time 1.107860):  0.9416926983023775
Epoch 13: 
BAS Score on Validation Data (Training Time 1.107531):  0.9425242388225596
Epoch 14: 
BAS Score on Validation Data (Training Time 1.114757):  0.944916980838311
Epoch 15: 
BAS Score on Validation Data (Training Time 1.108344):  0.9439288204914824
Epoch 16: 
BAS Score on Validation Data (Training Time 1.109080):  0.9433745829513795
Epoch 17: 
BAS Score on Validation Data (Training Time 1.114708):  0.9478078227168267
Epoch 18: 
BAS Score on Validation Data (Training Time 1.107937):  0.9487371508125456
Epoch 19: 
BAS Score on Validation Data (Training Time 1.108092):  0.9494254683555825
Epoch 20: 
BAS Score on Validation Data (Training Time 1.110744):  0.9491953506215941
Epoch 21: 
BAS Score on Validation Data (Training Time 1.108649):  0.9501381168696191
Epoch 22: 
BAS Score on Validation Data (Training Time 1.109556):  0.9515246157989551
Epoch 23: 
BAS Score on Validation Data (Training Time 1.108057):  0.9480526187729192
Epoch 24: 
BAS Score on Validation Data (Training Time 1.107993):  0.953268430650701
Epoch 25: 
BAS Score on Validation Data (Training Time 1.108766):  0.9530138866742309
Epoch 26: 
BAS Score on Validation Data (Training Time 1.108878):  0.9484786720925061
Epoch 27: 
BAS Score on Validation Data (Training Time 1.108413):  0.954030354038434
Epoch 28: 
BAS Score on Validation Data (Training Time 1.108556):  0.9501531556262486
Epoch 29: 
BAS Score on Validation Data (Training Time 1.110365):  0.9547315794076899
Epoch 30: 
BAS Score on Validation Data (Training Time 1.108953):  0.9550749585284493
Epoch 31: 
BAS Score on Validation Data (Training Time 1.109699):  0.9553560596778112
Epoch 32: 
BAS Score on Validation Data (Training Time 1.112516):  0.9555801323892225
Epoch 33: 
BAS Score on Validation Data (Training Time 1.109510):  0.9553654884664683
Epoch 34: 
BAS Score on Validation Data (Training Time 1.109008):  0.9550150559991031
Epoch 35: 
BAS Score on Validation Data (Training Time 1.110179):  0.9557460524157696
Epoch 36: 
BAS Score on Validation Data (Training Time 1.108566):  0.9562382231788416
Epoch 37: 
BAS Score on Validation Data (Training Time 1.108810):  0.955576388188617
Epoch 38: 
BAS Score on Validation Data (Training Time 1.116794):  0.9573622133730866
Epoch 39: 
BAS Score on Validation Data (Training Time 1.109678):  0.9565285832252991
Epoch 40: 
BAS Score on Validation Data (Training Time 1.109838):  0.9570792671077605
Epoch 41: 
BAS Score on Validation Data (Training Time 1.115707):  0.9549595868626707
Epoch 42: 
BAS Score on Validation Data (Training Time 1.110874):  0.9555931354869237
Epoch 43: 
BAS Score on Validation Data (Training Time 1.108569):  0.9536018300053137
Epoch 44: 
BAS Score on Validation Data (Training Time 1.112980):  0.9566774701390935
Epoch 45: 
BAS Score on Validation Data (Training Time 1.109771):  0.9508693784493292
Epoch 46: 
BAS Score on Validation Data (Training Time 1.109469):  0.9537225258246188
Epoch 47: 
BAS Score on Validation Data (Training Time 1.108496):  0.9552008625783962
Epoch 48: 
BAS Score on Validation Data (Training Time 1.109538):  0.9575920452926291
Epoch 49: 
BAS Score on Validation Data (Training Time 1.109022):  0.9572733988801998
Epoch 50: 
BAS Score on Validation Data (Training Time 1.109460):  0.9591101328599634
Epoch 51: 
BAS Score on Validation Data (Training Time 1.110021):  0.9563719220958475
Epoch 52: 
BAS Score on Validation Data (Training Time 1.108629):  0.9556402048101301
Epoch 53: 
BAS Score on Validation Data (Training Time 1.108758):  0.9591741400244406
Epoch 54: 
BAS Score on Validation Data (Training Time 1.118710):  0.95755605933108
Epoch 55: 
BAS Score on Validation Data (Training Time 1.110276):  0.9539694861283957
Epoch 56: 
BAS Score on Validation Data (Training Time 1.108650):  0.9581217613187683
Epoch 57: 
BAS Score on Validation Data (Training Time 1.116357):  0.958046310358108
Epoch 58: 
BAS Score on Validation Data (Training Time 1.109668):  0.9589070280048743
Epoch 59: 
BAS Score on Validation Data (Training Time 1.108745):  0.9583556232533622
Epoch 60: 
BAS Score on Validation Data (Training Time 1.113956):  0.958370641358589
Epoch 61: 
BAS Score on Validation Data (Training Time 1.108846):  0.9542279108797583
Epoch 62: 
BAS Score on Validation Data (Training Time 1.108937):  0.9589552961950737
Epoch 63: 
BAS Score on Validation Data (Training Time 1.108942):  0.9582197394372688
Epoch 64: 
BAS Score on Validation Data (Training Time 1.109271):  0.959728398215946
Epoch 65: 
BAS Score on Validation Data (Training Time 1.108308):  0.9558701320011546
Epoch 66: 
BAS Score on Validation Data (Training Time 1.111958):  0.9605769511974783
Epoch 67: 
BAS Score on Validation Data (Training Time 1.109800):  0.9563943539822061
Epoch 68: 
BAS Score on Validation Data (Training Time 1.109009):  0.9593342055713746
Epoch 69: 
BAS Score on Validation Data (Training Time 1.116971):  0.9594265943733055
Epoch 70: 
BAS Score on Validation Data (Training Time 1.109867):  0.9596170565652188
Epoch 71: 
BAS Score on Validation Data (Training Time 1.110527):  0.9587779323723437
Epoch 72: 
BAS Score on Validation Data (Training Time 1.116107):  0.9609521909932534
Epoch 73: 
BAS Score on Validation Data (Training Time 1.109207):  0.9589928414581411
Epoch 74: 
BAS Score on Validation Data (Training Time 1.110466):  0.9589928414581411
Epoch 75: 
BAS Score on Validation Data (Training Time 1.114843):  0.9594020522079393
Epoch 76: 
BAS Score on Validation Data (Training Time 1.110385):  0.9609012821979593
Epoch 77: 
BAS Score on Validation Data (Training Time 1.112814):  0.9603035289922914
Epoch 78: 
BAS Score on Validation Data (Training Time 1.109882):  0.9609502712572097
Epoch 79: 
BAS Score on Validation Data (Training Time 1.110620):  0.9614424420202815
Epoch 80: 
BAS Score on Validation Data (Training Time 1.109827):  0.9600168385263599
Epoch 81: 
BAS Score on Validation Data (Training Time 1.110697):  0.9614029770211704
Epoch 82: 
BAS Score on Validation Data (Training Time 1.110681):  0.9593492236766016
Epoch 83: 
BAS Score on Validation Data (Training Time 1.110223):  0.9618327951927653
Epoch 84: 
BAS Score on Validation Data (Training Time 1.116272):  0.9605090092894318
Epoch 85: 
BAS Score on Validation Data (Training Time 1.112800):  0.9621290097188361
Epoch 86: 
BAS Score on Validation Data (Training Time 1.110233):  0.9615786862709003
Epoch 87: 
BAS Score on Validation Data (Training Time 1.113301):  0.9609375333225518
Epoch 88: 
BAS Score on Validation Data (Training Time 1.114561):  0.9572673538576226
Epoch 89: 
BAS Score on Validation Data (Training Time 1.111692):  0.9596999213070104
Epoch 90: 
BAS Score on Validation Data (Training Time 1.110073):  0.9621894425742693
Epoch 91: 
BAS Score on Validation Data (Training Time 1.114070):  0.9616730900803568
Epoch 92: 
BAS Score on Validation Data (Training Time 1.112616):  0.9605749361899526
Epoch 93: 
BAS Score on Validation Data (Training Time 1.110228):  0.9596735546770826
Epoch 94: 
BAS Score on Validation Data (Training Time 1.110214):  0.9618592570941752
Epoch 95: 
BAS Score on Validation Data (Training Time 1.110140):  0.9579311292352933
Epoch 96: 
BAS Score on Validation Data (Training Time 1.110749):  0.9600053947301769
Epoch 97: 
BAS Score on Validation Data (Training Time 1.110489):  0.9612085800856877
Epoch 98: 
BAS Score on Validation Data (Training Time 1.110235):  0.9623249659558373
Epoch 99: 
BAS Score on Validation Data (Training Time 1.109834):  0.96115575155435
Epoch 100: 
BAS Score on Validation Data (Training Time 1.118567):  0.9610086891051172
Epoch 101: 
BAS Score on Validation Data (Training Time 1.110898):  0.9604204599595884
Epoch 102: 
BAS Score on Validation Data (Training Time 1.118391):  0.9614764129743048
Epoch 103: 
BAS Score on Validation Data (Training Time 1.116306):  0.960016743254878
Epoch 104: 
BAS Score on Validation Data (Training Time 1.110234):  0.9605560786126383
Epoch 105: 
BAS Score on Validation Data (Training Time 1.110770):  0.9612085800856877
Epoch 106: 
BAS Score on Validation Data (Training Time 1.114136):  0.9623249659558373
Epoch 107: 
BAS Score on Validation Data (Training Time 1.110118):  0.9620346059093796
Epoch 108: 
BAS Score on Validation Data (Training Time 1.110178):  0.9605145986060015
Epoch 109: 
BAS Score on Validation Data (Training Time 1.111761):  0.962792689825025
Epoch 110: 
BAS Score on Validation Data (Training Time 1.111259):  0.9616290647401075
Epoch 111: 
BAS Score on Validation Data (Training Time 1.111208):  0.9617782168169452
Epoch 112: 
BAS Score on Validation Data (Training Time 1.111924):  0.9622834859492005
Epoch 113: 
BAS Score on Validation Data (Training Time 1.110627):  0.9613971225415572
Epoch 114: 
BAS Score on Validation Data (Training Time 1.110235):  0.9613556425349205
Epoch 115: 
BAS Score on Validation Data (Training Time 1.117051):  0.9613895182174618
Epoch 116: 
BAS Score on Validation Data (Training Time 1.112459):  0.9613065582041882
Epoch 117: 
BAS Score on Validation Data (Training Time 1.112069):  0.961023707210344
Epoch 118: 
BAS Score on Validation Data (Training Time 1.117158):  0.9628566969895022
Epoch 119: 
BAS Score on Validation Data (Training Time 1.110322):  0.9614914310795317
Epoch 120: 
BAS Score on Validation Data (Training Time 1.110835):  0.9620231621131966
Epoch 121: 
BAS Score on Validation Data (Training Time 1.115776):  0.9530812649389163
Epoch 122: 
BAS Score on Validation Data (Training Time 1.110541):  0.9632150942154886
Epoch 123: 
BAS Score on Validation Data (Training Time 1.110312):  0.962075916024455
Epoch 124: 
BAS Score on Validation Data (Training Time 1.112203):  0.9620137333245395
Epoch 125: 
BAS Score on Validation Data (Training Time 1.111299):  0.962573845995658
Epoch 126: 
BAS Score on Validation Data (Training Time 1.110246):  0.9556346980991705
Epoch 127: 
BAS Score on Validation Data (Training Time 1.111922):  0.9613745001122348
Epoch 128: 
BAS Score on Validation Data (Training Time 1.109998):  0.9617214741934408
Epoch 129: 
BAS Score on Validation Data (Training Time 1.110204):  0.9624229440743378
Epoch 130: 
BAS Score on Validation Data (Training Time 1.112936):  0.9623474931136776
Epoch 131: 
BAS Score on Validation Data (Training Time 1.115704):  0.9619895515936988
Epoch 132: 
BAS Score on Validation Data (Training Time 1.110590):  0.9616460025813781
Epoch 133: 
BAS Score on Validation Data (Training Time 1.111243):  0.9611141762762311
Epoch 134: 
BAS Score on Validation Data (Training Time 1.116256):  0.9606673456432859
Epoch 135: 
BAS Score on Validation Data (Training Time 1.110413):  0.9632564789506434
Epoch 136: 
BAS Score on Validation Data (Training Time 1.110646):  0.9628416788842752
Epoch 137: 
BAS Score on Validation Data (Training Time 1.114207):  0.9606634855197961
Epoch 138: 
BAS Score on Validation Data (Training Time 1.111470):  0.9629396570027758
Epoch 139: 
BAS Score on Validation Data (Training Time 1.112025):  0.9614309982240986
Epoch 140: 
BAS Score on Validation Data (Training Time 1.111085):  0.96329795895728
Epoch 141: 
BAS Score on Validation Data (Training Time 1.109797):  0.9643203014524987
Epoch 142: 
BAS Score on Validation Data (Training Time 1.110493):  0.9616798782639194
Epoch 143: 
BAS Score on Validation Data (Training Time 1.111307):  0.9627622931800456
Epoch 144: 
BAS Score on Validation Data (Training Time 1.110917):  0.9626228350549084
Epoch 145: 
BAS Score on Validation Data (Training Time 1.109910):  0.9619212492511267
Epoch 146: 
BAS Score on Validation Data (Training Time 1.118143):  0.9648556067952075
Epoch 147: 
BAS Score on Validation Data (Training Time 1.113389):  0.9638221809383315
Epoch 148: 
BAS Score on Validation Data (Training Time 1.110511):  0.962034436017818
Epoch 149: 
BAS Score on Validation Data (Training Time 1.116688):  0.9597300527889464
High Quality
0.9688960971452255 0.9769587385087154 0.9859203489347431 0.9688960971452255 0.9741742675259728
              precision    recall  f1-score   support

           0       0.99      1.00      0.99     34537
           1       0.98      1.00      0.99      6756
           2       0.98      0.91      0.94      3467

    accuracy                           0.99     44760
   macro avg       0.99      0.97      0.98     44760
weighted avg       0.99      0.99      0.99     44760

Low Quality
0.8635269492412349 0.7192914536450785 0.6934247588172129 0.8635269492412349 0.7844872828347093
              precision    recall  f1-score   support

           0       1.00      0.94      0.97      1960
           1       0.96      1.00      0.98       235
           2       0.13      0.65      0.22        26

    accuracy                           0.94      2221
   macro avg       0.69      0.86      0.72      2221
weighted avg       0.98      0.94      0.96      2221

Emb Dim: 64
Transformer-MHA-64
=====================================================================================================================================================================
Layer (type:depth-idx)                   Input Shape               Output Shape              Kernel Shape              Param #                   Mult-Adds
=====================================================================================================================================================================
TransfomerBlock                          [2, 64, 64]               [2, 3]                    --                        --                        --
├─MakePatches: 1-1                       [2, 64, 64]               [2, 256, 16]              --                        --                        --
│    └─Unfold: 2-1                       [2, 1, 64, 64]            [2, 16, 256]              [4, 4]                    --                        --
├─Linear: 1-2                            [2, 256, 16]              [2, 256, 64]              --                        1,088                     2,176
├─PositionalEncoding: 1-3                [2, 256, 64]              [2, 256, 64]              --                        --                        --
├─TransformerEncoderLayer: 1-4           [2, 256, 64]              [2, 256, 64]              --                        --                        --
│    └─MultiheadAttention: 2-2           [2, 256, 64]              [2, 256, 64]              --                        16,640                    --
│    └─Dropout: 2-3                      [2, 256, 64]              [2, 256, 64]              --                        --                        --
│    └─LayerNorm: 2-4                    [2, 256, 64]              [2, 256, 64]              --                        128                       256
│    └─Linear: 2-5                       [2, 256, 64]              [2, 256, 2048]            --                        133,120                   266,240
│    └─Dropout: 2-6                      [2, 256, 2048]            [2, 256, 2048]            --                        --                        --
│    └─Linear: 2-7                       [2, 256, 2048]            [2, 256, 64]              --                        131,136                   262,272
│    └─Dropout: 2-8                      [2, 256, 64]              [2, 256, 64]              --                        --                        --
│    └─LayerNorm: 2-9                    [2, 256, 64]              [2, 256, 64]              --                        128                       256
├─Sequential: 1-5                        [2, 64]                   [2, 3]                    --                        --                        --
│    └─Linear: 2-10                      [2, 64]                   [2, 64]                   --                        4,160                     8,320
│    └─ReLU: 2-11                        [2, 64]                   [2, 64]                   --                        --                        --
│    └─Linear: 2-12                      [2, 64]                   [2, 32]                   --                        2,080                     4,160
│    └─ReLU: 2-13                        [2, 32]                   [2, 32]                   --                        --                        --
│    └─Linear: 2-14                      [2, 32]                   [2, 3]                    --                        99                        198
=====================================================================================================================================================================
Total params: 288,579
Trainable params: 288,579
Non-trainable params: 0
Total mult-adds (Units.MEGABYTES): 0.54
=====================================================================================================================================================================
Input size (MB): 0.03
Forward/backward pass size (MB): 9.44
Params size (MB): 1.09
Estimated Total Size (MB): 10.56
=====================================================================================================================================================================
Total Trainable Parameters:  288579
Total Parameters:  288579
Epoch 0: 
BAS Score on Validation Data (Training Time 1.689157):  0.6401116994941772
Epoch 1: 
BAS Score on Validation Data (Training Time 1.686789):  0.7636053178100717
Epoch 2: 
BAS Score on Validation Data (Training Time 1.687382):  0.9136880205010796
Epoch 3: 
BAS Score on Validation Data (Training Time 1.688190):  0.9216525771918027
Epoch 4: 
BAS Score on Validation Data (Training Time 1.687735):  0.9260914888794298
Epoch 5: 
BAS Score on Validation Data (Training Time 1.687974):  0.9397070234401425
Epoch 6: 
BAS Score on Validation Data (Training Time 1.688784):  0.9344239445402184
Epoch 7: 
BAS Score on Validation Data (Training Time 1.689086):  0.9444850730391109
Epoch 8: 
BAS Score on Validation Data (Training Time 1.690016):  0.9436122097379812
Epoch 9: 
BAS Score on Validation Data (Training Time 1.690200):  0.9319711174376876
Epoch 10: 
BAS Score on Validation Data (Training Time 1.688080):  0.9363718502791478
Epoch 11: 
BAS Score on Validation Data (Training Time 1.687877):  0.9264427454728588
Epoch 12: 
BAS Score on Validation Data (Training Time 1.688604):  0.9430465284016956
Epoch 13: 
BAS Score on Validation Data (Training Time 1.689917):  0.9199756785778614
Epoch 14: 
BAS Score on Validation Data (Training Time 1.687839):  0.9495366194633458
Epoch 15: 
BAS Score on Validation Data (Training Time 1.689489):  0.9535571567755609
Epoch 16: 
BAS Score on Validation Data (Training Time 1.688208):  0.927270194023782
Epoch 17: 
BAS Score on Validation Data (Training Time 1.689009):  0.9383820339894746
Epoch 18: 
BAS Score on Validation Data (Training Time 1.689547):  0.938040669876241
Epoch 19: 
BAS Score on Validation Data (Training Time 1.695496):  0.9463428781322092
Epoch 20: 
BAS Score on Validation Data (Training Time 1.689524):  0.9172438606049765
Epoch 21: 
BAS Score on Validation Data (Training Time 1.695456):  0.95468858140234
Epoch 22: 
BAS Score on Validation Data (Training Time 1.688793):  0.943128106990543
Epoch 23: 
BAS Score on Validation Data (Training Time 1.694198):  0.9442381953409438
Epoch 24: 
BAS Score on Validation Data (Training Time 1.689178):  0.9232023572072489
Epoch 25: 
BAS Score on Validation Data (Training Time 1.688937):  0.9432266027692586
Epoch 26: 
BAS Score on Validation Data (Training Time 1.689140):  0.9336759642991349
Epoch 27: 
BAS Score on Validation Data (Training Time 1.689918):  0.9407584510956523
Epoch 28: 
BAS Score on Validation Data (Training Time 1.688750):  0.9450584619565047
Epoch 29: 
BAS Score on Validation Data (Training Time 1.697636):  0.9457830925783416
Epoch 30: 
BAS Score on Validation Data (Training Time 1.689960):  0.9304115705151189
Epoch 31: 
BAS Score on Validation Data (Training Time 1.696878):  0.9307361127099663
Epoch 32: 
BAS Score on Validation Data (Training Time 1.689123):  0.9508780180938547
Epoch 33: 
BAS Score on Validation Data (Training Time 1.693494):  0.9495804082774849
Epoch 34: 
BAS Score on Validation Data (Training Time 1.690244):  0.9539963497671362
Epoch 35: 
BAS Score on Validation Data (Training Time 1.690363):  0.9442614720047683
Epoch 36: 
BAS Score on Validation Data (Training Time 1.690040):  0.9451968244716619
Epoch 37: 
BAS Score on Validation Data (Training Time 1.689959):  0.9557291558773041
Epoch 38: 
BAS Score on Validation Data (Training Time 1.690583):  0.9422326419114936
Epoch 39: 
BAS Score on Validation Data (Training Time 1.691732):  0.9587483725192997
Epoch 40: 
BAS Score on Validation Data (Training Time 1.695680):  0.9496954401601405
Epoch 41: 
BAS Score on Validation Data (Training Time 1.690558):  0.9488282407956604
Epoch 42: 
BAS Score on Validation Data (Training Time 1.698183):  0.9570079081163593
Epoch 43: 
BAS Score on Validation Data (Training Time 1.690019):  0.9349266620179876
Epoch 44: 
BAS Score on Validation Data (Training Time 1.694116):  0.9535608343416175
Epoch 45: 
BAS Score on Validation Data (Training Time 1.691885):  0.9578280588090357
Epoch 46: 
BAS Score on Validation Data (Training Time 1.697134):  0.9372617959813657
Epoch 47: 
BAS Score on Validation Data (Training Time 1.688178):  0.956307840311291
Epoch 48: 
BAS Score on Validation Data (Training Time 1.690679):  0.955184367777261
Epoch 49: 
BAS Score on Validation Data (Training Time 1.691147):  0.9376128953491051
Epoch 50: 
BAS Score on Validation Data (Training Time 1.697782):  0.9564797720431409
Epoch 51: 
BAS Score on Validation Data (Training Time 1.691220):  0.9586519743537201
Epoch 52: 
BAS Score on Validation Data (Training Time 1.696844):  0.9477907849237329
Epoch 53: 
BAS Score on Validation Data (Training Time 1.690795):  0.9605471468327935
Epoch 54: 
BAS Score on Validation Data (Training Time 1.694861):  0.9526917152410935
Epoch 55: 
BAS Score on Validation Data (Training Time 1.689704):  0.9571685865949905
Epoch 56: 
BAS Score on Validation Data (Training Time 1.689832):  0.9531311733957123
Epoch 57: 
BAS Score on Validation Data (Training Time 1.689280):  0.957036235785136
Epoch 58: 
BAS Score on Validation Data (Training Time 1.691625):  0.9542548364727063
Epoch 59: 
BAS Score on Validation Data (Training Time 1.688697):  0.9474857545407019
Epoch 60: 
BAS Score on Validation Data (Training Time 1.695682):  0.9587256421526233
Epoch 61: 
BAS Score on Validation Data (Training Time 1.690026):  0.9574171808203652
Epoch 62: 
BAS Score on Validation Data (Training Time 1.696277):  0.9569489726082369
Epoch 63: 
BAS Score on Validation Data (Training Time 1.690368):  0.9538362175856533
Epoch 64: 
BAS Score on Validation Data (Training Time 1.693606):  0.955097460354546
Epoch 65: 
BAS Score on Validation Data (Training Time 1.689868):  0.9567252143482049
Epoch 66: 
BAS Score on Validation Data (Training Time 1.690765):  0.956400788076242
Epoch 67: 
BAS Score on Validation Data (Training Time 1.689941):  0.962636335161422
Epoch 68: 
BAS Score on Validation Data (Training Time 1.689821):  0.95388927796276
Epoch 69: 
BAS Score on Validation Data (Training Time 1.690410):  0.9640016550400694
Epoch 70: 
BAS Score on Validation Data (Training Time 1.689895):  0.9541548639980825
Epoch 71: 
BAS Score on Validation Data (Training Time 1.696058):  0.9617182270016477
Epoch 72: 
BAS Score on Validation Data (Training Time 1.688994):  0.9583013180261162
Epoch 73: 
BAS Score on Validation Data (Training Time 1.696446):  0.9626497733137281
Epoch 74: 
BAS Score on Validation Data (Training Time 1.690334):  0.9583540925887769
Epoch 75: 
BAS Score on Validation Data (Training Time 1.693810):  0.9366907778256818
Epoch 76: 
BAS Score on Validation Data (Training Time 1.697988):  0.96353935059589
Epoch 77: 
BAS Score on Validation Data (Training Time 1.689640):  0.9442088213505228
Epoch 78: 
BAS Score on Validation Data (Training Time 1.689830):  0.9592482508634798
Epoch 79: 
BAS Score on Validation Data (Training Time 1.689821):  0.9602757063178581
Epoch 80: 
BAS Score on Validation Data (Training Time 1.689474):  0.9595308160428778
Epoch 81: 
BAS Score on Validation Data (Training Time 1.694999):  0.9623895654006089
Epoch 82: 
BAS Score on Validation Data (Training Time 1.693859):  0.9598364800090083
Epoch 83: 
BAS Score on Validation Data (Training Time 1.725182):  0.9627663851493047
Epoch 84: 
BAS Score on Validation Data (Training Time 1.691407):  0.9523108321600718
Epoch 85: 
BAS Score on Validation Data (Training Time 1.694857):  0.9596664140445251
Epoch 86: 
BAS Score on Validation Data (Training Time 1.690850):  0.9617613822326874
Epoch 87: 
BAS Score on Validation Data (Training Time 1.693307):  0.9561343985662584
Epoch 88: 
BAS Score on Validation Data (Training Time 1.690900):  0.960428378735063
Epoch 89: 
BAS Score on Validation Data (Training Time 1.692168):  0.9634054071672429
Epoch 90: 
BAS Score on Validation Data (Training Time 1.691396):  0.9610541864609333
Epoch 91: 
BAS Score on Validation Data (Training Time 1.697427):  0.9633925199924261
Epoch 92: 
BAS Score on Validation Data (Training Time 1.693326):  0.9644468517514166
Epoch 93: 
BAS Score on Validation Data (Training Time 1.697032):  0.9547167678164884
Epoch 94: 
BAS Score on Validation Data (Training Time 1.692207):  0.9617710015643085
Epoch 95: 
BAS Score on Validation Data (Training Time 1.695046):  0.9621011870444027
Epoch 96: 
BAS Score on Validation Data (Training Time 1.692004):  0.963015625623651
Epoch 97: 
BAS Score on Validation Data (Training Time 1.690672):  0.963269829816998
Epoch 98: 
BAS Score on Validation Data (Training Time 1.691720):  0.9569436024715644
Epoch 99: 
BAS Score on Validation Data (Training Time 1.691360):  0.9630774272376385
Epoch 100: 
BAS Score on Validation Data (Training Time 1.691481):  0.9598812072074381
Epoch 101: 
BAS Score on Validation Data (Training Time 1.691448):  0.9592649441931095
Epoch 102: 
BAS Score on Validation Data (Training Time 1.695774):  0.95949672916597
Epoch 103: 
BAS Score on Validation Data (Training Time 1.693228):  0.962534463602157
Epoch 104: 
BAS Score on Validation Data (Training Time 1.697316):  0.9572193128328511
Epoch 105: 
BAS Score on Validation Data (Training Time 1.693314):  0.9651234809866299
Epoch 106: 
BAS Score on Validation Data (Training Time 1.696383):  0.9640374504586545
Epoch 107: 
BAS Score on Validation Data (Training Time 1.691047):  0.9584202513350669
Epoch 108: 
BAS Score on Validation Data (Training Time 1.694500):  0.9602472500603249
Epoch 109: 
BAS Score on Validation Data (Training Time 1.692334):  0.9645029148086756
Epoch 110: 
BAS Score on Validation Data (Training Time 1.691639):  0.9639283763126246
Epoch 111: 
BAS Score on Validation Data (Training Time 1.692066):  0.9653912186037651
Epoch 112: 
BAS Score on Validation Data (Training Time 1.697135):  0.9650274972242525
Epoch 113: 
BAS Score on Validation Data (Training Time 1.694156):  0.9646918383504731
Epoch 114: 
BAS Score on Validation Data (Training Time 1.696979):  0.9603488564565463
Epoch 115: 
BAS Score on Validation Data (Training Time 1.688551):  0.963430044604091
Epoch 116: 
BAS Score on Validation Data (Training Time 1.693810):  0.9587952592850728
Epoch 117: 
BAS Score on Validation Data (Training Time 1.690300):  0.9593701788670518
Epoch 118: 
BAS Score on Validation Data (Training Time 1.690233):  0.964842379837268
Epoch 119: 
BAS Score on Validation Data (Training Time 1.689756):  0.9651066177654387
Epoch 120: 
BAS Score on Validation Data (Training Time 1.690483):  0.9586875775888091
Epoch 121: 
BAS Score on Validation Data (Training Time 1.691495):  0.9657382260022453
Epoch 122: 
BAS Score on Validation Data (Training Time 1.694672):  0.9610881780663593
Epoch 123: 
BAS Score on Validation Data (Training Time 1.690213):  0.9629890144820822
Epoch 124: 
BAS Score on Validation Data (Training Time 1.695585):  0.9600343020133763
Epoch 125: 
BAS Score on Validation Data (Training Time 1.691375):  0.9659624892566206
Epoch 126: 
BAS Score on Validation Data (Training Time 1.691784):  0.9647311667752971
Epoch 127: 
BAS Score on Validation Data (Training Time 1.692394):  0.9615970754763353
Epoch 128: 
BAS Score on Validation Data (Training Time 1.689320):  0.9634583722728677
Epoch 129: 
BAS Score on Validation Data (Training Time 1.691580):  0.9654177344738518
Epoch 130: 
BAS Score on Validation Data (Training Time 1.689477):  0.9634828937868313
Epoch 131: 
BAS Score on Validation Data (Training Time 1.690415):  0.955181393734042
Epoch 132: 
BAS Score on Validation Data (Training Time 1.689691):  0.9642675348753684
Epoch 133: 
BAS Score on Validation Data (Training Time 1.696293):  0.9639620821036043
Epoch 134: 
BAS Score on Validation Data (Training Time 1.690472):  0.9406693174710451
Epoch 135: 
BAS Score on Validation Data (Training Time 1.697442):  0.9556090063551473
Epoch 136: 
BAS Score on Validation Data (Training Time 1.690702):  0.9633494267155941
Epoch 137: 
BAS Score on Validation Data (Training Time 1.697132):  0.9628304129651845
Epoch 138: 
BAS Score on Validation Data (Training Time 1.690828):  0.9650291517972528
Epoch 139: 
BAS Score on Validation Data (Training Time 1.691787):  0.9564865872231048
Epoch 140: 
BAS Score on Validation Data (Training Time 1.692170):  0.9636732607072626
Epoch 141: 
BAS Score on Validation Data (Training Time 1.691325):  0.9631059374638484
Epoch 142: 
BAS Score on Validation Data (Training Time 1.691114):  0.9653233513157978
Epoch 143: 
BAS Score on Validation Data (Training Time 1.697071):  0.9653760845756535
Epoch 144: 
BAS Score on Validation Data (Training Time 1.690628):  0.964041223296193
Epoch 145: 
BAS Score on Validation Data (Training Time 1.699272):  0.9626625525511909
Epoch 146: 
BAS Score on Validation Data (Training Time 1.691716):  0.9652630343832492
Epoch 147: 
BAS Score on Validation Data (Training Time 1.695513):  0.9661512016040517
Epoch 148: 
BAS Score on Validation Data (Training Time 1.689950):  0.9640881560451126
Epoch 149: 
BAS Score on Validation Data (Training Time 1.690489):  0.941517754529693
High Quality
0.904378801043983 0.881076907820641 0.8789987527640727 0.904378801043983 0.8868792463769253
              precision    recall  f1-score   support

           0       0.99      0.99      0.99     34537
           1       0.98      0.80      0.88      6756
           2       0.66      0.93      0.77      3467

    accuracy                           0.96     44760
   macro avg       0.88      0.90      0.88     44760
weighted avg       0.97      0.96      0.96     44760

Low Quality
0.8908625315920148 0.6964743409157458 0.694323245553426 0.8908625315920148 0.7345616025503564
              precision    recall  f1-score   support

           0       1.00      0.93      0.96      1960
           1       0.96      0.86      0.90       235
           2       0.13      0.88      0.22        26

    accuracy                           0.92      2221
   macro avg       0.69      0.89      0.70      2221
weighted avg       0.98      0.92      0.95      2221

Emb Dim: 128
Transformer-MHA-128
=====================================================================================================================================================================
Layer (type:depth-idx)                   Input Shape               Output Shape              Kernel Shape              Param #                   Mult-Adds
=====================================================================================================================================================================
TransfomerBlock                          [2, 64, 64]               [2, 3]                    --                        --                        --
├─MakePatches: 1-1                       [2, 64, 64]               [2, 256, 16]              --                        --                        --
│    └─Unfold: 2-1                       [2, 1, 64, 64]            [2, 16, 256]              [4, 4]                    --                        --
├─Linear: 1-2                            [2, 256, 16]              [2, 256, 128]             --                        2,176                     4,352
├─PositionalEncoding: 1-3                [2, 256, 128]             [2, 256, 128]             --                        --                        --
├─TransformerEncoderLayer: 1-4           [2, 256, 128]             [2, 256, 128]             --                        --                        --
│    └─MultiheadAttention: 2-2           [2, 256, 128]             [2, 256, 128]             --                        66,048                    --
│    └─Dropout: 2-3                      [2, 256, 128]             [2, 256, 128]             --                        --                        --
│    └─LayerNorm: 2-4                    [2, 256, 128]             [2, 256, 128]             --                        256                       512
│    └─Linear: 2-5                       [2, 256, 128]             [2, 256, 2048]            --                        264,192                   528,384
│    └─Dropout: 2-6                      [2, 256, 2048]            [2, 256, 2048]            --                        --                        --
│    └─Linear: 2-7                       [2, 256, 2048]            [2, 256, 128]             --                        262,272                   524,544
│    └─Dropout: 2-8                      [2, 256, 128]             [2, 256, 128]             --                        --                        --
│    └─LayerNorm: 2-9                    [2, 256, 128]             [2, 256, 128]             --                        256                       512
├─Sequential: 1-5                        [2, 128]                  [2, 3]                    --                        --                        --
│    └─Linear: 2-10                      [2, 128]                  [2, 64]                   --                        8,256                     16,512
│    └─ReLU: 2-11                        [2, 64]                   [2, 64]                   --                        --                        --
│    └─Linear: 2-12                      [2, 64]                   [2, 32]                   --                        2,080                     4,160
│    └─ReLU: 2-13                        [2, 32]                   [2, 32]                   --                        --                        --
│    └─Linear: 2-14                      [2, 32]                   [2, 3]                    --                        99                        198
=====================================================================================================================================================================
Total params: 605,635
Trainable params: 605,635
Non-trainable params: 0
Total mult-adds (Units.MEGABYTES): 1.08
=====================================================================================================================================================================
Input size (MB): 0.03
Forward/backward pass size (MB): 10.49
Params size (MB): 2.16
Estimated Total Size (MB): 12.68
=====================================================================================================================================================================
Total Trainable Parameters:  605635
Total Parameters:  605635
Epoch 0: 
BAS Score on Validation Data (Training Time 1.924135):  0.656598319609948
Epoch 1: 
BAS Score on Validation Data (Training Time 1.921929):  0.7663793669602349
Epoch 2: 
BAS Score on Validation Data (Training Time 1.926173):  0.8791253876794792
Epoch 3: 
BAS Score on Validation Data (Training Time 1.919982):  0.9350498808548453
Epoch 4: 
BAS Score on Validation Data (Training Time 1.928387):  0.8809331287547497
Epoch 5: 
BAS Score on Validation Data (Training Time 1.920884):  0.939494394524914
Epoch 6: 
BAS Score on Validation Data (Training Time 1.921263):  0.9264279718792728
Epoch 7: 
BAS Score on Validation Data (Training Time 1.920305):  0.9275910459867008
Epoch 8: 
BAS Score on Validation Data (Training Time 1.920979):  0.9255453939750401
Epoch 9: 
BAS Score on Validation Data (Training Time 1.926121):  0.9008226623953833
Epoch 10: 
BAS Score on Validation Data (Training Time 1.919981):  0.9287528879098619
Epoch 11: 
BAS Score on Validation Data (Training Time 1.920241):  0.9440764752210097
Epoch 12: 
BAS Score on Validation Data (Training Time 1.919830):  0.9383219822199695
Epoch 13: 
BAS Score on Validation Data (Training Time 1.923824):  0.9314755089398586
Epoch 14: 
BAS Score on Validation Data (Training Time 1.920230):  0.9379543673996924
Epoch 15: 
BAS Score on Validation Data (Training Time 1.920854):  0.9495978891107143
Epoch 16: 
BAS Score on Validation Data (Training Time 1.922469):  0.8843141883430192
Epoch 17: 
BAS Score on Validation Data (Training Time 1.920761):  0.9371429372924944
Epoch 18: 
BAS Score on Validation Data (Training Time 1.921439):  0.9462207802370757
Epoch 19: 
BAS Score on Validation Data (Training Time 1.921011):  0.9454229455078732
Epoch 20: 
BAS Score on Validation Data (Training Time 1.922057):  0.9515550204294652
Epoch 21: 
BAS Score on Validation Data (Training Time 1.920708):  0.9516530731680451
Epoch 22: 
BAS Score on Validation Data (Training Time 1.928190):  0.9508436247510983
Epoch 23: 
BAS Score on Validation Data (Training Time 1.923192):  0.9514776703841638
Epoch 24: 
BAS Score on Validation Data (Training Time 1.926614):  0.9489021324548021
Epoch 25: 
BAS Score on Validation Data (Training Time 1.925057):  0.9533975136173599
Epoch 26: 
BAS Score on Validation Data (Training Time 1.922288):  0.9520679478544926
Epoch 27: 
BAS Score on Validation Data (Training Time 1.921202):  0.9519712845258694
Epoch 28: 
BAS Score on Validation Data (Training Time 1.922172):  0.9369762694246205
Epoch 29: 
BAS Score on Validation Data (Training Time 1.922360):  0.952298011619804
Epoch 30: 
BAS Score on Validation Data (Training Time 1.922954):  0.9542568847975064
Epoch 31: 
BAS Score on Validation Data (Training Time 1.927636):  0.9485422711987797
Epoch 32: 
BAS Score on Validation Data (Training Time 1.921813):  0.9539136962197111
Epoch 33: 
BAS Score on Validation Data (Training Time 1.927211):  0.9538762462281256
Epoch 34: 
BAS Score on Validation Data (Training Time 1.925232):  0.9480014718109829
Epoch 35: 
BAS Score on Validation Data (Training Time 1.921561):  0.954505777503199
Epoch 36: 
BAS Score on Validation Data (Training Time 1.922090):  0.9511101508353687
Epoch 37: 
BAS Score on Validation Data (Training Time 1.923172):  0.9542777573823464
Epoch 38: 
BAS Score on Validation Data (Training Time 1.922593):  0.9526038248260935
Epoch 39: 
BAS Score on Validation Data (Training Time 1.921563):  0.9510842192600458
Epoch 40: 
BAS Score on Validation Data (Training Time 1.927980):  0.9546683550664713
Epoch 41: 
BAS Score on Validation Data (Training Time 1.929768):  0.9549774027986819
Epoch 42: 
BAS Score on Validation Data (Training Time 1.927754):  0.9518379333775169
Epoch 43: 
BAS Score on Validation Data (Training Time 1.927216):  0.9556036662305597
Epoch 44: 
BAS Score on Validation Data (Training Time 1.923443):  0.9475082307696746
Epoch 45: 
BAS Score on Validation Data (Training Time 1.922448):  0.9529839330693872
Epoch 46: 
BAS Score on Validation Data (Training Time 1.921722):  0.9455323134538798
Epoch 47: 
BAS Score on Validation Data (Training Time 1.922460):  0.9561329885048991
Epoch 48: 
BAS Score on Validation Data (Training Time 1.921639):  0.9523014160372866
Epoch 49: 
BAS Score on Validation Data (Training Time 1.928272):  0.9526660694802165
Epoch 50: 
BAS Score on Validation Data (Training Time 1.925752):  0.955103803857441
Epoch 51: 
BAS Score on Validation Data (Training Time 1.925524):  0.9570780349234932
Epoch 52: 
BAS Score on Validation Data (Training Time 1.926026):  0.9579001260036158
Epoch 53: 
BAS Score on Validation Data (Training Time 1.922241):  0.953101746811766
Epoch 54: 
BAS Score on Validation Data (Training Time 1.922052):  0.9560320949921978
Epoch 55: 
BAS Score on Validation Data (Training Time 1.922042):  0.9573006642562708
Epoch 56: 
BAS Score on Validation Data (Training Time 1.923676):  0.9582378205363233
Epoch 57: 
BAS Score on Validation Data (Training Time 1.922031):  0.9565311571958449
Epoch 58: 
BAS Score on Validation Data (Training Time 1.929254):  0.9330149947377789
Epoch 59: 
BAS Score on Validation Data (Training Time 1.926608):  0.9549343714760573
Epoch 60: 
BAS Score on Validation Data (Training Time 1.924468):  0.9550439632823023
Epoch 61: 
BAS Score on Validation Data (Training Time 1.926401):  0.9581430023236646
Epoch 62: 
BAS Score on Validation Data (Training Time 1.922498):  0.9559765592212166
Epoch 63: 
BAS Score on Validation Data (Training Time 1.922732):  0.9598761482169552
Epoch 64: 
BAS Score on Validation Data (Training Time 1.922440):  0.9546265226108397
Epoch 65: 
BAS Score on Validation Data (Training Time 1.923865):  0.9553110959532711
Epoch 66: 
BAS Score on Validation Data (Training Time 1.925051):  0.9383568596402863
Epoch 67: 
BAS Score on Validation Data (Training Time 1.928390):  0.9553965599973523
Epoch 68: 
BAS Score on Validation Data (Training Time 1.927279):  0.9543501723455803
Epoch 69: 
BAS Score on Validation Data (Training Time 1.923433):  0.9422463815839269
Epoch 70: 
BAS Score on Validation Data (Training Time 1.927926):  0.9455037569791432
Epoch 71: 
BAS Score on Validation Data (Training Time 1.922515):  0.9563812413066191
Epoch 72: 
BAS Score on Validation Data (Training Time 1.923947):  0.9575388546862338
Epoch 73: 
BAS Score on Validation Data (Training Time 1.922314):  0.9498617856152302
Epoch 74: 
BAS Score on Validation Data (Training Time 1.923231):  0.9583886558230947
Epoch 75: 
BAS Score on Validation Data (Training Time 1.922158):  0.9611702916616349
Epoch 76: 
BAS Score on Validation Data (Training Time 1.927422):  0.9575767683693573
Epoch 77: 
BAS Score on Validation Data (Training Time 1.927718):  0.953717344590378
Epoch 78: 
BAS Score on Validation Data (Training Time 1.924007):  0.9600742353843666
Epoch 79: 
BAS Score on Validation Data (Training Time 1.927904):  0.9561397670623991
Epoch 80: 
BAS Score on Validation Data (Training Time 1.923212):  0.9625555600472356
Epoch 81: 
BAS Score on Validation Data (Training Time 1.922702):  0.9475838023335604
Epoch 82: 
BAS Score on Validation Data (Training Time 1.922495):  0.9623463148980873
Epoch 83: 
BAS Score on Validation Data (Training Time 1.922770):  0.9581854477109931
Epoch 84: 
BAS Score on Validation Data (Training Time 1.922631):  0.9306588020615578
Epoch 85: 
BAS Score on Validation Data (Training Time 1.927188):  0.9541024578554778
Epoch 86: 
BAS Score on Validation Data (Training Time 1.930971):  0.9501985067817152
Epoch 87: 
BAS Score on Validation Data (Training Time 1.923709):  0.9609621374421256
Epoch 88: 
BAS Score on Validation Data (Training Time 1.928826):  0.9598857055943689
Epoch 89: 
BAS Score on Validation Data (Training Time 1.922896):  0.957774520433987
Epoch 90: 
BAS Score on Validation Data (Training Time 1.923144):  0.9632811370388938
Epoch 91: 
BAS Score on Validation Data (Training Time 1.921921):  0.9331244830216311
Epoch 92: 
BAS Score on Validation Data (Training Time 1.922746):  0.9555850404990144
Epoch 93: 
BAS Score on Validation Data (Training Time 1.928287):  0.9189628629172112
Epoch 94: 
BAS Score on Validation Data (Training Time 1.926841):  0.9599729607857374
Epoch 95: 
BAS Score on Validation Data (Training Time 1.928949):  0.9477820387411308
Epoch 96: 
BAS Score on Validation Data (Training Time 1.923128):  0.9577617381567148
Epoch 97: 
BAS Score on Validation Data (Training Time 1.926516):  0.9600757407172079
Epoch 98: 
BAS Score on Validation Data (Training Time 1.923731):  0.9615922816488961
Epoch 99: 
BAS Score on Validation Data (Training Time 1.923094):  0.9580125585839818
Epoch 100: 
BAS Score on Validation Data (Training Time 1.922891):  0.962976446438986
Epoch 101: 
BAS Score on Validation Data (Training Time 1.923652):  0.9583722896107162
Epoch 102: 
BAS Score on Validation Data (Training Time 1.927279):  0.9464436571213032
Epoch 103: 
BAS Score on Validation Data (Training Time 1.926053):  0.9282474263287307
Epoch 104: 
BAS Score on Validation Data (Training Time 1.929363):  0.9588187391577332
Epoch 105: 
BAS Score on Validation Data (Training Time 1.923071):  0.961788809514789
Epoch 106: 
BAS Score on Validation Data (Training Time 1.927491):  0.944301652927209
Epoch 107: 
BAS Score on Validation Data (Training Time 1.923209):  0.9590777608697314
Epoch 108: 
BAS Score on Validation Data (Training Time 1.924410):  0.9599174250147562
Epoch 109: 
BAS Score on Validation Data (Training Time 1.923393):  0.9635380024887382
Epoch 110: 
BAS Score on Validation Data (Training Time 1.924901):  0.9596321762869264
Epoch 111: 
BAS Score on Validation Data (Training Time 1.927483):  0.9620590734546663
Epoch 112: 
BAS Score on Validation Data (Training Time 1.925310):  0.9628063804745027
Epoch 113: 
BAS Score on Validation Data (Training Time 1.929704):  0.9512653226030402
Epoch 114: 
BAS Score on Validation Data (Training Time 1.924036):  0.9555353622474557
Epoch 115: 
BAS Score on Validation Data (Training Time 1.927678):  0.9589887971366857
Epoch 116: 
BAS Score on Validation Data (Training Time 1.924384):  0.9636836009079346
Epoch 117: 
BAS Score on Validation Data (Training Time 1.923277):  0.9513853052734448
Epoch 118: 
BAS Score on Validation Data (Training Time 1.923097):  0.9616003210275963
Epoch 119: 
BAS Score on Validation Data (Training Time 1.923335):  0.9612439388091358
Epoch 120: 
BAS Score on Validation Data (Training Time 1.927615):  0.9621954622651027
Epoch 121: 
BAS Score on Validation Data (Training Time 1.924805):  0.9315015751835566
Epoch 122: 
BAS Score on Validation Data (Training Time 1.929294):  0.9382495480046105
Epoch 123: 
BAS Score on Validation Data (Training Time 1.924349):  0.9612652354232409
Epoch 124: 
BAS Score on Validation Data (Training Time 1.927272):  0.9613098657096567
Epoch 125: 
BAS Score on Validation Data (Training Time 1.924124):  0.9577127061541275
Epoch 126: 
BAS Score on Validation Data (Training Time 1.931800):  0.9578932218971686
Epoch 127: 
BAS Score on Validation Data (Training Time 1.922362):  0.9602002760086004
Epoch 128: 
BAS Score on Validation Data (Training Time 1.924873):  0.964367751861633
Epoch 129: 
BAS Score on Validation Data (Training Time 1.927932):  0.957497851037007
Epoch 130: 
BAS Score on Validation Data (Training Time 1.924445):  0.9639816398985671
Epoch 131: 
BAS Score on Validation Data (Training Time 1.929760):  0.9517323952775351
Epoch 132: 
BAS Score on Validation Data (Training Time 1.922927):  0.9591247142700535
Epoch 133: 
BAS Score on Validation Data (Training Time 1.926956):  0.9562949308445399
Epoch 134: 
BAS Score on Validation Data (Training Time 1.923136):  0.955027697021747
Epoch 135: 
BAS Score on Validation Data (Training Time 1.923339):  0.9617115340895671
Epoch 136: 
BAS Score on Validation Data (Training Time 1.923352):  0.9627801710702643
Epoch 137: 
BAS Score on Validation Data (Training Time 1.924128):  0.9389698008427425
Epoch 138: 
BAS Score on Validation Data (Training Time 1.928305):  0.9616286486963729
Epoch 139: 
BAS Score on Validation Data (Training Time 1.923375):  0.964609334043207
Epoch 140: 
BAS Score on Validation Data (Training Time 1.929567):  0.9635093556882411
Epoch 141: 
BAS Score on Validation Data (Training Time 1.922690):  0.9623447762479715
Epoch 142: 
BAS Score on Validation Data (Training Time 1.927456):  0.95676983664909
Epoch 143: 
BAS Score on Validation Data (Training Time 1.924137):  0.9612761599186769
Epoch 144: 
BAS Score on Validation Data (Training Time 1.924241):  0.9452435713579587
Epoch 145: 
BAS Score on Validation Data (Training Time 1.923836):  0.9557990491981369
Epoch 146: 
BAS Score on Validation Data (Training Time 1.922816):  0.9603164638149119
Epoch 147: 
BAS Score on Validation Data (Training Time 1.928843):  0.9626458052528842
Epoch 148: 
BAS Score on Validation Data (Training Time 1.924149):  0.9535492649964875
Epoch 149: 
BAS Score on Validation Data (Training Time 1.929286):  0.9476617446591563
High Quality
0.8503630614922207 0.7125213471030724 0.7393583209996789 0.8503630614922207 0.6157995105921152
              precision    recall  f1-score   support

           0       1.00      0.72      0.83     34537
           1       0.98      0.86      0.92      6756
           2       0.24      0.97      0.39      3467

    accuracy                           0.76     44760
   macro avg       0.74      0.85      0.71     44760
weighted avg       0.94      0.76      0.81     44760

Low Quality
0.8092549294676954 0.5912072170089306 0.6606598539120663 0.8092549294676954 0.46187940748259815
              precision    recall  f1-score   support

           0       1.00      0.61      0.76      1960
           1       0.95      0.97      0.96       235
           2       0.03      0.85      0.05        26

    accuracy                           0.65      2221
   macro avg       0.66      0.81      0.59      2221
weighted avg       0.98      0.65      0.77      2221


High Quality Post 2020
                          mean       std       sem  count
Model                                                    
Transformer-FNET-128  0.974545  0.005272  0.003044      3
Transformer-FNET-64   0.974284  0.002778  0.001604      3
Transformer-MHA-128   0.755680  0.037787  0.021816      3
Transformer-MHA-64    0.889189  0.024316  0.014039      3
                          mean       std       sem  count
Model                                                    
Transformer-FNET-128  0.971229  0.002196  0.001268      3
Transformer-FNET-64   0.968167  0.003678  0.002124      3
Transformer-MHA-128   0.856768  0.028700  0.016570      3
Transformer-MHA-64    0.915536  0.020507  0.011840      3
                          mean       std       sem  count
Model                                                    
Transformer-FNET-128  0.971602  0.005551  0.003205      3
Transformer-FNET-64   0.971564  0.002434  0.001405      3
Transformer-MHA-128   0.703409  0.079226  0.045741      3
Transformer-MHA-64    0.891524  0.022562  0.013026      3

Low Quality Post 2020
                          mean       std       sem  count
Model                                                    
Transformer-FNET-128  0.749031  0.071342  0.041189      3
Transformer-FNET-64   0.745212  0.040676  0.023484      3
Transformer-MHA-128   0.605950  0.054376  0.031394      3
Transformer-MHA-64    0.703756  0.059665  0.034447      3
                          mean       std       sem  count
Model                                                    
Transformer-FNET-128  0.900513  0.032653  0.018852      3
Transformer-FNET-64   0.907263  0.012765  0.007370      3
Transformer-MHA-128   0.823949  0.071129  0.041066      3
Transformer-MHA-64    0.900518  0.040345  0.023293      3
                          mean       std       sem  count
Model                                                    
Transformer-FNET-128  0.802112  0.101450  0.058572      3
Transformer-FNET-64   0.809403  0.072330  0.041760      3
Transformer-MHA-128   0.515057  0.091907  0.053062      3
Transformer-MHA-64    0.722534  0.123801  0.071476      3
Saving Results
************Fold: 3
Data Shape Before Sampling:  (107163, 64, 64) (107163,)
Subtype/Host: 0 ,count:  72320 ,index count: (array([False,  True]), array([34843, 72320])) ,downsampling:  (16000, 64, 64) (16000,)
Subtype/Host: 1 ,count:  22412 ,index count: (array([False,  True]), array([84751, 22412])) ,downsampling:  (16000, 64, 64) (16000,)
Subtype/Host: 2 ,count:  12431 ,index count: (array([False,  True]), array([94732, 12431])) ,keep:  (12431, 64, 64) (12431,)
Emb Dim: 64
Transformer-FNET-64
=====================================================================================================================================================================
Layer (type:depth-idx)                   Input Shape               Output Shape              Kernel Shape              Param #                   Mult-Adds
=====================================================================================================================================================================
TransfomerBlock                          [2, 64, 64]               [2, 3]                    --                        --                        --
├─MakePatches: 1-1                       [2, 64, 64]               [2, 256, 16]              --                        --                        --
│    └─Unfold: 2-1                       [2, 1, 64, 64]            [2, 16, 256]              [4, 4]                    --                        --
├─Linear: 1-2                            [2, 256, 16]              [2, 256, 64]              --                        1,088                     2,176
├─PositionalEncoding: 1-3                [2, 256, 64]              [2, 256, 64]              --                        --                        --
├─FNET: 1-4                              [2, 256, 64]              [2, 256, 64]              --                        --                        --
│    └─LayerNorm: 2-2                    [2, 256, 64]              [2, 256, 64]              --                        128                       256
│    └─Sequential: 2-3                   [2, 256, 64]              [2, 256, 64]              --                        --                        --
│    │    └─Linear: 3-1                  [2, 256, 64]              [2, 256, 64]              --                        4,160                     8,320
│    │    └─ReLU: 3-2                    [2, 256, 64]              [2, 256, 64]              --                        --                        --
│    │    └─Dropout: 3-3                 [2, 256, 64]              [2, 256, 64]              --                        --                        --
│    │    └─Linear: 3-4                  [2, 256, 64]              [2, 256, 64]              --                        4,160                     8,320
│    └─LayerNorm: 2-4                    [2, 256, 64]              [2, 256, 64]              --                        128                       256
├─Sequential: 1-5                        [2, 64]                   [2, 3]                    --                        --                        --
│    └─Linear: 2-5                       [2, 64]                   [2, 64]                   --                        4,160                     8,320
│    └─ReLU: 2-6                         [2, 64]                   [2, 64]                   --                        --                        --
│    └─Linear: 2-7                       [2, 64]                   [2, 32]                   --                        2,080                     4,160
│    └─ReLU: 2-8                         [2, 32]                   [2, 32]                   --                        --                        --
│    └─Linear: 2-9                       [2, 32]                   [2, 3]                    --                        99                        198
=====================================================================================================================================================================
Total params: 16,003
Trainable params: 16,003
Non-trainable params: 0
Total mult-adds (Units.MEGABYTES): 0.03
=====================================================================================================================================================================
Input size (MB): 0.03
Forward/backward pass size (MB): 1.31
Params size (MB): 0.06
Estimated Total Size (MB): 1.41
=====================================================================================================================================================================
Total Trainable Parameters:  16003
Total Parameters:  16003
Epoch 0: 
BAS Score on Validation Data (Training Time 0.972850):  0.5498815904067573
Epoch 1: 
BAS Score on Validation Data (Training Time 0.970865):  0.6513868648644686
Epoch 2: 
BAS Score on Validation Data (Training Time 0.966123):  0.6526180714229075
Epoch 3: 
BAS Score on Validation Data (Training Time 0.966190):  0.789320305035131
Epoch 4: 
BAS Score on Validation Data (Training Time 0.967399):  0.8636600760895233
Epoch 5: 
BAS Score on Validation Data (Training Time 0.966929):  0.8642831496034745
Epoch 6: 
BAS Score on Validation Data (Training Time 0.965934):  0.8905564979905126
Epoch 7: 
BAS Score on Validation Data (Training Time 0.966231):  0.9014802305549406
Epoch 8: 
BAS Score on Validation Data (Training Time 0.979173):  0.9045368558857166
Epoch 9: 
BAS Score on Validation Data (Training Time 0.970462):  0.9142006764421904
Epoch 10: 
BAS Score on Validation Data (Training Time 0.969489):  0.9196048195814753
Epoch 11: 
BAS Score on Validation Data (Training Time 0.966788):  0.9244676949610842
Epoch 12: 
BAS Score on Validation Data (Training Time 0.972738):  0.9272151439708932
Epoch 13: 
BAS Score on Validation Data (Training Time 0.972941):  0.9298455667419233
Epoch 14: 
BAS Score on Validation Data (Training Time 0.970083):  0.9320066523735705
Epoch 15: 
BAS Score on Validation Data (Training Time 0.969319):  0.9330190484199168
Epoch 16: 
BAS Score on Validation Data (Training Time 0.966927):  0.9330869030420121
Epoch 17: 
BAS Score on Validation Data (Training Time 0.974393):  0.9369600841050177
Epoch 18: 
BAS Score on Validation Data (Training Time 0.970836):  0.9403994869211153
Epoch 19: 
BAS Score on Validation Data (Training Time 0.966655):  0.9422342058933532
Epoch 20: 
BAS Score on Validation Data (Training Time 0.969092):  0.9392928283199408
Epoch 21: 
BAS Score on Validation Data (Training Time 0.979340):  0.9448682982449093
Epoch 22: 
BAS Score on Validation Data (Training Time 0.968736):  0.9464447083886691
Epoch 23: 
BAS Score on Validation Data (Training Time 0.971630):  0.9464560569133701
Epoch 24: 
BAS Score on Validation Data (Training Time 0.972386):  0.9465840918937269
Epoch 25: 
BAS Score on Validation Data (Training Time 0.968571):  0.9477985511538591
Epoch 26: 
BAS Score on Validation Data (Training Time 0.969234):  0.9481662818970206
Epoch 27: 
BAS Score on Validation Data (Training Time 0.967317):  0.9494692491841912
Epoch 28: 
BAS Score on Validation Data (Training Time 0.971396):  0.9503403499749664
Epoch 29: 
BAS Score on Validation Data (Training Time 0.967836):  0.9511718698437462
Epoch 30: 
BAS Score on Validation Data (Training Time 0.968500):  0.9512776015265011
Epoch 31: 
BAS Score on Validation Data (Training Time 0.968071):  0.9514038866623759
Epoch 32: 
BAS Score on Validation Data (Training Time 0.968080):  0.9527860697622144
Epoch 33: 
BAS Score on Validation Data (Training Time 0.967734):  0.9454722044105082
Epoch 34: 
BAS Score on Validation Data (Training Time 0.966458):  0.9536703435422523
Epoch 35: 
BAS Score on Validation Data (Training Time 0.969554):  0.954390617031787
Epoch 36: 
BAS Score on Validation Data (Training Time 0.968058):  0.9546055261175844
Epoch 37: 
BAS Score on Validation Data (Training Time 0.971061):  0.9542096789000127
Epoch 38: 
BAS Score on Validation Data (Training Time 0.976654):  0.9554540790991167
Epoch 39: 
BAS Score on Validation Data (Training Time 0.967789):  0.956183760725906
Epoch 40: 
BAS Score on Validation Data (Training Time 0.969354):  0.9553466515405565
Epoch 41: 
BAS Score on Validation Data (Training Time 0.972778):  0.9553821278274213
Epoch 42: 
BAS Score on Validation Data (Training Time 0.969782):  0.9556087252210426
Epoch 43: 
BAS Score on Validation Data (Training Time 0.968768):  0.9553972412041302
Epoch 44: 
BAS Score on Validation Data (Training Time 0.973947):  0.9563588650294695
Epoch 45: 
BAS Score on Validation Data (Training Time 0.980685):  0.9573810916018036
Epoch 46: 
BAS Score on Validation Data (Training Time 0.974299):  0.9561124144003769
Epoch 47: 
BAS Score on Validation Data (Training Time 0.968624):  0.9586350365124492
Epoch 48: 
BAS Score on Validation Data (Training Time 0.969237):  0.9590083565721805
Epoch 49: 
BAS Score on Validation Data (Training Time 0.968042):  0.9565097876021923
Epoch 50: 
BAS Score on Validation Data (Training Time 0.969877):  0.9593459558334061
Epoch 51: 
BAS Score on Validation Data (Training Time 0.969343):  0.9594233265301101
Epoch 52: 
BAS Score on Validation Data (Training Time 0.970417):  0.9581464400584214
Epoch 53: 
BAS Score on Validation Data (Training Time 0.978824):  0.9585613353962715
Epoch 54: 
BAS Score on Validation Data (Training Time 0.970175):  0.9603980693760351
Epoch 55: 
BAS Score on Validation Data (Training Time 0.969209):  0.9591952984237267
Epoch 56: 
BAS Score on Validation Data (Training Time 0.970293):  0.9603281870805421
Epoch 57: 
BAS Score on Validation Data (Training Time 0.976253):  0.9604791842733444
Epoch 58: 
BAS Score on Validation Data (Training Time 0.971371):  0.960384780463888
Epoch 59: 
BAS Score on Validation Data (Training Time 0.975840):  0.9591288618485215
Epoch 60: 
BAS Score on Validation Data (Training Time 0.979894):  0.9618801503304178
Epoch 61: 
BAS Score on Validation Data (Training Time 0.972201):  0.9605562898070049
Epoch 62: 
BAS Score on Validation Data (Training Time 0.973546):  0.9612882516043633
Epoch 63: 
BAS Score on Validation Data (Training Time 0.973281):  0.9626382342460632
Epoch 64: 
BAS Score on Validation Data (Training Time 0.969694):  0.9635188384455753
Epoch 65: 
BAS Score on Validation Data (Training Time 0.973148):  0.962815523448714
Epoch 66: 
BAS Score on Validation Data (Training Time 0.974464):  0.9616387047231311
Epoch 67: 
BAS Score on Validation Data (Training Time 0.974914):  0.9626833838332259
Epoch 68: 
BAS Score on Validation Data (Training Time 0.981854):  0.9629737438796836
Epoch 69: 
BAS Score on Validation Data (Training Time 0.977519):  0.961552000509252
Epoch 70: 
BAS Score on Validation Data (Training Time 0.970326):  0.9633433943588888
Epoch 71: 
BAS Score on Validation Data (Training Time 0.977313):  0.9632189543389784
Epoch 72: 
BAS Score on Validation Data (Training Time 0.975669):  0.9630397660516866
Epoch 73: 
BAS Score on Validation Data (Training Time 0.971698):  0.9630397660516866
Epoch 74: 
BAS Score on Validation Data (Training Time 0.981661):  0.9641259251684183
Epoch 75: 
BAS Score on Validation Data (Training Time 0.980193):  0.9632886460915074
Epoch 76: 
BAS Score on Validation Data (Training Time 0.979472):  0.9641164963797612
Epoch 77: 
BAS Score on Validation Data (Training Time 0.970330):  0.9621177564656173
Epoch 78: 
BAS Score on Validation Data (Training Time 0.976962):  0.963731732523847
Epoch 79: 
BAS Score on Validation Data (Training Time 0.978156):  0.9634885370720779
Epoch 80: 
BAS Score on Validation Data (Training Time 0.982079):  0.9640127590531294
Epoch 81: 
BAS Score on Validation Data (Training Time 0.983004):  0.9639862971517195
Epoch 82: 
BAS Score on Validation Data (Training Time 0.975122):  0.963520567638655
Epoch 83: 
BAS Score on Validation Data (Training Time 0.981170):  0.9643822189893707
Epoch 84: 
BAS Score on Validation Data (Training Time 0.971723):  0.9641202405803666
Epoch 85: 
BAS Score on Validation Data (Training Time 0.980458):  0.9629265046649156
Epoch 86: 
BAS Score on Validation Data (Training Time 0.974216):  0.9614010033164497
Epoch 87: 
BAS Score on Validation Data (Training Time 0.975872):  0.9627662692264202
Epoch 88: 
BAS Score on Validation Data (Training Time 0.977598):  0.9645388054987426
Epoch 89: 
BAS Score on Validation Data (Training Time 0.977679):  0.965248070246699
Epoch 90: 
BAS Score on Validation Data (Training Time 0.975200):  0.9646463076773824
Epoch 91: 
BAS Score on Validation Data (Training Time 0.975529):  0.964455750213987
Epoch 92: 
BAS Score on Validation Data (Training Time 0.972682):  0.9642860859868344
Epoch 93: 
BAS Score on Validation Data (Training Time 0.973699):  0.9648574519111718
Epoch 94: 
BAS Score on Validation Data (Training Time 0.969462):  0.9645274569740416
Epoch 95: 
BAS Score on Validation Data (Training Time 0.975438):  0.9650252916737627
Epoch 96: 
BAS Score on Validation Data (Training Time 0.980789):  0.9624663851198233
Epoch 97: 
BAS Score on Validation Data (Training Time 0.973238):  0.9646367836172431
Epoch 98: 
BAS Score on Validation Data (Training Time 0.975108):  0.9642239239383213
Epoch 99: 
BAS Score on Validation Data (Training Time 0.974841):  0.964674498771872
Epoch 100: 
BAS Score on Validation Data (Training Time 0.983115):  0.9647008860532024
Epoch 101: 
BAS Score on Validation Data (Training Time 0.974553):  0.9650289612542887
Epoch 102: 
BAS Score on Validation Data (Training Time 0.973646):  0.9650214522016753
Epoch 103: 
BAS Score on Validation Data (Training Time 0.970043):  0.9646594060465655
Epoch 104: 
BAS Score on Validation Data (Training Time 0.973873):  0.9648781546044506
Epoch 105: 
BAS Score on Validation Data (Training Time 0.966728):  0.964859297027136
Epoch 106: 
BAS Score on Validation Data (Training Time 0.968803):  0.964951685829067
Epoch 107: 
BAS Score on Validation Data (Training Time 0.970705):  0.9653778344201358
Epoch 108: 
BAS Score on Validation Data (Training Time 0.973954):  0.9649649540898116
Epoch 109: 
BAS Score on Validation Data (Training Time 0.975011):  0.9659661588371464
Epoch 110: 
BAS Score on Validation Data (Training Time 0.973856):  0.9654476007927442
Epoch 111: 
BAS Score on Validation Data (Training Time 0.975051):  0.9636901778971309
Epoch 112: 
BAS Score on Validation Data (Training Time 0.974426):  0.963465744751194
Epoch 113: 
BAS Score on Validation Data (Training Time 0.972095):  0.9656664446221112
Epoch 114: 
BAS Score on Validation Data (Training Time 0.981397):  0.9655720408126546
Epoch 115: 
BAS Score on Validation Data (Training Time 0.975753):  0.9657399758467275
Epoch 116: 
BAS Score on Validation Data (Training Time 0.971143):  0.9654890807993809
Epoch 117: 
BAS Score on Validation Data (Training Time 0.969996):  0.9652419506040425
Epoch 118: 
BAS Score on Validation Data (Training Time 0.984556):  0.964706570641254
Epoch 119: 
BAS Score on Validation Data (Training Time 0.970254):  0.9651363681614464
Epoch 120: 
BAS Score on Validation Data (Training Time 0.976550):  0.9664849613931897
Epoch 121: 
BAS Score on Validation Data (Training Time 0.975956):  0.9660453539984121
Epoch 122: 
BAS Score on Validation Data (Training Time 0.973604):  0.9660152225164763
Epoch 123: 
BAS Score on Validation Data (Training Time 0.973183):  0.9661642047017528
Epoch 124: 
BAS Score on Validation Data (Training Time 0.970176):  0.9657794408458386
Epoch 125: 
BAS Score on Validation Data (Training Time 0.975344):  0.9669864863248393
Epoch 126: 
BAS Score on Validation Data (Training Time 0.974843):  0.9664526450121667
Epoch 127: 
BAS Score on Validation Data (Training Time 0.977377):  0.9657059096212222
Epoch 128: 
BAS Score on Validation Data (Training Time 0.969776):  0.9661452518529564
Epoch 129: 
BAS Score on Validation Data (Training Time 0.972621):  0.9661584454936216
Epoch 130: 
BAS Score on Validation Data (Training Time 0.970812):  0.9662112740249592
Epoch 131: 
BAS Score on Validation Data (Training Time 0.975469):  0.9667638776434644
Epoch 132: 
BAS Score on Validation Data (Training Time 0.975819):  0.9664545647482102
Epoch 133: 
BAS Score on Validation Data (Training Time 0.971875):  0.9669693579406046
Epoch 134: 
BAS Score on Validation Data (Training Time 0.976705):  0.9670486483733521
Epoch 135: 
BAS Score on Validation Data (Training Time 0.975617):  0.9669939953774529
Epoch 136: 
BAS Score on Validation Data (Training Time 0.985280):  0.9654890061793014
Epoch 137: 
BAS Score on Validation Data (Training Time 0.970715):  0.9661527609055698
Epoch 138: 
BAS Score on Validation Data (Training Time 0.974010):  0.9661943361836887
Epoch 139: 
BAS Score on Validation Data (Training Time 0.984140):  0.9668034379140575
Epoch 140: 
BAS Score on Validation Data (Training Time 0.973444):  0.9663111718795035
Epoch 141: 
BAS Score on Validation Data (Training Time 0.976309):  0.9659001366651436
Epoch 142: 
BAS Score on Validation Data (Training Time 0.972866):  0.9660925185931006
Epoch 143: 
BAS Score on Validation Data (Training Time 0.972939):  0.9660528630510257
Epoch 144: 
BAS Score on Validation Data (Training Time 0.970213):  0.9670881133724634
Epoch 145: 
BAS Score on Validation Data (Training Time 0.970573):  0.9611709268852664
Epoch 146: 
BAS Score on Validation Data (Training Time 0.975078):  0.965249554928138
Epoch 147: 
BAS Score on Validation Data (Training Time 0.974298):  0.9673728841023511
Epoch 148: 
BAS Score on Validation Data (Training Time 0.971763):  0.9661924164476449
Epoch 149: 
BAS Score on Validation Data (Training Time 0.974491):  0.9653118328995354
High Quality
0.9653425916464845 0.97378956876313 0.9832078868075623 0.9653425916464845 0.970817425908065
              precision    recall  f1-score   support

           0       0.99      1.00      0.99     34537
           1       0.98      1.00      0.99      6756
           2       0.97      0.90      0.94      3467

    accuracy                           0.99     44760
   macro avg       0.98      0.97      0.97     44760
weighted avg       0.99      0.99      0.99     44760

Low Quality
0.9059000523286237 0.7465069027465961 0.7105696356020381 0.9059000523286237 0.8197010434684083
              precision    recall  f1-score   support

           0       1.00      0.95      0.97      1960
           1       0.96      1.00      0.98       235
           2       0.18      0.77      0.29        26

    accuracy                           0.95      2221
   macro avg       0.71      0.91      0.75      2221
weighted avg       0.98      0.95      0.97      2221

Emb Dim: 128
Transformer-FNET-128
=====================================================================================================================================================================
Layer (type:depth-idx)                   Input Shape               Output Shape              Kernel Shape              Param #                   Mult-Adds
=====================================================================================================================================================================
TransfomerBlock                          [2, 64, 64]               [2, 3]                    --                        --                        --
├─MakePatches: 1-1                       [2, 64, 64]               [2, 256, 16]              --                        --                        --
│    └─Unfold: 2-1                       [2, 1, 64, 64]            [2, 16, 256]              [4, 4]                    --                        --
├─Linear: 1-2                            [2, 256, 16]              [2, 256, 128]             --                        2,176                     4,352
├─PositionalEncoding: 1-3                [2, 256, 128]             [2, 256, 128]             --                        --                        --
├─FNET: 1-4                              [2, 256, 128]             [2, 256, 128]             --                        --                        --
│    └─LayerNorm: 2-2                    [2, 256, 128]             [2, 256, 128]             --                        256                       512
│    └─Sequential: 2-3                   [2, 256, 128]             [2, 256, 128]             --                        --                        --
│    │    └─Linear: 3-1                  [2, 256, 128]             [2, 256, 128]             --                        16,512                    33,024
│    │    └─ReLU: 3-2                    [2, 256, 128]             [2, 256, 128]             --                        --                        --
│    │    └─Dropout: 3-3                 [2, 256, 128]             [2, 256, 128]             --                        --                        --
│    │    └─Linear: 3-4                  [2, 256, 128]             [2, 256, 128]             --                        16,512                    33,024
│    └─LayerNorm: 2-4                    [2, 256, 128]             [2, 256, 128]             --                        256                       512
├─Sequential: 1-5                        [2, 128]                  [2, 3]                    --                        --                        --
│    └─Linear: 2-5                       [2, 128]                  [2, 64]                   --                        8,256                     16,512
│    └─ReLU: 2-6                         [2, 64]                   [2, 64]                   --                        --                        --
│    └─Linear: 2-7                       [2, 64]                   [2, 32]                   --                        2,080                     4,160
│    └─ReLU: 2-8                         [2, 32]                   [2, 32]                   --                        --                        --
│    └─Linear: 2-9                       [2, 32]                   [2, 3]                    --                        99                        198
=====================================================================================================================================================================
Total params: 46,147
Trainable params: 46,147
Non-trainable params: 0
Total mult-adds (Units.MEGABYTES): 0.09
=====================================================================================================================================================================
Input size (MB): 0.03
Forward/backward pass size (MB): 2.62
Params size (MB): 0.18
Estimated Total Size (MB): 2.84
=====================================================================================================================================================================
Total Trainable Parameters:  46147
Total Parameters:  46147
Epoch 0: 
BAS Score on Validation Data (Training Time 1.108056):  0.651601827918943
Epoch 1: 
BAS Score on Validation Data (Training Time 1.106883):  0.6466109335300385
Epoch 2: 
BAS Score on Validation Data (Training Time 1.114680):  0.8365654924010432
Epoch 3: 
BAS Score on Validation Data (Training Time 1.107372):  0.894751796517979
Epoch 4: 
BAS Score on Validation Data (Training Time 1.107684):  0.9088531520179949
Epoch 5: 
BAS Score on Validation Data (Training Time 1.109219):  0.9161583840701742
Epoch 6: 
BAS Score on Validation Data (Training Time 1.107538):  0.9238083100329902
Epoch 7: 
BAS Score on Validation Data (Training Time 1.107227):  0.9246753268400373
Epoch 8: 
BAS Score on Validation Data (Training Time 1.106347):  0.9313352933232067
Epoch 9: 
BAS Score on Validation Data (Training Time 1.106340):  0.9313313998824423
Epoch 10: 
BAS Score on Validation Data (Training Time 1.107052):  0.9360587851977576
Epoch 11: 
BAS Score on Validation Data (Training Time 1.107441):  0.9421021408979448
Epoch 12: 
BAS Score on Validation Data (Training Time 1.106810):  0.9436388002281477
Epoch 13: 
BAS Score on Validation Data (Training Time 1.107342):  0.9457543758381064
Epoch 14: 
BAS Score on Validation Data (Training Time 1.107809):  0.9475685080399502
Epoch 15: 
BAS Score on Validation Data (Training Time 1.107049):  0.9499294433493629
Epoch 16: 
BAS Score on Validation Data (Training Time 1.107326):  0.9513150721694889
Epoch 17: 
BAS Score on Validation Data (Training Time 1.111140):  0.9537607379880599
Epoch 18: 
BAS Score on Validation Data (Training Time 1.109006):  0.9540377345022909
Epoch 19: 
BAS Score on Validation Data (Training Time 1.107970):  0.956496743201686
Epoch 20: 
BAS Score on Validation Data (Training Time 1.107986):  0.9570813980381706
Epoch 21: 
BAS Score on Validation Data (Training Time 1.107816):  0.9581956942807152
Epoch 22: 
BAS Score on Validation Data (Training Time 1.107740):  0.9585877766462788
Epoch 23: 
BAS Score on Validation Data (Training Time 1.108393):  0.9600397467701282
Epoch 24: 
BAS Score on Validation Data (Training Time 1.107764):  0.9609376492454363
Epoch 25: 
BAS Score on Validation Data (Training Time 1.107826):  0.9612544711933038
Epoch 26: 
BAS Score on Validation Data (Training Time 1.108781):  0.9622536609331132
Epoch 27: 
BAS Score on Validation Data (Training Time 1.109133):  0.9597189900786912
Epoch 28: 
BAS Score on Validation Data (Training Time 1.108904):  0.9627287033119503
Epoch 29: 
BAS Score on Validation Data (Training Time 1.108891):  0.9565078678661485
Epoch 30: 
BAS Score on Validation Data (Training Time 1.108864):  0.9588913509848039
Epoch 31: 
BAS Score on Validation Data (Training Time 1.108543):  0.9643994426450874
Epoch 32: 
BAS Score on Validation Data (Training Time 1.108371):  0.9617562406365944
Epoch 33: 
BAS Score on Validation Data (Training Time 1.113921):  0.9654139156531668
Epoch 34: 
BAS Score on Validation Data (Training Time 1.109027):  0.9649991155867989
Epoch 35: 
BAS Score on Validation Data (Training Time 1.109488):  0.9637883259071928
Epoch 36: 
BAS Score on Validation Data (Training Time 1.115144):  0.9654798425536878
Epoch 37: 
BAS Score on Validation Data (Training Time 1.109215):  0.9658758596628209
Epoch 38: 
BAS Score on Validation Data (Training Time 1.109380):  0.966173728761892
Epoch 39: 
BAS Score on Validation Data (Training Time 1.115275):  0.9653068485291322
Epoch 40: 
BAS Score on Validation Data (Training Time 1.108426):  0.963335715414714
Epoch 41: 
BAS Score on Validation Data (Training Time 1.110656):  0.9616801101096885
Epoch 42: 
BAS Score on Validation Data (Training Time 1.109632):  0.9597840578953424
Epoch 43: 
BAS Score on Validation Data (Training Time 1.110255):  0.9664776428835403
Epoch 44: 
BAS Score on Validation Data (Training Time 1.108515):  0.9664603446077441
Epoch 45: 
BAS Score on Validation Data (Training Time 1.110183):  0.9637128003264532
Epoch 46: 
BAS Score on Validation Data (Training Time 1.109225):  0.9669599291519475
Epoch 47: 
BAS Score on Validation Data (Training Time 1.109908):  0.9653929477968447
Epoch 48: 
BAS Score on Validation Data (Training Time 1.116564):  0.9654401123915332
Epoch 49: 
BAS Score on Validation Data (Training Time 1.108983):  0.9669429913106767
Epoch 50: 
BAS Score on Validation Data (Training Time 1.112310):  0.9640711022809575
Epoch 51: 
BAS Score on Validation Data (Training Time 1.116439):  0.968229231950943
Epoch 52: 
BAS Score on Validation Data (Training Time 1.109547):  0.9664827764941025
Epoch 53: 
BAS Score on Validation Data (Training Time 1.109102):  0.9673842532784547
Epoch 54: 
BAS Score on Validation Data (Training Time 1.113759):  0.9685006391486043
Epoch 55: 
BAS Score on Validation Data (Training Time 1.108837):  0.960408982846131
Epoch 56: 
BAS Score on Validation Data (Training Time 1.108924):  0.9683590707444593
Epoch 57: 
BAS Score on Validation Data (Training Time 1.109344):  0.9678820133580963
Epoch 58: 
BAS Score on Validation Data (Training Time 1.109622):  0.9678461226680293
Epoch 59: 
BAS Score on Validation Data (Training Time 1.107845):  0.967680202641482
Epoch 60: 
BAS Score on Validation Data (Training Time 1.110708):  0.9679124100030756
Epoch 61: 
BAS Score on Validation Data (Training Time 1.118044):  0.9690475581790575
Epoch 62: 
BAS Score on Validation Data (Training Time 1.108820):  0.9682628424704408
Epoch 63: 
BAS Score on Validation Data (Training Time 1.119295):  0.9666091569014591
Epoch 64: 
BAS Score on Validation Data (Training Time 1.110290):  0.968670493918721
Epoch 65: 
BAS Score on Validation Data (Training Time 1.110528):  0.9653268510047623
Epoch 66: 
BAS Score on Validation Data (Training Time 1.113596):  0.969128863619331
Epoch 67: 
BAS Score on Validation Data (Training Time 1.112334):  0.9651495824535142
Epoch 68: 
BAS Score on Validation Data (Training Time 1.109869):  0.9685551222529423
Epoch 69: 
BAS Score on Validation Data (Training Time 1.110615):  0.9670409900805798
Epoch 70: 
BAS Score on Validation Data (Training Time 1.113506):  0.9687569329695566
Epoch 71: 
BAS Score on Validation Data (Training Time 1.109755):  0.9644700045068261
Epoch 72: 
BAS Score on Validation Data (Training Time 1.109717):  0.9675273809841181
Epoch 73: 
BAS Score on Validation Data (Training Time 1.110045):  0.9677519094015367
Epoch 74: 
BAS Score on Validation Data (Training Time 1.111297):  0.9686210491534633
Epoch 75: 
BAS Score on Validation Data (Training Time 1.109565):  0.9689341269007251
Epoch 76: 
BAS Score on Validation Data (Training Time 1.110606):  0.9695375440430422
Epoch 77: 
BAS Score on Validation Data (Training Time 1.109654):  0.9677781807599826
Epoch 78: 
BAS Score on Validation Data (Training Time 1.109160):  0.9699845652189514
Epoch 79: 
BAS Score on Validation Data (Training Time 1.116636):  0.9685853490063602
Epoch 80: 
BAS Score on Validation Data (Training Time 1.113039):  0.9686040160407106
Epoch 81: 
BAS Score on Validation Data (Training Time 1.109950):  0.96943388133649
Epoch 82: 
BAS Score on Validation Data (Training Time 1.119742):  0.9674991898896285
Epoch 83: 
BAS Score on Validation Data (Training Time 1.112041):  0.9693923267097738
Epoch 84: 
BAS Score on Validation Data (Training Time 1.109511):  0.9702302313842536
Epoch 85: 
BAS Score on Validation Data (Training Time 1.114287):  0.9690981065398262
Epoch 86: 
BAS Score on Validation Data (Training Time 1.110116):  0.9680478587645641
Epoch 87: 
BAS Score on Validation Data (Training Time 1.109792):  0.969183006940546
Epoch 88: 
BAS Score on Validation Data (Training Time 1.110276):  0.9696356174330248
Epoch 89: 
BAS Score on Validation Data (Training Time 1.111550):  0.9695092576770706
Epoch 90: 
BAS Score on Validation Data (Training Time 1.110198):  0.969492224564318
Epoch 91: 
BAS Score on Validation Data (Training Time 1.111354):  0.9700542569714803
Epoch 92: 
BAS Score on Validation Data (Training Time 1.110257):  0.9682666073224491
Epoch 93: 
BAS Score on Validation Data (Training Time 1.110013):  0.9695790240496791
Epoch 94: 
BAS Score on Validation Data (Training Time 1.122483):  0.970917997949801
Epoch 95: 
BAS Score on Validation Data (Training Time 1.109624):  0.9675463751357194
Epoch 96: 
BAS Score on Validation Data (Training Time 1.109730):  0.9685229964148833
Epoch 97: 
BAS Score on Validation Data (Training Time 1.118407):  0.9671653554804108
Epoch 98: 
BAS Score on Validation Data (Training Time 1.111266):  0.9705783836810499
Epoch 99: 
BAS Score on Validation Data (Training Time 1.111008):  0.9705972412583641
Epoch 100: 
BAS Score on Validation Data (Training Time 1.114992):  0.9694110890156061
Epoch 101: 
BAS Score on Validation Data (Training Time 1.109515):  0.9709352962255973
Epoch 102: 
BAS Score on Validation Data (Training Time 1.109631):  0.9701993996846694
Epoch 103: 
BAS Score on Validation Data (Training Time 1.110573):  0.9726321370256187
Epoch 104: 
BAS Score on Validation Data (Training Time 1.110210):  0.9704408452919563
Epoch 105: 
BAS Score on Validation Data (Training Time 1.111069):  0.9687586828140389
Epoch 106: 
BAS Score on Validation Data (Training Time 1.110266):  0.9711515947213515
Epoch 107: 
BAS Score on Validation Data (Training Time 1.109601):  0.9706972343843905
Epoch 108: 
BAS Score on Validation Data (Training Time 1.110017):  0.9711536097288773
Epoch 109: 
BAS Score on Validation Data (Training Time 1.111398):  0.9703993652853193
Epoch 110: 
BAS Score on Validation Data (Training Time 1.112700):  0.9689642583826611
Epoch 111: 
BAS Score on Validation Data (Training Time 1.110176):  0.9693018782952892
Epoch 112: 
BAS Score on Validation Data (Training Time 1.110548):  0.9706821210076816
Epoch 113: 
BAS Score on Validation Data (Training Time 1.116920):  0.972473630780203
Epoch 114: 
BAS Score on Validation Data (Training Time 1.110775):  0.9688943760871682
Epoch 115: 
BAS Score on Validation Data (Training Time 1.113177):  0.9707744351895329
Epoch 116: 
BAS Score on Validation Data (Training Time 1.109416):  0.9707312053384137
Epoch 117: 
BAS Score on Validation Data (Training Time 1.109716):  0.9707165476677124
Epoch 118: 
BAS Score on Validation Data (Training Time 1.110442):  0.9712403139427565
Epoch 119: 
BAS Score on Validation Data (Training Time 1.109699):  0.9688812983693875
Epoch 120: 
BAS Score on Validation Data (Training Time 1.110215):  0.9729413546493907
Epoch 121: 
BAS Score on Validation Data (Training Time 1.109802):  0.9710521319214122
Epoch 122: 
BAS Score on Validation Data (Training Time 1.111779):  0.9732938973957638
Epoch 123: 
BAS Score on Validation Data (Training Time 1.109691):  0.971690930079112
Epoch 124: 
BAS Score on Validation Data (Training Time 1.110844):  0.973029903979234
Epoch 125: 
BAS Score on Validation Data (Training Time 1.117152):  0.971766381039772
Epoch 126: 
BAS Score on Validation Data (Training Time 1.110590):  0.9706012173047388
Epoch 127: 
BAS Score on Validation Data (Training Time 1.111094):  0.9716928498151557
Epoch 128: 
BAS Score on Validation Data (Training Time 1.117729):  0.9690850494734481
Epoch 129: 
BAS Score on Validation Data (Training Time 1.111327):  0.9708517106147548
Epoch 130: 
BAS Score on Validation Data (Training Time 1.109248):  0.9715079769398121
Epoch 131: 
BAS Score on Validation Data (Training Time 1.114286):  0.9727809493193337
Epoch 132: 
BAS Score on Validation Data (Training Time 1.110558):  0.9724508384593191
Epoch 133: 
BAS Score on Validation Data (Training Time 1.109835):  0.972211407859558
Epoch 134: 
BAS Score on Validation Data (Training Time 1.110123):  0.9696694184954868
Epoch 135: 
BAS Score on Validation Data (Training Time 1.110469):  0.9727357044606889
Epoch 136: 
BAS Score on Validation Data (Training Time 1.109870):  0.9706160242155991
Epoch 137: 
BAS Score on Validation Data (Training Time 1.111249):  0.9721284271948818
Epoch 138: 
BAS Score on Validation Data (Training Time 1.109081):  0.9715438882812818
Epoch 139: 
BAS Score on Validation Data (Training Time 1.109900):  0.9718550049896949
Epoch 140: 
BAS Score on Validation Data (Training Time 1.115568):  0.9699013400426343
Epoch 141: 
BAS Score on Validation Data (Training Time 1.111239):  0.9714043348846624
Epoch 142: 
BAS Score on Validation Data (Training Time 1.109870):  0.9713740128597624
Epoch 143: 
BAS Score on Validation Data (Training Time 1.117298):  0.97194923890759
Epoch 144: 
BAS Score on Validation Data (Training Time 1.111512):  0.9723452560167231
Epoch 145: 
BAS Score on Validation Data (Training Time 1.110584):  0.9693471231539341
Epoch 146: 
BAS Score on Validation Data (Training Time 1.115210):  0.9734597221508289
Epoch 147: 
BAS Score on Validation Data (Training Time 1.110650):  0.9664620404835494
Epoch 148: 
BAS Score on Validation Data (Training Time 1.110123):  0.9695241805108156
Epoch 149: 
BAS Score on Validation Data (Training Time 1.110428):  0.9698824824653199
High Quality
0.968974020211825 0.9762645211582427 0.9844399934170416 0.968974020211825 0.9738980950884593
              precision    recall  f1-score   support

           0       0.99      1.00      0.99     34537
           1       0.98      1.00      0.99      6756
           2       0.98      0.91      0.94      3467

    accuracy                           0.99     44760
   macro avg       0.98      0.97      0.98     44760
weighted avg       0.99      0.99      0.99     44760

Low Quality
0.9336940668247659 0.7731063814747988 0.7320550927403722 0.9336940668247659 0.8505683262071508
              precision    recall  f1-score   support

           0       1.00      0.96      0.98      1960
           1       0.97      1.00      0.98       235
           2       0.23      0.85      0.36        26

    accuracy                           0.96      2221
   macro avg       0.73      0.93      0.77      2221
weighted avg       0.99      0.96      0.97      2221

Emb Dim: 64
Transformer-MHA-64
=====================================================================================================================================================================
Layer (type:depth-idx)                   Input Shape               Output Shape              Kernel Shape              Param #                   Mult-Adds
=====================================================================================================================================================================
TransfomerBlock                          [2, 64, 64]               [2, 3]                    --                        --                        --
├─MakePatches: 1-1                       [2, 64, 64]               [2, 256, 16]              --                        --                        --
│    └─Unfold: 2-1                       [2, 1, 64, 64]            [2, 16, 256]              [4, 4]                    --                        --
├─Linear: 1-2                            [2, 256, 16]              [2, 256, 64]              --                        1,088                     2,176
├─PositionalEncoding: 1-3                [2, 256, 64]              [2, 256, 64]              --                        --                        --
├─TransformerEncoderLayer: 1-4           [2, 256, 64]              [2, 256, 64]              --                        --                        --
│    └─MultiheadAttention: 2-2           [2, 256, 64]              [2, 256, 64]              --                        16,640                    --
│    └─Dropout: 2-3                      [2, 256, 64]              [2, 256, 64]              --                        --                        --
│    └─LayerNorm: 2-4                    [2, 256, 64]              [2, 256, 64]              --                        128                       256
│    └─Linear: 2-5                       [2, 256, 64]              [2, 256, 2048]            --                        133,120                   266,240
│    └─Dropout: 2-6                      [2, 256, 2048]            [2, 256, 2048]            --                        --                        --
│    └─Linear: 2-7                       [2, 256, 2048]            [2, 256, 64]              --                        131,136                   262,272
│    └─Dropout: 2-8                      [2, 256, 64]              [2, 256, 64]              --                        --                        --
│    └─LayerNorm: 2-9                    [2, 256, 64]              [2, 256, 64]              --                        128                       256
├─Sequential: 1-5                        [2, 64]                   [2, 3]                    --                        --                        --
│    └─Linear: 2-10                      [2, 64]                   [2, 64]                   --                        4,160                     8,320
│    └─ReLU: 2-11                        [2, 64]                   [2, 64]                   --                        --                        --
│    └─Linear: 2-12                      [2, 64]                   [2, 32]                   --                        2,080                     4,160
│    └─ReLU: 2-13                        [2, 32]                   [2, 32]                   --                        --                        --
│    └─Linear: 2-14                      [2, 32]                   [2, 3]                    --                        99                        198
=====================================================================================================================================================================
Total params: 288,579
Trainable params: 288,579
Non-trainable params: 0
Total mult-adds (Units.MEGABYTES): 0.54
=====================================================================================================================================================================
Input size (MB): 0.03
Forward/backward pass size (MB): 9.44
Params size (MB): 1.09
Estimated Total Size (MB): 10.56
=====================================================================================================================================================================
Total Trainable Parameters:  288579
Total Parameters:  288579
Epoch 0: 
BAS Score on Validation Data (Training Time 1.687146):  0.640588936132784
Epoch 1: 
BAS Score on Validation Data (Training Time 1.686945):  0.7500901764480585
Epoch 2: 
BAS Score on Validation Data (Training Time 1.685964):  0.9117249680681669
Epoch 3: 
BAS Score on Validation Data (Training Time 1.694741):  0.9288958027565012
Epoch 4: 
BAS Score on Validation Data (Training Time 1.685577):  0.9398859132471163
Epoch 5: 
BAS Score on Validation Data (Training Time 1.694903):  0.9431293185234079
Epoch 6: 
BAS Score on Validation Data (Training Time 1.687102):  0.9444248926808493
Epoch 7: 
BAS Score on Validation Data (Training Time 1.688228):  0.9419642913626615
Epoch 8: 
BAS Score on Validation Data (Training Time 1.686944):  0.9452940737355808
Epoch 9: 
BAS Score on Validation Data (Training Time 1.687898):  0.9434862597048884
Epoch 10: 
BAS Score on Validation Data (Training Time 1.686603):  0.9400775886365519
Epoch 11: 
BAS Score on Validation Data (Training Time 1.687373):  0.952344393391234
Epoch 12: 
BAS Score on Validation Data (Training Time 1.687298):  0.9514486964664156
Epoch 13: 
BAS Score on Validation Data (Training Time 1.688981):  0.9541943210116629
Epoch 14: 
BAS Score on Validation Data (Training Time 1.688008):  0.9482699525891035
Epoch 15: 
BAS Score on Validation Data (Training Time 1.691613):  0.9538835107690983
Epoch 16: 
BAS Score on Validation Data (Training Time 1.689397):  0.9489076678026951
Epoch 17: 
BAS Score on Validation Data (Training Time 1.688346):  0.9544034502379266
Epoch 18: 
BAS Score on Validation Data (Training Time 1.687851):  0.9516716529164442
Epoch 19: 
BAS Score on Validation Data (Training Time 1.688508):  0.9518675885020427
Epoch 20: 
BAS Score on Validation Data (Training Time 1.686682):  0.9523017638059401
Epoch 21: 
BAS Score on Validation Data (Training Time 1.690806):  0.9559610234557746
Epoch 22: 
BAS Score on Validation Data (Training Time 1.688411):  0.9546228243933804
Epoch 23: 
BAS Score on Validation Data (Training Time 1.688860):  0.9528785538356271
Epoch 24: 
BAS Score on Validation Data (Training Time 1.688066):  0.9585955175446612
Epoch 25: 
BAS Score on Validation Data (Training Time 1.693368):  0.9577243961024834
Epoch 26: 
BAS Score on Validation Data (Training Time 1.689055):  0.9546664846187632
Epoch 27: 
BAS Score on Validation Data (Training Time 1.690051):  0.9585671152558052
Epoch 28: 
BAS Score on Validation Data (Training Time 1.693893):  0.9558284138278754
Epoch 29: 
BAS Score on Validation Data (Training Time 1.688788):  0.9595854483873746
Epoch 30: 
BAS Score on Validation Data (Training Time 1.692271):  0.9579976897189141
Epoch 31: 
BAS Score on Validation Data (Training Time 1.688220):  0.9477545161875471
Epoch 32: 
BAS Score on Validation Data (Training Time 1.689293):  0.957548666201351
Epoch 33: 
BAS Score on Validation Data (Training Time 1.688665):  0.9550965886048042
Epoch 34: 
BAS Score on Validation Data (Training Time 1.689133):  0.9559423897386986
Epoch 35: 
BAS Score on Validation Data (Training Time 1.688348):  0.9607490941236949
Epoch 36: 
BAS Score on Validation Data (Training Time 1.694152):  0.9603964561058399
Epoch 37: 
BAS Score on Validation Data (Training Time 1.688611):  0.9532843601679429
Epoch 38: 
BAS Score on Validation Data (Training Time 1.693015):  0.9535008238749173
Epoch 39: 
BAS Score on Validation Data (Training Time 1.687755):  0.9606002818299798
Epoch 40: 
BAS Score on Validation Data (Training Time 1.692882):  0.9609035703540592
Epoch 41: 
BAS Score on Validation Data (Training Time 1.688071):  0.9621462746773578
Epoch 42: 
BAS Score on Validation Data (Training Time 1.688942):  0.961599281026825
Epoch 43: 
BAS Score on Validation Data (Training Time 1.688293):  0.9559463991023476
Epoch 44: 
BAS Score on Validation Data (Training Time 1.689877):  0.9588768425542615
Epoch 45: 
BAS Score on Validation Data (Training Time 1.688486):  0.9559962043021307
Epoch 46: 
BAS Score on Validation Data (Training Time 1.694329):  0.9620652550515306
Epoch 47: 
BAS Score on Validation Data (Training Time 1.688923):  0.9610644313901235
Epoch 48: 
BAS Score on Validation Data (Training Time 1.695169):  0.9203191780364665
Epoch 49: 
BAS Score on Validation Data (Training Time 1.689079):  0.9622709258916348
Epoch 50: 
BAS Score on Validation Data (Training Time 1.692551):  0.9634908791968547
Epoch 51: 
BAS Score on Validation Data (Training Time 1.688131):  0.9617757111456058
Epoch 52: 
BAS Score on Validation Data (Training Time 1.688554):  0.95984988484404
Epoch 53: 
BAS Score on Validation Data (Training Time 1.688700):  0.9629893749166077
Epoch 54: 
BAS Score on Validation Data (Training Time 1.689497):  0.9623290785764987
Epoch 55: 
BAS Score on Validation Data (Training Time 1.688410):  0.9627590872910577
Epoch 56: 
BAS Score on Validation Data (Training Time 1.687617):  0.9629593720234282
Epoch 57: 
BAS Score on Validation Data (Training Time 1.692857):  0.9631046306595018
Epoch 58: 
BAS Score on Validation Data (Training Time 1.688655):  0.9628063471572282
Epoch 59: 
BAS Score on Validation Data (Training Time 1.693908):  0.9521038512104315
Epoch 60: 
BAS Score on Validation Data (Training Time 1.688410):  0.9632606122227073
Epoch 61: 
BAS Score on Validation Data (Training Time 1.692924):  0.9579246221858356
Epoch 62: 
BAS Score on Validation Data (Training Time 1.688056):  0.9642247607302568
Epoch 63: 
BAS Score on Validation Data (Training Time 1.689010):  0.9495293326304387
Epoch 64: 
BAS Score on Validation Data (Training Time 1.688796):  0.9640580245631768
Epoch 65: 
BAS Score on Validation Data (Training Time 1.690008):  0.9603405216373374
Epoch 66: 
BAS Score on Validation Data (Training Time 1.688342):  0.9648790533505935
Epoch 67: 
BAS Score on Validation Data (Training Time 1.694613):  0.964270175480463
Epoch 68: 
BAS Score on Validation Data (Training Time 1.688598):  0.9662854181812728
Epoch 69: 
BAS Score on Validation Data (Training Time 1.698011):  0.9587663916641467
Epoch 70: 
BAS Score on Validation Data (Training Time 1.688261):  0.9655293492731531
Epoch 71: 
BAS Score on Validation Data (Training Time 1.692923):  0.964252835901862
Epoch 72: 
BAS Score on Validation Data (Training Time 1.688888):  0.9582110315176625
Epoch 73: 
BAS Score on Validation Data (Training Time 1.689177):  0.9644921918815434
Epoch 74: 
BAS Score on Validation Data (Training Time 1.689346):  0.9664623802666723
Epoch 75: 
BAS Score on Validation Data (Training Time 1.690018):  0.9653368181050371
Epoch 76: 
BAS Score on Validation Data (Training Time 1.690015):  0.9672074071159397
Epoch 77: 
BAS Score on Validation Data (Training Time 1.694772):  0.9676710390158684
Epoch 78: 
BAS Score on Validation Data (Training Time 1.689268):  0.9634398624642069
Epoch 79: 
BAS Score on Validation Data (Training Time 1.694098):  0.9547388962768074
Epoch 80: 
BAS Score on Validation Data (Training Time 1.688928):  0.9676825447662587
Epoch 81: 
BAS Score on Validation Data (Training Time 1.693030):  0.9672849683556075
Epoch 82: 
BAS Score on Validation Data (Training Time 1.689806):  0.9672336784743855
Epoch 83: 
BAS Score on Validation Data (Training Time 1.689216):  0.9653495893569692
Epoch 84: 
BAS Score on Validation Data (Training Time 1.688567):  0.9481360455175402
Epoch 85: 
BAS Score on Validation Data (Training Time 1.688974):  0.9632120662035927
Epoch 86: 
BAS Score on Validation Data (Training Time 1.688833):  0.9657134806280433
Epoch 87: 
BAS Score on Validation Data (Training Time 1.689266):  0.9651084295641285
Epoch 88: 
BAS Score on Validation Data (Training Time 1.693619):  0.9603722490432554
Epoch 89: 
BAS Score on Validation Data (Training Time 1.689778):  0.9657144333428632
Epoch 90: 
BAS Score on Validation Data (Training Time 1.695373):  0.9656101370532113
Epoch 91: 
BAS Score on Validation Data (Training Time 1.688639):  0.9696303345823036
Epoch 92: 
BAS Score on Validation Data (Training Time 1.693697):  0.965738138716294
Epoch 93: 
BAS Score on Validation Data (Training Time 1.689078):  0.9632631861932532
Epoch 94: 
BAS Score on Validation Data (Training Time 1.688595):  0.9675000060301612
Epoch 95: 
BAS Score on Validation Data (Training Time 1.690070):  0.9681785216841438
Epoch 96: 
BAS Score on Validation Data (Training Time 1.689408):  0.9560098329974008
Epoch 97: 
BAS Score on Validation Data (Training Time 1.688780):  0.9668323038944516
Epoch 98: 
BAS Score on Validation Data (Training Time 1.694947):  0.9677147119071229
Epoch 99: 
BAS Score on Validation Data (Training Time 1.689405):  0.9686520174273344
Epoch 100: 
BAS Score on Validation Data (Training Time 1.695595):  0.9658651114039452
Epoch 101: 
BAS Score on Validation Data (Training Time 1.689730):  0.9636625664170637
Epoch 102: 
BAS Score on Validation Data (Training Time 1.695107):  0.9687365780449314
Epoch 103: 
BAS Score on Validation Data (Training Time 1.689250):  0.9583608538000639
Epoch 104: 
BAS Score on Validation Data (Training Time 1.689438):  0.9627430941790763
Epoch 105: 
BAS Score on Validation Data (Training Time 1.688583):  0.9617024990527098
Epoch 106: 
BAS Score on Validation Data (Training Time 1.689861):  0.9672505829983816
Epoch 107: 
BAS Score on Validation Data (Training Time 1.688926):  0.9684181015240636
Epoch 108: 
BAS Score on Validation Data (Training Time 1.695865):  0.9695679073707472
Epoch 109: 
BAS Score on Validation Data (Training Time 1.690429):  0.9687027769824695
Epoch 110: 
BAS Score on Validation Data (Training Time 1.693753):  0.9688063777348143
Epoch 111: 
BAS Score on Validation Data (Training Time 1.691699):  0.9660142967980575
Epoch 112: 
BAS Score on Validation Data (Training Time 1.692483):  0.9635897813932419
Epoch 113: 
BAS Score on Validation Data (Training Time 1.690657):  0.9680463201144484
Epoch 114: 
BAS Score on Validation Data (Training Time 1.689713):  0.966257662141388
Epoch 115: 
BAS Score on Validation Data (Training Time 1.689508):  0.9694210561158809
Epoch 116: 
BAS Score on Validation Data (Training Time 1.689996):  0.967794130928627
Epoch 117: 
BAS Score on Validation Data (Training Time 1.690549):  0.9663984683736772
Epoch 118: 
BAS Score on Validation Data (Training Time 1.690805):  0.9652129956971649
Epoch 119: 
BAS Score on Validation Data (Training Time 1.693410):  0.9692867649185803
Epoch 120: 
BAS Score on Validation Data (Training Time 1.690039):  0.9671040428897051
Epoch 121: 
BAS Score on Validation Data (Training Time 1.695333):  0.9669453414209842
Epoch 122: 
BAS Score on Validation Data (Training Time 1.689219):  0.9707690777187321
Epoch 123: 
BAS Score on Validation Data (Training Time 1.693045):  0.9682332699515253
Epoch 124: 
BAS Score on Validation Data (Training Time 1.689579):  0.9594370331506489
Epoch 125: 
BAS Score on Validation Data (Training Time 1.689083):  0.9644699252064054
Epoch 126: 
BAS Score on Validation Data (Training Time 1.689679):  0.9662912853267578
Epoch 127: 
BAS Score on Validation Data (Training Time 1.690066):  0.9630825179048638
Epoch 128: 
BAS Score on Validation Data (Training Time 1.689202):  0.9680372930631216
Epoch 129: 
BAS Score on Validation Data (Training Time 1.696955):  0.9660530615795202
Epoch 130: 
BAS Score on Validation Data (Training Time 1.691242):  0.9678484521269342
Epoch 131: 
BAS Score on Validation Data (Training Time 1.697434):  0.9665928939460932
Epoch 132: 
BAS Score on Validation Data (Training Time 1.689997):  0.9682576009225249
Epoch 133: 
BAS Score on Validation Data (Training Time 1.694478):  0.9688461158824994
Epoch 134: 
BAS Score on Validation Data (Training Time 1.690022):  0.929701073317515
Epoch 135: 
BAS Score on Validation Data (Training Time 1.690233):  0.9705731961018106
Epoch 136: 
BAS Score on Validation Data (Training Time 1.688724):  0.9697438071634411
Epoch 137: 
BAS Score on Validation Data (Training Time 1.689956):  0.9685843280164596
Epoch 138: 
BAS Score on Validation Data (Training Time 1.688970):  0.9706599209670922
Epoch 139: 
BAS Score on Validation Data (Training Time 1.694129):  0.9667525910729711
Epoch 140: 
BAS Score on Validation Data (Training Time 1.689651):  0.9708504784304876
Epoch 141: 
BAS Score on Validation Data (Training Time 1.692444):  0.9696836188196488
Epoch 142: 
BAS Score on Validation Data (Training Time 1.692190):  0.9706864368371789
Epoch 143: 
BAS Score on Validation Data (Training Time 1.690814):  0.962447294056208
Epoch 144: 
BAS Score on Validation Data (Training Time 1.693960):  0.9690652581921843
Epoch 145: 
BAS Score on Validation Data (Training Time 1.689741):  0.9441297831495664
Epoch 146: 
BAS Score on Validation Data (Training Time 1.688893):  0.9704376520688403
Epoch 147: 
BAS Score on Validation Data (Training Time 1.688947):  0.9665218794181561
Epoch 148: 
BAS Score on Validation Data (Training Time 1.691054):  0.9568853988578326
Epoch 149: 
BAS Score on Validation Data (Training Time 1.693853):  0.9710014549718872
High Quality
0.8932043979000867 0.7797874039004444 0.7718221951475029 0.8932043979000867 0.715894269701854
              precision    recall  f1-score   support

           0       1.00      0.83      0.91     34537
           1       0.98      0.89      0.93      6756
           2       0.34      0.96      0.50      3467

    accuracy                           0.85     44760
   macro avg       0.77      0.89      0.78     44760
weighted avg       0.94      0.85      0.88     44760

Low Quality
0.8857535321821036 0.6376789541157571 0.66924147317529 0.8857535321821036 0.5452316622873611
              precision    recall  f1-score   support

           0       1.00      0.73      0.85      1960
           1       0.96      1.00      0.98       235
           2       0.04      0.92      0.09        26

    accuracy                           0.76      2221
   macro avg       0.67      0.89      0.64      2221
weighted avg       0.98      0.76      0.85      2221

Emb Dim: 128
Transformer-MHA-128
=====================================================================================================================================================================
Layer (type:depth-idx)                   Input Shape               Output Shape              Kernel Shape              Param #                   Mult-Adds
=====================================================================================================================================================================
TransfomerBlock                          [2, 64, 64]               [2, 3]                    --                        --                        --
├─MakePatches: 1-1                       [2, 64, 64]               [2, 256, 16]              --                        --                        --
│    └─Unfold: 2-1                       [2, 1, 64, 64]            [2, 16, 256]              [4, 4]                    --                        --
├─Linear: 1-2                            [2, 256, 16]              [2, 256, 128]             --                        2,176                     4,352
├─PositionalEncoding: 1-3                [2, 256, 128]             [2, 256, 128]             --                        --                        --
├─TransformerEncoderLayer: 1-4           [2, 256, 128]             [2, 256, 128]             --                        --                        --
│    └─MultiheadAttention: 2-2           [2, 256, 128]             [2, 256, 128]             --                        66,048                    --
│    └─Dropout: 2-3                      [2, 256, 128]             [2, 256, 128]             --                        --                        --
│    └─LayerNorm: 2-4                    [2, 256, 128]             [2, 256, 128]             --                        256                       512
│    └─Linear: 2-5                       [2, 256, 128]             [2, 256, 2048]            --                        264,192                   528,384
│    └─Dropout: 2-6                      [2, 256, 2048]            [2, 256, 2048]            --                        --                        --
│    └─Linear: 2-7                       [2, 256, 2048]            [2, 256, 128]             --                        262,272                   524,544
│    └─Dropout: 2-8                      [2, 256, 128]             [2, 256, 128]             --                        --                        --
│    └─LayerNorm: 2-9                    [2, 256, 128]             [2, 256, 128]             --                        256                       512
├─Sequential: 1-5                        [2, 128]                  [2, 3]                    --                        --                        --
│    └─Linear: 2-10                      [2, 128]                  [2, 64]                   --                        8,256                     16,512
│    └─ReLU: 2-11                        [2, 64]                   [2, 64]                   --                        --                        --
│    └─Linear: 2-12                      [2, 64]                   [2, 32]                   --                        2,080                     4,160
│    └─ReLU: 2-13                        [2, 32]                   [2, 32]                   --                        --                        --
│    └─Linear: 2-14                      [2, 32]                   [2, 3]                    --                        99                        198
=====================================================================================================================================================================
Total params: 605,635
Trainable params: 605,635
Non-trainable params: 0
Total mult-adds (Units.MEGABYTES): 1.08
=====================================================================================================================================================================
Input size (MB): 0.03
Forward/backward pass size (MB): 10.49
Params size (MB): 2.16
Estimated Total Size (MB): 12.68
=====================================================================================================================================================================
Total Trainable Parameters:  605635
Total Parameters:  605635
Epoch 0: 
BAS Score on Validation Data (Training Time 1.921926):  0.6544243341376124
Epoch 1: 
BAS Score on Validation Data (Training Time 1.924443):  0.8998462489812713
Epoch 2: 
BAS Score on Validation Data (Training Time 1.923636):  0.9377293959421382
Epoch 3: 
BAS Score on Validation Data (Training Time 1.920487):  0.9414953353092065
Epoch 4: 
BAS Score on Validation Data (Training Time 1.920977):  0.9511958610316228
Epoch 5: 
BAS Score on Validation Data (Training Time 1.921944):  0.9444267790996186
Epoch 6: 
BAS Score on Validation Data (Training Time 1.920242):  0.9451703832216545
Epoch 7: 
BAS Score on Validation Data (Training Time 1.920710):  0.9573772934325211
Epoch 8: 
BAS Score on Validation Data (Training Time 1.924058):  0.9427986916678354
Epoch 9: 
BAS Score on Validation Data (Training Time 1.921538):  0.9227870061633913
Epoch 10: 
BAS Score on Validation Data (Training Time 1.923383):  0.9335198621327034
Epoch 11: 
BAS Score on Validation Data (Training Time 1.920089):  0.9512943981131435
Epoch 12: 
BAS Score on Validation Data (Training Time 1.920628):  0.9361915743674064
Epoch 13: 
BAS Score on Validation Data (Training Time 1.920264):  0.9608358729576535
Epoch 14: 
BAS Score on Validation Data (Training Time 1.922688):  0.9319549370879315
Epoch 15: 
BAS Score on Validation Data (Training Time 1.922803):  0.9545492678370202
Epoch 16: 
BAS Score on Validation Data (Training Time 1.923563):  0.9517757586631319
Epoch 17: 
BAS Score on Validation Data (Training Time 1.922242):  0.9508310726790633
Epoch 18: 
BAS Score on Validation Data (Training Time 1.922060):  0.9440207012833861
Epoch 19: 
BAS Score on Validation Data (Training Time 1.929188):  0.9422618556605414
Epoch 20: 
BAS Score on Validation Data (Training Time 1.925705):  0.9462913993726808
Epoch 21: 
BAS Score on Validation Data (Training Time 1.922793):  0.9501377041310741
Epoch 22: 
BAS Score on Validation Data (Training Time 1.924879):  0.9458063359248919
Epoch 23: 
BAS Score on Validation Data (Training Time 1.922918):  0.9638091651747583
Epoch 24: 
BAS Score on Validation Data (Training Time 1.924539):  0.9575324445487899
Epoch 25: 
BAS Score on Validation Data (Training Time 1.921576):  0.960120215418466
Epoch 26: 
BAS Score on Validation Data (Training Time 1.922606):  0.9653538099149847
Epoch 27: 
BAS Score on Validation Data (Training Time 1.921745):  0.9647749349380338
Epoch 28: 
BAS Score on Validation Data (Training Time 1.928068):  0.9243803747998244
Epoch 29: 
BAS Score on Validation Data (Training Time 1.927014):  0.9601891386782659
Epoch 30: 
BAS Score on Validation Data (Training Time 1.927461):  0.968440111021689
Epoch 31: 
BAS Score on Validation Data (Training Time 1.930067):  0.9661942409122065
Epoch 32: 
BAS Score on Validation Data (Training Time 1.922487):  0.9452924827814456
Epoch 33: 
BAS Score on Validation Data (Training Time 1.921632):  0.9664856282935638
Epoch 34: 
BAS Score on Validation Data (Training Time 1.922909):  0.9671489686166296
Epoch 35: 
BAS Score on Validation Data (Training Time 1.925215):  0.9660248085308231
Epoch 36: 
BAS Score on Validation Data (Training Time 1.924274):  0.964906387001745
Epoch 37: 
BAS Score on Validation Data (Training Time 1.927458):  0.9678480630554755
Epoch 38: 
BAS Score on Validation Data (Training Time 1.928647):  0.9663478866956342
Epoch 39: 
BAS Score on Validation Data (Training Time 1.924447):  0.9691913527850948
Epoch 40: 
BAS Score on Validation Data (Training Time 1.929021):  0.9591557334727924
Epoch 41: 
BAS Score on Validation Data (Training Time 1.922672):  0.9686345492599769
Epoch 42: 
BAS Score on Validation Data (Training Time 1.923004):  0.9602333418956075
Epoch 43: 
BAS Score on Validation Data (Training Time 1.922888):  0.9657540142648587
Epoch 44: 
BAS Score on Validation Data (Training Time 1.924976):  0.9668088573390657
Epoch 45: 
BAS Score on Validation Data (Training Time 1.928751):  0.9695376599659268
Epoch 46: 
BAS Score on Validation Data (Training Time 1.927049):  0.9684931920501983
Epoch 47: 
BAS Score on Validation Data (Training Time 1.929161):  0.969839579731452
Epoch 48: 
BAS Score on Validation Data (Training Time 1.923440):  0.9567986169840648
Epoch 49: 
BAS Score on Validation Data (Training Time 1.929033):  0.9709655436304176
Epoch 50: 
BAS Score on Validation Data (Training Time 1.927292):  0.9707258272162106
Epoch 51: 
BAS Score on Validation Data (Training Time 1.925210):  0.9662155978399873
Epoch 52: 
BAS Score on Validation Data (Training Time 1.924026):  0.9648809604207654
Epoch 53: 
BAS Score on Validation Data (Training Time 1.923886):  0.965476487424541
Epoch 54: 
BAS Score on Validation Data (Training Time 1.929990):  0.9672191034092941
Epoch 55: 
BAS Score on Validation Data (Training Time 1.925653):  0.9716365628976584
Epoch 56: 
BAS Score on Validation Data (Training Time 1.929650):  0.9626745759617966
Epoch 57: 
BAS Score on Validation Data (Training Time 1.924421):  0.9643355593890252
Epoch 58: 
BAS Score on Validation Data (Training Time 1.930284):  0.9656687740810161
Epoch 59: 
BAS Score on Validation Data (Training Time 1.922659):  0.9644185400537014
Epoch 60: 
BAS Score on Validation Data (Training Time 1.923694):  0.9690076787767442
Epoch 61: 
BAS Score on Validation Data (Training Time 1.923383):  0.9713274405453683
Epoch 62: 
BAS Score on Validation Data (Training Time 1.924344):  0.9622261114072536
Epoch 63: 
BAS Score on Validation Data (Training Time 1.931142):  0.9718817527055507
Epoch 64: 
BAS Score on Validation Data (Training Time 1.924953):  0.9591528133982505
Epoch 65: 
BAS Score on Validation Data (Training Time 1.927933):  0.9690084822514052
Epoch 66: 
BAS Score on Validation Data (Training Time 1.923709):  0.9606610704395973
Epoch 67: 
BAS Score on Validation Data (Training Time 1.928231):  0.9607976687797427
Epoch 68: 
BAS Score on Validation Data (Training Time 1.925704):  0.9624463033437722
Epoch 69: 
BAS Score on Validation Data (Training Time 1.922965):  0.9689212810287137
Epoch 70: 
BAS Score on Validation Data (Training Time 1.922569):  0.9700958735524042
Epoch 71: 
BAS Score on Validation Data (Training Time 1.924983):  0.9574008845477248
Epoch 72: 
BAS Score on Validation Data (Training Time 1.931135):  0.9658767457430919
Epoch 73: 
BAS Score on Validation Data (Training Time 1.923877):  0.9667023904808562
Epoch 74: 
BAS Score on Validation Data (Training Time 1.928411):  0.9690879632271168
Epoch 75: 
BAS Score on Validation Data (Training Time 1.923135):  0.9699771181205454
Epoch 76: 
BAS Score on Validation Data (Training Time 1.926737):  0.9717291422425532
Epoch 77: 
BAS Score on Validation Data (Training Time 1.927872):  0.9717764973802058
Epoch 78: 
BAS Score on Validation Data (Training Time 1.924301):  0.9691840882441224
Epoch 79: 
BAS Score on Validation Data (Training Time 1.923108):  0.9690951118452048
Epoch 80: 
BAS Score on Validation Data (Training Time 1.923594):  0.9721045725812921
Epoch 81: 
BAS Score on Validation Data (Training Time 1.932377):  0.9698020757711895
Epoch 82: 
BAS Score on Validation Data (Training Time 1.924999):  0.9712826720441337
Epoch 83: 
BAS Score on Validation Data (Training Time 1.928637):  0.9681596641068294
Epoch 84: 
BAS Score on Validation Data (Training Time 1.923557):  0.9711235195497464
Epoch 85: 
BAS Score on Validation Data (Training Time 1.929072):  0.9698326549736023
Epoch 86: 
BAS Score on Validation Data (Training Time 1.923526):  0.9707860155600029
Epoch 87: 
BAS Score on Validation Data (Training Time 1.923425):  0.9711385376549734
Epoch 88: 
BAS Score on Validation Data (Training Time 1.923272):  0.970232009865669
Epoch 89: 
BAS Score on Validation Data (Training Time 1.922793):  0.9710709974842574
Epoch 90: 
BAS Score on Validation Data (Training Time 1.929782):  0.9679812379913934
Epoch 91: 
BAS Score on Validation Data (Training Time 1.924433):  0.9541655693136212
Epoch 92: 
BAS Score on Validation Data (Training Time 1.927664):  0.971032021508428
Epoch 93: 
BAS Score on Validation Data (Training Time 1.922910):  0.9703240715503488
Epoch 94: 
BAS Score on Validation Data (Training Time 1.927977):  0.9715879136215312
Epoch 95: 
BAS Score on Validation Data (Training Time 1.923319):  0.972564480932018
Epoch 96: 
BAS Score on Validation Data (Training Time 1.924927):  0.9694726238260182
Epoch 97: 
BAS Score on Validation Data (Training Time 1.924284):  0.9727078738007248
Epoch 98: 
BAS Score on Validation Data (Training Time 1.923346):  0.9591299258058847
Epoch 99: 
BAS Score on Validation Data (Training Time 1.930234):  0.9736168802890929
Epoch 100: 
BAS Score on Validation Data (Training Time 1.925184):  0.9695046750439978
Epoch 101: 
BAS Score on Validation Data (Training Time 1.929119):  0.9679051407817618
Epoch 102: 
BAS Score on Validation Data (Training Time 1.923020):  0.9638347839633598
Epoch 103: 
BAS Score on Validation Data (Training Time 1.927240):  0.9674016008425864
Epoch 104: 
BAS Score on Validation Data (Training Time 1.923149):  0.9703756678974194
Epoch 105: 
BAS Score on Validation Data (Training Time 1.924149):  0.967814962210662
Epoch 106: 
BAS Score on Validation Data (Training Time 1.923980):  0.9716007135103965
Epoch 107: 
BAS Score on Validation Data (Training Time 1.924086):  0.9736281335423117
Epoch 108: 
BAS Score on Validation Data (Training Time 1.930233):  0.9641364925345183
Epoch 109: 
BAS Score on Validation Data (Training Time 1.923868):  0.9571988037223456
Epoch 110: 
BAS Score on Validation Data (Training Time 1.929364):  0.962009874865707
Epoch 111: 
BAS Score on Validation Data (Training Time 1.923626):  0.9550230397685945
Epoch 112: 
BAS Score on Validation Data (Training Time 1.927523):  0.9715901604748259
Epoch 113: 
BAS Score on Validation Data (Training Time 1.923513):  0.968468807110522
Epoch 114: 
BAS Score on Validation Data (Training Time 1.923424):  0.9709113463405257
Epoch 115: 
BAS Score on Validation Data (Training Time 1.924218):  0.9652624357820815
Epoch 116: 
BAS Score on Validation Data (Training Time 1.923814):  0.9702194957912497
Epoch 117: 
BAS Score on Validation Data (Training Time 1.930759):  0.9681752998240944
Epoch 118: 
BAS Score on Validation Data (Training Time 1.924443):  0.9736939858227532
Epoch 119: 
BAS Score on Validation Data (Training Time 1.929466):  0.9737957287932618
Epoch 120: 
BAS Score on Validation Data (Training Time 1.923821):  0.9729472504318087
Epoch 121: 
BAS Score on Validation Data (Training Time 1.929401):  0.9662656888542166
Epoch 122: 
BAS Score on Validation Data (Training Time 1.923386):  0.9697719649406563
Epoch 123: 
BAS Score on Validation Data (Training Time 1.923793):  0.9716855932597138
Epoch 124: 
BAS Score on Validation Data (Training Time 1.925999):  0.9681108163022074
Epoch 125: 
BAS Score on Validation Data (Training Time 1.924579):  0.9646178291279148
Epoch 126: 
BAS Score on Validation Data (Training Time 1.931535):  0.9715842646924077
Epoch 127: 
BAS Score on Validation Data (Training Time 1.924353):  0.9718540046511966
Epoch 128: 
BAS Score on Validation Data (Training Time 1.930612):  0.9706832642654654
Epoch 129: 
BAS Score on Validation Data (Training Time 1.924417):  0.9332612036296598
Epoch 130: 
BAS Score on Validation Data (Training Time 1.927778):  0.9698419631590337
Epoch 131: 
BAS Score on Validation Data (Training Time 1.925389):  0.9723573873646824
Epoch 132: 
BAS Score on Validation Data (Training Time 1.923627):  0.9717328531258843
Epoch 133: 
BAS Score on Validation Data (Training Time 1.925430):  0.9672533062090864
Epoch 134: 
BAS Score on Validation Data (Training Time 1.923525):  0.9725816093162526
Epoch 135: 
BAS Score on Validation Data (Training Time 1.931569):  0.9689859963963698
Epoch 136: 
BAS Score on Validation Data (Training Time 1.924742):  0.9743691303765276
Epoch 137: 
BAS Score on Validation Data (Training Time 1.929374):  0.9721062811229695
Epoch 138: 
BAS Score on Validation Data (Training Time 1.925793):  0.9676681855758752
Epoch 139: 
BAS Score on Validation Data (Training Time 1.928567):  0.9561184371310194
Epoch 140: 
BAS Score on Validation Data (Training Time 1.924443):  0.9697707993909379
Epoch 141: 
BAS Score on Validation Data (Training Time 1.923710):  0.9595288453779663
Epoch 142: 
BAS Score on Validation Data (Training Time 1.925388):  0.9697894537594164
Epoch 143: 
BAS Score on Validation Data (Training Time 1.923375):  0.9685897680928702
Epoch 144: 
BAS Score on Validation Data (Training Time 1.931109):  0.9619182449304428
Epoch 145: 
BAS Score on Validation Data (Training Time 1.923721):  0.9710842037907943
Epoch 146: 
BAS Score on Validation Data (Training Time 1.928759):  0.9674875952127545
Epoch 147: 
BAS Score on Validation Data (Training Time 1.924350):  0.9626312555195365
Epoch 148: 
BAS Score on Validation Data (Training Time 1.927872):  0.9687742598822858
Epoch 149: 
BAS Score on Validation Data (Training Time 1.924948):  0.9656831902798859
High Quality
0.819264769980498 0.6871565337996005 0.7330281358703353 0.819264769980498 0.5841067105450035
              precision    recall  f1-score   support

           0       1.00      0.70      0.82     34537
           1       0.98      0.79      0.88      6756
           2       0.22      0.96      0.36      3467

    accuracy                           0.74     44760
   macro avg       0.73      0.82      0.69     44760
weighted avg       0.93      0.74      0.80     44760

Low Quality
0.7545069418929601 0.5686038560840463 0.6468313428330243 0.7545069418929601 0.43460892402698553
              precision    recall  f1-score   support

           0       1.00      0.61      0.76      1960
           1       0.92      0.89      0.90       235
           2       0.03      0.77      0.05        26

    accuracy                           0.64      2221
   macro avg       0.65      0.75      0.57      2221
weighted avg       0.98      0.64      0.76      2221


High Quality Post 2020
                          mean       std       sem  count
Model                                                    
Transformer-FNET-128  0.974975  0.004390  0.002195      4
Transformer-FNET-64   0.974160  0.002281  0.001141      4
Transformer-MHA-128   0.738549  0.046106  0.023053      4
Transformer-MHA-64    0.861839  0.058192  0.029096      4
                          mean       std       sem  count
Model                                                    
Transformer-FNET-128  0.970665  0.002118  0.001059      4
Transformer-FNET-64   0.967461  0.003319  0.001659      4
Transformer-MHA-128   0.847392  0.030013  0.015006      4
Transformer-MHA-64    0.909953  0.020126  0.010063      4
                          mean       std       sem  count
Model                                                    
Transformer-FNET-128  0.972176  0.004676  0.002338      4
Transformer-FNET-64   0.971377  0.002022  0.001011      4
Transformer-MHA-128   0.673583  0.087993  0.043997      4
Transformer-MHA-64    0.847617  0.089726  0.044863      4

Low Quality Post 2020
                          mean       std       sem  count
Model                                                    
Transformer-FNET-128  0.755050  0.059481  0.029741      4
Transformer-FNET-64   0.745536  0.033218  0.016609      4
Transformer-MHA-128   0.596613  0.048165  0.024082      4
Transformer-MHA-64    0.687236  0.058862  0.029431      4
                          mean       std       sem  count
Model                                                    
Transformer-FNET-128  0.908809  0.031402  0.015701      4
Transformer-FNET-64   0.906922  0.010445  0.005222      4
Transformer-MHA-128   0.806588  0.067664  0.033832      4
Transformer-MHA-64    0.896827  0.033758  0.016879      4
                          mean       std       sem  count
Model                                                    
Transformer-FNET-128  0.814226  0.086304  0.043152      4
Transformer-FNET-64   0.811978  0.059281  0.029641      4
Transformer-MHA-128   0.494945  0.085142  0.042571      4
Transformer-MHA-64    0.678208  0.134450  0.067225      4
Saving Results
************Fold: 4
Data Shape Before Sampling:  (107163, 64, 64) (107163,)
Subtype/Host: 0 ,count:  72320 ,index count: (array([False,  True]), array([34843, 72320])) ,downsampling:  (16000, 64, 64) (16000,)
Subtype/Host: 1 ,count:  22412 ,index count: (array([False,  True]), array([84751, 22412])) ,downsampling:  (16000, 64, 64) (16000,)
Subtype/Host: 2 ,count:  12431 ,index count: (array([False,  True]), array([94732, 12431])) ,keep:  (12431, 64, 64) (12431,)
Emb Dim: 64
Transformer-FNET-64
=====================================================================================================================================================================
Layer (type:depth-idx)                   Input Shape               Output Shape              Kernel Shape              Param #                   Mult-Adds
=====================================================================================================================================================================
TransfomerBlock                          [2, 64, 64]               [2, 3]                    --                        --                        --
├─MakePatches: 1-1                       [2, 64, 64]               [2, 256, 16]              --                        --                        --
│    └─Unfold: 2-1                       [2, 1, 64, 64]            [2, 16, 256]              [4, 4]                    --                        --
├─Linear: 1-2                            [2, 256, 16]              [2, 256, 64]              --                        1,088                     2,176
├─PositionalEncoding: 1-3                [2, 256, 64]              [2, 256, 64]              --                        --                        --
├─FNET: 1-4                              [2, 256, 64]              [2, 256, 64]              --                        --                        --
│    └─LayerNorm: 2-2                    [2, 256, 64]              [2, 256, 64]              --                        128                       256
│    └─Sequential: 2-3                   [2, 256, 64]              [2, 256, 64]              --                        --                        --
│    │    └─Linear: 3-1                  [2, 256, 64]              [2, 256, 64]              --                        4,160                     8,320
│    │    └─ReLU: 3-2                    [2, 256, 64]              [2, 256, 64]              --                        --                        --
│    │    └─Dropout: 3-3                 [2, 256, 64]              [2, 256, 64]              --                        --                        --
│    │    └─Linear: 3-4                  [2, 256, 64]              [2, 256, 64]              --                        4,160                     8,320
│    └─LayerNorm: 2-4                    [2, 256, 64]              [2, 256, 64]              --                        128                       256
├─Sequential: 1-5                        [2, 64]                   [2, 3]                    --                        --                        --
│    └─Linear: 2-5                       [2, 64]                   [2, 64]                   --                        4,160                     8,320
│    └─ReLU: 2-6                         [2, 64]                   [2, 64]                   --                        --                        --
│    └─Linear: 2-7                       [2, 64]                   [2, 32]                   --                        2,080                     4,160
│    └─ReLU: 2-8                         [2, 32]                   [2, 32]                   --                        --                        --
│    └─Linear: 2-9                       [2, 32]                   [2, 3]                    --                        99                        198
=====================================================================================================================================================================
Total params: 16,003
Trainable params: 16,003
Non-trainable params: 0
Total mult-adds (Units.MEGABYTES): 0.03
=====================================================================================================================================================================
Input size (MB): 0.03
Forward/backward pass size (MB): 1.31
Params size (MB): 0.06
Estimated Total Size (MB): 1.41
=====================================================================================================================================================================
Total Trainable Parameters:  16003
Total Parameters:  16003
Epoch 0: 
BAS Score on Validation Data (Training Time 0.963958):  0.6326848125869997
Epoch 1: 
BAS Score on Validation Data (Training Time 0.965022):  0.6259574218559987
Epoch 2: 
BAS Score on Validation Data (Training Time 0.968196):  0.6480382455656374
Epoch 3: 
BAS Score on Validation Data (Training Time 0.971426):  0.7335965839266342
Epoch 4: 
BAS Score on Validation Data (Training Time 0.970012):  0.8614346148733428
Epoch 5: 
BAS Score on Validation Data (Training Time 0.963833):  0.885687652208406
Epoch 6: 
BAS Score on Validation Data (Training Time 0.964324):  0.8999608075463262
Epoch 7: 
BAS Score on Validation Data (Training Time 0.974510):  0.9079371414713565
Epoch 8: 
BAS Score on Validation Data (Training Time 0.970453):  0.9141372122696719
Epoch 9: 
BAS Score on Validation Data (Training Time 0.966924):  0.9218247994184399
Epoch 10: 
BAS Score on Validation Data (Training Time 0.966958):  0.9242815692500709
Epoch 11: 
BAS Score on Validation Data (Training Time 0.971684):  0.9285503736704097
Epoch 12: 
BAS Score on Validation Data (Training Time 0.968577):  0.9288803559416681
Epoch 13: 
BAS Score on Validation Data (Training Time 0.966116):  0.933878991228955
Epoch 14: 
BAS Score on Validation Data (Training Time 0.974368):  0.9361492129608396
Epoch 15: 
BAS Score on Validation Data (Training Time 0.966825):  0.9341033164375379
Epoch 16: 
BAS Score on Validation Data (Training Time 0.967210):  0.9401298835366133
Epoch 17: 
BAS Score on Validation Data (Training Time 0.976787):  0.9417305706826958
Epoch 18: 
BAS Score on Validation Data (Training Time 0.970420):  0.9431732819094497
Epoch 19: 
BAS Score on Validation Data (Training Time 0.971704):  0.9442648604511895
Epoch 20: 
BAS Score on Validation Data (Training Time 0.965551):  0.9450229650182376
Epoch 21: 
BAS Score on Validation Data (Training Time 0.966370):  0.9445531721728471
Epoch 22: 
BAS Score on Validation Data (Training Time 0.966723):  0.9472212894471035
Epoch 23: 
BAS Score on Validation Data (Training Time 0.968659):  0.9489940908824693
Epoch 24: 
BAS Score on Validation Data (Training Time 0.971469):  0.9499801822530953
Epoch 25: 
BAS Score on Validation Data (Training Time 0.967112):  0.9487999591100299
Epoch 26: 
BAS Score on Validation Data (Training Time 0.964772):  0.9513982766944036
Epoch 27: 
BAS Score on Validation Data (Training Time 0.967189):  0.9521354880252088
Epoch 28: 
BAS Score on Validation Data (Training Time 0.967154):  0.9507850909803063
Epoch 29: 
BAS Score on Validation Data (Training Time 0.969522):  0.9540227910171435
Epoch 30: 
BAS Score on Validation Data (Training Time 0.966807):  0.9534553391849729
Epoch 31: 
BAS Score on Validation Data (Training Time 0.967709):  0.9540378091223704
Epoch 32: 
BAS Score on Validation Data (Training Time 0.966414):  0.9552126128404276
Epoch 33: 
BAS Score on Validation Data (Training Time 0.971022):  0.9549260922660574
Epoch 34: 
BAS Score on Validation Data (Training Time 0.963413):  0.9542338606308535
Epoch 35: 
BAS Score on Validation Data (Training Time 0.965590):  0.95579717240543
Epoch 36: 
BAS Score on Validation Data (Training Time 0.967425):  0.9560084119107016
Epoch 37: 
BAS Score on Validation Data (Training Time 0.970838):  0.9560140758473508
Epoch 38: 
BAS Score on Validation Data (Training Time 0.972060):  0.9566231029576402
Epoch 39: 
BAS Score on Validation Data (Training Time 0.966845):  0.9543488718621068
Epoch 40: 
BAS Score on Validation Data (Training Time 0.968017):  0.9558631199573536
Epoch 41: 
BAS Score on Validation Data (Training Time 0.971542):  0.9564213128924285
Epoch 42: 
BAS Score on Validation Data (Training Time 0.968576):  0.955248333638933
Epoch 43: 
BAS Score on Validation Data (Training Time 0.967866):  0.9577166965069059
Epoch 44: 
BAS Score on Validation Data (Training Time 0.966381):  0.959000806216762
Epoch 45: 
BAS Score on Validation Data (Training Time 0.968194):  0.953834099321115
Epoch 46: 
BAS Score on Validation Data (Training Time 0.968053):  0.9556461958640304
Epoch 47: 
BAS Score on Validation Data (Training Time 0.973456):  0.9558215446792349
Epoch 48: 
BAS Score on Validation Data (Training Time 0.969877):  0.9593460098020831
Epoch 49: 
BAS Score on Validation Data (Training Time 0.969183):  0.9592911869146222
Epoch 50: 
BAS Score on Validation Data (Training Time 0.970733):  0.9603414346898843
Epoch 51: 
BAS Score on Validation Data (Training Time 0.967969):  0.9602207595219818
Epoch 52: 
BAS Score on Validation Data (Training Time 0.967553):  0.9588935692011656
Epoch 53: 
BAS Score on Validation Data (Training Time 0.969523):  0.9583031011878728
Epoch 54: 
BAS Score on Validation Data (Training Time 0.968981):  0.9603453694334537
Epoch 55: 
BAS Score on Validation Data (Training Time 0.971651):  0.9605715524238727
Epoch 56: 
BAS Score on Validation Data (Training Time 0.969593):  0.960695992443783
Epoch 57: 
BAS Score on Validation Data (Training Time 0.968635):  0.9613105882192396
Epoch 58: 
BAS Score on Validation Data (Training Time 0.970886):  0.9609712597649342
Epoch 59: 
BAS Score on Validation Data (Training Time 0.969308):  0.9616142371778444
Epoch 60: 
BAS Score on Validation Data (Training Time 0.973958):  0.9615086547352485
Epoch 61: 
BAS Score on Validation Data (Training Time 0.973814):  0.9621270899827925
Epoch 62: 
BAS Score on Validation Data (Training Time 0.969226):  0.9616633008571741
Epoch 63: 
BAS Score on Validation Data (Training Time 0.970692):  0.9603809203403979
Epoch 64: 
BAS Score on Validation Data (Training Time 0.973426):  0.9620516390221323
Epoch 65: 
BAS Score on Validation Data (Training Time 0.978418):  0.959549740254741
Epoch 66: 
BAS Score on Validation Data (Training Time 0.969303):  0.9620233526561606
Epoch 67: 
BAS Score on Validation Data (Training Time 0.969132):  0.9616502024879909
Epoch 68: 
BAS Score on Validation Data (Training Time 0.973255):  0.9628512029444144
Epoch 69: 
BAS Score on Validation Data (Training Time 0.976480):  0.9614728386652608
Epoch 70: 
BAS Score on Validation Data (Training Time 0.969932):  0.9606298003802186
Epoch 71: 
BAS Score on Validation Data (Training Time 0.970262):  0.9630775558263949
Epoch 72: 
BAS Score on Validation Data (Training Time 0.980729):  0.9629756429643249
Epoch 73: 
BAS Score on Validation Data (Training Time 0.969553):  0.9631340539382586
Epoch 74: 
BAS Score on Validation Data (Training Time 0.970819):  0.9622721374244995
Epoch 75: 
BAS Score on Validation Data (Training Time 0.969402):  0.9625438097852043
Epoch 76: 
BAS Score on Validation Data (Training Time 0.977566):  0.9623289006994068
Epoch 77: 
BAS Score on Validation Data (Training Time 0.975327):  0.9630510939249849
Epoch 78: 
BAS Score on Validation Data (Training Time 0.967757):  0.9594632059324234
Epoch 79: 
BAS Score on Validation Data (Training Time 0.977598):  0.962796359405551
Epoch 80: 
BAS Score on Validation Data (Training Time 0.973252):  0.9614331291545088
Epoch 81: 
BAS Score on Validation Data (Training Time 0.970773):  0.9632999739648058
Epoch 82: 
BAS Score on Validation Data (Training Time 0.972546):  0.9633773446615096
Epoch 83: 
BAS Score on Validation Data (Training Time 0.980975):  0.9604676452056795
Epoch 84: 
BAS Score on Validation Data (Training Time 0.980192):  0.963352727876064
Epoch 85: 
BAS Score on Validation Data (Training Time 0.981411):  0.9637656828264678
Epoch 86: 
BAS Score on Validation Data (Training Time 0.971428):  0.9634413518259869
Epoch 87: 
BAS Score on Validation Data (Training Time 0.969345):  0.9636827228131942
Epoch 88: 
BAS Score on Validation Data (Training Time 0.976347):  0.9624116908211189
Epoch 89: 
BAS Score on Validation Data (Training Time 0.970605):  0.9637656828264678
Epoch 90: 
BAS Score on Validation Data (Training Time 0.969316):  0.9625927988444545
Epoch 91: 
BAS Score on Validation Data (Training Time 0.968195):  0.9629189749608997
Epoch 92: 
BAS Score on Validation Data (Training Time 0.970707):  0.9636450076585654
Epoch 93: 
BAS Score on Validation Data (Training Time 0.971051):  0.9636262247013305
Epoch 94: 
BAS Score on Validation Data (Training Time 0.978990):  0.9638278655263832
Epoch 95: 
BAS Score on Validation Data (Training Time 0.968683):  0.9636016079158849
Epoch 96: 
BAS Score on Validation Data (Training Time 0.971897):  0.9624987554695233
Epoch 97: 
BAS Score on Validation Data (Training Time 0.969852):  0.9640560428729255
Epoch 98: 
BAS Score on Validation Data (Training Time 0.968629):  0.9618291669150443
Epoch 99: 
BAS Score on Validation Data (Training Time 0.969134):  0.9637694476784758
Epoch 100: 
BAS Score on Validation Data (Training Time 0.969744):  0.9634413518259869
Epoch 101: 
BAS Score on Validation Data (Training Time 0.971646):  0.9641579557349954
Epoch 102: 
BAS Score on Validation Data (Training Time 0.973048):  0.9624007773510228
Epoch 103: 
BAS Score on Validation Data (Training Time 0.970277):  0.9590930664299364
Epoch 104: 
BAS Score on Validation Data (Training Time 0.973292):  0.9640260066624715
Epoch 105: 
BAS Score on Validation Data (Training Time 0.978683):  0.9634603046747833
Epoch 106: 
BAS Score on Validation Data (Training Time 0.972134):  0.963484676948588
Epoch 107: 
BAS Score on Validation Data (Training Time 0.971969):  0.9631829477260269
Epoch 108: 
BAS Score on Validation Data (Training Time 0.976314):  0.9627002264030148
Epoch 109: 
BAS Score on Validation Data (Training Time 0.982395):  0.9633753296539839
Epoch 110: 
BAS Score on Validation Data (Training Time 0.980694):  0.9629229843245485
Epoch 111: 
BAS Score on Validation Data (Training Time 0.981450):  0.9640975228795622
Epoch 112: 
BAS Score on Validation Data (Training Time 0.974333):  0.9638826137937647
Epoch 113: 
BAS Score on Validation Data (Training Time 0.981834):  0.9635017100613407
Epoch 114: 
BAS Score on Validation Data (Training Time 0.969989):  0.9639185044838318
Epoch 115: 
BAS Score on Validation Data (Training Time 0.970358):  0.9639052362230872
Epoch 116: 
BAS Score on Validation Data (Training Time 0.972553):  0.9639920357084483
Epoch 117: 
BAS Score on Validation Data (Training Time 0.974318):  0.9643219560254989
Epoch 118: 
BAS Score on Validation Data (Training Time 0.969100):  0.963778876467133
Epoch 119: 
BAS Score on Validation Data (Training Time 0.974076):  0.9616931671760666
Epoch 120: 
BAS Score on Validation Data (Training Time 0.974109):  0.9643464029193831
Epoch 121: 
BAS Score on Validation Data (Training Time 0.969536):  0.9622067408500655
Epoch 122: 
BAS Score on Validation Data (Training Time 0.969394):  0.9638618364804067
Epoch 123: 
BAS Score on Validation Data (Training Time 0.980933):  0.9640711562496344
Epoch 124: 
BAS Score on Validation Data (Training Time 0.977348):  0.960850298782586
Epoch 125: 
BAS Score on Validation Data (Training Time 0.967593):  0.963790129720352
Epoch 126: 
BAS Score on Validation Data (Training Time 0.971203):  0.9643370694022079
Epoch 127: 
BAS Score on Validation Data (Training Time 0.974072):  0.9642240731784804
Epoch 128: 
BAS Score on Validation Data (Training Time 0.965741):  0.9648216358411842
Epoch 129: 
BAS Score on Validation Data (Training Time 0.966356):  0.9642445853287951
Epoch 130: 
BAS Score on Validation Data (Training Time 0.971572):  0.9641374435846807
Epoch 131: 
BAS Score on Validation Data (Training Time 0.966746):  0.9641786584282741
Epoch 132: 
BAS Score on Validation Data (Training Time 0.974648):  0.9639598145989071
Epoch 133: 
BAS Score on Validation Data (Training Time 0.967866):  0.9639598145989071
Epoch 134: 
BAS Score on Validation Data (Training Time 0.975852):  0.9640692365135907
Epoch 135: 
BAS Score on Validation Data (Training Time 0.969773):  0.9647971889473
Epoch 136: 
BAS Score on Validation Data (Training Time 0.974003):  0.9640427746121808
Epoch 137: 
BAS Score on Validation Data (Training Time 0.971575):  0.9651290290003945
Epoch 138: 
BAS Score on Validation Data (Training Time 0.971307):  0.9648385736824548
Epoch 139: 
BAS Score on Validation Data (Training Time 0.971082):  0.9645518832165233
Epoch 140: 
BAS Score on Validation Data (Training Time 0.973613):  0.9648197161051405
Epoch 141: 
BAS Score on Validation Data (Training Time 0.980958):  0.9649441561250508
Epoch 142: 
BAS Score on Validation Data (Training Time 0.974351):  0.9646689094553023
Epoch 143: 
BAS Score on Validation Data (Training Time 0.976126):  0.9640088036581574
Epoch 144: 
BAS Score on Validation Data (Training Time 0.976582):  0.9650800399411442
Epoch 145: 
BAS Score on Validation Data (Training Time 0.969702):  0.9650535780397343
Epoch 146: 
BAS Score on Validation Data (Training Time 0.974534):  0.9648197161051405
Epoch 147: 
BAS Score on Validation Data (Training Time 0.970811):  0.9642426655927513
Epoch 148: 
BAS Score on Validation Data (Training Time 0.975687):  0.9636486772390914
Epoch 149: 
BAS Score on Validation Data (Training Time 0.973748):  0.9648879231762306
High Quality
0.9715944902999348 0.9629413960092986 0.9546682020543162 0.9715944902999348 0.9579194173351285
              precision    recall  f1-score   support

           0       0.99      0.99      0.99     34537
           1       0.98      1.00      0.99      6756
           2       0.89      0.93      0.91      3467

    accuracy                           0.98     44760
   macro avg       0.95      0.97      0.96     44760
weighted avg       0.98      0.98      0.98     44760

Low Quality
0.9374505939855484 0.7087255931413643 0.6931142410015649 0.9374505939855484 0.7288388783290214
              precision    recall  f1-score   support

           0       1.00      0.90      0.95      1960
           1       0.97      0.99      0.98       235
           2       0.11      0.92      0.20        26

    accuracy                           0.91      2221
   macro avg       0.69      0.94      0.71      2221
weighted avg       0.99      0.91      0.94      2221

Emb Dim: 128
Transformer-FNET-128
=====================================================================================================================================================================
Layer (type:depth-idx)                   Input Shape               Output Shape              Kernel Shape              Param #                   Mult-Adds
=====================================================================================================================================================================
TransfomerBlock                          [2, 64, 64]               [2, 3]                    --                        --                        --
├─MakePatches: 1-1                       [2, 64, 64]               [2, 256, 16]              --                        --                        --
│    └─Unfold: 2-1                       [2, 1, 64, 64]            [2, 16, 256]              [4, 4]                    --                        --
├─Linear: 1-2                            [2, 256, 16]              [2, 256, 128]             --                        2,176                     4,352
├─PositionalEncoding: 1-3                [2, 256, 128]             [2, 256, 128]             --                        --                        --
├─FNET: 1-4                              [2, 256, 128]             [2, 256, 128]             --                        --                        --
│    └─LayerNorm: 2-2                    [2, 256, 128]             [2, 256, 128]             --                        256                       512
│    └─Sequential: 2-3                   [2, 256, 128]             [2, 256, 128]             --                        --                        --
│    │    └─Linear: 3-1                  [2, 256, 128]             [2, 256, 128]             --                        16,512                    33,024
│    │    └─ReLU: 3-2                    [2, 256, 128]             [2, 256, 128]             --                        --                        --
│    │    └─Dropout: 3-3                 [2, 256, 128]             [2, 256, 128]             --                        --                        --
│    │    └─Linear: 3-4                  [2, 256, 128]             [2, 256, 128]             --                        16,512                    33,024
│    └─LayerNorm: 2-4                    [2, 256, 128]             [2, 256, 128]             --                        256                       512
├─Sequential: 1-5                        [2, 128]                  [2, 3]                    --                        --                        --
│    └─Linear: 2-5                       [2, 128]                  [2, 64]                   --                        8,256                     16,512
│    └─ReLU: 2-6                         [2, 64]                   [2, 64]                   --                        --                        --
│    └─Linear: 2-7                       [2, 64]                   [2, 32]                   --                        2,080                     4,160
│    └─ReLU: 2-8                         [2, 32]                   [2, 32]                   --                        --                        --
│    └─Linear: 2-9                       [2, 32]                   [2, 3]                    --                        99                        198
=====================================================================================================================================================================
Total params: 46,147
Trainable params: 46,147
Non-trainable params: 0
Total mult-adds (Units.MEGABYTES): 0.09
=====================================================================================================================================================================
Input size (MB): 0.03
Forward/backward pass size (MB): 2.62
Params size (MB): 0.18
Estimated Total Size (MB): 2.84
=====================================================================================================================================================================
Total Trainable Parameters:  46147
Total Parameters:  46147
Epoch 0: 
BAS Score on Validation Data (Training Time 1.108701):  0.5483116138021473
Epoch 1: 
BAS Score on Validation Data (Training Time 1.106045):  0.655255866672264
Epoch 2: 
BAS Score on Validation Data (Training Time 1.107652):  0.8272184701012248
Epoch 3: 
BAS Score on Validation Data (Training Time 1.107979):  0.8982475561913118
Epoch 4: 
BAS Score on Validation Data (Training Time 1.107212):  0.9146079134872681
Epoch 5: 
BAS Score on Validation Data (Training Time 1.107870):  0.917884954614801
Epoch 6: 
BAS Score on Validation Data (Training Time 1.108790):  0.9272150693508138
Epoch 7: 
BAS Score on Validation Data (Training Time 1.107424):  0.9291946245703923
Epoch 8: 
BAS Score on Validation Data (Training Time 1.114080):  0.9313914436664169
Epoch 9: 
BAS Score on Validation Data (Training Time 1.109168):  0.937599093457084
Epoch 10: 
BAS Score on Validation Data (Training Time 1.107743):  0.9371594241080988
Epoch 11: 
BAS Score on Validation Data (Training Time 1.108417):  0.9415115363103649
Epoch 12: 
BAS Score on Validation Data (Training Time 1.115614):  0.9427335252745132
Epoch 13: 
BAS Score on Validation Data (Training Time 1.108424):  0.9439495231847609
Epoch 14: 
BAS Score on Validation Data (Training Time 1.108926):  0.9473513934036631
Epoch 15: 
BAS Score on Validation Data (Training Time 1.113296):  0.946764744211055
Epoch 16: 
BAS Score on Validation Data (Training Time 1.123390):  0.9485637630361899
Epoch 17: 
BAS Score on Validation Data (Training Time 1.108489):  0.947905808820858
Epoch 18: 
BAS Score on Validation Data (Training Time 1.109211):  0.953530790145633
Epoch 19: 
BAS Score on Validation Data (Training Time 1.109024):  0.9527404851204465
Epoch 20: 
BAS Score on Validation Data (Training Time 1.108237):  0.9544469246006867
Epoch 21: 
BAS Score on Validation Data (Training Time 1.108648):  0.9546769470631932
Epoch 22: 
BAS Score on Validation Data (Training Time 1.108513):  0.9571831203572767
Epoch 23: 
BAS Score on Validation Data (Training Time 1.109037):  0.95585734009782
Epoch 24: 
BAS Score on Validation Data (Training Time 1.109491):  0.9559987179590009
Epoch 25: 
BAS Score on Validation Data (Training Time 1.108788):  0.9563475911248481
Epoch 26: 
BAS Score on Validation Data (Training Time 1.108702):  0.9542317503518457
Epoch 27: 
BAS Score on Validation Data (Training Time 1.109746):  0.9589988118606388
Epoch 28: 
BAS Score on Validation Data (Training Time 1.109079):  0.9590064908048137
Epoch 29: 
BAS Score on Validation Data (Training Time 1.109077):  0.9595551596797494
Epoch 30: 
BAS Score on Validation Data (Training Time 1.110201):  0.9596815194357035
Epoch 31: 
BAS Score on Validation Data (Training Time 1.120245):  0.9577187654831084
Epoch 32: 
BAS Score on Validation Data (Training Time 1.109589):  0.9569358202703767
Epoch 33: 
BAS Score on Validation Data (Training Time 1.109319):  0.9611314952034297
Epoch 34: 
BAS Score on Validation Data (Training Time 1.109358):  0.9613653571380235
Epoch 35: 
BAS Score on Validation Data (Training Time 1.108729):  0.9568101400806684
Epoch 36: 
BAS Score on Validation Data (Training Time 1.109487):  0.9594703545505116
Epoch 37: 
BAS Score on Validation Data (Training Time 1.117461):  0.9614049920286961
Epoch 38: 
BAS Score on Validation Data (Training Time 1.109605):  0.9590251038704872
Epoch 39: 
BAS Score on Validation Data (Training Time 1.110971):  0.9617178998843966
Epoch 40: 
BAS Score on Validation Data (Training Time 1.117877):  0.9621308548348004
Epoch 41: 
BAS Score on Validation Data (Training Time 1.114240):  0.9618047739898373
Epoch 42: 
BAS Score on Validation Data (Training Time 1.108921):  0.962300519061953
Epoch 43: 
BAS Score on Validation Data (Training Time 1.115300):  0.9624439119306599
Epoch 44: 
BAS Score on Validation Data (Training Time 1.110288):  0.9627266883044245
Epoch 45: 
BAS Score on Validation Data (Training Time 1.109489):  0.9628832541623941
Epoch 46: 
BAS Score on Validation Data (Training Time 1.109308):  0.9629926967284801
Epoch 47: 
BAS Score on Validation Data (Training Time 1.110392):  0.9620424753965185
Epoch 48: 
BAS Score on Validation Data (Training Time 1.109450):  0.9633923627667366
Epoch 49: 
BAS Score on Validation Data (Training Time 1.113781):  0.9630944936676654
Epoch 50: 
BAS Score on Validation Data (Training Time 1.109268):  0.9637674326709501
Epoch 51: 
BAS Score on Validation Data (Training Time 1.108646):  0.9640711562496344
Epoch 52: 
BAS Score on Validation Data (Training Time 1.116429):  0.9639862018802376
Epoch 53: 
BAS Score on Validation Data (Training Time 1.110315):  0.9615672424747174
Epoch 54: 
BAS Score on Validation Data (Training Time 1.109771):  0.9642181234273851
Epoch 55: 
BAS Score on Validation Data (Training Time 1.116251):  0.9611693802496201
Epoch 56: 
BAS Score on Validation Data (Training Time 1.109823):  0.9606805392839511
Epoch 57: 
BAS Score on Validation Data (Training Time 1.109996):  0.9637561794177311
Epoch 58: 
BAS Score on Validation Data (Training Time 1.113951):  0.96434267937018
Epoch 59: 
BAS Score on Validation Data (Training Time 1.109926):  0.9638147671572002
Epoch 60: 
BAS Score on Validation Data (Training Time 1.109133):  0.9634452865695563
Epoch 61: 
BAS Score on Validation Data (Training Time 1.110502):  0.9653910074093984
Epoch 62: 
BAS Score on Validation Data (Training Time 1.109060):  0.9637617687343009
Epoch 63: 
BAS Score on Validation Data (Training Time 1.111149):  0.9643653557681794
Epoch 64: 
BAS Score on Validation Data (Training Time 1.110580):  0.9645254213151134
Epoch 65: 
BAS Score on Validation Data (Training Time 1.109221):  0.9639240398317246
Epoch 66: 
BAS Score on Validation Data (Training Time 1.109260):  0.9644367973651905
Epoch 67: 
BAS Score on Validation Data (Training Time 1.116893):  0.9649856361316878
Epoch 68: 
BAS Score on Validation Data (Training Time 1.111712):  0.9651704137355493
Epoch 69: 
BAS Score on Validation Data (Training Time 1.110944):  0.9647932542037306
Epoch 70: 
BAS Score on Validation Data (Training Time 1.114820):  0.964791429739169
Epoch 71: 
BAS Score on Validation Data (Training Time 1.112480):  0.9648386689539369
Epoch 72: 
BAS Score on Validation Data (Training Time 1.111043):  0.9644480506184095
Epoch 73: 
BAS Score on Validation Data (Training Time 1.109044):  0.965460773782007
Epoch 74: 
BAS Score on Validation Data (Training Time 1.114457):  0.9651382878974902
Epoch 75: 
BAS Score on Validation Data (Training Time 1.110633):  0.9650836142501883
Epoch 76: 
BAS Score on Validation Data (Training Time 1.109850):  0.9636245701283302
Epoch 77: 
BAS Score on Validation Data (Training Time 1.111541):  0.9636621153913976
Epoch 78: 
BAS Score on Validation Data (Training Time 1.111367):  0.964768732689767
Epoch 79: 
BAS Score on Validation Data (Training Time 1.110535):  0.9658530466905345
Epoch 80: 
BAS Score on Validation Data (Training Time 1.113005):  0.9655380698586313
Epoch 81: 
BAS Score on Validation Data (Training Time 1.109343):  0.9656476616648764
Epoch 82: 
BAS Score on Validation Data (Training Time 1.116838):  0.9630778209894383
Epoch 83: 
BAS Score on Validation Data (Training Time 1.110466):  0.9654626188979711
Epoch 84: 
BAS Score on Validation Data (Training Time 1.110925):  0.9653042079240374
Epoch 85: 
BAS Score on Validation Data (Training Time 1.110454):  0.9653796588846976
Epoch 86: 
BAS Score on Validation Data (Training Time 1.118415):  0.9662169379616086
Epoch 87: 
BAS Score on Validation Data (Training Time 1.110103):  0.9663301247282999
Epoch 88: 
BAS Score on Validation Data (Training Time 1.109909):  0.964983621124162
Epoch 89: 
BAS Score on Validation Data (Training Time 1.114150):  0.9659566141256049
Epoch 90: 
BAS Score on Validation Data (Training Time 1.109550):  0.9661208795791517
Epoch 91: 
BAS Score on Validation Data (Training Time 1.109939):  0.9655078431052134
Epoch 92: 
BAS Score on Validation Data (Training Time 1.112688):  0.9642124801421385
Epoch 93: 
BAS Score on Validation Data (Training Time 1.109597):  0.9652837703938021
Epoch 94: 
BAS Score on Validation Data (Training Time 1.109261):  0.9663432977175627
Epoch 95: 
BAS Score on Validation Data (Training Time 1.110784):  0.9664677377374731
Epoch 96: 
BAS Score on Validation Data (Training Time 1.109543):  0.966447055695597
Epoch 97: 
BAS Score on Validation Data (Training Time 1.110029):  0.9666412620881157
Epoch 98: 
BAS Score on Validation Data (Training Time 1.117983):  0.9661885563241549
Epoch 99: 
BAS Score on Validation Data (Training Time 1.110504):  0.9666092108701362
Epoch 100: 
BAS Score on Validation Data (Training Time 1.109599):  0.9667657021080261
Epoch 101: 
BAS Score on Validation Data (Training Time 1.116421):  0.9637106693960429
Epoch 102: 
BAS Score on Validation Data (Training Time 1.110212):  0.9665906184558652
Epoch 103: 
BAS Score on Validation Data (Training Time 1.110866):  0.967221982181031
Epoch 104: 
BAS Score on Validation Data (Training Time 1.114703):  0.9677518887501341
Epoch 105: 
BAS Score on Validation Data (Training Time 1.110348):  0.9670635712070972
Epoch 106: 
BAS Score on Validation Data (Training Time 1.111245):  0.9673843278985341
Epoch 107: 
BAS Score on Validation Data (Training Time 1.110588):  0.9680007687899549
Epoch 108: 
BAS Score on Validation Data (Training Time 1.110574):  0.9673464222009414
Epoch 109: 
BAS Score on Validation Data (Training Time 1.110851):  0.9673653004296584
Epoch 110: 
BAS Score on Validation Data (Training Time 1.111362):  0.9674029203128051
Epoch 111: 
BAS Score on Validation Data (Training Time 1.110684):  0.9669616583450272
Epoch 112: 
BAS Score on Validation Data (Training Time 1.111474):  0.9674633531682382
Epoch 113: 
BAS Score on Validation Data (Training Time 1.110238):  0.9639655404897639
Epoch 114: 
BAS Score on Validation Data (Training Time 1.116612):  0.9679348418894339
Epoch 115: 
BAS Score on Validation Data (Training Time 1.110373):  0.9682761107311856
Epoch 116: 
BAS Score on Validation Data (Training Time 1.111217):  0.9675446586085116
Epoch 117: 
BAS Score on Validation Data (Training Time 1.115506):  0.9681705282885895
Epoch 118: 
BAS Score on Validation Data (Training Time 1.110826):  0.9679404312060038
Epoch 119: 
BAS Score on Validation Data (Training Time 1.113142):  0.9665203963772493
Epoch 120: 
BAS Score on Validation Data (Training Time 1.115815):  0.9669545097269392
Epoch 121: 
BAS Score on Validation Data (Training Time 1.110137):  0.9681253040813473
Epoch 122: 
BAS Score on Validation Data (Training Time 1.110620):  0.9675179315440583
Epoch 123: 
BAS Score on Validation Data (Training Time 1.114777):  0.9669469054028438
Epoch 124: 
BAS Score on Validation Data (Training Time 1.111696):  0.9678594655488534
Epoch 125: 
BAS Score on Validation Data (Training Time 1.112715):  0.9663207705597223
Epoch 126: 
BAS Score on Validation Data (Training Time 1.112548):  0.9677197422606726
Epoch 127: 
BAS Score on Validation Data (Training Time 1.110310):  0.9677537132146959
Epoch 128: 
BAS Score on Validation Data (Training Time 1.110568):  0.9663827833680761
Epoch 129: 
BAS Score on Validation Data (Training Time 1.118492):  0.9663733545794191
Epoch 130: 
BAS Score on Validation Data (Training Time 1.111414):  0.9681668587080635
Epoch 131: 
BAS Score on Validation Data (Training Time 1.119054):  0.9678725639180366
Epoch 132: 
BAS Score on Validation Data (Training Time 1.117259):  0.9682761107311856
Epoch 133: 
BAS Score on Validation Data (Training Time 1.112438):  0.9668564363369567
Epoch 134: 
BAS Score on Validation Data (Training Time 1.111589):  0.9685647209331609
Epoch 135: 
BAS Score on Validation Data (Training Time 1.114883):  0.9661979104927326
Epoch 136: 
BAS Score on Validation Data (Training Time 1.111261):  0.9671369325401522
Epoch 137: 
BAS Score on Validation Data (Training Time 1.110904):  0.9664487102685971
Epoch 138: 
BAS Score on Validation Data (Training Time 1.110681):  0.9685324998236199
Epoch 139: 
BAS Score on Validation Data (Training Time 1.110711):  0.9677197422606726
Epoch 140: 
BAS Score on Validation Data (Training Time 1.110266):  0.9667429097871422
Epoch 141: 
BAS Score on Validation Data (Training Time 1.111905):  0.968396785899088
Epoch 142: 
BAS Score on Validation Data (Training Time 1.111296):  0.9679555239313101
Epoch 143: 
BAS Score on Validation Data (Training Time 1.110243):  0.968321334938428
Epoch 144: 
BAS Score on Validation Data (Training Time 1.119517):  0.9673183057265312
Epoch 145: 
BAS Score on Validation Data (Training Time 1.111170):  0.9686794670013708
Epoch 146: 
BAS Score on Validation Data (Training Time 1.111465):  0.9686041859322719
Epoch 147: 
BAS Score on Validation Data (Training Time 1.117020):  0.9687777102829148
Epoch 148: 
BAS Score on Validation Data (Training Time 1.112684):  0.96803656420854
Epoch 149: 
BAS Score on Validation Data (Training Time 1.110415):  0.9676782622540357
High Quality
0.9676142715855978 0.9698797212622855 0.9724784463279578 0.9676142715855978 0.9672254763023214
              precision    recall  f1-score   support

           0       0.99      0.99      0.99     34537
           1       0.98      1.00      0.99      6756
           2       0.95      0.91      0.93      3467

    accuracy                           0.99     44760
   macro avg       0.97      0.97      0.97     44760
weighted avg       0.99      0.99      0.99     44760

Low Quality
0.9357927786499215 0.7793987334206012 0.7341892241755898 0.9357927786499215 0.858282153715513
              precision    recall  f1-score   support

           0       1.00      0.96      0.98      1960
           1       0.96      1.00      0.98       235
           2       0.24      0.85      0.38        26

    accuracy                           0.96      2221
   macro avg       0.73      0.94      0.78      2221
weighted avg       0.99      0.96      0.97      2221

Emb Dim: 64
Transformer-MHA-64
=====================================================================================================================================================================
Layer (type:depth-idx)                   Input Shape               Output Shape              Kernel Shape              Param #                   Mult-Adds
=====================================================================================================================================================================
TransfomerBlock                          [2, 64, 64]               [2, 3]                    --                        --                        --
├─MakePatches: 1-1                       [2, 64, 64]               [2, 256, 16]              --                        --                        --
│    └─Unfold: 2-1                       [2, 1, 64, 64]            [2, 16, 256]              [4, 4]                    --                        --
├─Linear: 1-2                            [2, 256, 16]              [2, 256, 64]              --                        1,088                     2,176
├─PositionalEncoding: 1-3                [2, 256, 64]              [2, 256, 64]              --                        --                        --
├─TransformerEncoderLayer: 1-4           [2, 256, 64]              [2, 256, 64]              --                        --                        --
│    └─MultiheadAttention: 2-2           [2, 256, 64]              [2, 256, 64]              --                        16,640                    --
│    └─Dropout: 2-3                      [2, 256, 64]              [2, 256, 64]              --                        --                        --
│    └─LayerNorm: 2-4                    [2, 256, 64]              [2, 256, 64]              --                        128                       256
│    └─Linear: 2-5                       [2, 256, 64]              [2, 256, 2048]            --                        133,120                   266,240
│    └─Dropout: 2-6                      [2, 256, 2048]            [2, 256, 2048]            --                        --                        --
│    └─Linear: 2-7                       [2, 256, 2048]            [2, 256, 64]              --                        131,136                   262,272
│    └─Dropout: 2-8                      [2, 256, 64]              [2, 256, 64]              --                        --                        --
│    └─LayerNorm: 2-9                    [2, 256, 64]              [2, 256, 64]              --                        128                       256
├─Sequential: 1-5                        [2, 64]                   [2, 3]                    --                        --                        --
│    └─Linear: 2-10                      [2, 64]                   [2, 64]                   --                        4,160                     8,320
│    └─ReLU: 2-11                        [2, 64]                   [2, 64]                   --                        --                        --
│    └─Linear: 2-12                      [2, 64]                   [2, 32]                   --                        2,080                     4,160
│    └─ReLU: 2-13                        [2, 32]                   [2, 32]                   --                        --                        --
│    └─Linear: 2-14                      [2, 32]                   [2, 3]                    --                        99                        198
=====================================================================================================================================================================
Total params: 288,579
Trainable params: 288,579
Non-trainable params: 0
Total mult-adds (Units.MEGABYTES): 0.54
=====================================================================================================================================================================
Input size (MB): 0.03
Forward/backward pass size (MB): 9.44
Params size (MB): 1.09
Estimated Total Size (MB): 10.56
=====================================================================================================================================================================
Total Trainable Parameters:  288579
Total Parameters:  288579
Epoch 0: 
BAS Score on Validation Data (Training Time 1.687568):  0.3393676080135168
Epoch 1: 
BAS Score on Validation Data (Training Time 1.685676):  0.811200497908403
Epoch 2: 
BAS Score on Validation Data (Training Time 1.685969):  0.918455113686615
Epoch 3: 
BAS Score on Validation Data (Training Time 1.687536):  0.9350726651901984
Epoch 4: 
BAS Score on Validation Data (Training Time 1.686192):  0.9452445796819875
Epoch 5: 
BAS Score on Validation Data (Training Time 1.686563):  0.9443925556484235
Epoch 6: 
BAS Score on Validation Data (Training Time 1.687317):  0.9539208368522685
Epoch 7: 
BAS Score on Validation Data (Training Time 1.688690):  0.9486503593127152
Epoch 8: 
BAS Score on Validation Data (Training Time 1.690112):  0.9552426077480763
Epoch 9: 
BAS Score on Validation Data (Training Time 1.690582):  0.951838879747338
Epoch 10: 
BAS Score on Validation Data (Training Time 1.690372):  0.957096150980354
Epoch 11: 
BAS Score on Validation Data (Training Time 1.693964):  0.9575657945855857
Epoch 12: 
BAS Score on Validation Data (Training Time 1.688880):  0.9560537187235539
Epoch 13: 
BAS Score on Validation Data (Training Time 1.687725):  0.9546310353041744
Epoch 14: 
BAS Score on Validation Data (Training Time 1.688635):  0.9576334380133145
Epoch 15: 
BAS Score on Validation Data (Training Time 1.687420):  0.9552256652264645
Epoch 16: 
BAS Score on Validation Data (Training Time 1.687490):  0.9573143279093473
Epoch 17: 
BAS Score on Validation Data (Training Time 1.687371):  0.9629056860487525
Epoch 18: 
BAS Score on Validation Data (Training Time 1.688323):  0.9580574350225707
Epoch 19: 
BAS Score on Validation Data (Training Time 1.688688):  0.9607069472166841
Epoch 20: 
BAS Score on Validation Data (Training Time 1.687807):  0.9583124426905787
Epoch 21: 
BAS Score on Validation Data (Training Time 1.687990):  0.9407816054915935
Epoch 22: 
BAS Score on Validation Data (Training Time 1.690795):  0.9591384891656732
Epoch 23: 
BAS Score on Validation Data (Training Time 1.688059):  0.9619165173778949
Epoch 24: 
BAS Score on Validation Data (Training Time 1.692101):  0.9499211198208739
Epoch 25: 
BAS Score on Validation Data (Training Time 1.686992):  0.9642220248536802
Epoch 26: 
BAS Score on Validation Data (Training Time 1.694504):  0.9658094770562925
Epoch 27: 
BAS Score on Validation Data (Training Time 1.688983):  0.9580609680288097
Epoch 28: 
BAS Score on Validation Data (Training Time 1.695670):  0.9669051602331634
Epoch 29: 
BAS Score on Validation Data (Training Time 1.687322):  0.9627986682130535
Epoch 30: 
BAS Score on Validation Data (Training Time 1.692649):  0.9587419130935201
Epoch 31: 
BAS Score on Validation Data (Training Time 1.688290):  0.9624474735738321
Epoch 32: 
BAS Score on Validation Data (Training Time 1.688589):  0.9658229565114037
Epoch 33: 
BAS Score on Validation Data (Training Time 1.688591):  0.9575467957536429
Epoch 34: 
BAS Score on Validation Data (Training Time 1.690134):  0.9580220286754443
Epoch 35: 
BAS Score on Validation Data (Training Time 1.689701):  0.9645996400915063
Epoch 36: 
BAS Score on Validation Data (Training Time 1.693846):  0.9639730908451826
Epoch 37: 
BAS Score on Validation Data (Training Time 1.690625):  0.9618954289183471
Epoch 38: 
BAS Score on Validation Data (Training Time 1.688810):  0.9625466902215986
Epoch 39: 
BAS Score on Validation Data (Training Time 1.695098):  0.965836096183392
Epoch 40: 
BAS Score on Validation Data (Training Time 1.689751):  0.9609200731407249
Epoch 41: 
BAS Score on Validation Data (Training Time 1.698273):  0.956145945619454
Epoch 42: 
BAS Score on Validation Data (Training Time 1.688345):  0.9679119542970681
Epoch 43: 
BAS Score on Validation Data (Training Time 1.688405):  0.9643423729043317
Epoch 44: 
BAS Score on Validation Data (Training Time 1.688007):  0.966262244774461
Epoch 45: 
BAS Score on Validation Data (Training Time 1.689108):  0.9675897542269976
Epoch 46: 
BAS Score on Validation Data (Training Time 1.688654):  0.9582897662925793
Epoch 47: 
BAS Score on Validation Data (Training Time 1.694890):  0.9659114518725701
Epoch 48: 
BAS Score on Validation Data (Training Time 1.688813):  0.9655513254535041
Epoch 49: 
BAS Score on Validation Data (Training Time 1.695793):  0.96791377876163
Epoch 50: 
BAS Score on Validation Data (Training Time 1.688010):  0.9609511240202062
Epoch 51: 
BAS Score on Validation Data (Training Time 1.695618):  0.968383443018264
Epoch 52: 
BAS Score on Validation Data (Training Time 1.688390):  0.9682761520339908
Epoch 53: 
BAS Score on Validation Data (Training Time 1.689021):  0.969026610974138
Epoch 54: 
BAS Score on Validation Data (Training Time 1.688627):  0.967320593882631
Epoch 55: 
BAS Score on Validation Data (Training Time 1.690156):  0.9653648393079651
Epoch 56: 
BAS Score on Validation Data (Training Time 1.689077):  0.9634941343741783
Epoch 57: 
BAS Score on Validation Data (Training Time 1.694975):  0.9694167529522554
Epoch 58: 
BAS Score on Validation Data (Training Time 1.689122):  0.968298447346062
Epoch 59: 
BAS Score on Validation Data (Training Time 1.716642):  0.9661850852721235
Epoch 60: 
BAS Score on Validation Data (Training Time 1.690328):  0.9672449730304095
Epoch 61: 
BAS Score on Validation Data (Training Time 1.693824):  0.9654665822784739
Epoch 62: 
BAS Score on Validation Data (Training Time 1.689483):  0.9688757297042203
Epoch 63: 
BAS Score on Validation Data (Training Time 1.687730):  0.9672633129475088
Epoch 64: 
BAS Score on Validation Data (Training Time 1.688885):  0.9642485900121027
Epoch 65: 
BAS Score on Validation Data (Training Time 1.690620):  0.9673143376656874
Epoch 66: 
BAS Score on Validation Data (Training Time 1.689314):  0.970474932168864
Epoch 67: 
BAS Score on Validation Data (Training Time 1.688936):  0.965607101055785
Epoch 68: 
BAS Score on Validation Data (Training Time 1.693476):  0.9671541022271919
Epoch 69: 
BAS Score on Validation Data (Training Time 1.689446):  0.9707877987217596
Epoch 70: 
BAS Score on Validation Data (Training Time 1.695880):  0.9635150482618234
Epoch 71: 
BAS Score on Validation Data (Training Time 1.689430):  0.970235596840585
Epoch 72: 
BAS Score on Validation Data (Training Time 1.694597):  0.9706445011245348
Epoch 73: 
BAS Score on Validation Data (Training Time 1.689027):  0.97055192177964
Epoch 74: 
BAS Score on Validation Data (Training Time 1.689738):  0.9708594102103322
Epoch 75: 
BAS Score on Validation Data (Training Time 1.689420):  0.9615177104235082
Epoch 76: 
BAS Score on Validation Data (Training Time 1.691821):  0.9669545383638724
Epoch 77: 
BAS Score on Validation Data (Training Time 1.689530):  0.9652516938440788
Epoch 78: 
BAS Score on Validation Data (Training Time 1.694818):  0.9689398321401795
Epoch 79: 
BAS Score on Validation Data (Training Time 1.690051):  0.9657316903158543
Epoch 80: 
BAS Score on Validation Data (Training Time 1.696873):  0.9658086879121609
Epoch 81: 
BAS Score on Validation Data (Training Time 1.689784):  0.9641781074507847
Epoch 82: 
BAS Score on Validation Data (Training Time 1.694320):  0.9666307583408807
Epoch 83: 
BAS Score on Validation Data (Training Time 1.689734):  0.9687493699482661
Epoch 84: 
BAS Score on Validation Data (Training Time 1.690816):  0.9709032863104227
Epoch 85: 
BAS Score on Validation Data (Training Time 1.690463):  0.9659700062947646
Epoch 86: 
BAS Score on Validation Data (Training Time 1.691725):  0.9708649788754995
Epoch 87: 
BAS Score on Validation Data (Training Time 1.690625):  0.9707897391092059
Epoch 88: 
BAS Score on Validation Data (Training Time 1.697523):  0.9696997405203867
Epoch 89: 
BAS Score on Validation Data (Training Time 1.691636):  0.9701408659138774
Epoch 90: 
BAS Score on Validation Data (Training Time 1.697996):  0.9713759325958063
Epoch 91: 
BAS Score on Validation Data (Training Time 1.690883):  0.9714763274591629
Epoch 92: 
BAS Score on Validation Data (Training Time 1.694625):  0.9684629859481831
Epoch 93: 
BAS Score on Validation Data (Training Time 1.691150):  0.9690076787767442
Epoch 94: 
BAS Score on Validation Data (Training Time 1.690538):  0.9685002580626763
Epoch 95: 
BAS Score on Validation Data (Training Time 1.690422):  0.9723153357291537
Epoch 96: 
BAS Score on Validation Data (Training Time 1.692085):  0.9574173460315855
Epoch 97: 
BAS Score on Validation Data (Training Time 1.689167):  0.9686194771860731
Epoch 98: 
BAS Score on Validation Data (Training Time 1.690762):  0.9725792132227989
Epoch 99: 
BAS Score on Validation Data (Training Time 1.696110):  0.9621426004164905
Epoch 100: 
BAS Score on Validation Data (Training Time 1.690969):  0.972000147702884
Epoch 101: 
BAS Score on Validation Data (Training Time 1.697128):  0.9719720518798763
Epoch 102: 
BAS Score on Validation Data (Training Time 1.690939):  0.9709139885861523
Epoch 103: 
BAS Score on Validation Data (Training Time 1.695412):  0.9669905656282265
Epoch 104: 
BAS Score on Validation Data (Training Time 1.690379):  0.9725622753815282
Epoch 105: 
BAS Score on Validation Data (Training Time 1.690512):  0.9521786116036314
Epoch 106: 
BAS Score on Validation Data (Training Time 1.692169):  0.9689414454103747
Epoch 107: 
BAS Score on Validation Data (Training Time 1.691554):  0.9713820189211885
Epoch 108: 
BAS Score on Validation Data (Training Time 1.691428):  0.9724903987299122
Epoch 109: 
BAS Score on Validation Data (Training Time 1.697420):  0.9731902346892115
Epoch 110: 
BAS Score on Validation Data (Training Time 1.690827):  0.9672323843359106
Epoch 111: 
BAS Score on Validation Data (Training Time 1.697966):  0.971152145698841
Epoch 112: 
BAS Score on Validation Data (Training Time 1.690603):  0.9679430051765495
Epoch 113: 
BAS Score on Validation Data (Training Time 1.696048):  0.9721812557262196
Epoch 114: 
BAS Score on Validation Data (Training Time 1.692484):  0.971206670105984
Epoch 115: 
BAS Score on Validation Data (Training Time 1.690771):  0.9722867428973335
Epoch 116: 
BAS Score on Validation Data (Training Time 1.690684):  0.9717024484953743
Epoch 117: 
BAS Score on Validation Data (Training Time 1.692185):  0.9720059275624178
Epoch 118: 
BAS Score on Validation Data (Training Time 1.690479):  0.9649352942849445
Epoch 119: 
BAS Score on Validation Data (Training Time 1.696668):  0.9679990475824058
Epoch 120: 
BAS Score on Validation Data (Training Time 1.691541):  0.9728638886812048
Epoch 121: 
BAS Score on Validation Data (Training Time 1.698190):  0.9723697029106072
Epoch 122: 
BAS Score on Validation Data (Training Time 1.693533):  0.9690718018641059
Epoch 123: 
BAS Score on Validation Data (Training Time 1.696127):  0.9718173104864687
Epoch 124: 
BAS Score on Validation Data (Training Time 1.691514):  0.9648923089454663
Epoch 125: 
BAS Score on Validation Data (Training Time 1.691068):  0.9716664085651484
Epoch 126: 
BAS Score on Validation Data (Training Time 1.690017):  0.9699154244439119
Epoch 127: 
BAS Score on Validation Data (Training Time 1.690852):  0.9664403914204495
Epoch 128: 
BAS Score on Validation Data (Training Time 1.691066):  0.9719116190244431
Epoch 129: 
BAS Score on Validation Data (Training Time 1.690815):  0.9695095101742423
Epoch 130: 
BAS Score on Validation Data (Training Time 1.695615):  0.9708277940469575
Epoch 131: 
BAS Score on Validation Data (Training Time 1.690007):  0.9604643137677443
Epoch 132: 
BAS Score on Validation Data (Training Time 1.697633):  0.9676689367223913
Epoch 133: 
BAS Score on Validation Data (Training Time 1.690814):  0.9707140976055816
Epoch 134: 
BAS Score on Validation Data (Training Time 1.694887):  0.9715895681945314
Epoch 135: 
BAS Score on Validation Data (Training Time 1.691041):  0.9609029844187633
Epoch 136: 
BAS Score on Validation Data (Training Time 1.689653):  0.9682124180180876
Epoch 137: 
BAS Score on Validation Data (Training Time 1.689662):  0.9723717385695353
Epoch 138: 
BAS Score on Validation Data (Training Time 1.691797):  0.9727999021681302
Epoch 139: 
BAS Score on Validation Data (Training Time 1.689910):  0.9724209181717497
Epoch 140: 
BAS Score on Validation Data (Training Time 1.695709):  0.9699152339009478
Epoch 141: 
BAS Score on Validation Data (Training Time 1.690226):  0.9724397757490642
Epoch 142: 
BAS Score on Validation Data (Training Time 1.696721):  0.9646109632844634
Epoch 143: 
BAS Score on Validation Data (Training Time 1.689985):  0.9698845387756507
Epoch 144: 
BAS Score on Validation Data (Training Time 1.694684):  0.9717703570861467
Epoch 145: 
BAS Score on Validation Data (Training Time 1.690206):  0.9714647883914981
Epoch 146: 
BAS Score on Validation Data (Training Time 1.690326):  0.9698768185286708
Epoch 147: 
BAS Score on Validation Data (Training Time 1.690106):  0.9709449155572184
Epoch 148: 
BAS Score on Validation Data (Training Time 1.691172):  0.9665573017363439
Epoch 149: 
BAS Score on Validation Data (Training Time 1.689695):  0.9709656182504971
High Quality
0.92939558833328 0.8204226356245937 0.7903439714401267 0.92939558833328 0.7650934693234499
              precision    recall  f1-score   support

           0       0.99      0.85      0.92     34537
           1       0.98      0.99      0.99      6756
           2       0.39      0.94      0.55      3467

    accuracy                           0.88     44760
   macro avg       0.79      0.93      0.82     44760
weighted avg       0.95      0.88      0.90     44760

Low Quality
0.8741816693944354 0.6264042002773803 0.6605633525966111 0.8741816693944354 0.5304236699787993
              precision    recall  f1-score   support

           0       1.00      0.72      0.84      1960
           1       0.94      0.97      0.96       235
           2       0.04      0.92      0.08        26

    accuracy                           0.75      2221
   macro avg       0.66      0.87      0.63      2221
weighted avg       0.98      0.75      0.84      2221

Emb Dim: 128
Transformer-MHA-128
=====================================================================================================================================================================
Layer (type:depth-idx)                   Input Shape               Output Shape              Kernel Shape              Param #                   Mult-Adds
=====================================================================================================================================================================
TransfomerBlock                          [2, 64, 64]               [2, 3]                    --                        --                        --
├─MakePatches: 1-1                       [2, 64, 64]               [2, 256, 16]              --                        --                        --
│    └─Unfold: 2-1                       [2, 1, 64, 64]            [2, 16, 256]              [4, 4]                    --                        --
├─Linear: 1-2                            [2, 256, 16]              [2, 256, 128]             --                        2,176                     4,352
├─PositionalEncoding: 1-3                [2, 256, 128]             [2, 256, 128]             --                        --                        --
├─TransformerEncoderLayer: 1-4           [2, 256, 128]             [2, 256, 128]             --                        --                        --
│    └─MultiheadAttention: 2-2           [2, 256, 128]             [2, 256, 128]             --                        66,048                    --
│    └─Dropout: 2-3                      [2, 256, 128]             [2, 256, 128]             --                        --                        --
│    └─LayerNorm: 2-4                    [2, 256, 128]             [2, 256, 128]             --                        256                       512
│    └─Linear: 2-5                       [2, 256, 128]             [2, 256, 2048]            --                        264,192                   528,384
│    └─Dropout: 2-6                      [2, 256, 2048]            [2, 256, 2048]            --                        --                        --
│    └─Linear: 2-7                       [2, 256, 2048]            [2, 256, 128]             --                        262,272                   524,544
│    └─Dropout: 2-8                      [2, 256, 128]             [2, 256, 128]             --                        --                        --
│    └─LayerNorm: 2-9                    [2, 256, 128]             [2, 256, 128]             --                        256                       512
├─Sequential: 1-5                        [2, 128]                  [2, 3]                    --                        --                        --
│    └─Linear: 2-10                      [2, 128]                  [2, 64]                   --                        8,256                     16,512
│    └─ReLU: 2-11                        [2, 64]                   [2, 64]                   --                        --                        --
│    └─Linear: 2-12                      [2, 64]                   [2, 32]                   --                        2,080                     4,160
│    └─ReLU: 2-13                        [2, 32]                   [2, 32]                   --                        --                        --
│    └─Linear: 2-14                      [2, 32]                   [2, 3]                    --                        99                        198
=====================================================================================================================================================================
Total params: 605,635
Trainable params: 605,635
Non-trainable params: 0
Total mult-adds (Units.MEGABYTES): 1.08
=====================================================================================================================================================================
Input size (MB): 0.03
Forward/backward pass size (MB): 10.49
Params size (MB): 2.16
Estimated Total Size (MB): 12.68
=====================================================================================================================================================================
Total Trainable Parameters:  605635
Total Parameters:  605635
Epoch 0: 
BAS Score on Validation Data (Training Time 1.922934):  0.657271428504794
Epoch 1: 
BAS Score on Validation Data (Training Time 1.927559):  0.8798794002772681
Epoch 2: 
BAS Score on Validation Data (Training Time 1.920050):  0.9346665397261624
Epoch 3: 
BAS Score on Validation Data (Training Time 1.921575):  0.9419378754443978
Epoch 4: 
BAS Score on Validation Data (Training Time 1.919932):  0.9418928497656501
Epoch 5: 
BAS Score on Validation Data (Training Time 1.921153):  0.9458299427216511
Epoch 6: 
BAS Score on Validation Data (Training Time 1.920274):  0.9463545331227587
Epoch 7: 
BAS Score on Validation Data (Training Time 1.920692):  0.9376472267376538
Epoch 8: 
BAS Score on Validation Data (Training Time 1.920711):  0.9510851862812696
Epoch 9: 
BAS Score on Validation Data (Training Time 1.920765):  0.9451421714757623
Epoch 10: 
BAS Score on Validation Data (Training Time 1.925061):  0.9536589203974719
Epoch 11: 
BAS Score on Validation Data (Training Time 1.920651):  0.9518112396303379
Epoch 12: 
BAS Score on Validation Data (Training Time 1.920481):  0.9523484853604932
Epoch 13: 
BAS Score on Validation Data (Training Time 1.920933):  0.9524353801173362
Epoch 14: 
BAS Score on Validation Data (Training Time 1.922449):  0.9563499665668992
Epoch 15: 
BAS Score on Validation Data (Training Time 1.920795):  0.9558144500298237
Epoch 16: 
BAS Score on Validation Data (Training Time 1.922373):  0.9558876827741223
Epoch 17: 
BAS Score on Validation Data (Training Time 1.920946):  0.9579351592503449
Epoch 18: 
BAS Score on Validation Data (Training Time 1.920744):  0.9596007110042426
Epoch 19: 
BAS Score on Validation Data (Training Time 1.926756):  0.9578169341445731
Epoch 20: 
BAS Score on Validation Data (Training Time 1.921396):  0.9600607146264504
Epoch 21: 
BAS Score on Validation Data (Training Time 1.928205):  0.9497238631003992
Epoch 22: 
BAS Score on Validation Data (Training Time 1.920931):  0.9607242248410778
Epoch 23: 
BAS Score on Validation Data (Training Time 1.925774):  0.9534045542980941
Epoch 24: 
BAS Score on Validation Data (Training Time 1.923116):  0.960601895100175
Epoch 25: 
BAS Score on Validation Data (Training Time 1.921992):  0.9607185609044286
Epoch 26: 
BAS Score on Validation Data (Training Time 1.922807):  0.9565117279896386
Epoch 27: 
BAS Score on Validation Data (Training Time 1.921006):  0.9585198887069092
Epoch 28: 
BAS Score on Validation Data (Training Time 1.929669):  0.959365161179374
Epoch 29: 
BAS Score on Validation Data (Training Time 1.921680):  0.9615220595702801
Epoch 30: 
BAS Score on Validation Data (Training Time 1.928029):  0.9530393942202889
Epoch 31: 
BAS Score on Validation Data (Training Time 1.921768):  0.9616294871288403
Epoch 32: 
BAS Score on Validation Data (Training Time 1.925207):  0.9558764708237084
Epoch 33: 
BAS Score on Validation Data (Training Time 1.923889):  0.9628266814304508
Epoch 34: 
BAS Score on Validation Data (Training Time 1.921189):  0.9630173341653281
Epoch 35: 
BAS Score on Validation Data (Training Time 1.922938):  0.9599163880537942
Epoch 36: 
BAS Score on Validation Data (Training Time 1.922029):  0.9531507358710162
Epoch 37: 
BAS Score on Validation Data (Training Time 1.927333):  0.9615826290000005
Epoch 38: 
BAS Score on Validation Data (Training Time 1.924321):  0.9591071381653421
Epoch 39: 
BAS Score on Validation Data (Training Time 1.929242):  0.9627290097777988
Epoch 40: 
BAS Score on Validation Data (Training Time 1.922315):  0.9636697403668956
Epoch 41: 
BAS Score on Validation Data (Training Time 1.925968):  0.9613595772784899
Epoch 42: 
BAS Score on Validation Data (Training Time 1.922975):  0.9639791485336314
Epoch 43: 
BAS Score on Validation Data (Training Time 1.922149):  0.9595009910267903
Epoch 44: 
BAS Score on Validation Data (Training Time 1.923876):  0.9640134053021008
Epoch 45: 
BAS Score on Validation Data (Training Time 1.922689):  0.9629365257338675
Epoch 46: 
BAS Score on Validation Data (Training Time 1.928505):  0.9640351909394878
Epoch 47: 
BAS Score on Validation Data (Training Time 1.922836):  0.9649160603020434
Epoch 48: 
BAS Score on Validation Data (Training Time 1.929409):  0.9634904981109268
Epoch 49: 
BAS Score on Validation Data (Training Time 1.922995):  0.9650857451805984
Epoch 50: 
BAS Score on Validation Data (Training Time 1.926360):  0.9597485276398007
Epoch 51: 
BAS Score on Validation Data (Training Time 1.922650):  0.9617055510211975
Epoch 52: 
BAS Score on Validation Data (Training Time 1.923418):  0.9639108255396569
Epoch 53: 
BAS Score on Validation Data (Training Time 1.923545):  0.9655746067976697
Epoch 54: 
BAS Score on Validation Data (Training Time 1.923846):  0.9648733814284136
Epoch 55: 
BAS Score on Validation Data (Training Time 1.929608):  0.965219899803612
Epoch 56: 
BAS Score on Validation Data (Training Time 1.927711):  0.9664037512243984
Epoch 57: 
BAS Score on Validation Data (Training Time 1.937415):  0.960507089553388
Epoch 58: 
BAS Score on Validation Data (Training Time 1.922198):  0.9655290015044996
Epoch 59: 
BAS Score on Validation Data (Training Time 1.934436):  0.9552231769013378
Epoch 60: 
BAS Score on Validation Data (Training Time 1.923010):  0.9648857382771433
Epoch 61: 
BAS Score on Validation Data (Training Time 1.923847):  0.961898591863998
Epoch 62: 
BAS Score on Validation Data (Training Time 1.923576):  0.9662151341484494
Epoch 63: 
BAS Score on Validation Data (Training Time 1.922565):  0.9648696785306132
Epoch 64: 
BAS Score on Validation Data (Training Time 1.928606):  0.9660743072647576
Epoch 65: 
BAS Score on Validation Data (Training Time 1.922516):  0.965808074980464
Epoch 66: 
BAS Score on Validation Data (Training Time 1.928922):  0.9600884483744005
Epoch 67: 
BAS Score on Validation Data (Training Time 1.922098):  0.9680217572976796
Epoch 68: 
BAS Score on Validation Data (Training Time 1.926991):  0.9433459804934968
Epoch 69: 
BAS Score on Validation Data (Training Time 1.922568):  0.9646202808305775
Epoch 70: 
BAS Score on Validation Data (Training Time 1.922644):  0.9648111114425468
Epoch 71: 
BAS Score on Validation Data (Training Time 1.925265):  0.9411334334485343
Epoch 72: 
BAS Score on Validation Data (Training Time 1.922374):  0.9652214797565328
Epoch 73: 
BAS Score on Validation Data (Training Time 1.929207):  0.9653419643814712
Epoch 74: 
BAS Score on Validation Data (Training Time 1.922790):  0.9649504536447996
Epoch 75: 
BAS Score on Validation Data (Training Time 1.929250):  0.9504894178056622
Epoch 76: 
BAS Score on Validation Data (Training Time 1.926253):  0.9669413367376766
Epoch 77: 
BAS Score on Validation Data (Training Time 1.923614):  0.9672296817766085
Epoch 78: 
BAS Score on Validation Data (Training Time 1.922689):  0.9621907970264197
Epoch 79: 
BAS Score on Validation Data (Training Time 1.922397):  0.9602689054684235
Epoch 80: 
BAS Score on Validation Data (Training Time 1.924119):  0.9667985154978617
Epoch 81: 
BAS Score on Validation Data (Training Time 1.922268):  0.9667169448945448
Epoch 82: 
BAS Score on Validation Data (Training Time 1.928503):  0.967301579079627
Epoch 83: 
BAS Score on Validation Data (Training Time 1.924084):  0.9646923893279625
Epoch 84: 
BAS Score on Validation Data (Training Time 1.930149):  0.9618450711005425
Epoch 85: 
BAS Score on Validation Data (Training Time 1.926707):  0.9649523114266358
Epoch 86: 
BAS Score on Validation Data (Training Time 1.923250):  0.9584086819899369
Epoch 87: 
BAS Score on Validation Data (Training Time 1.923249):  0.9420688811869097
Epoch 88: 
BAS Score on Validation Data (Training Time 1.922716):  0.9652913953693002
Epoch 89: 
BAS Score on Validation Data (Training Time 1.924171):  0.9643983390495764
Epoch 90: 
BAS Score on Validation Data (Training Time 1.924029):  0.9644417054749826
Epoch 91: 
BAS Score on Validation Data (Training Time 1.928403):  0.952326478902677
Epoch 92: 
BAS Score on Validation Data (Training Time 1.922958):  0.9646678678139989
Epoch 93: 
BAS Score on Validation Data (Training Time 1.937624):  0.9656239023227685
Epoch 94: 
BAS Score on Validation Data (Training Time 1.927517):  0.9651007426344228
Epoch 95: 
BAS Score on Validation Data (Training Time 1.923712):  0.9639948128878298
Epoch 96: 
BAS Score on Validation Data (Training Time 1.923486):  0.9651994622733767
Epoch 97: 
BAS Score on Validation Data (Training Time 1.922566):  0.9632257615334116
Epoch 98: 
BAS Score on Validation Data (Training Time 1.924038):  0.9667288237453328
Epoch 99: 
BAS Score on Validation Data (Training Time 1.923319):  0.9664664849018032
Epoch 100: 
BAS Score on Validation Data (Training Time 1.929579):  0.9674845322189269
Epoch 101: 
BAS Score on Validation Data (Training Time 1.923012):  0.9571248517495281
Epoch 102: 
BAS Score on Validation Data (Training Time 1.930680):  0.9672717540635398
Epoch 103: 
BAS Score on Validation Data (Training Time 1.929193):  0.9551260372153049
Epoch 104: 
BAS Score on Validation Data (Training Time 1.922909):  0.9640647491519997
Epoch 105: 
BAS Score on Validation Data (Training Time 1.922946):  0.9442277612680671
Epoch 106: 
BAS Score on Validation Data (Training Time 1.922673):  0.9642063175561448
Epoch 107: 
BAS Score on Validation Data (Training Time 1.923851):  0.9649565319846513
Epoch 108: 
BAS Score on Validation Data (Training Time 1.923597):  0.96841232166453
Epoch 109: 
BAS Score on Validation Data (Training Time 1.928887):  0.9623830217286873
Epoch 110: 
BAS Score on Validation Data (Training Time 1.923308):  0.9591535309621121
Epoch 111: 
BAS Score on Validation Data (Training Time 1.929013):  0.9687556055138072
Epoch 112: 
BAS Score on Validation Data (Training Time 1.928610):  0.9600068937421451
Epoch 113: 
BAS Score on Validation Data (Training Time 1.923427):  0.9575905796220607
Epoch 114: 
BAS Score on Validation Data (Training Time 1.923724):  0.9612689366805093
Epoch 115: 
BAS Score on Validation Data (Training Time 1.923290):  0.9658816475078854
Epoch 116: 
BAS Score on Validation Data (Training Time 1.924309):  0.9669585397419906
Epoch 117: 
BAS Score on Validation Data (Training Time 1.924857):  0.9662100831434971
Epoch 118: 
BAS Score on Validation Data (Training Time 1.929050):  0.9688799296108331
Epoch 119: 
BAS Score on Validation Data (Training Time 1.923123):  0.9616990406665503
Epoch 120: 
BAS Score on Validation Data (Training Time 1.930483):  0.9596608357532953
Epoch 121: 
BAS Score on Validation Data (Training Time 1.927517):  0.9630490233082503
Epoch 122: 
BAS Score on Validation Data (Training Time 1.925644):  0.968263318827851
Epoch 123: 
BAS Score on Validation Data (Training Time 1.923019):  0.9675134648338699
Epoch 124: 
BAS Score on Validation Data (Training Time 1.923595):  0.9607864598691381
Epoch 125: 
BAS Score on Validation Data (Training Time 1.925126):  0.9681953975712068
Epoch 126: 
BAS Score on Validation Data (Training Time 1.923979):  0.962564361597792
Epoch 127: 
BAS Score on Validation Data (Training Time 1.928347):  0.9646355387671041
Epoch 128: 
BAS Score on Validation Data (Training Time 1.925146):  0.9672326288475516
Epoch 129: 
BAS Score on Validation Data (Training Time 1.928424):  0.9677545706580339
Epoch 130: 
BAS Score on Validation Data (Training Time 1.928135):  0.9685404106135639
Epoch 131: 
BAS Score on Validation Data (Training Time 1.924960):  0.967771243336261
Epoch 132: 
BAS Score on Validation Data (Training Time 1.923242):  0.9698225259672967
Epoch 133: 
BAS Score on Validation Data (Training Time 1.922619):  0.9689481779847284
Epoch 134: 
BAS Score on Validation Data (Training Time 1.923700):  0.9640216145723627
Epoch 135: 
BAS Score on Validation Data (Training Time 1.924646):  0.968572536451623
Epoch 136: 
BAS Score on Validation Data (Training Time 1.930840):  0.9681072832959684
Epoch 137: 
BAS Score on Validation Data (Training Time 1.926614):  0.9659516250748602
Epoch 138: 
BAS Score on Validation Data (Training Time 1.927139):  0.9693531681765112
Epoch 139: 
BAS Score on Validation Data (Training Time 1.927900):  0.95429156863505
Epoch 140: 
BAS Score on Validation Data (Training Time 1.930942):  0.966644101221705
Epoch 141: 
BAS Score on Validation Data (Training Time 1.922463):  0.9693005841568144
Epoch 142: 
BAS Score on Validation Data (Training Time 1.929932):  0.9584430546812907
Epoch 143: 
BAS Score on Validation Data (Training Time 1.923860):  0.9601133716256945
Epoch 144: 
BAS Score on Validation Data (Training Time 1.923089):  0.9586501815659006
Epoch 145: 
BAS Score on Validation Data (Training Time 1.930097):  0.9593476420831487
Epoch 146: 
BAS Score on Validation Data (Training Time 1.928503):  0.9635764924810948
Epoch 147: 
BAS Score on Validation Data (Training Time 1.924974):  0.9639441486041767
Epoch 148: 
BAS Score on Validation Data (Training Time 1.927644):  0.9693819848685697
Epoch 149: 
BAS Score on Validation Data (Training Time 1.923250):  0.9692178353379073
High Quality
0.9255605484761769 0.824876481093188 0.79794058719102 0.9255605484761769 0.7770578358003085
              precision    recall  f1-score   support

           0       1.00      0.87      0.93     34537
           1       0.98      0.95      0.97      6756
           2       0.42      0.95      0.58      3467

    accuracy                           0.89     44760
   macro avg       0.80      0.93      0.82     44760
weighted avg       0.95      0.89      0.91     44760

Low Quality
0.8388540031397175 0.614520785323705 0.6623829036764615 0.8388540031397175 0.4987779204404054
              precision    recall  f1-score   support

           0       1.00      0.67      0.80      1960
           1       0.96      1.00      0.98       235
           2       0.03      0.85      0.06        26

    accuracy                           0.71      2221
   macro avg       0.66      0.84      0.61      2221
weighted avg       0.98      0.71      0.81      2221


High Quality Post 2020
                          mean       std       sem  count
Model                                                    
Transformer-FNET-128  0.973956  0.004432  0.001982      5
Transformer-FNET-64   0.971916  0.005392  0.002411      5
Transformer-MHA-128   0.755815  0.055541  0.024839      5
Transformer-MHA-64    0.853556  0.053692  0.024012      5
                          mean       std       sem  count
Model                                                    
Transformer-FNET-128  0.970055  0.002286  0.001022      5
Transformer-FNET-64   0.968287  0.003417  0.001528      5
Transformer-MHA-128   0.863026  0.043562  0.019481      5
Transformer-MHA-64    0.913841  0.019478  0.008711      5
                          mean       std       sem  count
Model                                                    
Transformer-FNET-128  0.971186  0.004615  0.002064      5
Transformer-FNET-64   0.968686  0.006268  0.002803      5
Transformer-MHA-128   0.694278  0.089154  0.039871      5
Transformer-MHA-64    0.831112  0.086024  0.038471      5

Low Quality Post 2020
                          mean       std       sem  count
Model                                                    
Transformer-FNET-128  0.759920  0.052651  0.023546      5
Transformer-FNET-64   0.738174  0.033145  0.014823      5
Transformer-MHA-128   0.600195  0.042474  0.018995      5
Transformer-MHA-64    0.675070  0.057781  0.025841      5
                          mean       std       sem  count
Model                                                    
Transformer-FNET-128  0.914205  0.029752  0.013305      5
Transformer-FNET-64   0.913028  0.016377  0.007324      5
Transformer-MHA-128   0.813041  0.060349  0.026989      5
Transformer-MHA-64    0.892298  0.030940  0.013837      5
                          mean       std       sem  count
Model                                                    
Transformer-FNET-128  0.823037  0.077295  0.034567      5
Transformer-FNET-64   0.795350  0.063389  0.028348      5
Transformer-MHA-128   0.495712  0.073755  0.032984      5
Transformer-MHA-64    0.648651  0.133887  0.059876      5
Saving Results
************Fold: 5
Data Shape Before Sampling:  (107163, 64, 64) (107163,)
Subtype/Host: 0 ,count:  72320 ,index count: (array([False,  True]), array([34843, 72320])) ,downsampling:  (16000, 64, 64) (16000,)
Subtype/Host: 1 ,count:  22412 ,index count: (array([False,  True]), array([84751, 22412])) ,downsampling:  (16000, 64, 64) (16000,)
Subtype/Host: 2 ,count:  12431 ,index count: (array([False,  True]), array([94732, 12431])) ,keep:  (12431, 64, 64) (12431,)
Emb Dim: 64
Transformer-FNET-64
=====================================================================================================================================================================
Layer (type:depth-idx)                   Input Shape               Output Shape              Kernel Shape              Param #                   Mult-Adds
=====================================================================================================================================================================
TransfomerBlock                          [2, 64, 64]               [2, 3]                    --                        --                        --
├─MakePatches: 1-1                       [2, 64, 64]               [2, 256, 16]              --                        --                        --
│    └─Unfold: 2-1                       [2, 1, 64, 64]            [2, 16, 256]              [4, 4]                    --                        --
├─Linear: 1-2                            [2, 256, 16]              [2, 256, 64]              --                        1,088                     2,176
├─PositionalEncoding: 1-3                [2, 256, 64]              [2, 256, 64]              --                        --                        --
├─FNET: 1-4                              [2, 256, 64]              [2, 256, 64]              --                        --                        --
│    └─LayerNorm: 2-2                    [2, 256, 64]              [2, 256, 64]              --                        128                       256
│    └─Sequential: 2-3                   [2, 256, 64]              [2, 256, 64]              --                        --                        --
│    │    └─Linear: 3-1                  [2, 256, 64]              [2, 256, 64]              --                        4,160                     8,320
│    │    └─ReLU: 3-2                    [2, 256, 64]              [2, 256, 64]              --                        --                        --
│    │    └─Dropout: 3-3                 [2, 256, 64]              [2, 256, 64]              --                        --                        --
│    │    └─Linear: 3-4                  [2, 256, 64]              [2, 256, 64]              --                        4,160                     8,320
│    └─LayerNorm: 2-4                    [2, 256, 64]              [2, 256, 64]              --                        128                       256
├─Sequential: 1-5                        [2, 64]                   [2, 3]                    --                        --                        --
│    └─Linear: 2-5                       [2, 64]                   [2, 64]                   --                        4,160                     8,320
│    └─ReLU: 2-6                         [2, 64]                   [2, 64]                   --                        --                        --
│    └─Linear: 2-7                       [2, 64]                   [2, 32]                   --                        2,080                     4,160
│    └─ReLU: 2-8                         [2, 32]                   [2, 32]                   --                        --                        --
│    └─Linear: 2-9                       [2, 32]                   [2, 3]                    --                        99                        198
=====================================================================================================================================================================
Total params: 16,003
Trainable params: 16,003
Non-trainable params: 0
Total mult-adds (Units.MEGABYTES): 0.03
=====================================================================================================================================================================
Input size (MB): 0.03
Forward/backward pass size (MB): 1.31
Params size (MB): 0.06
Estimated Total Size (MB): 1.41
=====================================================================================================================================================================
Total Trainable Parameters:  16003
Total Parameters:  16003
Epoch 0: 
BAS Score on Validation Data (Training Time 0.971466):  0.3333333333333333
Epoch 1: 
BAS Score on Validation Data (Training Time 0.967759):  0.6444145255320269
Epoch 2: 
BAS Score on Validation Data (Training Time 0.963800):  0.655412357910154
Epoch 3: 
BAS Score on Validation Data (Training Time 0.965050):  0.7230966498429678
Epoch 4: 
BAS Score on Validation Data (Training Time 0.966248):  0.8490524780910297
Epoch 5: 
BAS Score on Validation Data (Training Time 0.975594):  0.8578904776973048
Epoch 6: 
BAS Score on Validation Data (Training Time 0.977376):  0.887133697912904
Epoch 7: 
BAS Score on Validation Data (Training Time 0.966446):  0.8925723456374887
Epoch 8: 
BAS Score on Validation Data (Training Time 0.967483):  0.9025097836224548
Epoch 9: 
BAS Score on Validation Data (Training Time 0.972264):  0.9091884377913771
Epoch 10: 
BAS Score on Validation Data (Training Time 0.974087):  0.9130690406210449
Epoch 11: 
BAS Score on Validation Data (Training Time 0.971583):  0.9199950774824773
Epoch 12: 
BAS Score on Validation Data (Training Time 0.968081):  0.9220636250720347
Epoch 13: 
BAS Score on Validation Data (Training Time 0.967533):  0.9260253427990118
Epoch 14: 
BAS Score on Validation Data (Training Time 0.969150):  0.926583461114007
Epoch 15: 
BAS Score on Validation Data (Training Time 0.972873):  0.9331530331513688
Epoch 16: 
BAS Score on Validation Data (Training Time 0.972183):  0.9358531476749278
Epoch 17: 
BAS Score on Validation Data (Training Time 0.972637):  0.93475741052938
Epoch 18: 
BAS Score on Validation Data (Training Time 0.968195):  0.9357322486467871
Epoch 19: 
BAS Score on Validation Data (Training Time 0.963277):  0.939254719413512
Epoch 20: 
BAS Score on Validation Data (Training Time 0.971986):  0.9416116993279527
Epoch 21: 
BAS Score on Validation Data (Training Time 0.967561):  0.9442819142153448
Epoch 22: 
BAS Score on Validation Data (Training Time 0.973130):  0.9444250212696056
Epoch 23: 
BAS Score on Validation Data (Training Time 0.968089):  0.94419319499394
Epoch 24: 
BAS Score on Validation Data (Training Time 0.969254):  0.944983330127565
Epoch 25: 
BAS Score on Validation Data (Training Time 0.971750):  0.9459770051708839
Epoch 26: 
BAS Score on Validation Data (Training Time 0.967865):  0.9475626329089345
Epoch 27: 
BAS Score on Validation Data (Training Time 0.968170):  0.9474891223357206
Epoch 28: 
BAS Score on Validation Data (Training Time 0.969993):  0.9487789166336285
Epoch 29: 
BAS Score on Validation Data (Training Time 0.968063):  0.9482546200324974
Epoch 30: 
BAS Score on Validation Data (Training Time 0.970284):  0.9489616998813668
Epoch 31: 
BAS Score on Validation Data (Training Time 0.969738):  0.9496333034433716
Epoch 32: 
BAS Score on Validation Data (Training Time 0.974116):  0.9512547885542147
Epoch 33: 
BAS Score on Validation Data (Training Time 0.969023):  0.9465139650865932
Epoch 34: 
BAS Score on Validation Data (Training Time 0.980752):  0.9510791952273694
Epoch 35: 
BAS Score on Validation Data (Training Time 0.969017):  0.9498760098718587
Epoch 36: 
BAS Score on Validation Data (Training Time 0.979151):  0.9527535628382272
Epoch 37: 
BAS Score on Validation Data (Training Time 0.977556):  0.9533117557733021
Epoch 38: 
BAS Score on Validation Data (Training Time 0.973715):  0.9515843690881426
Epoch 39: 
BAS Score on Validation Data (Training Time 0.973547):  0.9520898287633616
Epoch 40: 
BAS Score on Validation Data (Training Time 0.970235):  0.9536020411996802
Epoch 41: 
BAS Score on Validation Data (Training Time 0.978997):  0.9512525496864507
Epoch 42: 
BAS Score on Validation Data (Training Time 0.973865):  0.9518973515639225
Epoch 43: 
BAS Score on Validation Data (Training Time 0.973809):  0.9546393811487232
Epoch 44: 
BAS Score on Validation Data (Training Time 0.969572):  0.9548126403363225
Epoch 45: 
BAS Score on Validation Data (Training Time 0.970111):  0.9535119119169161
Epoch 46: 
BAS Score on Validation Data (Training Time 0.969384):  0.9552764294619407
Epoch 47: 
BAS Score on Validation Data (Training Time 0.978298):  0.9553915153132734
Epoch 48: 
BAS Score on Validation Data (Training Time 0.968924):  0.9550465768909957
Epoch 49: 
BAS Score on Validation Data (Training Time 0.969225):  0.9551370459568829
Epoch 50: 
BAS Score on Validation Data (Training Time 0.968864):  0.9562701997767417
Epoch 51: 
BAS Score on Validation Data (Training Time 0.971563):  0.9560157304203512
Epoch 52: 
BAS Score on Validation Data (Training Time 0.970230):  0.9560910861095292
Epoch 53: 
BAS Score on Validation Data (Training Time 0.973995):  0.9558495452307604
Epoch 54: 
BAS Score on Validation Data (Training Time 0.971036):  0.9568793015071105
Epoch 55: 
BAS Score on Validation Data (Training Time 0.981401):  0.9563965595326959
Epoch 56: 
BAS Score on Validation Data (Training Time 0.977805):  0.9568303124478601
Epoch 57: 
BAS Score on Validation Data (Training Time 0.977705):  0.9571262618108874
Epoch 58: 
BAS Score on Validation Data (Training Time 0.975502):  0.9571960281834958
Epoch 59: 
BAS Score on Validation Data (Training Time 0.974141):  0.957584366348454
Epoch 60: 
BAS Score on Validation Data (Training Time 0.976763):  0.957337406044677
Epoch 61: 
BAS Score on Validation Data (Training Time 0.969097):  0.9568376516089122
Epoch 62: 
BAS Score on Validation Data (Training Time 0.972308):  0.9572110669401255
Epoch 63: 
BAS Score on Validation Data (Training Time 0.975118):  0.9571035647614856
Epoch 64: 
BAS Score on Validation Data (Training Time 0.973657):  0.9574749444337706
Epoch 65: 
BAS Score on Validation Data (Training Time 0.985584):  0.958061519006299
Epoch 66: 
BAS Score on Validation Data (Training Time 0.982408):  0.9581048441289001
Epoch 67: 
BAS Score on Validation Data (Training Time 0.982080):  0.9575051711871884
Epoch 68: 
BAS Score on Validation Data (Training Time 0.972250):  0.9574939179339695
Epoch 69: 
BAS Score on Validation Data (Training Time 0.982559):  0.9582199506316352
Epoch 70: 
BAS Score on Validation Data (Training Time 0.973881):  0.9584970217659458
Epoch 71: 
BAS Score on Validation Data (Training Time 0.970377):  0.9582292841488105
Epoch 72: 
BAS Score on Validation Data (Training Time 0.973454):  0.9583651473135012
Epoch 73: 
BAS Score on Validation Data (Training Time 0.979455):  0.9570695938074624
Epoch 74: 
BAS Score on Validation Data (Training Time 0.970381):  0.957588131200462
Epoch 75: 
BAS Score on Validation Data (Training Time 0.970644):  0.9584706551360177
Epoch 76: 
BAS Score on Validation Data (Training Time 0.969364):  0.9577880221810325
Epoch 77: 
BAS Score on Validation Data (Training Time 0.979763):  0.9588799405058955
Epoch 78: 
BAS Score on Validation Data (Training Time 0.972708):  0.9589835079409658
Epoch 79: 
BAS Score on Validation Data (Training Time 0.977612):  0.9581896286067355
Epoch 80: 
BAS Score on Validation Data (Training Time 0.977573):  0.957126187190808
Epoch 81: 
BAS Score on Validation Data (Training Time 0.971461):  0.9593757808494935
Epoch 82: 
BAS Score on Validation Data (Training Time 0.970505):  0.9591909079741497
Epoch 83: 
BAS Score on Validation Data (Training Time 0.974778):  0.9553879203528268
Epoch 84: 
BAS Score on Validation Data (Training Time 0.977260):  0.9594247699087437
Epoch 85: 
BAS Score on Validation Data (Training Time 0.975959):  0.9586572572044411
Epoch 86: 
BAS Score on Validation Data (Training Time 0.972243):  0.9600848757058884
Epoch 87: 
BAS Score on Validation Data (Training Time 0.979541):  0.9593078389414468
Epoch 88: 
BAS Score on Validation Data (Training Time 0.978827):  0.9601074028637289
Epoch 89: 
BAS Score on Validation Data (Training Time 0.974278):  0.9592569301461528
Epoch 90: 
BAS Score on Validation Data (Training Time 0.977379):  0.9584799886531931
Epoch 91: 
BAS Score on Validation Data (Training Time 0.975657):  0.96035069358698
Epoch 92: 
BAS Score on Validation Data (Training Time 0.978934):  0.9572675650519892
Epoch 93: 
BAS Score on Validation Data (Training Time 0.979513):  0.9600771761103112
Epoch 94: 
BAS Score on Validation Data (Training Time 0.970935):  0.9601488828703658
Epoch 95: 
BAS Score on Validation Data (Training Time 0.982230):  0.9605807160494865
Epoch 96: 
BAS Score on Validation Data (Training Time 0.980838):  0.9579765646369022
Epoch 97: 
BAS Score on Validation Data (Training Time 0.970209):  0.9605146938774833
Epoch 98: 
BAS Score on Validation Data (Training Time 0.977004):  0.9586307953030313
Epoch 99: 
BAS Score on Validation Data (Training Time 0.976150):  0.9606580867461902
Epoch 100: 
BAS Score on Validation Data (Training Time 0.971084):  0.958636479891083
Epoch 101: 
BAS Score on Validation Data (Training Time 0.978257):  0.9587986350656222
Epoch 102: 
BAS Score on Validation Data (Training Time 0.976625):  0.9589609061630461
Epoch 103: 
BAS Score on Validation Data (Training Time 0.975250):  0.9603471192779359
Epoch 104: 
BAS Score on Validation Data (Training Time 0.975527):  0.9580143004429336
Epoch 105: 
BAS Score on Validation Data (Training Time 0.970356):  0.9604807229234601
Epoch 106: 
BAS Score on Validation Data (Training Time 0.982853):  0.9603053741082558
Epoch 107: 
BAS Score on Validation Data (Training Time 0.972040):  0.9591210463300595
Epoch 108: 
BAS Score on Validation Data (Training Time 0.977761):  0.9591550172840827
Epoch 109: 
BAS Score on Validation Data (Training Time 0.977258):  0.9590455953693993
Epoch 110: 
BAS Score on Validation Data (Training Time 0.974446):  0.9594605859787313
Epoch 111: 
BAS Score on Validation Data (Training Time 0.974264):  0.9603561876320678
Epoch 112: 
BAS Score on Validation Data (Training Time 0.974727):  0.9605486648315068
Epoch 113: 
BAS Score on Validation Data (Training Time 0.971836):  0.9608710760959441
Epoch 114: 
BAS Score on Validation Data (Training Time 0.973243):  0.9604995805007746
Epoch 115: 
BAS Score on Validation Data (Training Time 0.975532):  0.9605957341547134
Epoch 116: 
BAS Score on Validation Data (Training Time 0.972863):  0.958874106677685
Epoch 117: 
BAS Score on Validation Data (Training Time 0.975615):  0.9610048496330296
Epoch 118: 
BAS Score on Validation Data (Training Time 0.979078):  0.9585554602652557
Epoch 119: 
BAS Score on Validation Data (Training Time 0.970577):  0.9606674202633654
Epoch 120: 
BAS Score on Validation Data (Training Time 0.982492):  0.9607806070300571
Epoch 121: 
BAS Score on Validation Data (Training Time 0.975918):  0.9605939096901516
Epoch 122: 
BAS Score on Validation Data (Training Time 0.976259):  0.959611508551454
Epoch 123: 
BAS Score on Validation Data (Training Time 0.975397):  0.9607732678690049
Epoch 124: 
BAS Score on Validation Data (Training Time 0.977736):  0.961023707210344
Epoch 125: 
BAS Score on Validation Data (Training Time 0.975362):  0.9607182544385799
Epoch 126: 
BAS Score on Validation Data (Training Time 0.975035):  0.961159516406358
Epoch 127: 
BAS Score on Validation Data (Training Time 0.976070):  0.9610614430163754
Epoch 128: 
BAS Score on Validation Data (Training Time 0.974566):  0.961864846410745
Epoch 129: 
BAS Score on Validation Data (Training Time 0.973219):  0.958721380291803
Epoch 130: 
BAS Score on Validation Data (Training Time 0.971189):  0.9617442458629221
Epoch 131: 
BAS Score on Validation Data (Training Time 0.974794):  0.9614255248304134
Epoch 132: 
BAS Score on Validation Data (Training Time 0.966765):  0.9618177770875384
Epoch 133: 
BAS Score on Validation Data (Training Time 0.975272):  0.961249985472245
Epoch 134: 
BAS Score on Validation Data (Training Time 0.976932):  0.9574370593875804
Epoch 135: 
BAS Score on Validation Data (Training Time 0.969312):  0.961417825234836
Epoch 136: 
BAS Score on Validation Data (Training Time 0.976079):  0.961300989539021
Epoch 137: 
BAS Score on Validation Data (Training Time 0.974220):  0.9620439600779574
Epoch 138: 
BAS Score on Validation Data (Training Time 0.977641):  0.962225068101293
Epoch 139: 
BAS Score on Validation Data (Training Time 0.977118):  0.9612933852149256
Epoch 140: 
BAS Score on Validation Data (Training Time 0.971703):  0.9624022620324616
Epoch 141: 
BAS Score on Validation Data (Training Time 0.985363):  0.9613215763094152
Epoch 142: 
BAS Score on Validation Data (Training Time 0.974831):  0.9618930581566371
Epoch 143: 
BAS Score on Validation Data (Training Time 0.971119):  0.9617122899164244
Epoch 144: 
BAS Score on Validation Data (Training Time 0.975463):  0.9617496652879304
Epoch 145: 
BAS Score on Validation Data (Training Time 0.975301):  0.9603787354413106
Epoch 146: 
BAS Score on Validation Data (Training Time 0.970264):  0.961574316472726
Epoch 147: 
BAS Score on Validation Data (Training Time 0.975788):  0.9586929986543492
Epoch 148: 
BAS Score on Validation Data (Training Time 0.973360):  0.9628377441407059
Epoch 149: 
BAS Score on Validation Data (Training Time 0.976264):  0.960427915043525
High Quality
0.9669647545335315 0.9747778441188485 0.9833913677961407 0.9669647545335315 0.9720736947152898
              precision    recall  f1-score   support

           0       0.99      1.00      0.99     34537
           1       0.98      1.00      0.99      6756
           2       0.97      0.91      0.94      3467

    accuracy                           0.99     44760
   macro avg       0.98      0.97      0.97     44760
weighted avg       0.99      0.99      0.99     44760

Low Quality
0.9066346014674282 0.7626547156426432 0.7220961900868536 0.9066346014674282 0.8440237496248826
              precision    recall  f1-score   support

           0       1.00      0.96      0.98      1960
           1       0.95      0.99      0.97       235
           2       0.22      0.77      0.34        26

    accuracy                           0.96      2221
   macro avg       0.72      0.91      0.76      2221
weighted avg       0.98      0.96      0.97      2221

Emb Dim: 128
Transformer-FNET-128
=====================================================================================================================================================================
Layer (type:depth-idx)                   Input Shape               Output Shape              Kernel Shape              Param #                   Mult-Adds
=====================================================================================================================================================================
TransfomerBlock                          [2, 64, 64]               [2, 3]                    --                        --                        --
├─MakePatches: 1-1                       [2, 64, 64]               [2, 256, 16]              --                        --                        --
│    └─Unfold: 2-1                       [2, 1, 64, 64]            [2, 16, 256]              [4, 4]                    --                        --
├─Linear: 1-2                            [2, 256, 16]              [2, 256, 128]             --                        2,176                     4,352
├─PositionalEncoding: 1-3                [2, 256, 128]             [2, 256, 128]             --                        --                        --
├─FNET: 1-4                              [2, 256, 128]             [2, 256, 128]             --                        --                        --
│    └─LayerNorm: 2-2                    [2, 256, 128]             [2, 256, 128]             --                        256                       512
│    └─Sequential: 2-3                   [2, 256, 128]             [2, 256, 128]             --                        --                        --
│    │    └─Linear: 3-1                  [2, 256, 128]             [2, 256, 128]             --                        16,512                    33,024
│    │    └─ReLU: 3-2                    [2, 256, 128]             [2, 256, 128]             --                        --                        --
│    │    └─Dropout: 3-3                 [2, 256, 128]             [2, 256, 128]             --                        --                        --
│    │    └─Linear: 3-4                  [2, 256, 128]             [2, 256, 128]             --                        16,512                    33,024
│    └─LayerNorm: 2-4                    [2, 256, 128]             [2, 256, 128]             --                        256                       512
├─Sequential: 1-5                        [2, 128]                  [2, 3]                    --                        --                        --
│    └─Linear: 2-5                       [2, 128]                  [2, 64]                   --                        8,256                     16,512
│    └─ReLU: 2-6                         [2, 64]                   [2, 64]                   --                        --                        --
│    └─Linear: 2-7                       [2, 64]                   [2, 32]                   --                        2,080                     4,160
│    └─ReLU: 2-8                         [2, 32]                   [2, 32]                   --                        --                        --
│    └─Linear: 2-9                       [2, 32]                   [2, 3]                    --                        99                        198
=====================================================================================================================================================================
Total params: 46,147
Trainable params: 46,147
Non-trainable params: 0
Total mult-adds (Units.MEGABYTES): 0.09
=====================================================================================================================================================================
Input size (MB): 0.03
Forward/backward pass size (MB): 2.62
Params size (MB): 0.18
Estimated Total Size (MB): 2.84
=====================================================================================================================================================================
Total Trainable Parameters:  46147
Total Parameters:  46147
Epoch 0: 
BAS Score on Validation Data (Training Time 1.112866):  0.6154081732604885
Epoch 1: 
BAS Score on Validation Data (Training Time 1.107774):  0.6553274988122392
Epoch 2: 
BAS Score on Validation Data (Training Time 1.107593):  0.760501623156089
Epoch 3: 
BAS Score on Validation Data (Training Time 1.107266):  0.8939311568020208
Epoch 4: 
BAS Score on Validation Data (Training Time 1.112754):  0.9049948984690754
Epoch 5: 
BAS Score on Validation Data (Training Time 1.109741):  0.9174363694570324
Epoch 6: 
BAS Score on Validation Data (Training Time 1.107731):  0.9258613138715751
Epoch 7: 
BAS Score on Validation Data (Training Time 1.115285):  0.9341939887122609
Epoch 8: 
BAS Score on Validation Data (Training Time 1.107963):  0.934885636052701
Epoch 9: 
BAS Score on Validation Data (Training Time 1.109083):  0.9397469441452607
Epoch 10: 
BAS Score on Validation Data (Training Time 1.108913):  0.9427109774652701
Epoch 11: 
BAS Score on Validation Data (Training Time 1.108420):  0.9439987027869753
Epoch 12: 
BAS Score on Validation Data (Training Time 1.107797):  0.9459861481450952
Epoch 13: 
BAS Score on Validation Data (Training Time 1.108573):  0.946383935750113
Epoch 14: 
BAS Score on Validation Data (Training Time 1.108514):  0.9477359127479362
Epoch 15: 
BAS Score on Validation Data (Training Time 1.108811):  0.9502211928057772
Epoch 16: 
BAS Score on Validation Data (Training Time 1.109193):  0.9514602688513549
Epoch 17: 
BAS Score on Validation Data (Training Time 1.107796):  0.9511092107864206
Epoch 18: 
BAS Score on Validation Data (Training Time 1.108039):  0.9500306766451869
Epoch 19: 
BAS Score on Validation Data (Training Time 1.108865):  0.9535078072817852
Epoch 20: 
BAS Score on Validation Data (Training Time 1.109849):  0.954003838168347
Epoch 21: 
BAS Score on Validation Data (Training Time 1.108239):  0.9528214507775971
Epoch 22: 
BAS Score on Validation Data (Training Time 1.111129):  0.9550259694691992
Epoch 23: 
BAS Score on Validation Data (Training Time 1.108687):  0.9535340040201516
Epoch 24: 
BAS Score on Validation Data (Training Time 1.108493):  0.9555331789889004
Epoch 25: 
BAS Score on Validation Data (Training Time 1.108607):  0.9559046539326674
Epoch 26: 
BAS Score on Validation Data (Training Time 1.109715):  0.9566436151079549
Epoch 27: 
BAS Score on Validation Data (Training Time 1.108948):  0.9563911401076876
Epoch 28: 
BAS Score on Validation Data (Training Time 1.110317):  0.9572130819476511
Epoch 29: 
BAS Score on Validation Data (Training Time 1.109662):  0.9566547937410944
Epoch 30: 
BAS Score on Validation Data (Training Time 1.110342):  0.9579032239552498
Epoch 31: 
BAS Score on Validation Data (Training Time 1.109473):  0.9575373176766501
Epoch 32: 
BAS Score on Validation Data (Training Time 1.109105):  0.959596544414904
Epoch 33: 
BAS Score on Validation Data (Training Time 1.108505):  0.9552726106412557
Epoch 34: 
BAS Score on Validation Data (Training Time 1.109868):  0.9594418982929783
Epoch 35: 
BAS Score on Validation Data (Training Time 1.109327):  0.9589874633359378
Epoch 36: 
BAS Score on Validation Data (Training Time 1.111191):  0.9589402241211699
Epoch 37: 
BAS Score on Validation Data (Training Time 1.115901):  0.9596379498014614
Epoch 38: 
BAS Score on Validation Data (Training Time 1.110538):  0.959907627806043
Epoch 39: 
BAS Score on Validation Data (Training Time 1.110142):  0.9607598090652963
Epoch 40: 
BAS Score on Validation Data (Training Time 1.119863):  0.960024463501858
Epoch 41: 
BAS Score on Validation Data (Training Time 1.112765):  0.9592287597030658
Epoch 42: 
BAS Score on Validation Data (Training Time 1.111447):  0.9543769137164374
Epoch 43: 
BAS Score on Validation Data (Training Time 1.112019):  0.9595549151681083
Epoch 44: 
BAS Score on Validation Data (Training Time 1.114621):  0.9610107247640455
Epoch 45: 
BAS Score on Validation Data (Training Time 1.110742):  0.9602394678591374
Epoch 46: 
BAS Score on Validation Data (Training Time 1.110031):  0.9611142715477131
Epoch 47: 
BAS Score on Validation Data (Training Time 1.109863):  0.9613896134889437
Epoch 48: 
BAS Score on Validation Data (Training Time 1.109985):  0.9603072192242199
Epoch 49: 
BAS Score on Validation Data (Training Time 1.109903):  0.9611087028825459
Epoch 50: 
BAS Score on Validation Data (Training Time 1.110305):  0.9627548793989141
Epoch 51: 
BAS Score on Validation Data (Training Time 1.110304):  0.9608408699939286
Epoch 52: 
BAS Score on Validation Data (Training Time 1.111288):  0.9620532935951326
Epoch 53: 
BAS Score on Validation Data (Training Time 1.125659):  0.960514619257404
Epoch 54: 
BAS Score on Validation Data (Training Time 1.118930):  0.9627510399268268
Epoch 55: 
BAS Score on Validation Data (Training Time 1.110251):  0.9615271518780374
Epoch 56: 
BAS Score on Validation Data (Training Time 1.117168):  0.9630132834988742
Epoch 57: 
BAS Score on Validation Data (Training Time 1.110238):  0.9620854400845942
Epoch 58: 
BAS Score on Validation Data (Training Time 1.109432):  0.959535962319312
Epoch 59: 
BAS Score on Validation Data (Training Time 1.120564):  0.9635279814197864
Epoch 60: 
BAS Score on Validation Data (Training Time 1.111270):  0.9620174029050655
Epoch 61: 
BAS Score on Validation Data (Training Time 1.110544):  0.9621909272557083
Epoch 62: 
BAS Score on Validation Data (Training Time 1.110515):  0.9604203107194295
Epoch 63: 
BAS Score on Validation Data (Training Time 1.111368):  0.9627264977614606
Epoch 64: 
BAS Score on Validation Data (Training Time 1.108505):  0.9629716129492735
Epoch 65: 
BAS Score on Validation Data (Training Time 1.110880):  0.9609012282292824
Epoch 66: 
BAS Score on Validation Data (Training Time 1.110167):  0.9629511007989587
Epoch 67: 
BAS Score on Validation Data (Training Time 1.111768):  0.9635808099511243
Epoch 68: 
BAS Score on Validation Data (Training Time 1.116505):  0.9620609185706305
Epoch 69: 
BAS Score on Validation Data (Training Time 1.111015):  0.9627038007120587
Epoch 70: 
BAS Score on Validation Data (Training Time 1.111117):  0.963586494539176
Epoch 71: 
BAS Score on Validation Data (Training Time 1.117230):  0.9636315488548567
Epoch 72: 
BAS Score on Validation Data (Training Time 1.109357):  0.9632167487884887
Epoch 73: 
BAS Score on Validation Data (Training Time 1.109626):  0.9632997088017623
Epoch 74: 
BAS Score on Validation Data (Training Time 1.115039):  0.9623096080674873
Epoch 75: 
BAS Score on Validation Data (Training Time 1.113203):  0.9636201050586738
Epoch 76: 
BAS Score on Validation Data (Training Time 1.111025):  0.9639708979605647
Epoch 77: 
BAS Score on Validation Data (Training Time 1.117850):  0.9637655875549859
Epoch 78: 
BAS Score on Validation Data (Training Time 1.110408):  0.9638389488880407
Epoch 79: 
BAS Score on Validation Data (Training Time 1.114160):  0.9633505429769769
Epoch 80: 
BAS Score on Validation Data (Training Time 1.112031):  0.9640613670264516
Epoch 81: 
BAS Score on Validation Data (Training Time 1.110642):  0.9645859494420286
Epoch 82: 
BAS Score on Validation Data (Training Time 1.111627):  0.9627678078765359
Epoch 83: 
BAS Score on Validation Data (Training Time 1.116869):  0.9649893057122138
Epoch 84: 
BAS Score on Validation Data (Training Time 1.112554):  0.9643141818098419
Epoch 85: 
BAS Score on Validation Data (Training Time 1.111121):  0.9629685896177188
Epoch 86: 
BAS Score on Validation Data (Training Time 1.120244):  0.9643951268155898
Epoch 87: 
BAS Score on Validation Data (Training Time 1.116922):  0.9613234420767819
Epoch 88: 
BAS Score on Validation Data (Training Time 1.110030):  0.9615856110287501
Epoch 89: 
BAS Score on Validation Data (Training Time 1.110693):  0.9645441090008665
Epoch 90: 
BAS Score on Validation Data (Training Time 1.123461):  0.9586571079642822
Epoch 91: 
BAS Score on Validation Data (Training Time 1.117926):  0.9630564387299138
Epoch 92: 
BAS Score on Validation Data (Training Time 1.113891):  0.9638747649580285
Epoch 93: 
BAS Score on Validation Data (Training Time 1.114598):  0.9640688760790651
Epoch 94: 
BAS Score on Validation Data (Training Time 1.112981):  0.964870455008873
Epoch 95: 
BAS Score on Validation Data (Training Time 1.111469):  0.9617025419960469
Epoch 96: 
BAS Score on Validation Data (Training Time 1.111685):  0.9647779709354601
Epoch 97: 
BAS Score on Validation Data (Training Time 1.110456):  0.964910015279466
Epoch 98: 
BAS Score on Validation Data (Training Time 1.112017):  0.964165220275968
Epoch 99: 
BAS Score on Validation Data (Training Time 1.118200):  0.964976377234592
Epoch 100: 
BAS Score on Validation Data (Training Time 1.113007):  0.9651721635800317
Epoch 101: 
BAS Score on Validation Data (Training Time 1.110547):  0.9651309487364382
Epoch 102: 
BAS Score on Validation Data (Training Time 1.117458):  0.9654399011971667
Epoch 103: 
BAS Score on Validation Data (Training Time 1.110922):  0.9658810678934627
Epoch 104: 
BAS Score on Validation Data (Training Time 1.110255):  0.9628376901720289
Epoch 105: 
BAS Score on Validation Data (Training Time 1.115895):  0.9655344002781052
Epoch 106: 
BAS Score on Validation Data (Training Time 1.112227):  0.963444776894872
Epoch 107: 
BAS Score on Validation Data (Training Time 1.118040):  0.963997285241895
Epoch 108: 
BAS Score on Validation Data (Training Time 1.110906):  0.9648744643725219
Epoch 109: 
BAS Score on Validation Data (Training Time 1.110526):  0.9653342441344913
Epoch 110: 
BAS Score on Validation Data (Training Time 1.118490):  0.9644074613723851
Epoch 111: 
BAS Score on Validation Data (Training Time 1.110796):  0.9595040476756195
Epoch 112: 
BAS Score on Validation Data (Training Time 1.110272):  0.9652173131671944
Epoch 113: 
BAS Score on Validation Data (Training Time 1.110676):  0.9655683712321287
Epoch 114: 
BAS Score on Validation Data (Training Time 1.118947):  0.9657679017781738
Epoch 115: 
BAS Score on Validation Data (Training Time 1.118476):  0.9648723001248373
Epoch 116: 
BAS Score on Validation Data (Training Time 1.111646):  0.9653492622397183
Epoch 117: 
BAS Score on Validation Data (Training Time 1.117689):  0.9650326308348148
Epoch 118: 
BAS Score on Validation Data (Training Time 1.109264):  0.9652248222198079
Epoch 119: 
BAS Score on Validation Data (Training Time 1.110160):  0.9642819607003009
Epoch 120: 
BAS Score on Validation Data (Training Time 1.115879):  0.9650100084054923
Epoch 121: 
BAS Score on Validation Data (Training Time 1.113098):  0.9643806390364498
Epoch 122: 
BAS Score on Validation Data (Training Time 1.110198):  0.965504003633126
Epoch 123: 
BAS Score on Validation Data (Training Time 1.111178):  0.965402186042538
Epoch 124: 
BAS Score on Validation Data (Training Time 1.111715):  0.9657584729895164
Epoch 125: 
BAS Score on Validation Data (Training Time 1.116248):  0.9662168426901266
Epoch 126: 
BAS Score on Validation Data (Training Time 1.112585):  0.9644309428855774
Epoch 127: 
BAS Score on Validation Data (Training Time 1.115511):  0.9635295613727073
Epoch 128: 
BAS Score on Validation Data (Training Time 1.113291):  0.9643253810943838
Epoch 129: 
BAS Score on Validation Data (Training Time 1.117047):  0.9657093886587843
Epoch 130: 
BAS Score on Validation Data (Training Time 1.112954):  0.9651550558471994
Epoch 131: 
BAS Score on Validation Data (Training Time 1.120239):  0.9657986588576785
Epoch 132: 
BAS Score on Validation Data (Training Time 1.117221):  0.9652719868144963
Epoch 133: 
BAS Score on Validation Data (Training Time 1.110712):  0.9657679017781738
Epoch 134: 
BAS Score on Validation Data (Training Time 1.112541):  0.9660356393953089
Epoch 135: 
BAS Score on Validation Data (Training Time 1.111511):  0.9616553027812788
Epoch 136: 
BAS Score on Validation Data (Training Time 1.115592):  0.9654209689997728
Epoch 137: 
BAS Score on Validation Data (Training Time 1.120056):  0.9659017705867413
Epoch 138: 
BAS Score on Validation Data (Training Time 1.111163):  0.9654248084718603
Epoch 139: 
BAS Score on Validation Data (Training Time 1.111720):  0.9656057466036344
Epoch 140: 
BAS Score on Validation Data (Training Time 1.111567):  0.9653172110217385
Epoch 141: 
BAS Score on Validation Data (Training Time 1.111901):  0.9642386562291024
Epoch 142: 
BAS Score on Validation Data (Training Time 1.113339):  0.9655812044382683
Epoch 143: 
BAS Score on Validation Data (Training Time 1.112060):  0.9653531969832877
Epoch 144: 
BAS Score on Validation Data (Training Time 1.111729):  0.9661337127852915
Epoch 145: 
BAS Score on Validation Data (Training Time 1.120263):  0.9617250898052898
Epoch 146: 
BAS Score on Validation Data (Training Time 1.112323):  0.9658320042141328
Epoch 147: 
BAS Score on Validation Data (Training Time 1.113794):  0.966228021323266
Epoch 148: 
BAS Score on Validation Data (Training Time 1.119782):  0.9636012887841646
Epoch 149: 
BAS Score on Validation Data (Training Time 1.118233):  0.9657763015913995
High Quality
0.9519340160430071 0.8834894631337615 0.8457772339329436 0.9519340160430071 0.8572959177936154
              precision    recall  f1-score   support

           0       1.00      0.93      0.96     34537
           1       0.98      1.00      0.99      6756
           2       0.56      0.93      0.70      3467

    accuracy                           0.94     44760
   macro avg       0.85      0.95      0.88     44760
weighted avg       0.96      0.94      0.94     44760

Low Quality
0.8936159079016223 0.6692190086685499 0.6732541455642677 0.8936159079016223 0.6334738476034639
              precision    recall  f1-score   support

           0       1.00      0.83      0.91      1960
           1       0.96      1.00      0.98       235
           2       0.07      0.85      0.12        26

    accuracy                           0.85      2221
   macro avg       0.67      0.89      0.67      2221
weighted avg       0.98      0.85      0.91      2221

Emb Dim: 64
Transformer-MHA-64
=====================================================================================================================================================================
Layer (type:depth-idx)                   Input Shape               Output Shape              Kernel Shape              Param #                   Mult-Adds
=====================================================================================================================================================================
TransfomerBlock                          [2, 64, 64]               [2, 3]                    --                        --                        --
├─MakePatches: 1-1                       [2, 64, 64]               [2, 256, 16]              --                        --                        --
│    └─Unfold: 2-1                       [2, 1, 64, 64]            [2, 16, 256]              [4, 4]                    --                        --
├─Linear: 1-2                            [2, 256, 16]              [2, 256, 64]              --                        1,088                     2,176
├─PositionalEncoding: 1-3                [2, 256, 64]              [2, 256, 64]              --                        --                        --
├─TransformerEncoderLayer: 1-4           [2, 256, 64]              [2, 256, 64]              --                        --                        --
│    └─MultiheadAttention: 2-2           [2, 256, 64]              [2, 256, 64]              --                        16,640                    --
│    └─Dropout: 2-3                      [2, 256, 64]              [2, 256, 64]              --                        --                        --
│    └─LayerNorm: 2-4                    [2, 256, 64]              [2, 256, 64]              --                        128                       256
│    └─Linear: 2-5                       [2, 256, 64]              [2, 256, 2048]            --                        133,120                   266,240
│    └─Dropout: 2-6                      [2, 256, 2048]            [2, 256, 2048]            --                        --                        --
│    └─Linear: 2-7                       [2, 256, 2048]            [2, 256, 64]              --                        131,136                   262,272
│    └─Dropout: 2-8                      [2, 256, 64]              [2, 256, 64]              --                        --                        --
│    └─LayerNorm: 2-9                    [2, 256, 64]              [2, 256, 64]              --                        128                       256
├─Sequential: 1-5                        [2, 64]                   [2, 3]                    --                        --                        --
│    └─Linear: 2-10                      [2, 64]                   [2, 64]                   --                        4,160                     8,320
│    └─ReLU: 2-11                        [2, 64]                   [2, 64]                   --                        --                        --
│    └─Linear: 2-12                      [2, 64]                   [2, 32]                   --                        2,080                     4,160
│    └─ReLU: 2-13                        [2, 32]                   [2, 32]                   --                        --                        --
│    └─Linear: 2-14                      [2, 32]                   [2, 3]                    --                        99                        198
=====================================================================================================================================================================
Total params: 288,579
Trainable params: 288,579
Non-trainable params: 0
Total mult-adds (Units.MEGABYTES): 0.54
=====================================================================================================================================================================
Input size (MB): 0.03
Forward/backward pass size (MB): 9.44
Params size (MB): 1.09
Estimated Total Size (MB): 10.56
=====================================================================================================================================================================
Total Trainable Parameters:  288579
Total Parameters:  288579
Epoch 0: 
BAS Score on Validation Data (Training Time 1.687189):  0.6506948650750338
Epoch 1: 
BAS Score on Validation Data (Training Time 1.687801):  0.7517654761223338
Epoch 2: 
BAS Score on Validation Data (Training Time 1.688176):  0.9127008128690708
Epoch 3: 
BAS Score on Validation Data (Training Time 1.687462):  0.9322780469053598
Epoch 4: 
BAS Score on Validation Data (Training Time 1.688916):  0.9245943358511433
Epoch 5: 
BAS Score on Validation Data (Training Time 1.687250):  0.9434780551149679
Epoch 6: 
BAS Score on Validation Data (Training Time 1.687642):  0.9447059192101316
Epoch 7: 
BAS Score on Validation Data (Training Time 1.689577):  0.9390947031549137
Epoch 8: 
BAS Score on Validation Data (Training Time 1.690333):  0.9390739258415556
Epoch 9: 
BAS Score on Validation Data (Training Time 1.687112):  0.9489616665640924
Epoch 10: 
BAS Score on Validation Data (Training Time 1.686812):  0.9376782426352034
Epoch 11: 
BAS Score on Validation Data (Training Time 1.688156):  0.938333106884432
Epoch 12: 
BAS Score on Validation Data (Training Time 1.687320):  0.9442517367502626
Epoch 13: 
BAS Score on Validation Data (Training Time 1.687651):  0.9509228612151689
Epoch 14: 
BAS Score on Validation Data (Training Time 1.688286):  0.9468254708664651
Epoch 15: 
BAS Score on Validation Data (Training Time 1.687355):  0.9493801362109865
Epoch 16: 
BAS Score on Validation Data (Training Time 1.688554):  0.9535018781820925
Epoch 17: 
BAS Score on Validation Data (Training Time 1.687647):  0.9461102896846877
Epoch 18: 
BAS Score on Validation Data (Training Time 1.693329):  0.9401960376025621
Epoch 19: 
BAS Score on Validation Data (Training Time 1.688600):  0.9384199476725982
Epoch 20: 
BAS Score on Validation Data (Training Time 1.692106):  0.9568358271443503
Epoch 21: 
BAS Score on Validation Data (Training Time 1.689478):  0.9568415117324022
Epoch 22: 
BAS Score on Validation Data (Training Time 1.692591):  0.9548069224309962
Epoch 23: 
BAS Score on Validation Data (Training Time 1.688758):  0.9600133055201209
Epoch 24: 
BAS Score on Validation Data (Training Time 1.688481):  0.9549973846229095
Epoch 25: 
BAS Score on Validation Data (Training Time 1.687475):  0.9503963797149507
Epoch 26: 
BAS Score on Validation Data (Training Time 1.687461):  0.9487394469541761
Epoch 27: 
BAS Score on Validation Data (Training Time 1.689048):  0.9624138011001265
Epoch 28: 
BAS Score on Validation Data (Training Time 1.687487):  0.9559496003109943
Epoch 29: 
BAS Score on Validation Data (Training Time 1.693176):  0.9486887493532487
Epoch 30: 
BAS Score on Validation Data (Training Time 1.688528):  0.9546032126297407
Epoch 31: 
BAS Score on Validation Data (Training Time 1.695710):  0.9607750796676947
Epoch 32: 
BAS Score on Validation Data (Training Time 1.688570):  0.9629659696640266
Epoch 33: 
BAS Score on Validation Data (Training Time 1.692565):  0.9630223518530059
Epoch 34: 
BAS Score on Validation Data (Training Time 1.687848):  0.9420512147564377
Epoch 35: 
BAS Score on Validation Data (Training Time 1.689030):  0.9635035758287075
Epoch 36: 
BAS Score on Validation Data (Training Time 1.688051):  0.9436528752687426
Epoch 37: 
BAS Score on Validation Data (Training Time 1.689351):  0.9600358739807664
Epoch 38: 
BAS Score on Validation Data (Training Time 1.691213):  0.9644009066751235
Epoch 39: 
BAS Score on Validation Data (Training Time 1.696465):  0.9606991110468197
Epoch 40: 
BAS Score on Validation Data (Training Time 1.690040):  0.9640956444463235
Epoch 41: 
BAS Score on Validation Data (Training Time 1.697208):  0.9526292880295372
Epoch 42: 
BAS Score on Validation Data (Training Time 1.691024):  0.962647534445964
Epoch 43: 
BAS Score on Validation Data (Training Time 1.698776):  0.9598267654059051
Epoch 44: 
BAS Score on Validation Data (Training Time 1.690440):  0.9652985439873882
Epoch 45: 
BAS Score on Validation Data (Training Time 1.691339):  0.965781190690321
Epoch 46: 
BAS Score on Validation Data (Training Time 1.690909):  0.9648949225541598
Epoch 47: 
BAS Score on Validation Data (Training Time 1.692324):  0.960041272754372
Epoch 48: 
BAS Score on Validation Data (Training Time 1.692683):  0.9651534219256016
Epoch 49: 
BAS Score on Validation Data (Training Time 1.696154):  0.9644859229987279
Epoch 50: 
BAS Score on Validation Data (Training Time 1.691344):  0.9641181716041639
Epoch 51: 
BAS Score on Validation Data (Training Time 1.697924):  0.9629850590871102
Epoch 52: 
BAS Score on Validation Data (Training Time 1.691513):  0.9618447566491634
Epoch 53: 
BAS Score on Validation Data (Training Time 1.694788):  0.9671218191634431
Epoch 54: 
BAS Score on Validation Data (Training Time 1.690536):  0.942253965522
Epoch 55: 
BAS Score on Validation Data (Training Time 1.690731):  0.9546303494170553
Epoch 56: 
BAS Score on Validation Data (Training Time 1.690694):  0.96618473750347
Epoch 57: 
BAS Score on Validation Data (Training Time 1.690615):  0.9636107508900961
Epoch 58: 
BAS Score on Validation Data (Training Time 1.690855):  0.9517059383218468
Epoch 59: 
BAS Score on Validation Data (Training Time 1.698100):  0.9626742821618199
Epoch 60: 
BAS Score on Validation Data (Training Time 1.697301):  0.9648348168159776
Epoch 61: 
BAS Score on Validation Data (Training Time 1.690905):  0.9605600006903359
Epoch 62: 
BAS Score on Validation Data (Training Time 1.697220):  0.966405385145996
Epoch 63: 
BAS Score on Validation Data (Training Time 1.692010):  0.9624929089754408
Epoch 64: 
BAS Score on Validation Data (Training Time 1.696201):  0.959070663180511
Epoch 65: 
BAS Score on Validation Data (Training Time 1.691365):  0.966428368009844
Epoch 66: 
BAS Score on Validation Data (Training Time 1.691939):  0.9605169693677115
Epoch 67: 
BAS Score on Validation Data (Training Time 1.690650):  0.9665583973463242
Epoch 68: 
BAS Score on Validation Data (Training Time 1.691340):  0.958376872243789
Epoch 69: 
BAS Score on Validation Data (Training Time 1.690873):  0.9672633129475088
Epoch 70: 
BAS Score on Validation Data (Training Time 1.697078):  0.9665957933692325
Epoch 71: 
BAS Score on Validation Data (Training Time 1.690967):  0.9584819163747674
Epoch 72: 
BAS Score on Validation Data (Training Time 1.698660):  0.9644785505204014
Epoch 73: 
BAS Score on Validation Data (Training Time 1.694447):  0.9656514884710918
Epoch 74: 
BAS Score on Validation Data (Training Time 1.695200):  0.9581243639262472
Epoch 75: 
BAS Score on Validation Data (Training Time 1.692271):  0.967080455079691
Epoch 76: 
BAS Score on Validation Data (Training Time 1.691327):  0.9670371506084924
Epoch 77: 
BAS Score on Validation Data (Training Time 1.690650):  0.9669468514341668
Epoch 78: 
BAS Score on Validation Data (Training Time 1.692528):  0.9665696379336711
Epoch 79: 
BAS Score on Validation Data (Training Time 1.690978):  0.9674068010876976
Epoch 80: 
BAS Score on Validation Data (Training Time 1.696975):  0.9675727957343243
Epoch 81: 
BAS Score on Validation Data (Training Time 1.691867):  0.9666920216432509
Epoch 82: 
BAS Score on Validation Data (Training Time 1.696740):  0.965267288258539
Epoch 83: 
BAS Score on Validation Data (Training Time 1.693379):  0.9669543065181033
Epoch 84: 
BAS Score on Validation Data (Training Time 1.692020):  0.9635096081854128
Epoch 85: 
BAS Score on Validation Data (Training Time 1.695190):  0.968302307469552
Epoch 86: 
BAS Score on Validation Data (Training Time 1.691436):  0.9657247338812622
Epoch 87: 
BAS Score on Validation Data (Training Time 1.692251):  0.9565586893754913
Epoch 88: 
BAS Score on Validation Data (Training Time 1.690701):  0.9653174635189101
Epoch 89: 
BAS Score on Validation Data (Training Time 1.692964):  0.9658625787362043
Epoch 90: 
BAS Score on Validation Data (Training Time 1.691420):  0.9612920657447069
Epoch 91: 
BAS Score on Validation Data (Training Time 1.696434):  0.9539833213376911
Epoch 92: 
BAS Score on Validation Data (Training Time 1.692593):  0.9665341616468065
Epoch 93: 
BAS Score on Validation Data (Training Time 1.699281):  0.9686909107975538
Epoch 94: 
BAS Score on Validation Data (Training Time 1.692110):  0.9616277452698888
Epoch 95: 
BAS Score on Validation Data (Training Time 1.695193):  0.9676368235502041
Epoch 96: 
BAS Score on Validation Data (Training Time 1.693198):  0.9668128333854403
Epoch 97: 
BAS Score on Validation Data (Training Time 1.693659):  0.9672954594369704
Epoch 98: 
BAS Score on Validation Data (Training Time 1.727828):  0.9677540943006239
Epoch 99: 
BAS Score on Validation Data (Training Time 1.692917):  0.9664280695295261
Epoch 100: 
BAS Score on Validation Data (Training Time 1.691007):  0.9679782829349196
Epoch 101: 
BAS Score on Validation Data (Training Time 1.697551):  0.9693338882104637
Epoch 102: 
BAS Score on Validation Data (Training Time 1.691330):  0.9621743038658166
Epoch 103: 
BAS Score on Validation Data (Training Time 1.698337):  0.9681293134449963
Epoch 104: 
BAS Score on Validation Data (Training Time 1.690865):  0.9648916007422873
Epoch 105: 
BAS Score on Validation Data (Training Time 1.694362):  0.9592793190891742
Epoch 106: 
BAS Score on Validation Data (Training Time 1.690082):  0.9660473356886635
Epoch 107: 
BAS Score on Validation Data (Training Time 1.689962):  0.9630094520123174
Epoch 108: 
BAS Score on Validation Data (Training Time 1.691430):  0.9689208586399806
Epoch 109: 
BAS Score on Validation Data (Training Time 1.691646):  0.9638282545978418
Epoch 110: 
BAS Score on Validation Data (Training Time 1.691331):  0.9690474835589781
Epoch 111: 
BAS Score on Validation Data (Training Time 1.703023):  0.9686176653873831
Epoch 112: 
BAS Score on Validation Data (Training Time 1.694274):  0.962925334434856
Epoch 113: 
BAS Score on Validation Data (Training Time 1.702350):  0.9681501860298364
Epoch 114: 
BAS Score on Validation Data (Training Time 1.694786):  0.9629434298403144
Epoch 115: 
BAS Score on Validation Data (Training Time 1.690630):  0.967993620171867
Epoch 116: 
BAS Score on Validation Data (Training Time 1.694575):  0.9700222057535006
Epoch 117: 
BAS Score on Validation Data (Training Time 1.691210):  0.9646351370297735
Epoch 118: 
BAS Score on Validation Data (Training Time 1.699139):  0.9695509282266715
Epoch 119: 
BAS Score on Validation Data (Training Time 1.691575):  0.9690568916962329
Epoch 120: 
BAS Score on Validation Data (Training Time 1.700498):  0.9660208737872535
Epoch 121: 
BAS Score on Validation Data (Training Time 1.688881):  0.9691603845112237
Epoch 122: 
BAS Score on Validation Data (Training Time 1.702302):  0.9697845996183014
Epoch 123: 
BAS Score on Validation Data (Training Time 1.700041):  0.969288833894783
Epoch 124: 
BAS Score on Validation Data (Training Time 1.697988):  0.9695095974601937
Epoch 125: 
BAS Score on Validation Data (Training Time 1.691580):  0.9672566946555078
Epoch 126: 
BAS Score on Validation Data (Training Time 1.695142):  0.9688926675454909
Epoch 127: 
BAS Score on Validation Data (Training Time 1.691371):  0.9666834296465289
Epoch 128: 
BAS Score on Validation Data (Training Time 1.692162):  0.9682256782933015
Epoch 129: 
BAS Score on Validation Data (Training Time 1.691222):  0.9633922008607058
Epoch 130: 
BAS Score on Validation Data (Training Time 1.693150):  0.9694696227863981
Epoch 131: 
BAS Score on Validation Data (Training Time 1.691510):  0.9691948857913338
Epoch 132: 
BAS Score on Validation Data (Training Time 1.697559):  0.9689512346335573
Epoch 133: 
BAS Score on Validation Data (Training Time 1.691995):  0.9682768316002365
Epoch 134: 
BAS Score on Validation Data (Training Time 1.699137):  0.969660064326909
Epoch 135: 
BAS Score on Validation Data (Training Time 1.691544):  0.9614825485880227
Epoch 136: 
BAS Score on Validation Data (Training Time 1.696012):  0.9691721141218524
Epoch 137: 
BAS Score on Validation Data (Training Time 1.691412):  0.9674413230192104
Epoch 138: 
BAS Score on Validation Data (Training Time 1.692875):  0.9617160087852862
Epoch 139: 
BAS Score on Validation Data (Training Time 1.691339):  0.9694586140448203
Epoch 140: 
BAS Score on Validation Data (Training Time 1.692151):  0.9684912516627522
Epoch 141: 
BAS Score on Validation Data (Training Time 1.692708):  0.9697319409785251
Epoch 142: 
BAS Score on Validation Data (Training Time 1.694650):  0.9670482339701499
Epoch 143: 
BAS Score on Validation Data (Training Time 1.694807):  0.9691662056735625
Epoch 144: 
BAS Score on Validation Data (Training Time 1.691555):  0.9693890921838526
Epoch 145: 
BAS Score on Validation Data (Training Time 1.697390):  0.9700300752406396
Epoch 146: 
BAS Score on Validation Data (Training Time 1.691936):  0.9691526849156462
Epoch 147: 
BAS Score on Validation Data (Training Time 1.695326):  0.9692398115182583
Epoch 148: 
BAS Score on Validation Data (Training Time 1.692188):  0.9687287625264694
Epoch 149: 
BAS Score on Validation Data (Training Time 1.691988):  0.9701089512701847
High Quality
0.9194280339326557 0.9006832226120194 0.8973654227360505 0.9194280339326557 0.9088248282155316
              precision    recall  f1-score   support

           0       1.00      1.00      1.00     34537
           1       0.98      0.82      0.89      6756
           2       0.71      0.94      0.81      3467

    accuracy                           0.97     44760
   macro avg       0.90      0.92      0.90     44760
weighted avg       0.97      0.97      0.97     44760

Low Quality
0.9087299731676631 0.7636535817215367 0.7267987975726128 0.9087299731676631 0.8475501124645419
              precision    recall  f1-score   support

           0       1.00      0.97      0.98      1960
           1       0.95      0.95      0.95       235
           2       0.23      0.81      0.36        26

    accuracy                           0.96      2221
   macro avg       0.73      0.91      0.76      2221
weighted avg       0.99      0.96      0.97      2221

Emb Dim: 128
Transformer-MHA-128
=====================================================================================================================================================================
Layer (type:depth-idx)                   Input Shape               Output Shape              Kernel Shape              Param #                   Mult-Adds
=====================================================================================================================================================================
TransfomerBlock                          [2, 64, 64]               [2, 3]                    --                        --                        --
├─MakePatches: 1-1                       [2, 64, 64]               [2, 256, 16]              --                        --                        --
│    └─Unfold: 2-1                       [2, 1, 64, 64]            [2, 16, 256]              [4, 4]                    --                        --
├─Linear: 1-2                            [2, 256, 16]              [2, 256, 128]             --                        2,176                     4,352
├─PositionalEncoding: 1-3                [2, 256, 128]             [2, 256, 128]             --                        --                        --
├─TransformerEncoderLayer: 1-4           [2, 256, 128]             [2, 256, 128]             --                        --                        --
│    └─MultiheadAttention: 2-2           [2, 256, 128]             [2, 256, 128]             --                        66,048                    --
│    └─Dropout: 2-3                      [2, 256, 128]             [2, 256, 128]             --                        --                        --
│    └─LayerNorm: 2-4                    [2, 256, 128]             [2, 256, 128]             --                        256                       512
│    └─Linear: 2-5                       [2, 256, 128]             [2, 256, 2048]            --                        264,192                   528,384
│    └─Dropout: 2-6                      [2, 256, 2048]            [2, 256, 2048]            --                        --                        --
│    └─Linear: 2-7                       [2, 256, 2048]            [2, 256, 128]             --                        262,272                   524,544
│    └─Dropout: 2-8                      [2, 256, 128]             [2, 256, 128]             --                        --                        --
│    └─LayerNorm: 2-9                    [2, 256, 128]             [2, 256, 128]             --                        256                       512
├─Sequential: 1-5                        [2, 128]                  [2, 3]                    --                        --                        --
│    └─Linear: 2-10                      [2, 128]                  [2, 64]                   --                        8,256                     16,512
│    └─ReLU: 2-11                        [2, 64]                   [2, 64]                   --                        --                        --
│    └─Linear: 2-12                      [2, 64]                   [2, 32]                   --                        2,080                     4,160
│    └─ReLU: 2-13                        [2, 32]                   [2, 32]                   --                        --                        --
│    └─Linear: 2-14                      [2, 32]                   [2, 3]                    --                        99                        198
=====================================================================================================================================================================
Total params: 605,635
Trainable params: 605,635
Non-trainable params: 0
Total mult-adds (Units.MEGABYTES): 1.08
=====================================================================================================================================================================
Input size (MB): 0.03
Forward/backward pass size (MB): 10.49
Params size (MB): 2.16
Estimated Total Size (MB): 12.68
=====================================================================================================================================================================
Total Trainable Parameters:  605635
Total Parameters:  605635
Epoch 0: 
BAS Score on Validation Data (Training Time 1.921869):  0.6581161213628365
Epoch 1: 
BAS Score on Validation Data (Training Time 1.923581):  0.9118745838365431
Epoch 2: 
BAS Score on Validation Data (Training Time 1.920785):  0.9381080734726702
Epoch 3: 
BAS Score on Validation Data (Training Time 1.934379):  0.9309798258219505
Epoch 4: 
BAS Score on Validation Data (Training Time 1.919872):  0.9465238908840629
Epoch 5: 
BAS Score on Validation Data (Training Time 1.921353):  0.9408827005725987
Epoch 6: 
BAS Score on Validation Data (Training Time 1.919187):  0.9500406230940591
Epoch 7: 
BAS Score on Validation Data (Training Time 1.919877):  0.9113101586652418
Epoch 8: 
BAS Score on Validation Data (Training Time 1.923735):  0.9493636001070462
Epoch 9: 
BAS Score on Validation Data (Training Time 1.921514):  0.9422817468936285
Epoch 10: 
BAS Score on Validation Data (Training Time 1.936720):  0.9269034652837762
Epoch 11: 
BAS Score on Validation Data (Training Time 1.921338):  0.9462507624788525
Epoch 12: 
BAS Score on Validation Data (Training Time 1.924632):  0.9497031604071208
Epoch 13: 
BAS Score on Validation Data (Training Time 1.920882):  0.9482308893273229
Epoch 14: 
BAS Score on Validation Data (Training Time 1.920145):  0.9464491894293868
Epoch 15: 
BAS Score on Validation Data (Training Time 1.919993):  0.9506144723978016
Epoch 16: 
BAS Score on Validation Data (Training Time 1.919556):  0.9440525746242736
Epoch 17: 
BAS Score on Validation Data (Training Time 1.920178):  0.9508537823943369
Epoch 18: 
BAS Score on Validation Data (Training Time 1.920114):  0.9453289101184729
Epoch 19: 
BAS Score on Validation Data (Training Time 1.920221):  0.9324833796269986
Epoch 20: 
BAS Score on Validation Data (Training Time 1.927087):  0.9344688845976723
Epoch 21: 
BAS Score on Validation Data (Training Time 1.935092):  0.9523585603981218
Epoch 22: 
BAS Score on Validation Data (Training Time 1.927524):  0.9373553899952881
Epoch 23: 
BAS Score on Validation Data (Training Time 1.927349):  0.9519886447558731
Epoch 24: 
BAS Score on Validation Data (Training Time 1.920003):  0.948208382820885
Epoch 25: 
BAS Score on Validation Data (Training Time 1.925185):  0.94720757182535
Epoch 26: 
BAS Score on Validation Data (Training Time 1.921950):  0.9484513670782877
Epoch 27: 
BAS Score on Validation Data (Training Time 1.920558):  0.9503918717019575
Epoch 28: 
BAS Score on Validation Data (Training Time 1.921653):  0.9531219684672934
Epoch 29: 
BAS Score on Validation Data (Training Time 1.921644):  0.9478050851997182
Epoch 30: 
BAS Score on Validation Data (Training Time 1.926307):  0.9497316579674587
Epoch 31: 
BAS Score on Validation Data (Training Time 1.922556):  0.948238514302821
Epoch 32: 
BAS Score on Validation Data (Training Time 1.927442):  0.9392188097366999
Epoch 33: 
BAS Score on Validation Data (Training Time 1.921166):  0.9423998337845813
Epoch 34: 
BAS Score on Validation Data (Training Time 1.925019):  0.9458558933078446
Epoch 35: 
BAS Score on Validation Data (Training Time 1.922609):  0.9513195991933528
Epoch 36: 
BAS Score on Validation Data (Training Time 1.921022):  0.9491722994826656
Epoch 37: 
BAS Score on Validation Data (Training Time 1.921525):  0.9475451217982399
Epoch 38: 
BAS Score on Validation Data (Training Time 1.930170):  0.949813303190855
Epoch 39: 
BAS Score on Validation Data (Training Time 1.927591):  0.9500130162943333
Epoch 40: 
BAS Score on Validation Data (Training Time 1.966175):  0.9441383498145446
Epoch 41: 
BAS Score on Validation Data (Training Time 1.928892):  0.9438133645795617
Epoch 42: 
BAS Score on Validation Data (Training Time 1.921725):  0.9508577504551808
Epoch 43: 
BAS Score on Validation Data (Training Time 1.925939):  0.9499169865488097
Epoch 44: 
BAS Score on Validation Data (Training Time 1.921537):  0.9342527367172285
Epoch 45: 
BAS Score on Validation Data (Training Time 1.930022):  0.9494925924825642
Epoch 46: 
BAS Score on Validation Data (Training Time 1.922565):  0.9425208614014785
Epoch 47: 
BAS Score on Validation Data (Training Time 1.921407):  0.9484805981735486
Epoch 48: 
BAS Score on Validation Data (Training Time 1.927294):  0.9509767377328086
Epoch 49: 
BAS Score on Validation Data (Training Time 1.922348):  0.9443064340887765
Epoch 50: 
BAS Score on Validation Data (Training Time 1.929087):  0.9529016939251646
Epoch 51: 
BAS Score on Validation Data (Training Time 1.922173):  0.9373700760375425
Epoch 52: 
BAS Score on Validation Data (Training Time 1.926471):  0.9491741319327579
Epoch 53: 
BAS Score on Validation Data (Training Time 1.922572):  0.9439952141233506
Epoch 54: 
BAS Score on Validation Data (Training Time 1.922622):  0.9508768112413312
Epoch 55: 
BAS Score on Validation Data (Training Time 1.923496):  0.9548021492549594
Epoch 56: 
BAS Score on Validation Data (Training Time 1.922118):  0.9521326965394232
Epoch 57: 
BAS Score on Validation Data (Training Time 1.935827):  0.9500213621388823
Epoch 58: 
BAS Score on Validation Data (Training Time 1.921618):  0.9564446228735273
Epoch 59: 
BAS Score on Validation Data (Training Time 1.929059):  0.939470546256323
Epoch 60: 
BAS Score on Validation Data (Training Time 1.922095):  0.9443972778955928
Epoch 61: 
BAS Score on Validation Data (Training Time 1.926042):  0.9572797377027537
Epoch 62: 
BAS Score on Validation Data (Training Time 1.922464):  0.940269289357731
Epoch 63: 
BAS Score on Validation Data (Training Time 1.922662):  0.9502583506620433
Epoch 64: 
BAS Score on Validation Data (Training Time 1.922764):  0.9441651641649492
Epoch 65: 
BAS Score on Validation Data (Training Time 1.922405):  0.9550644261442813
Epoch 66: 
BAS Score on Validation Data (Training Time 1.928594):  0.9452184465624861
Epoch 67: 
BAS Score on Validation Data (Training Time 1.922580):  0.9510412212546958
Epoch 68: 
BAS Score on Validation Data (Training Time 1.939032):  0.9555060485465846
Epoch 69: 
BAS Score on Validation Data (Training Time 1.923167):  0.9626571124747801
Epoch 70: 
BAS Score on Validation Data (Training Time 1.926549):  0.9585490738190238
Epoch 71: 
BAS Score on Validation Data (Training Time 1.922432):  0.9583943530770185
Epoch 72: 
BAS Score on Validation Data (Training Time 1.921777):  0.9590654469643387
Epoch 73: 
BAS Score on Validation Data (Training Time 1.923687):  0.9580797493455124
Epoch 74: 
BAS Score on Validation Data (Training Time 1.923248):  0.9611471055889512
Epoch 75: 
BAS Score on Validation Data (Training Time 1.928116):  0.9633227123170127
Epoch 76: 
BAS Score on Validation Data (Training Time 1.922667):  0.9530250510009667
Epoch 77: 
BAS Score on Validation Data (Training Time 1.929801):  0.9572631602960083
Epoch 78: 
BAS Score on Validation Data (Training Time 1.922242):  0.9480907260388158
Epoch 79: 
BAS Score on Validation Data (Training Time 1.926719):  0.9595461532798252
Epoch 80: 
BAS Score on Validation Data (Training Time 1.930173):  0.9457915083626288
Epoch 81: 
BAS Score on Validation Data (Training Time 1.929755):  0.9511868243542335
Epoch 82: 
BAS Score on Validation Data (Training Time 1.924522):  0.9416319366891613
Epoch 83: 
BAS Score on Validation Data (Training Time 1.922861):  0.9591395831351215
Epoch 84: 
BAS Score on Validation Data (Training Time 1.934448):  0.962821812982932
Epoch 85: 
BAS Score on Validation Data (Training Time 1.923464):  0.9589450909281568
Epoch 86: 
BAS Score on Validation Data (Training Time 1.929543):  0.9597086069346822
Epoch 87: 
BAS Score on Validation Data (Training Time 1.922787):  0.9598029980782669
Epoch 88: 
BAS Score on Validation Data (Training Time 1.931159):  0.9578400822196412
Epoch 89: 
BAS Score on Validation Data (Training Time 1.922768):  0.9582965241986768
Epoch 90: 
BAS Score on Validation Data (Training Time 1.922437):  0.9580893480257312
Epoch 91: 
BAS Score on Validation Data (Training Time 1.924011):  0.9420453333045488
Epoch 92: 
BAS Score on Validation Data (Training Time 1.923210):  0.945854645152516
Epoch 93: 
BAS Score on Validation Data (Training Time 1.928770):  0.9501257377289548
Epoch 94: 
BAS Score on Validation Data (Training Time 1.923378):  0.9561187992060769
Epoch 95: 
BAS Score on Validation Data (Training Time 1.928879):  0.9440128521822696
Epoch 96: 
BAS Score on Validation Data (Training Time 1.922147):  0.9528118584423769
Epoch 97: 
BAS Score on Validation Data (Training Time 1.925956):  0.946761711253438
Epoch 98: 
BAS Score on Validation Data (Training Time 1.922314):  0.9598048018914259
Epoch 99: 
BAS Score on Validation Data (Training Time 1.922745):  0.9543090781052125
Epoch 100: 
BAS Score on Validation Data (Training Time 1.922522):  0.9469464635255559
Epoch 101: 
BAS Score on Validation Data (Training Time 1.923336):  0.9554209782543032
Epoch 102: 
BAS Score on Validation Data (Training Time 1.927786):  0.9495687230094703
Epoch 103: 
BAS Score on Validation Data (Training Time 1.922384):  0.9458210839213539
Epoch 104: 
BAS Score on Validation Data (Training Time 1.929336):  0.9485059691453195
Epoch 105: 
BAS Score on Validation Data (Training Time 1.924387):  0.9497124763127025
Epoch 106: 
BAS Score on Validation Data (Training Time 1.926600):  0.9406455785149598
Epoch 107: 
BAS Score on Validation Data (Training Time 1.923821):  0.9593788231919186
Epoch 108: 
BAS Score on Validation Data (Training Time 1.921998):  0.9533075162285417
Epoch 109: 
BAS Score on Validation Data (Training Time 1.923404):  0.9470484969908516
Epoch 110: 
BAS Score on Validation Data (Training Time 1.922450):  0.9568563376541332
Epoch 111: 
BAS Score on Validation Data (Training Time 1.927217):  0.9603725062207681
Epoch 112: 
BAS Score on Validation Data (Training Time 1.922909):  0.9597743179604953
Epoch 113: 
BAS Score on Validation Data (Training Time 1.928761):  0.9547070356017918
Epoch 114: 
BAS Score on Validation Data (Training Time 1.922331):  0.9637169256129866
Epoch 115: 
BAS Score on Validation Data (Training Time 1.926329):  0.9478007470782863
Epoch 116: 
BAS Score on Validation Data (Training Time 1.922298):  0.933026430283051
Epoch 117: 
BAS Score on Validation Data (Training Time 1.922358):  0.9581335402177329
Epoch 118: 
BAS Score on Validation Data (Training Time 1.922729):  0.9555178734286955
Epoch 119: 
BAS Score on Validation Data (Training Time 1.923210):  0.94633974990311
Epoch 120: 
BAS Score on Validation Data (Training Time 1.927328):  0.9570241647508522
Epoch 121: 
BAS Score on Validation Data (Training Time 1.922873):  0.9533377223305569
Epoch 122: 
BAS Score on Validation Data (Training Time 1.928706):  0.9623257074762906
Epoch 123: 
BAS Score on Validation Data (Training Time 1.924160):  0.9570242393709316
Epoch 124: 
BAS Score on Validation Data (Training Time 1.925622):  0.9562697504157329
Epoch 125: 
BAS Score on Validation Data (Training Time 1.922415):  0.9448368219610109
Epoch 126: 
BAS Score on Validation Data (Training Time 1.922329):  0.9552143403929753
Epoch 127: 
BAS Score on Validation Data (Training Time 1.923215):  0.9594281520342918
Epoch 128: 
BAS Score on Validation Data (Training Time 1.922445):  0.9549253857275358
Epoch 129: 
BAS Score on Validation Data (Training Time 1.928944):  0.9583061308644262
Epoch 130: 
BAS Score on Validation Data (Training Time 1.922410):  0.9519504769350461
Epoch 131: 
BAS Score on Validation Data (Training Time 1.928114):  0.9591604017512846
Epoch 132: 
BAS Score on Validation Data (Training Time 1.925967):  0.9599426340804963
Epoch 133: 
BAS Score on Validation Data (Training Time 1.923944):  0.9619639677870294
Epoch 134: 
BAS Score on Validation Data (Training Time 1.921974):  0.9532421370003207
Epoch 135: 
BAS Score on Validation Data (Training Time 1.922195):  0.9632195259678705
Epoch 136: 
BAS Score on Validation Data (Training Time 1.971817):  0.9630419382849019
Epoch 137: 
BAS Score on Validation Data (Training Time 1.922683):  0.9542750691535735
Epoch 138: 
BAS Score on Validation Data (Training Time 1.927982):  0.9627065652255685
Epoch 139: 
BAS Score on Validation Data (Training Time 1.922697):  0.9642868068558852
Epoch 140: 
BAS Score on Validation Data (Training Time 1.927917):  0.9371826608683955
Epoch 141: 
BAS Score on Validation Data (Training Time 1.926899):  0.9628935197429866
Epoch 142: 
BAS Score on Validation Data (Training Time 1.922955):  0.951018773397276
Epoch 143: 
BAS Score on Validation Data (Training Time 1.922761):  0.9434590163794973
Epoch 144: 
BAS Score on Validation Data (Training Time 1.922220):  0.9561629611206133
Epoch 145: 
BAS Score on Validation Data (Training Time 1.923694):  0.948504173317691
Epoch 146: 
BAS Score on Validation Data (Training Time 1.922413):  0.9607119299465555
Epoch 147: 
BAS Score on Validation Data (Training Time 1.928457):  0.9460006040062381
Epoch 148: 
BAS Score on Validation Data (Training Time 1.923285):  0.9505519609401033
Epoch 149: 
BAS Score on Validation Data (Training Time 1.929346):  0.9547995196752047
High Quality
0.8624520101980516 0.7244171920239931 0.7413117352262154 0.8624520101980516 0.6289695103173495
              precision    recall  f1-score   support

           0       1.00      0.72      0.84     34537
           1       0.98      0.90      0.94      6756
           2       0.25      0.96      0.39      3467

    accuracy                           0.77     44760
   macro avg       0.74      0.86      0.72     44760
weighted avg       0.94      0.77      0.82     44760

Low Quality
0.8391401405079216 0.608834233797808 0.6661547580840598 0.8391401405079216 0.4870948623042058
              precision    recall  f1-score   support

           0       1.00      0.65      0.79      1960
           1       0.97      0.98      0.97       235
           2       0.03      0.88      0.06        26

    accuracy                           0.69      2221
   macro avg       0.67      0.84      0.61      2221
weighted avg       0.98      0.69      0.80      2221


High Quality Post 2020
                          mean       std       sem  count
Model                                                    
Transformer-FNET-128  0.958878  0.037145  0.015164      6
Transformer-FNET-64   0.972393  0.004962  0.002026      6
Transformer-MHA-128   0.750582  0.051305  0.020945      6
Transformer-MHA-64    0.861410  0.051734  0.021120      6
                          mean       std       sem  count
Model                                                    
Transformer-FNET-128  0.967035  0.007675  0.003133      6
Transformer-FNET-64   0.968067  0.003104  0.001267      6
Transformer-MHA-128   0.862930  0.038964  0.015907      6
Transformer-MHA-64    0.914773  0.017570  0.007173      6
                          mean       std       sem  count
Model                                                    
Transformer-FNET-128  0.952204  0.046678  0.019056      6
Transformer-FNET-64   0.969250  0.005774  0.002357      6
Transformer-MHA-128   0.683394  0.084081  0.034326      6
Transformer-MHA-64    0.844064  0.083226  0.033977      6

Low Quality Post 2020
                          mean       std       sem  count
Model                                                    
Transformer-FNET-128  0.744803  0.059906  0.024457      6
Transformer-FNET-64   0.742254  0.031285  0.012772      6
Transformer-MHA-128   0.601635  0.038153  0.015576      6
Transformer-MHA-64    0.689834  0.063078  0.025751      6
                          mean       std       sem  count
Model                                                    
Transformer-FNET-128  0.910774  0.027907  0.011393      6
Transformer-FNET-64   0.911962  0.014879  0.006074      6
Transformer-MHA-128   0.817391  0.055019  0.022462      6
Transformer-MHA-64    0.895036  0.028475  0.011625      6
                          mean       std       sem  count
Model                                                    
Transformer-FNET-128  0.791443  0.103772  0.042365      6
Transformer-FNET-64   0.803462  0.060078  0.024527      6
Transformer-MHA-128   0.494276  0.066063  0.026970      6
Transformer-MHA-64    0.681801  0.144686  0.059068      6
Saving Results
************Fold: 6
Data Shape Before Sampling:  (107163, 64, 64) (107163,)
Subtype/Host: 0 ,count:  72321 ,index count: (array([False,  True]), array([34842, 72321])) ,downsampling:  (16000, 64, 64) (16000,)
Subtype/Host: 1 ,count:  22412 ,index count: (array([False,  True]), array([84751, 22412])) ,downsampling:  (16000, 64, 64) (16000,)
Subtype/Host: 2 ,count:  12430 ,index count: (array([False,  True]), array([94733, 12430])) ,keep:  (12430, 64, 64) (12430,)
Emb Dim: 64
Transformer-FNET-64
=====================================================================================================================================================================
Layer (type:depth-idx)                   Input Shape               Output Shape              Kernel Shape              Param #                   Mult-Adds
=====================================================================================================================================================================
TransfomerBlock                          [2, 64, 64]               [2, 3]                    --                        --                        --
├─MakePatches: 1-1                       [2, 64, 64]               [2, 256, 16]              --                        --                        --
│    └─Unfold: 2-1                       [2, 1, 64, 64]            [2, 16, 256]              [4, 4]                    --                        --
├─Linear: 1-2                            [2, 256, 16]              [2, 256, 64]              --                        1,088                     2,176
├─PositionalEncoding: 1-3                [2, 256, 64]              [2, 256, 64]              --                        --                        --
├─FNET: 1-4                              [2, 256, 64]              [2, 256, 64]              --                        --                        --
│    └─LayerNorm: 2-2                    [2, 256, 64]              [2, 256, 64]              --                        128                       256
│    └─Sequential: 2-3                   [2, 256, 64]              [2, 256, 64]              --                        --                        --
│    │    └─Linear: 3-1                  [2, 256, 64]              [2, 256, 64]              --                        4,160                     8,320
│    │    └─ReLU: 3-2                    [2, 256, 64]              [2, 256, 64]              --                        --                        --
│    │    └─Dropout: 3-3                 [2, 256, 64]              [2, 256, 64]              --                        --                        --
│    │    └─Linear: 3-4                  [2, 256, 64]              [2, 256, 64]              --                        4,160                     8,320
│    └─LayerNorm: 2-4                    [2, 256, 64]              [2, 256, 64]              --                        128                       256
├─Sequential: 1-5                        [2, 64]                   [2, 3]                    --                        --                        --
│    └─Linear: 2-5                       [2, 64]                   [2, 64]                   --                        4,160                     8,320
│    └─ReLU: 2-6                         [2, 64]                   [2, 64]                   --                        --                        --
│    └─Linear: 2-7                       [2, 64]                   [2, 32]                   --                        2,080                     4,160
│    └─ReLU: 2-8                         [2, 32]                   [2, 32]                   --                        --                        --
│    └─Linear: 2-9                       [2, 32]                   [2, 3]                    --                        99                        198
=====================================================================================================================================================================
Total params: 16,003
Trainable params: 16,003
Non-trainable params: 0
Total mult-adds (Units.MEGABYTES): 0.03
=====================================================================================================================================================================
Input size (MB): 0.03
Forward/backward pass size (MB): 1.31
Params size (MB): 0.06
Estimated Total Size (MB): 1.41
=====================================================================================================================================================================
Total Trainable Parameters:  16003
Total Parameters:  16003
Epoch 0: 
BAS Score on Validation Data (Training Time 0.979270):  0.43674769603200186
Epoch 1: 
BAS Score on Validation Data (Training Time 0.972291):  0.6450148238671342
Epoch 2: 
BAS Score on Validation Data (Training Time 0.961689):  0.6523831896763573
Epoch 3: 
BAS Score on Validation Data (Training Time 0.965576):  0.6935431445535114
Epoch 4: 
BAS Score on Validation Data (Training Time 0.971073):  0.8254643424695883
Epoch 5: 
BAS Score on Validation Data (Training Time 0.966266):  0.8823154036469588
Epoch 6: 
BAS Score on Validation Data (Training Time 0.965811):  0.896170335217075
Epoch 7: 
BAS Score on Validation Data (Training Time 0.971906):  0.9058144465403787
Epoch 8: 
BAS Score on Validation Data (Training Time 0.966495):  0.9072460324329373
Epoch 9: 
BAS Score on Validation Data (Training Time 0.966411):  0.9141678586518923
Epoch 10: 
BAS Score on Validation Data (Training Time 0.966750):  0.9115875493228006
Epoch 11: 
BAS Score on Validation Data (Training Time 0.966498):  0.9215088529150394
Epoch 12: 
BAS Score on Validation Data (Training Time 0.966465):  0.9250696919507813
Epoch 13: 
BAS Score on Validation Data (Training Time 0.972222):  0.9279048086425842
Epoch 14: 
BAS Score on Validation Data (Training Time 0.966384):  0.9290145747087409
Epoch 15: 
BAS Score on Validation Data (Training Time 0.969253):  0.9313602609691252
Epoch 16: 
BAS Score on Validation Data (Training Time 0.969959):  0.9322117027195581
Epoch 17: 
BAS Score on Validation Data (Training Time 0.964731):  0.9354788393491825
Epoch 18: 
BAS Score on Validation Data (Training Time 0.970487):  0.9367844846166964
Epoch 19: 
BAS Score on Validation Data (Training Time 0.974924):  0.9374501881375767
Epoch 20: 
BAS Score on Validation Data (Training Time 0.967043):  0.9376183636636443
Epoch 21: 
BAS Score on Validation Data (Training Time 0.967360):  0.9402542949313374
Epoch 22: 
BAS Score on Validation Data (Training Time 0.966776):  0.9423184113271401
Epoch 23: 
BAS Score on Validation Data (Training Time 0.974776):  0.942268099839305
Epoch 24: 
BAS Score on Validation Data (Training Time 0.966238):  0.9429096386994856
Epoch 25: 
BAS Score on Validation Data (Training Time 0.965130):  0.9430373899411038
Epoch 26: 
BAS Score on Validation Data (Training Time 0.966722):  0.9438622501428243
Epoch 27: 
BAS Score on Validation Data (Training Time 0.971737):  0.945454550649373
Epoch 28: 
BAS Score on Validation Data (Training Time 0.969440):  0.9447743379643369
Epoch 29: 
BAS Score on Validation Data (Training Time 0.969759):  0.9454781801661237
Epoch 30: 
BAS Score on Validation Data (Training Time 0.971474):  0.9449872943939184
Epoch 31: 
BAS Score on Validation Data (Training Time 0.967695):  0.9452516347692241
Epoch 32: 
BAS Score on Validation Data (Training Time 0.967509):  0.9469201607989062
Epoch 33: 
BAS Score on Validation Data (Training Time 0.971449):  0.9471242401560208
Epoch 34: 
BAS Score on Validation Data (Training Time 0.972718):  0.9484547280859393
Epoch 35: 
BAS Score on Validation Data (Training Time 0.967783):  0.9470268114074448
Epoch 36: 
BAS Score on Validation Data (Training Time 0.968575):  0.9490850640047173
Epoch 37: 
BAS Score on Validation Data (Training Time 0.973487):  0.9495691552932634
Epoch 38: 
BAS Score on Validation Data (Training Time 0.966917):  0.948875595836042
Epoch 39: 
BAS Score on Validation Data (Training Time 0.972039):  0.9512511698678914
Epoch 40: 
BAS Score on Validation Data (Training Time 0.969362):  0.9504159866562127
Epoch 41: 
BAS Score on Validation Data (Training Time 0.967702):  0.9490052983819982
Epoch 42: 
BAS Score on Validation Data (Training Time 0.980751):  0.9506336952460384
Epoch 43: 
BAS Score on Validation Data (Training Time 0.971258):  0.9514051291786196
Epoch 44: 
BAS Score on Validation Data (Training Time 0.976677):  0.9520483666597152
Epoch 45: 
BAS Score on Validation Data (Training Time 0.976886):  0.9523784986375331
Epoch 46: 
BAS Score on Validation Data (Training Time 0.969008):  0.9524637038254964
Epoch 47: 
BAS Score on Validation Data (Training Time 0.972736):  0.9522523445094621
Epoch 48: 
BAS Score on Validation Data (Training Time 0.977993):  0.9524614689756371
Epoch 49: 
BAS Score on Validation Data (Training Time 0.984621):  0.9538187911376917
Epoch 50: 
BAS Score on Validation Data (Training Time 0.973203):  0.950730396324221
Epoch 51: 
BAS Score on Validation Data (Training Time 0.973578):  0.9529234379268988
Epoch 52: 
BAS Score on Validation Data (Training Time 0.974005):  0.9543180188384147
Epoch 53: 
BAS Score on Validation Data (Training Time 0.975439):  0.9543995835044207
Epoch 54: 
BAS Score on Validation Data (Training Time 0.973541):  0.9534222805747331
Epoch 55: 
BAS Score on Validation Data (Training Time 0.973294):  0.9527483768980954
Epoch 56: 
BAS Score on Validation Data (Training Time 0.970454):  0.9543812423768584
Epoch 57: 
BAS Score on Validation Data (Training Time 0.969379):  0.9554687845983628
Epoch 58: 
BAS Score on Validation Data (Training Time 0.967726):  0.9566499236050366
Epoch 59: 
BAS Score on Validation Data (Training Time 0.969548):  0.9546841561546474
Epoch 60: 
BAS Score on Validation Data (Training Time 0.974191):  0.9545182154784392
Epoch 61: 
BAS Score on Validation Data (Training Time 0.970438):  0.9550006081460706
Epoch 62: 
BAS Score on Validation Data (Training Time 0.974576):  0.954252954906296
Epoch 63: 
BAS Score on Validation Data (Training Time 0.973253):  0.9551875087675934
Epoch 64: 
BAS Score on Validation Data (Training Time 0.973252):  0.9572738997617325
Epoch 65: 
BAS Score on Validation Data (Training Time 0.970087):  0.9563421064909479
Epoch 66: 
BAS Score on Validation Data (Training Time 0.968668):  0.9564400714684685
Epoch 67: 
BAS Score on Validation Data (Training Time 0.972083):  0.9549805683975938
Epoch 68: 
BAS Score on Validation Data (Training Time 0.974751):  0.957180302976563
Epoch 69: 
BAS Score on Validation Data (Training Time 0.969685):  0.9563785465509395
Epoch 70: 
BAS Score on Validation Data (Training Time 0.969250):  0.957352259712353
Epoch 71: 
BAS Score on Validation Data (Training Time 0.976049):  0.9580317447269957
Epoch 72: 
BAS Score on Validation Data (Training Time 0.971202):  0.9569344962552636
Epoch 73: 
BAS Score on Validation Data (Training Time 0.970450):  0.9581450883118258
Epoch 74: 
BAS Score on Validation Data (Training Time 0.981003):  0.9567005291266838
Epoch 75: 
BAS Score on Validation Data (Training Time 0.968237):  0.957893558479761
Epoch 76: 
BAS Score on Validation Data (Training Time 0.970454):  0.9569494401409963
Epoch 77: 
BAS Score on Validation Data (Training Time 0.974772):  0.9564400207147846
Epoch 78: 
BAS Score on Validation Data (Training Time 0.974554):  0.9582456721070988
Epoch 79: 
BAS Score on Validation Data (Training Time 0.973029):  0.9574595872376012
Epoch 80: 
BAS Score on Validation Data (Training Time 0.972911):  0.9595529652418436
Epoch 81: 
BAS Score on Validation Data (Training Time 0.970816):  0.9578860363257086
Epoch 82: 
BAS Score on Validation Data (Training Time 0.977065):  0.958843106980475
Epoch 83: 
BAS Score on Validation Data (Training Time 0.968539):  0.9572736068129162
Epoch 84: 
BAS Score on Validation Data (Training Time 0.980080):  0.9574241181281309
Epoch 85: 
BAS Score on Validation Data (Training Time 0.975199):  0.9591762014785455
Epoch 86: 
BAS Score on Validation Data (Training Time 0.970547):  0.9586147211899001
Epoch 87: 
BAS Score on Validation Data (Training Time 0.968247):  0.9588028349570769
Epoch 88: 
BAS Score on Validation Data (Training Time 0.972781):  0.9587524219618743
Epoch 89: 
BAS Score on Validation Data (Training Time 0.975508):  0.9581059797653935
Epoch 90: 
BAS Score on Validation Data (Training Time 0.981548):  0.9584911858795816
Epoch 91: 
BAS Score on Validation Data (Training Time 0.996881):  0.9589154508715136
Epoch 92: 
BAS Score on Validation Data (Training Time 0.977688):  0.9593148732010409
Epoch 93: 
BAS Score on Validation Data (Training Time 0.970742):  0.9591566472053293
Epoch 94: 
BAS Score on Validation Data (Training Time 0.970979):  0.9585652283915351
Epoch 95: 
BAS Score on Validation Data (Training Time 0.970530):  0.9582863788520736
Epoch 96: 
BAS Score on Validation Data (Training Time 0.977772):  0.9575306672293019
Epoch 97: 
BAS Score on Validation Data (Training Time 0.972583):  0.9589038534739268
Epoch 98: 
BAS Score on Validation Data (Training Time 0.972279):  0.958769256994966
Epoch 99: 
BAS Score on Validation Data (Training Time 0.974165):  0.959411088803963
Epoch 100: 
BAS Score on Validation Data (Training Time 0.973475):  0.9587615423144692
Epoch 101: 
BAS Score on Validation Data (Training Time 0.977722):  0.9586525161683063
Epoch 102: 
BAS Score on Validation Data (Training Time 0.968678):  0.9578997163121036
Epoch 103: 
BAS Score on Validation Data (Training Time 0.982892):  0.9598066791700838
Epoch 104: 
BAS Score on Validation Data (Training Time 0.972723):  0.9576944238093348
Epoch 105: 
BAS Score on Validation Data (Training Time 0.969697):  0.9599618008727823
Epoch 106: 
BAS Score on Validation Data (Training Time 0.974074):  0.957481952855014
Epoch 107: 
BAS Score on Validation Data (Training Time 0.977232):  0.9595457360366075
Epoch 108: 
BAS Score on Validation Data (Training Time 0.968770):  0.959912793549678
Epoch 109: 
BAS Score on Validation Data (Training Time 0.978582):  0.9600756299328731
Epoch 110: 
BAS Score on Validation Data (Training Time 0.976456):  0.9589766828402263
Epoch 111: 
BAS Score on Validation Data (Training Time 0.968459):  0.960464425815335
Epoch 112: 
BAS Score on Validation Data (Training Time 0.980815):  0.958810742164018
Epoch 113: 
BAS Score on Validation Data (Training Time 0.974165):  0.9599409827002283
Epoch 114: 
BAS Score on Validation Data (Training Time 0.973621):  0.9596681999740326
Epoch 115: 
BAS Score on Validation Data (Training Time 0.972601):  0.9579604628055552
Epoch 116: 
BAS Score on Validation Data (Training Time 0.968460):  0.9606170704730416
Epoch 117: 
BAS Score on Validation Data (Training Time 0.970633):  0.9592084658726305
Epoch 118: 
BAS Score on Validation Data (Training Time 0.974119):  0.9598298232115737
Epoch 119: 
BAS Score on Validation Data (Training Time 0.971940):  0.9604537993682696
Epoch 120: 
BAS Score on Validation Data (Training Time 0.971976):  0.9603520024273426
Epoch 121: 
BAS Score on Validation Data (Training Time 0.978290):  0.9601202193949382
Epoch 122: 
BAS Score on Validation Data (Training Time 0.969768):  0.9608544348434509
Epoch 123: 
BAS Score on Validation Data (Training Time 0.975295):  0.9591138981369394
Epoch 124: 
BAS Score on Validation Data (Training Time 0.970635):  0.9595664030331057
Epoch 125: 
BAS Score on Validation Data (Training Time 0.975073):  0.9603425891259313
Epoch 126: 
BAS Score on Validation Data (Training Time 0.973022):  0.9605799534963405
Epoch 127: 
BAS Score on Validation Data (Training Time 0.974494):  0.959953065573076
Epoch 128: 
BAS Score on Validation Data (Training Time 0.981970):  0.9597118692392602
Epoch 129: 
BAS Score on Validation Data (Training Time 0.974032):  0.9607488059391175
Epoch 130: 
BAS Score on Validation Data (Training Time 0.972856):  0.9606689398940264
Epoch 131: 
BAS Score on Validation Data (Training Time 0.970129):  0.9601583073221608
Epoch 132: 
BAS Score on Validation Data (Training Time 0.981049):  0.9611431324059007
Epoch 133: 
BAS Score on Validation Data (Training Time 0.976149):  0.9591862927816619
Epoch 134: 
BAS Score on Validation Data (Training Time 0.975532):  0.9595077898821455
Epoch 135: 
BAS Score on Validation Data (Training Time 0.970230):  0.9608775788849409
Epoch 136: 
BAS Score on Validation Data (Training Time 0.968847):  0.9599021671026126
Epoch 137: 
BAS Score on Validation Data (Training Time 0.968154):  0.9591768794802507
Epoch 138: 
BAS Score on Validation Data (Training Time 0.970651):  0.9599680094588084
Epoch 139: 
BAS Score on Validation Data (Training Time 0.976869):  0.9612322192259587
Epoch 140: 
BAS Score on Validation Data (Training Time 0.975295):  0.9601737366831541
Epoch 141: 
BAS Score on Validation Data (Training Time 0.974886):  0.959809783463097
Epoch 142: 
BAS Score on Validation Data (Training Time 0.974455):  0.9602280323954471
Epoch 143: 
BAS Score on Validation Data (Training Time 0.975562):  0.961175689748802
Epoch 144: 
BAS Score on Validation Data (Training Time 0.977028):  0.9607526379025239
Epoch 145: 
BAS Score on Validation Data (Training Time 0.980435):  0.9600239530383324
Epoch 146: 
BAS Score on Validation Data (Training Time 0.973991):  0.961343329045925
Epoch 147: 
BAS Score on Validation Data (Training Time 0.974970):  0.9566359909352186
Epoch 148: 
BAS Score on Validation Data (Training Time 0.971382):  0.9612680733883175
Epoch 149: 
BAS Score on Validation Data (Training Time 0.970693):  0.9610268770545017
High Quality
0.9690947642213196 0.9757128907981594 0.9830725502368111 0.9690947642213196 0.973243334300465
              precision    recall  f1-score   support

           0       0.99      1.00      0.99     34537
           1       0.98      1.00      0.99      6756
           2       0.97      0.91      0.94      3467

    accuracy                           0.99     44760
   macro avg       0.98      0.97      0.98     44760
weighted avg       0.99      0.99      0.99     44760

Low Quality
0.9298367792288765 0.7636303464893928 0.7237346069596996 0.9298367792288765 0.838977609021869
              precision    recall  f1-score   support

           0       1.00      0.96      0.98      1960
           1       0.96      0.99      0.97       235
           2       0.21      0.85      0.34        26

    accuracy                           0.96      2221
   macro avg       0.72      0.93      0.76      2221
weighted avg       0.99      0.96      0.97      2221

Emb Dim: 128
Transformer-FNET-128
=====================================================================================================================================================================
Layer (type:depth-idx)                   Input Shape               Output Shape              Kernel Shape              Param #                   Mult-Adds
=====================================================================================================================================================================
TransfomerBlock                          [2, 64, 64]               [2, 3]                    --                        --                        --
├─MakePatches: 1-1                       [2, 64, 64]               [2, 256, 16]              --                        --                        --
│    └─Unfold: 2-1                       [2, 1, 64, 64]            [2, 16, 256]              [4, 4]                    --                        --
├─Linear: 1-2                            [2, 256, 16]              [2, 256, 128]             --                        2,176                     4,352
├─PositionalEncoding: 1-3                [2, 256, 128]             [2, 256, 128]             --                        --                        --
├─FNET: 1-4                              [2, 256, 128]             [2, 256, 128]             --                        --                        --
│    └─LayerNorm: 2-2                    [2, 256, 128]             [2, 256, 128]             --                        256                       512
│    └─Sequential: 2-3                   [2, 256, 128]             [2, 256, 128]             --                        --                        --
│    │    └─Linear: 3-1                  [2, 256, 128]             [2, 256, 128]             --                        16,512                    33,024
│    │    └─ReLU: 3-2                    [2, 256, 128]             [2, 256, 128]             --                        --                        --
│    │    └─Dropout: 3-3                 [2, 256, 128]             [2, 256, 128]             --                        --                        --
│    │    └─Linear: 3-4                  [2, 256, 128]             [2, 256, 128]             --                        16,512                    33,024
│    └─LayerNorm: 2-4                    [2, 256, 128]             [2, 256, 128]             --                        256                       512
├─Sequential: 1-5                        [2, 128]                  [2, 3]                    --                        --                        --
│    └─Linear: 2-5                       [2, 128]                  [2, 64]                   --                        8,256                     16,512
│    └─ReLU: 2-6                         [2, 64]                   [2, 64]                   --                        --                        --
│    └─Linear: 2-7                       [2, 64]                   [2, 32]                   --                        2,080                     4,160
│    └─ReLU: 2-8                         [2, 32]                   [2, 32]                   --                        --                        --
│    └─Linear: 2-9                       [2, 32]                   [2, 3]                    --                        99                        198
=====================================================================================================================================================================
Total params: 46,147
Trainable params: 46,147
Non-trainable params: 0
Total mult-adds (Units.MEGABYTES): 0.09
=====================================================================================================================================================================
Input size (MB): 0.03
Forward/backward pass size (MB): 2.62
Params size (MB): 0.18
Estimated Total Size (MB): 2.84
=====================================================================================================================================================================
Total Trainable Parameters:  46147
Total Parameters:  46147
Epoch 0: 
BAS Score on Validation Data (Training Time 1.132298):  0.6490364694621672
Epoch 1: 
BAS Score on Validation Data (Training Time 1.107004):  0.6551020510167614
Epoch 2: 
BAS Score on Validation Data (Training Time 1.106767):  0.7665750789317132
Epoch 3: 
BAS Score on Validation Data (Training Time 1.107572):  0.8905748846740981
Epoch 4: 
BAS Score on Validation Data (Training Time 1.107766):  0.9076194717696673
Epoch 5: 
BAS Score on Validation Data (Training Time 1.107268):  0.9153764188733304
Epoch 6: 
BAS Score on Validation Data (Training Time 1.107823):  0.9227183840869991
Epoch 7: 
BAS Score on Validation Data (Training Time 1.107649):  0.9286119973325166
Epoch 8: 
BAS Score on Validation Data (Training Time 1.108775):  0.9283170817807452
Epoch 9: 
BAS Score on Validation Data (Training Time 1.108040):  0.9373493621471715
Epoch 10: 
BAS Score on Validation Data (Training Time 1.107117):  0.9323889881099298
Epoch 11: 
BAS Score on Validation Data (Training Time 1.108000):  0.9386756236574995
Epoch 12: 
BAS Score on Validation Data (Training Time 1.108626):  0.9423607256739531
Epoch 13: 
BAS Score on Validation Data (Training Time 1.108308):  0.9416949206457051
Epoch 14: 
BAS Score on Validation Data (Training Time 1.114030):  0.944106207067153
Epoch 15: 
BAS Score on Validation Data (Training Time 1.109138):  0.9446578900864938
Epoch 16: 
BAS Score on Validation Data (Training Time 1.108838):  0.9459130208514374
Epoch 17: 
BAS Score on Validation Data (Training Time 1.115716):  0.9469120113968325
Epoch 18: 
BAS Score on Validation Data (Training Time 1.109185):  0.9477605413806968
Epoch 19: 
BAS Score on Validation Data (Training Time 1.108123):  0.9490479966967044
Epoch 20: 
BAS Score on Validation Data (Training Time 1.109810):  0.9494277135769597
Epoch 21: 
BAS Score on Validation Data (Training Time 1.108826):  0.9525773403591429
Epoch 22: 
BAS Score on Validation Data (Training Time 1.108300):  0.9525047035192878
Epoch 23: 
BAS Score on Validation Data (Training Time 1.108501):  0.9525007700485136
Epoch 24: 
BAS Score on Validation Data (Training Time 1.109379):  0.9538163648463837
Epoch 25: 
BAS Score on Validation Data (Training Time 1.109579):  0.952680977693745
Epoch 26: 
BAS Score on Validation Data (Training Time 1.109448):  0.954479642075956
Epoch 27: 
BAS Score on Validation Data (Training Time 1.108590):  0.9546596064410591
Epoch 28: 
BAS Score on Validation Data (Training Time 1.110541):  0.9563262424083776
Epoch 29: 
BAS Score on Validation Data (Training Time 1.109265):  0.954945826958517
Epoch 30: 
BAS Score on Validation Data (Training Time 1.108504):  0.955292652196666
Epoch 31: 
BAS Score on Validation Data (Training Time 1.108842):  0.9561390488380385
Epoch 32: 
BAS Score on Validation Data (Training Time 1.112919):  0.955854668714256
Epoch 33: 
BAS Score on Validation Data (Training Time 1.109105):  0.9575353283704694
Epoch 34: 
BAS Score on Validation Data (Training Time 1.109347):  0.9569186321726934
Epoch 35: 
BAS Score on Validation Data (Training Time 1.110477):  0.9576011707266655
Epoch 36: 
BAS Score on Validation Data (Training Time 1.108706):  0.9578954496271201
Epoch 37: 
BAS Score on Validation Data (Training Time 1.108829):  0.9572000497762234
Epoch 38: 
BAS Score on Validation Data (Training Time 1.115303):  0.9581614886233405
Epoch 39: 
BAS Score on Validation Data (Training Time 1.110013):  0.9593366115704326
Epoch 40: 
BAS Score on Validation Data (Training Time 1.108900):  0.9593177849676097
Epoch 41: 
BAS Score on Validation Data (Training Time 1.114214):  0.9594914403243147
Epoch 42: 
BAS Score on Validation Data (Training Time 1.109702):  0.9588319950581488
Epoch 43: 
BAS Score on Validation Data (Training Time 1.143166):  0.9594367098904447
Epoch 44: 
BAS Score on Validation Data (Training Time 1.138610):  0.9589398080586576
Epoch 45: 
BAS Score on Validation Data (Training Time 1.110423):  0.9600831520869253
Epoch 46: 
BAS Score on Validation Data (Training Time 1.109170):  0.9559918332572854
Epoch 47: 
BAS Score on Validation Data (Training Time 1.110459):  0.9573180545022207
Epoch 48: 
BAS Score on Validation Data (Training Time 1.109957):  0.9605597212214193
Epoch 49: 
BAS Score on Validation Data (Training Time 1.108603):  0.9588893950634549
Epoch 50: 
BAS Score on Validation Data (Training Time 1.108481):  0.9596882397225096
Epoch 51: 
BAS Score on Validation Data (Training Time 1.110499):  0.9609878181767577
Epoch 52: 
BAS Score on Validation Data (Training Time 1.109113):  0.9602155148010226
Epoch 53: 
BAS Score on Validation Data (Training Time 1.110771):  0.9605640386600864
Epoch 54: 
BAS Score on Validation Data (Training Time 1.114423):  0.9594752832929281
Epoch 55: 
BAS Score on Validation Data (Training Time 1.110491):  0.9592704762654201
Epoch 56: 
BAS Score on Validation Data (Training Time 1.110633):  0.960769765884432
Epoch 57: 
BAS Score on Validation Data (Training Time 1.117506):  0.9615090771956888
Epoch 58: 
BAS Score on Validation Data (Training Time 1.109709):  0.9611773883697167
Epoch 59: 
BAS Score on Validation Data (Training Time 1.110315):  0.9595193872797325
Epoch 60: 
BAS Score on Validation Data (Training Time 1.117066):  0.9597190984444962
Epoch 61: 
BAS Score on Validation Data (Training Time 1.118269):  0.9610266845280574
Epoch 62: 
BAS Score on Validation Data (Training Time 1.112284):  0.9604632126696809
Epoch 63: 
BAS Score on Validation Data (Training Time 1.111392):  0.961983947709268
Epoch 64: 
BAS Score on Validation Data (Training Time 1.109627):  0.9628486347245188
Epoch 65: 
BAS Score on Validation Data (Training Time 1.109940):  0.9622203411291558
Epoch 66: 
BAS Score on Validation Data (Training Time 1.110756):  0.9611192606940172
Epoch 67: 
BAS Score on Validation Data (Training Time 1.109977):  0.963200555825412
Epoch 68: 
BAS Score on Validation Data (Training Time 1.108617):  0.9612022310321214
Epoch 69: 
BAS Score on Validation Data (Training Time 1.116490):  0.9626274781391798
Epoch 70: 
BAS Score on Validation Data (Training Time 1.110760):  0.9628148642359632
Epoch 71: 
BAS Score on Validation Data (Training Time 1.113981):  0.9612774866897288
Epoch 72: 
BAS Score on Validation Data (Training Time 1.116930):  0.9614074727812062
Epoch 73: 
BAS Score on Validation Data (Training Time 1.110123):  0.9584805086788323
Epoch 74: 
BAS Score on Validation Data (Training Time 1.118614):  0.9595514591473732
Epoch 75: 
BAS Score on Validation Data (Training Time 1.115543):  0.9627430058201852
Epoch 76: 
BAS Score on Validation Data (Training Time 1.109742):  0.9605671429530994
Epoch 77: 
BAS Score on Validation Data (Training Time 1.116684):  0.95932520669929
Epoch 78: 
BAS Score on Validation Data (Training Time 1.113949):  0.9632728997164507
Epoch 79: 
BAS Score on Validation Data (Training Time 1.110479):  0.959768298294045
Epoch 80: 
BAS Score on Validation Data (Training Time 1.110571):  0.9637060925345334
Epoch 81: 
BAS Score on Validation Data (Training Time 1.110489):  0.9607839820997713
Epoch 82: 
BAS Score on Validation Data (Training Time 1.110090):  0.9614904431193104
Epoch 83: 
BAS Score on Validation Data (Training Time 1.109481):  0.9628288879248582
Epoch 84: 
BAS Score on Validation Data (Training Time 1.115685):  0.9612663747674027
Epoch 85: 
BAS Score on Validation Data (Training Time 1.110155):  0.9602263337745324
Epoch 86: 
BAS Score on Validation Data (Training Time 1.111127):  0.9635970663883705
Epoch 87: 
BAS Score on Validation Data (Training Time 1.116281):  0.9571749141650022
Epoch 88: 
BAS Score on Validation Data (Training Time 1.110875):  0.9616414399097861
Epoch 89: 
BAS Score on Validation Data (Training Time 1.110571):  0.9620143209559938
Epoch 90: 
BAS Score on Validation Data (Training Time 1.113164):  0.9642709700650083
Epoch 91: 
BAS Score on Validation Data (Training Time 1.110747):  0.9631223884012359
Epoch 92: 
BAS Score on Validation Data (Training Time 1.109778):  0.9633481553740583
Epoch 93: 
BAS Score on Validation Data (Training Time 1.109573):  0.9638211347402783
Epoch 94: 
BAS Score on Validation Data (Training Time 1.112070):  0.9631612039988516
Epoch 95: 
BAS Score on Validation Data (Training Time 1.110249):  0.9609084376069275
Epoch 96: 
BAS Score on Validation Data (Training Time 1.110783):  0.9594783875859411
Epoch 97: 
BAS Score on Validation Data (Training Time 1.110382):  0.9634388403926589
Epoch 98: 
BAS Score on Validation Data (Training Time 1.113512):  0.9630034634784007
Epoch 99: 
BAS Score on Validation Data (Training Time 1.109803):  0.9617880685079108
Epoch 100: 
BAS Score on Validation Data (Training Time 1.117725):  0.9585550874197303
Epoch 101: 
BAS Score on Validation Data (Training Time 1.110556):  0.9566809240997838
Epoch 102: 
BAS Score on Validation Data (Training Time 1.110996):  0.9641961998826615
Epoch 103: 
BAS Score on Validation Data (Training Time 1.116560):  0.9638474834971534
Epoch 104: 
BAS Score on Validation Data (Training Time 1.113470):  0.9624552284545733
Epoch 105: 
BAS Score on Validation Data (Training Time 1.110131):  0.9645712650250449
Epoch 106: 
BAS Score on Validation Data (Training Time 1.115003):  0.9616469704941073
Epoch 107: 
BAS Score on Validation Data (Training Time 1.111165):  0.963271201095536
Epoch 108: 
BAS Score on Validation Data (Training Time 1.109801):  0.9640437974200875
Epoch 109: 
BAS Score on Validation Data (Training Time 1.110557):  0.9606334707845563
Epoch 110: 
BAS Score on Validation Data (Training Time 1.109639):  0.9616829250788381
Epoch 111: 
BAS Score on Validation Data (Training Time 1.109657):  0.9643619480324256
Epoch 112: 
BAS Score on Validation Data (Training Time 1.110457):  0.9630565460450398
Epoch 113: 
BAS Score on Validation Data (Training Time 1.110538):  0.9618051964898188
Epoch 114: 
BAS Score on Validation Data (Training Time 1.109608):  0.9617658954169421
Epoch 115: 
BAS Score on Validation Data (Training Time 1.117258):  0.96525336885744
Epoch 116: 
BAS Score on Validation Data (Training Time 1.110201):  0.961905294809831
Epoch 117: 
BAS Score on Validation Data (Training Time 1.110932):  0.9624479992493374
Epoch 118: 
BAS Score on Validation Data (Training Time 1.117765):  0.9645480702298711
Epoch 119: 
BAS Score on Validation Data (Training Time 1.109686):  0.9586734761136206
Epoch 120: 
BAS Score on Validation Data (Training Time 1.115850):  0.9614527899136647
Epoch 121: 
BAS Score on Validation Data (Training Time 1.114947):  0.9639267636446117
Epoch 122: 
BAS Score on Validation Data (Training Time 1.110263):  0.9588826005797958
Epoch 123: 
BAS Score on Validation Data (Training Time 1.110430):  0.9649149859701809
Epoch 124: 
BAS Score on Validation Data (Training Time 1.110918):  0.9644600547827066
Epoch 125: 
BAS Score on Validation Data (Training Time 1.111944):  0.9616525010784285
Epoch 126: 
BAS Score on Validation Data (Training Time 1.111179):  0.9640408348998349
Epoch 127: 
BAS Score on Validation Data (Training Time 1.113259):  0.9653557009423159
Epoch 128: 
BAS Score on Validation Data (Training Time 1.111819):  0.9582419819164528
Epoch 129: 
BAS Score on Validation Data (Training Time 1.110240):  0.9592554816260037
Epoch 130: 
BAS Score on Validation Data (Training Time 1.118776):  0.9626648383960091
Epoch 131: 
BAS Score on Validation Data (Training Time 1.117918):  0.9643549113536339
Epoch 132: 
BAS Score on Validation Data (Training Time 1.111593):  0.9647686905862655
Epoch 133: 
BAS Score on Validation Data (Training Time 1.116689):  0.9601682060988329
Epoch 134: 
BAS Score on Validation Data (Training Time 1.112315):  0.9630963325931771
Epoch 135: 
BAS Score on Validation Data (Training Time 1.110371):  0.9647913999061785
Epoch 136: 
BAS Score on Validation Data (Training Time 1.109958):  0.9642642263350331
Epoch 137: 
BAS Score on Validation Data (Training Time 1.115322):  0.9653546803231062
Epoch 138: 
BAS Score on Validation Data (Training Time 1.111122):  0.9651156173317822
Epoch 139: 
BAS Score on Validation Data (Training Time 1.114018):  0.9655621061683665
Epoch 140: 
BAS Score on Validation Data (Training Time 1.118196):  0.9646696647241423
Epoch 141: 
BAS Score on Validation Data (Training Time 1.118415):  0.9600615047366103
Epoch 142: 
BAS Score on Validation Data (Training Time 1.110645):  0.9646790780255537
Epoch 143: 
BAS Score on Validation Data (Training Time 1.118315):  0.9628247122589516
Epoch 144: 
BAS Score on Validation Data (Training Time 1.111137):  0.9640840694434857
Epoch 145: 
BAS Score on Validation Data (Training Time 1.110698):  0.9618980656045951
Epoch 146: 
BAS Score on Validation Data (Training Time 1.118048):  0.9625343160755871
Epoch 147: 
BAS Score on Validation Data (Training Time 1.111066):  0.96480353353271
Epoch 148: 
BAS Score on Validation Data (Training Time 1.110580):  0.9645570488097057
Epoch 149: 
BAS Score on Validation Data (Training Time 1.117385):  0.9646409393446475
High Quality
0.9706107542824052 0.970232309233687 0.9699108459404614 0.9706107542824052 0.9662574398415138
              precision    recall  f1-score   support

           0       0.99      0.99      0.99     34537
           1       0.98      1.00      0.99      6756
           2       0.93      0.92      0.93      3467

    accuracy                           0.99     44760
   macro avg       0.97      0.97      0.97     44760
weighted avg       0.99      0.99      0.99     44760

Low Quality
0.9439131790195621 0.7249186273679538 0.7012698412698413 0.9439131790195621 0.764715569419361
              precision    recall  f1-score   support

           0       1.00      0.92      0.96      1960
           1       0.97      0.99      0.98       235
           2       0.14      0.92      0.24        26

    accuracy                           0.93      2221
   macro avg       0.70      0.94      0.72      2221
weighted avg       0.99      0.93      0.95      2221

Emb Dim: 64
Transformer-MHA-64
=====================================================================================================================================================================
Layer (type:depth-idx)                   Input Shape               Output Shape              Kernel Shape              Param #                   Mult-Adds
=====================================================================================================================================================================
TransfomerBlock                          [2, 64, 64]               [2, 3]                    --                        --                        --
├─MakePatches: 1-1                       [2, 64, 64]               [2, 256, 16]              --                        --                        --
│    └─Unfold: 2-1                       [2, 1, 64, 64]            [2, 16, 256]              [4, 4]                    --                        --
├─Linear: 1-2                            [2, 256, 16]              [2, 256, 64]              --                        1,088                     2,176
├─PositionalEncoding: 1-3                [2, 256, 64]              [2, 256, 64]              --                        --                        --
├─TransformerEncoderLayer: 1-4           [2, 256, 64]              [2, 256, 64]              --                        --                        --
│    └─MultiheadAttention: 2-2           [2, 256, 64]              [2, 256, 64]              --                        16,640                    --
│    └─Dropout: 2-3                      [2, 256, 64]              [2, 256, 64]              --                        --                        --
│    └─LayerNorm: 2-4                    [2, 256, 64]              [2, 256, 64]              --                        128                       256
│    └─Linear: 2-5                       [2, 256, 64]              [2, 256, 2048]            --                        133,120                   266,240
│    └─Dropout: 2-6                      [2, 256, 2048]            [2, 256, 2048]            --                        --                        --
│    └─Linear: 2-7                       [2, 256, 2048]            [2, 256, 64]              --                        131,136                   262,272
│    └─Dropout: 2-8                      [2, 256, 64]              [2, 256, 64]              --                        --                        --
│    └─LayerNorm: 2-9                    [2, 256, 64]              [2, 256, 64]              --                        128                       256
├─Sequential: 1-5                        [2, 64]                   [2, 3]                    --                        --                        --
│    └─Linear: 2-10                      [2, 64]                   [2, 64]                   --                        4,160                     8,320
│    └─ReLU: 2-11                        [2, 64]                   [2, 64]                   --                        --                        --
│    └─Linear: 2-12                      [2, 64]                   [2, 32]                   --                        2,080                     4,160
│    └─ReLU: 2-13                        [2, 32]                   [2, 32]                   --                        --                        --
│    └─Linear: 2-14                      [2, 32]                   [2, 3]                    --                        99                        198
=====================================================================================================================================================================
Total params: 288,579
Trainable params: 288,579
Non-trainable params: 0
Total mult-adds (Units.MEGABYTES): 0.54
=====================================================================================================================================================================
Input size (MB): 0.03
Forward/backward pass size (MB): 9.44
Params size (MB): 1.09
Estimated Total Size (MB): 10.56
=====================================================================================================================================================================
Total Trainable Parameters:  288579
Total Parameters:  288579
Epoch 0: 
BAS Score on Validation Data (Training Time 1.689652):  0.5177418239645993
Epoch 1: 
BAS Score on Validation Data (Training Time 1.687597):  0.6985409296012662
Epoch 2: 
BAS Score on Validation Data (Training Time 1.687371):  0.8924529097345527
Epoch 3: 
BAS Score on Validation Data (Training Time 1.689010):  0.9091844431655239
Epoch 4: 
BAS Score on Validation Data (Training Time 1.688477):  0.9210039445389349
Epoch 5: 
BAS Score on Validation Data (Training Time 1.688171):  0.9292257712754329
Epoch 6: 
BAS Score on Validation Data (Training Time 1.689543):  0.9324642829479344
Epoch 7: 
BAS Score on Validation Data (Training Time 1.688836):  0.9334533747166575
Epoch 8: 
BAS Score on Validation Data (Training Time 1.690819):  0.9339661913846986
Epoch 9: 
BAS Score on Validation Data (Training Time 1.689587):  0.9356771735339541
Epoch 10: 
BAS Score on Validation Data (Training Time 1.687797):  0.9386677958963486
Epoch 11: 
BAS Score on Validation Data (Training Time 1.688563):  0.940947589046853
Epoch 12: 
BAS Score on Validation Data (Training Time 1.689194):  0.9369192620488151
Epoch 13: 
BAS Score on Validation Data (Training Time 1.688318):  0.938198558559454
Epoch 14: 
BAS Score on Validation Data (Training Time 1.688592):  0.9428322773064973
Epoch 15: 
BAS Score on Validation Data (Training Time 1.688785):  0.9299998516328772
Epoch 16: 
BAS Score on Validation Data (Training Time 1.688358):  0.9426972461059595
Epoch 17: 
BAS Score on Validation Data (Training Time 1.689685):  0.9429517892119607
Epoch 18: 
BAS Score on Validation Data (Training Time 1.687827):  0.9447264296212367
Epoch 19: 
BAS Score on Validation Data (Training Time 1.694310):  0.9451347290232309
Epoch 20: 
BAS Score on Validation Data (Training Time 1.688602):  0.9347663275502018
Epoch 21: 
BAS Score on Validation Data (Training Time 1.695512):  0.9462021923158611
Epoch 22: 
BAS Score on Validation Data (Training Time 1.688770):  0.9449591444237653
Epoch 23: 
BAS Score on Validation Data (Training Time 1.692699):  0.9466032625126194
Epoch 24: 
BAS Score on Validation Data (Training Time 1.689474):  0.9458807851494586
Epoch 25: 
BAS Score on Validation Data (Training Time 1.688812):  0.9454862164875429
Epoch 26: 
BAS Score on Validation Data (Training Time 1.688977):  0.9478043397604026
Epoch 27: 
BAS Score on Validation Data (Training Time 1.690377):  0.9477250606979398
Epoch 28: 
BAS Score on Validation Data (Training Time 1.689784):  0.9444639296396063
Epoch 29: 
BAS Score on Validation Data (Training Time 1.694910):  0.9489250770611205
Epoch 30: 
BAS Score on Validation Data (Training Time 1.691207):  0.9482180290589529
Epoch 31: 
BAS Score on Validation Data (Training Time 1.695515):  0.9457856304311392
Epoch 32: 
BAS Score on Validation Data (Training Time 1.690113):  0.9508961329006983
Epoch 33: 
BAS Score on Validation Data (Training Time 1.694813):  0.9452941300691949
Epoch 34: 
BAS Score on Validation Data (Training Time 1.690614):  0.9498919957388751
Epoch 35: 
BAS Score on Validation Data (Training Time 1.690911):  0.9493017393170509
Epoch 36: 
BAS Score on Validation Data (Training Time 1.689325):  0.948706923261427
Epoch 37: 
BAS Score on Validation Data (Training Time 1.691359):  0.9501411489483199
Epoch 38: 
BAS Score on Validation Data (Training Time 1.688845):  0.9443004544351034
Epoch 39: 
BAS Score on Validation Data (Training Time 1.689155):  0.9478942071745289
Epoch 40: 
BAS Score on Validation Data (Training Time 1.695048):  0.9492214893040668
Epoch 41: 
BAS Score on Validation Data (Training Time 1.690029):  0.9427063030465885
Epoch 42: 
BAS Score on Validation Data (Training Time 1.696500):  0.9388110548597545
Epoch 43: 
BAS Score on Validation Data (Training Time 1.690144):  0.9456720446511766
Epoch 44: 
BAS Score on Validation Data (Training Time 1.692110):  0.9516324816917026
Epoch 45: 
BAS Score on Validation Data (Training Time 1.690302):  0.9459347371592512
Epoch 46: 
BAS Score on Validation Data (Training Time 1.691444):  0.9515268527873691
Epoch 47: 
BAS Score on Validation Data (Training Time 1.689514):  0.9486401998887906
Epoch 48: 
BAS Score on Validation Data (Training Time 1.691119):  0.9496342468324931
Epoch 49: 
BAS Score on Validation Data (Training Time 1.689860):  0.9479760543010601
Epoch 50: 
BAS Score on Validation Data (Training Time 1.695852):  0.9504163982312165
Epoch 51: 
BAS Score on Validation Data (Training Time 1.690863):  0.9443223345772555
Epoch 52: 
BAS Score on Validation Data (Training Time 1.697439):  0.9518121531079894
Epoch 53: 
BAS Score on Validation Data (Training Time 1.690826):  0.9502088316981913
Epoch 54: 
BAS Score on Validation Data (Training Time 1.695909):  0.9501644855162543
Epoch 55: 
BAS Score on Validation Data (Training Time 1.690826):  0.9486846994167747
Epoch 56: 
BAS Score on Validation Data (Training Time 1.690281):  0.9517983208605432
Epoch 57: 
BAS Score on Validation Data (Training Time 1.690262):  0.9512112702390999
Epoch 58: 
BAS Score on Validation Data (Training Time 1.691366):  0.9508073897831405
Epoch 59: 
BAS Score on Validation Data (Training Time 1.698196):  0.9515723210958836
Epoch 60: 
BAS Score on Validation Data (Training Time 1.697558):  0.9406699295064725
Epoch 61: 
BAS Score on Validation Data (Training Time 1.692369):  0.952048942069057
Epoch 62: 
BAS Score on Validation Data (Training Time 1.696714):  0.9533607832643148
Epoch 63: 
BAS Score on Validation Data (Training Time 1.700900):  0.9535364312757465
Epoch 64: 
BAS Score on Validation Data (Training Time 1.695928):  0.9524618011048508
Epoch 65: 
BAS Score on Validation Data (Training Time 1.691999):  0.9515805201666453
Epoch 66: 
BAS Score on Validation Data (Training Time 1.692342):  0.9549942864793901
Epoch 67: 
BAS Score on Validation Data (Training Time 1.691151):  0.9462707158167799
Epoch 68: 
BAS Score on Validation Data (Training Time 1.690686):  0.9504213925865931
Epoch 69: 
BAS Score on Validation Data (Training Time 1.690810):  0.9516441816816528
Epoch 70: 
BAS Score on Validation Data (Training Time 1.691054):  0.9522851716546067
Epoch 71: 
BAS Score on Validation Data (Training Time 1.696645):  0.9535506474910859
Epoch 72: 
BAS Score on Validation Data (Training Time 1.691611):  0.956786105624258
Epoch 73: 
BAS Score on Validation Data (Training Time 1.698820):  0.9552844912213058
Epoch 74: 
BAS Score on Validation Data (Training Time 1.689749):  0.9540644858633324
Epoch 75: 
BAS Score on Validation Data (Training Time 1.693246):  0.9497503499228404
Epoch 76: 
BAS Score on Validation Data (Training Time 1.710346):  0.955479782355039
Epoch 77: 
BAS Score on Validation Data (Training Time 1.696131):  0.9561004131085848
Epoch 78: 
BAS Score on Validation Data (Training Time 1.726230):  0.9542703145950456
Epoch 79: 
BAS Score on Validation Data (Training Time 1.690935):  0.9568300678383022
Epoch 80: 
BAS Score on Validation Data (Training Time 1.690420):  0.9526103313386255
Epoch 81: 
BAS Score on Validation Data (Training Time 1.696910):  0.9544090856549174
Epoch 82: 
BAS Score on Validation Data (Training Time 1.690027):  0.9573982421882343
Epoch 83: 
BAS Score on Validation Data (Training Time 1.697475):  0.9540462854235351
Epoch 84: 
BAS Score on Validation Data (Training Time 1.690105):  0.9519221386313871
Epoch 85: 
BAS Score on Validation Data (Training Time 1.694255):  0.9506845705699286
Epoch 86: 
BAS Score on Validation Data (Training Time 1.690141):  0.95421212350738
Epoch 87: 
BAS Score on Validation Data (Training Time 1.691275):  0.9547116546452107
Epoch 88: 
BAS Score on Validation Data (Training Time 1.691278):  0.9585683707799498
Epoch 89: 
BAS Score on Validation Data (Training Time 1.692292):  0.9501280846366599
Epoch 90: 
BAS Score on Validation Data (Training Time 1.692217):  0.9562480231455219
Epoch 91: 
BAS Score on Validation Data (Training Time 1.697346):  0.9519664848133242
Epoch 92: 
BAS Score on Validation Data (Training Time 1.691804):  0.9478573092463872
Epoch 93: 
BAS Score on Validation Data (Training Time 1.698569):  0.9582292094686137
Epoch 94: 
BAS Score on Validation Data (Training Time 1.691222):  0.958217420629578
Epoch 95: 
BAS Score on Validation Data (Training Time 1.694888):  0.9460311833840193
Epoch 96: 
BAS Score on Validation Data (Training Time 1.691233):  0.9582275108476987
Epoch 97: 
BAS Score on Validation Data (Training Time 1.690993):  0.95350728057797
Epoch 98: 
BAS Score on Validation Data (Training Time 1.692022):  0.9581097588051248
Epoch 99: 
BAS Score on Validation Data (Training Time 1.690354):  0.9593720691066162
Epoch 100: 
BAS Score on Validation Data (Training Time 1.706129):  0.9596110305905725
Epoch 101: 
BAS Score on Validation Data (Training Time 1.690291):  0.9547692576652519
Epoch 102: 
BAS Score on Validation Data (Training Time 1.710673):  0.9566029459470652
Epoch 103: 
BAS Score on Validation Data (Training Time 1.696742):  0.9603207481641762
Epoch 104: 
BAS Score on Validation Data (Training Time 1.696721):  0.9564988242221978
Epoch 105: 
BAS Score on Validation Data (Training Time 1.690104):  0.9548486680121843
Epoch 106: 
BAS Score on Validation Data (Training Time 1.694882):  0.9561350519552985
Epoch 107: 
BAS Score on Validation Data (Training Time 1.690429):  0.958442995075956
Epoch 108: 
BAS Score on Validation Data (Training Time 1.690663):  0.9591212669449446
Epoch 109: 
BAS Score on Validation Data (Training Time 1.690613):  0.9483326564347072
Epoch 110: 
BAS Score on Validation Data (Training Time 1.691200):  0.9536355978256346
Epoch 111: 
BAS Score on Validation Data (Training Time 1.689923):  0.9542584115903602
Epoch 112: 
BAS Score on Validation Data (Training Time 1.694657):  0.9545465039663661
Epoch 113: 
BAS Score on Validation Data (Training Time 1.689986):  0.9565178825318622
Epoch 114: 
BAS Score on Validation Data (Training Time 1.697880):  0.9567398175412781
Epoch 115: 
BAS Score on Validation Data (Training Time 1.690213):  0.9576898515172529
Epoch 116: 
BAS Score on Validation Data (Training Time 1.694915):  0.9520405273252776
Epoch 117: 
BAS Score on Validation Data (Training Time 1.690105):  0.9570314776239804
Epoch 118: 
BAS Score on Validation Data (Training Time 1.691046):  0.9566304074272223
Epoch 119: 
BAS Score on Validation Data (Training Time 1.691174):  0.9504210792639701
Epoch 120: 
BAS Score on Validation Data (Training Time 1.692168):  0.9555859877537101
Epoch 121: 
BAS Score on Validation Data (Training Time 1.692123):  0.9565455862071519
Epoch 122: 
BAS Score on Validation Data (Training Time 1.697284):  0.9553442149255568
Epoch 123: 
BAS Score on Validation Data (Training Time 1.691939):  0.955731706643288
Epoch 124: 
BAS Score on Validation Data (Training Time 1.696990):  0.9594216126586651
Epoch 125: 
BAS Score on Validation Data (Training Time 1.693078):  0.9272174319726044
Epoch 126: 
BAS Score on Validation Data (Training Time 1.694622):  0.9553001004504614
Epoch 127: 
BAS Score on Validation Data (Training Time 1.694022):  0.9575032438445467
Epoch 128: 
BAS Score on Validation Data (Training Time 1.691259):  0.9534143523912101
Epoch 129: 
BAS Score on Validation Data (Training Time 1.692110):  0.960774224010864
Epoch 130: 
BAS Score on Validation Data (Training Time 1.693073):  0.9561621399558534
Epoch 131: 
BAS Score on Validation Data (Training Time 1.692786):  0.9552411540852921
Epoch 132: 
BAS Score on Validation Data (Training Time 1.691267):  0.9578044187360278
Epoch 133: 
BAS Score on Validation Data (Training Time 1.698780):  0.9529619881828088
Epoch 134: 
BAS Score on Validation Data (Training Time 1.690975):  0.9576961616106469
Epoch 135: 
BAS Score on Validation Data (Training Time 1.699879):  0.9551289232237439
Epoch 136: 
BAS Score on Validation Data (Training Time 1.691624):  0.9567985724649989
Epoch 137: 
BAS Score on Validation Data (Training Time 1.695299):  0.9603271079262584
Epoch 138: 
BAS Score on Validation Data (Training Time 1.693372):  0.9579977193850255
Epoch 139: 
BAS Score on Validation Data (Training Time 1.692079):  0.9579070343664249
Epoch 140: 
BAS Score on Validation Data (Training Time 1.691439):  0.9590592057984711
Epoch 141: 
BAS Score on Validation Data (Training Time 1.692639):  0.9578955384762056
Epoch 142: 
BAS Score on Validation Data (Training Time 1.691854):  0.9556146326024192
Epoch 143: 
BAS Score on Validation Data (Training Time 1.696776):  0.9563950241382532
Epoch 144: 
BAS Score on Validation Data (Training Time 1.693725):  0.9577017015982632
Epoch 145: 
BAS Score on Validation Data (Training Time 1.696470):  0.9526287403386912
Epoch 146: 
BAS Score on Validation Data (Training Time 1.692050):  0.9571598561136199
Epoch 147: 
BAS Score on Validation Data (Training Time 1.696820):  0.9581430840838124
Epoch 148: 
BAS Score on Validation Data (Training Time 1.691012):  0.9603158944965645
Epoch 149: 
BAS Score on Validation Data (Training Time 1.691565):  0.959441217685565
High Quality
0.8497606084112242 0.7277323198871573 0.7447198626356587 0.8497606084112242 0.6421712592581539
              precision    recall  f1-score   support

           0       1.00      0.77      0.87     34537
           1       0.97      0.83      0.90      6756
           2       0.27      0.94      0.42      3467

    accuracy                           0.79     44760
   macro avg       0.74      0.85      0.73     44760
weighted avg       0.94      0.79      0.84     44760

Low Quality
0.7402276295133438 0.5737091095908059 0.6468585566868175 0.7402276295133438 0.44167240648407396
              precision    recall  f1-score   support

           0       1.00      0.57      0.72      1960
           1       0.92      1.00      0.96       235
           2       0.02      0.65      0.04        26

    accuracy                           0.61      2221
   macro avg       0.65      0.74      0.57      2221
weighted avg       0.98      0.61      0.74      2221

Emb Dim: 128
Transformer-MHA-128
=====================================================================================================================================================================
Layer (type:depth-idx)                   Input Shape               Output Shape              Kernel Shape              Param #                   Mult-Adds
=====================================================================================================================================================================
TransfomerBlock                          [2, 64, 64]               [2, 3]                    --                        --                        --
├─MakePatches: 1-1                       [2, 64, 64]               [2, 256, 16]              --                        --                        --
│    └─Unfold: 2-1                       [2, 1, 64, 64]            [2, 16, 256]              [4, 4]                    --                        --
├─Linear: 1-2                            [2, 256, 16]              [2, 256, 128]             --                        2,176                     4,352
├─PositionalEncoding: 1-3                [2, 256, 128]             [2, 256, 128]             --                        --                        --
├─TransformerEncoderLayer: 1-4           [2, 256, 128]             [2, 256, 128]             --                        --                        --
│    └─MultiheadAttention: 2-2           [2, 256, 128]             [2, 256, 128]             --                        66,048                    --
│    └─Dropout: 2-3                      [2, 256, 128]             [2, 256, 128]             --                        --                        --
│    └─LayerNorm: 2-4                    [2, 256, 128]             [2, 256, 128]             --                        256                       512
│    └─Linear: 2-5                       [2, 256, 128]             [2, 256, 2048]            --                        264,192                   528,384
│    └─Dropout: 2-6                      [2, 256, 2048]            [2, 256, 2048]            --                        --                        --
│    └─Linear: 2-7                       [2, 256, 2048]            [2, 256, 128]             --                        262,272                   524,544
│    └─Dropout: 2-8                      [2, 256, 128]             [2, 256, 128]             --                        --                        --
│    └─LayerNorm: 2-9                    [2, 256, 128]             [2, 256, 128]             --                        256                       512
├─Sequential: 1-5                        [2, 128]                  [2, 3]                    --                        --                        --
│    └─Linear: 2-10                      [2, 128]                  [2, 64]                   --                        8,256                     16,512
│    └─ReLU: 2-11                        [2, 64]                   [2, 64]                   --                        --                        --
│    └─Linear: 2-12                      [2, 64]                   [2, 32]                   --                        2,080                     4,160
│    └─ReLU: 2-13                        [2, 32]                   [2, 32]                   --                        --                        --
│    └─Linear: 2-14                      [2, 32]                   [2, 3]                    --                        99                        198
=====================================================================================================================================================================
Total params: 605,635
Trainable params: 605,635
Non-trainable params: 0
Total mult-adds (Units.MEGABYTES): 1.08
=====================================================================================================================================================================
Input size (MB): 0.03
Forward/backward pass size (MB): 10.49
Params size (MB): 2.16
Estimated Total Size (MB): 12.68
=====================================================================================================================================================================
Total Trainable Parameters:  605635
Total Parameters:  605635
Epoch 0: 
BAS Score on Validation Data (Training Time 1.923483):  0.5983929078687703
Epoch 1: 
BAS Score on Validation Data (Training Time 1.920612):  0.7658997337781218
Epoch 2: 
BAS Score on Validation Data (Training Time 1.927110):  0.9252205364802055
Epoch 3: 
BAS Score on Validation Data (Training Time 1.921471):  0.9350583947473704
Epoch 4: 
BAS Score on Validation Data (Training Time 1.928731):  0.917565634058135
Epoch 5: 
BAS Score on Validation Data (Training Time 1.922216):  0.9306275179802187
Epoch 6: 
BAS Score on Validation Data (Training Time 1.922301):  0.923706075729157
Epoch 7: 
BAS Score on Validation Data (Training Time 1.920938):  0.921274941000681
Epoch 8: 
BAS Score on Validation Data (Training Time 1.922896):  0.9456694986486855
Epoch 9: 
BAS Score on Validation Data (Training Time 1.922535):  0.9436498586342936
Epoch 10: 
BAS Score on Validation Data (Training Time 1.922109):  0.9475194857346457
Epoch 11: 
BAS Score on Validation Data (Training Time 1.921416):  0.9501619797791561
Epoch 12: 
BAS Score on Validation Data (Training Time 1.922036):  0.9368607780123334
Epoch 13: 
BAS Score on Validation Data (Training Time 1.925561):  0.9423720577298343
Epoch 14: 
BAS Score on Validation Data (Training Time 1.935862):  0.9267655040529957
Epoch 15: 
BAS Score on Validation Data (Training Time 1.936888):  0.9509139091072095
Epoch 16: 
BAS Score on Validation Data (Training Time 1.938502):  0.9515947385519757
Epoch 17: 
BAS Score on Validation Data (Training Time 1.936679):  0.9461362992059813
Epoch 18: 
BAS Score on Validation Data (Training Time 1.937626):  0.954554604784747
Epoch 19: 
BAS Score on Validation Data (Training Time 1.938685):  0.947665962071719
Epoch 20: 
BAS Score on Validation Data (Training Time 1.933662):  0.9564781593956909
Epoch 21: 
BAS Score on Validation Data (Training Time 1.971808):  0.9489441469440715
Epoch 22: 
BAS Score on Validation Data (Training Time 1.944045):  0.954567505262069
Epoch 23: 
BAS Score on Validation Data (Training Time 1.937701):  0.9571939829629575
Epoch 24: 
BAS Score on Validation Data (Training Time 1.927729):  0.9470242709504868
Epoch 25: 
BAS Score on Validation Data (Training Time 1.926085):  0.9571293029987317
Epoch 26: 
BAS Score on Validation Data (Training Time 1.922269):  0.9554193817340787
Epoch 27: 
BAS Score on Validation Data (Training Time 1.923110):  0.9581575551525665
Epoch 28: 
BAS Score on Validation Data (Training Time 1.922889):  0.9590013329761865
Epoch 29: 
BAS Score on Validation Data (Training Time 1.923908):  0.9588778484195517
Epoch 30: 
BAS Score on Validation Data (Training Time 1.923655):  0.9489543270962734
Epoch 31: 
BAS Score on Validation Data (Training Time 1.929448):  0.9595184163292111
Epoch 32: 
BAS Score on Validation Data (Training Time 1.926169):  0.9599166255130843
Epoch 33: 
BAS Score on Validation Data (Training Time 1.926217):  0.9594593177029901
Epoch 34: 
BAS Score on Validation Data (Training Time 1.926732):  0.9552963826527048
Epoch 35: 
BAS Score on Validation Data (Training Time 1.922766):  0.9600101715445701
Epoch 36: 
BAS Score on Validation Data (Training Time 1.923297):  0.9612350305701552
Epoch 37: 
BAS Score on Validation Data (Training Time 1.923655):  0.9610580783939929
Epoch 38: 
BAS Score on Validation Data (Training Time 1.923472):  0.9602120668055093
Epoch 39: 
BAS Score on Validation Data (Training Time 1.923180):  0.9553683817562476
Epoch 40: 
BAS Score on Validation Data (Training Time 1.928709):  0.9557119112599349
Epoch 41: 
BAS Score on Validation Data (Training Time 1.928341):  0.9541247468815235
Epoch 42: 
BAS Score on Validation Data (Training Time 1.926716):  0.960248072143924
Epoch 43: 
BAS Score on Validation Data (Training Time 1.926047):  0.9622002506269952
Epoch 44: 
BAS Score on Validation Data (Training Time 1.923584):  0.9603089190597478
Epoch 45: 
BAS Score on Validation Data (Training Time 1.923190):  0.9581164539514075
Epoch 46: 
BAS Score on Validation Data (Training Time 1.923732):  0.9617566228032958
Epoch 47: 
BAS Score on Validation Data (Training Time 1.923893):  0.9598880408213543
Epoch 48: 
BAS Score on Validation Data (Training Time 1.922386):  0.9603586446499501
Epoch 49: 
BAS Score on Validation Data (Training Time 1.927750):  0.9625111212804134
Epoch 50: 
BAS Score on Validation Data (Training Time 1.928664):  0.954092138784938
Epoch 51: 
BAS Score on Validation Data (Training Time 1.924233):  0.959508183253334
Epoch 52: 
BAS Score on Validation Data (Training Time 1.927525):  0.9633055977471171
Epoch 53: 
BAS Score on Validation Data (Training Time 1.923810):  0.9630201059850481
Epoch 54: 
BAS Score on Validation Data (Training Time 1.923936):  0.954690544608836
Epoch 55: 
BAS Score on Validation Data (Training Time 1.923279):  0.9621444477352362
Epoch 56: 
BAS Score on Validation Data (Training Time 1.923981):  0.9577280927905224
Epoch 57: 
BAS Score on Validation Data (Training Time 1.923190):  0.9566440377449288
Epoch 58: 
BAS Score on Validation Data (Training Time 1.928520):  0.9594379230360986
Epoch 59: 
BAS Score on Validation Data (Training Time 1.929467):  0.9606386058276978
Epoch 60: 
BAS Score on Validation Data (Training Time 1.923934):  0.961973420599579
Epoch 61: 
BAS Score on Validation Data (Training Time 1.929129):  0.9652796668606314
Epoch 62: 
BAS Score on Validation Data (Training Time 1.923631):  0.9649897561525277
Epoch 63: 
BAS Score on Validation Data (Training Time 1.923581):  0.9625487237323752
Epoch 64: 
BAS Score on Validation Data (Training Time 1.923731):  0.9637043928286232
Epoch 65: 
BAS Score on Validation Data (Training Time 1.923436):  0.9644632087444078
Epoch 66: 
BAS Score on Validation Data (Training Time 1.922957):  0.9620623468402858
Epoch 67: 
BAS Score on Validation Data (Training Time 1.928169):  0.9517864608940171
Epoch 68: 
BAS Score on Validation Data (Training Time 1.929621):  0.9622955967867632
Epoch 69: 
BAS Score on Validation Data (Training Time 1.924233):  0.9628148123972838
Epoch 70: 
BAS Score on Validation Data (Training Time 1.928474):  0.9455518956121765
Epoch 71: 
BAS Score on Validation Data (Training Time 1.923666):  0.9638068677712551
Epoch 72: 
BAS Score on Validation Data (Training Time 1.924152):  0.9631297075405527
Epoch 73: 
BAS Score on Validation Data (Training Time 1.924076):  0.963014665334808
Epoch 74: 
BAS Score on Validation Data (Training Time 1.924062):  0.9574414778168806
Epoch 75: 
BAS Score on Validation Data (Training Time 1.923742):  0.9603042981839732
Epoch 76: 
BAS Score on Validation Data (Training Time 1.927831):  0.9618267318444751
Epoch 77: 
BAS Score on Validation Data (Training Time 1.929399):  0.9604243854987785
Epoch 78: 
BAS Score on Validation Data (Training Time 1.923919):  0.9578726471181391
Epoch 79: 
BAS Score on Validation Data (Training Time 1.927046):  0.9627341679281157
Epoch 80: 
BAS Score on Validation Data (Training Time 1.928284):  0.9627068482207192
Epoch 81: 
BAS Score on Validation Data (Training Time 1.939147):  0.9615985479836399
Epoch 82: 
BAS Score on Validation Data (Training Time 1.939285):  0.9535664404461657
Epoch 83: 
BAS Score on Validation Data (Training Time 1.940041):  0.9606924657334183
Epoch 84: 
BAS Score on Validation Data (Training Time 1.927378):  0.9492052093065104
Epoch 85: 
BAS Score on Validation Data (Training Time 1.926769):  0.9535688667374737
Epoch 86: 
BAS Score on Validation Data (Training Time 1.930471):  0.9590380648999989
Epoch 87: 
BAS Score on Validation Data (Training Time 1.922795):  0.9598390925702335
Epoch 88: 
BAS Score on Validation Data (Training Time 1.927769):  0.965142157530106
Epoch 89: 
BAS Score on Validation Data (Training Time 1.924164):  0.963341642265929
Epoch 90: 
BAS Score on Validation Data (Training Time 1.924281):  0.9516224102801725
Epoch 91: 
BAS Score on Validation Data (Training Time 1.925174):  0.9582187954395787
Epoch 92: 
BAS Score on Validation Data (Training Time 1.925186):  0.9590735627015753
Epoch 93: 
BAS Score on Validation Data (Training Time 1.927701):  0.9610756802778752
Epoch 94: 
BAS Score on Validation Data (Training Time 1.925224):  0.9614688051722907
Epoch 95: 
BAS Score on Validation Data (Training Time 1.929853):  0.9607598649377685
Epoch 96: 
BAS Score on Validation Data (Training Time 1.923845):  0.96417426790183
Epoch 97: 
BAS Score on Validation Data (Training Time 1.928009):  0.9612939261816408
Epoch 98: 
BAS Score on Validation Data (Training Time 1.923835):  0.9618391976002202
Epoch 99: 
BAS Score on Validation Data (Training Time 1.923572):  0.9540749291872487
Epoch 100: 
BAS Score on Validation Data (Training Time 1.924869):  0.9426713200151545
Epoch 101: 
BAS Score on Validation Data (Training Time 1.924518):  0.9607935846726402
Epoch 102: 
BAS Score on Validation Data (Training Time 1.927666):  0.9583234842554882
Epoch 103: 
BAS Score on Validation Data (Training Time 1.927513):  0.9650880035905737
Epoch 104: 
BAS Score on Validation Data (Training Time 1.930291):  0.9529576503703351
Epoch 105: 
BAS Score on Validation Data (Training Time 1.924043):  0.9613025186235911
Epoch 106: 
BAS Score on Validation Data (Training Time 1.928067):  0.9654488525176177
Epoch 107: 
BAS Score on Validation Data (Training Time 1.924434):  0.95356119232237
Epoch 108: 
BAS Score on Validation Data (Training Time 1.924432):  0.9614253770172002
Epoch 109: 
BAS Score on Validation Data (Training Time 1.923787):  0.9657050434908497
Epoch 110: 
BAS Score on Validation Data (Training Time 1.924119):  0.9620898673924265
Epoch 111: 
BAS Score on Validation Data (Training Time 1.930568):  0.9596054989212558
Epoch 112: 
BAS Score on Validation Data (Training Time 1.925679):  0.9623692426725414
Epoch 113: 
BAS Score on Validation Data (Training Time 1.930609):  0.9636956564439213
Epoch 114: 
BAS Score on Validation Data (Training Time 1.924817):  0.961831240724591
Epoch 115: 
BAS Score on Validation Data (Training Time 1.928136):  0.9639298160989455
Epoch 116: 
BAS Score on Validation Data (Training Time 1.942077):  0.9505249703669915
Epoch 117: 
BAS Score on Validation Data (Training Time 1.965320):  0.9525509988355719
Epoch 118: 
BAS Score on Validation Data (Training Time 1.923549):  0.9638607679423684
Epoch 119: 
BAS Score on Validation Data (Training Time 1.923987):  0.9467366243871241
Epoch 120: 
BAS Score on Validation Data (Training Time 1.929717):  0.9563491420847438
Epoch 121: 
BAS Score on Validation Data (Training Time 1.924716):  0.9551444232300073
Epoch 122: 
BAS Score on Validation Data (Training Time 1.930413):  0.9594558780257766
Epoch 123: 
BAS Score on Validation Data (Training Time 1.924619):  0.9587508734320197
Epoch 124: 
BAS Score on Validation Data (Training Time 1.927371):  0.9505874651500462
Epoch 125: 
BAS Score on Validation Data (Training Time 1.924682):  0.9613519005112932
Epoch 126: 
BAS Score on Validation Data (Training Time 1.924891):  0.962770021005479
Epoch 127: 
BAS Score on Validation Data (Training Time 1.924373):  0.9649491393416337
Epoch 128: 
BAS Score on Validation Data (Training Time 1.923831):  0.9595705152870463
Epoch 129: 
BAS Score on Validation Data (Training Time 1.930109):  0.959303617335963
Epoch 130: 
BAS Score on Validation Data (Training Time 1.924187):  0.9639373785183905
Epoch 131: 
BAS Score on Validation Data (Training Time 1.931926):  0.9487422694047273
Epoch 132: 
BAS Score on Validation Data (Training Time 1.924649):  0.9441476073654368
Epoch 133: 
BAS Score on Validation Data (Training Time 1.927732):  0.9618273674107961
Epoch 134: 
BAS Score on Validation Data (Training Time 1.924176):  0.9512279823060217
Epoch 135: 
BAS Score on Validation Data (Training Time 1.924455):  0.9597015230827289
Epoch 136: 
BAS Score on Validation Data (Training Time 1.924300):  0.9509530154836505
Epoch 137: 
BAS Score on Validation Data (Training Time 1.923907):  0.9572353241892579
Epoch 138: 
BAS Score on Validation Data (Training Time 1.928984):  0.9607141025954422
Epoch 139: 
BAS Score on Validation Data (Training Time 1.925278):  0.9555554937108054
Epoch 140: 
BAS Score on Validation Data (Training Time 1.930888):  0.9567737899595733
Epoch 141: 
BAS Score on Validation Data (Training Time 1.924110):  0.9617382298370541
Epoch 142: 
BAS Score on Validation Data (Training Time 1.927907):  0.9554569417506564
Epoch 143: 
BAS Score on Validation Data (Training Time 1.925069):  0.9547033739586674
Epoch 144: 
BAS Score on Validation Data (Training Time 1.925054):  0.9445060300011727
Epoch 145: 
BAS Score on Validation Data (Training Time 1.924566):  0.961374427793053
Epoch 146: 
BAS Score on Validation Data (Training Time 1.923952):  0.9602413052673756
Epoch 147: 
BAS Score on Validation Data (Training Time 1.928651):  0.9622894676465273
Epoch 148: 
BAS Score on Validation Data (Training Time 1.925189):  0.9653101300414383
Epoch 149: 
BAS Score on Validation Data (Training Time 1.932410):  0.9600297744014789
High Quality
0.8550019889814587 0.7211263107964366 0.7413694372974892 0.8550019889814587 0.6249905336261029
              precision    recall  f1-score   support

           0       1.00      0.73      0.84     34537
           1       0.98      0.88      0.93      6756
           2       0.25      0.95      0.39      3467

    accuracy                           0.77     44760
   macro avg       0.74      0.86      0.72     44760
weighted avg       0.94      0.77      0.82     44760

Low Quality
0.8067002905908681 0.5923977527286513 0.664323049409269 0.8067002905908681 0.46053509175740404
              precision    recall  f1-score   support

           0       1.00      0.61      0.76      1960
           1       0.97      0.96      0.96       235
           2       0.03      0.85      0.05        26

    accuracy                           0.65      2221
   macro avg       0.66      0.81      0.59      2221
weighted avg       0.98      0.65      0.77      2221


High Quality Post 2020
                          mean       std       sem  count
Model                                                    
Transformer-FNET-128  0.960500  0.034179  0.012918      7
Transformer-FNET-64   0.972867  0.004701  0.001777      7
Transformer-MHA-128   0.746374  0.048139  0.018195      7
Transformer-MHA-64    0.842313  0.069161  0.026140      7
                          mean       std       sem  count
Model                                                    
Transformer-FNET-128  0.967546  0.007136  0.002697      7
Transformer-FNET-64   0.968214  0.002860  0.001081      7
Transformer-MHA-128   0.861798  0.035695  0.013491      7
Transformer-MHA-64    0.905485  0.029344  0.011091      7
                          mean       std       sem  count
Model                                                    
Transformer-FNET-128  0.954212  0.042941  0.016230      7
Transformer-FNET-64   0.969821  0.005483  0.002072      7
Transformer-MHA-128   0.675050  0.079867  0.030187      7
Transformer-MHA-64    0.815222  0.107681  0.040700      7

Low Quality Post 2020
                          mean       std       sem  count
Model                                                    
Transformer-FNET-128  0.741962  0.055201  0.020864      7
Transformer-FNET-64   0.745308  0.029680  0.011218      7
Transformer-MHA-128   0.600315  0.035003  0.013230      7
Transformer-MHA-64    0.673245  0.072402  0.027365      7
                          mean       std       sem  count
Model                                                    
Transformer-FNET-128  0.915508  0.028388  0.010730      7
Transformer-FNET-64   0.914516  0.015170  0.005734      7
Transformer-MHA-128   0.815864  0.050388  0.019045      7
Transformer-MHA-64    0.872921  0.064026  0.024200      7
                          mean       std       sem  count
Model                                                    
Transformer-FNET-128  0.787625  0.095268  0.036008      7
Transformer-FNET-64   0.808536  0.056462  0.021341      7
Transformer-MHA-128   0.489456  0.061640  0.023298      7
Transformer-MHA-64    0.647497  0.160257  0.060572      7
Saving Results
************Fold: 7
Data Shape Before Sampling:  (107163, 64, 64) (107163,)
Subtype/Host: 0 ,count:  72321 ,index count: (array([False,  True]), array([34842, 72321])) ,downsampling:  (16000, 64, 64) (16000,)
Subtype/Host: 1 ,count:  22412 ,index count: (array([False,  True]), array([84751, 22412])) ,downsampling:  (16000, 64, 64) (16000,)
Subtype/Host: 2 ,count:  12430 ,index count: (array([False,  True]), array([94733, 12430])) ,keep:  (12430, 64, 64) (12430,)
Emb Dim: 64
Transformer-FNET-64
=====================================================================================================================================================================
Layer (type:depth-idx)                   Input Shape               Output Shape              Kernel Shape              Param #                   Mult-Adds
=====================================================================================================================================================================
TransfomerBlock                          [2, 64, 64]               [2, 3]                    --                        --                        --
├─MakePatches: 1-1                       [2, 64, 64]               [2, 256, 16]              --                        --                        --
│    └─Unfold: 2-1                       [2, 1, 64, 64]            [2, 16, 256]              [4, 4]                    --                        --
├─Linear: 1-2                            [2, 256, 16]              [2, 256, 64]              --                        1,088                     2,176
├─PositionalEncoding: 1-3                [2, 256, 64]              [2, 256, 64]              --                        --                        --
├─FNET: 1-4                              [2, 256, 64]              [2, 256, 64]              --                        --                        --
│    └─LayerNorm: 2-2                    [2, 256, 64]              [2, 256, 64]              --                        128                       256
│    └─Sequential: 2-3                   [2, 256, 64]              [2, 256, 64]              --                        --                        --
│    │    └─Linear: 3-1                  [2, 256, 64]              [2, 256, 64]              --                        4,160                     8,320
│    │    └─ReLU: 3-2                    [2, 256, 64]              [2, 256, 64]              --                        --                        --
│    │    └─Dropout: 3-3                 [2, 256, 64]              [2, 256, 64]              --                        --                        --
│    │    └─Linear: 3-4                  [2, 256, 64]              [2, 256, 64]              --                        4,160                     8,320
│    └─LayerNorm: 2-4                    [2, 256, 64]              [2, 256, 64]              --                        128                       256
├─Sequential: 1-5                        [2, 64]                   [2, 3]                    --                        --                        --
│    └─Linear: 2-5                       [2, 64]                   [2, 64]                   --                        4,160                     8,320
│    └─ReLU: 2-6                         [2, 64]                   [2, 64]                   --                        --                        --
│    └─Linear: 2-7                       [2, 64]                   [2, 32]                   --                        2,080                     4,160
│    └─ReLU: 2-8                         [2, 32]                   [2, 32]                   --                        --                        --
│    └─Linear: 2-9                       [2, 32]                   [2, 3]                    --                        99                        198
=====================================================================================================================================================================
Total params: 16,003
Trainable params: 16,003
Non-trainable params: 0
Total mult-adds (Units.MEGABYTES): 0.03
=====================================================================================================================================================================
Input size (MB): 0.03
Forward/backward pass size (MB): 1.31
Params size (MB): 0.06
Estimated Total Size (MB): 1.41
=====================================================================================================================================================================
Total Trainable Parameters:  16003
Total Parameters:  16003
Epoch 0: 
BAS Score on Validation Data (Training Time 0.967654):  0.5974547432626169
Epoch 1: 
BAS Score on Validation Data (Training Time 0.970785):  0.6188936621824365
Epoch 2: 
BAS Score on Validation Data (Training Time 0.965836):  0.6557337418539538
Epoch 3: 
BAS Score on Validation Data (Training Time 0.964744):  0.7588936202774946
Epoch 4: 
BAS Score on Validation Data (Training Time 0.970466):  0.870695564854619
Epoch 5: 
BAS Score on Validation Data (Training Time 0.966712):  0.8939881241611937
Epoch 6: 
BAS Score on Validation Data (Training Time 0.966073):  0.9042481637464871
Epoch 7: 
BAS Score on Validation Data (Training Time 0.970380):  0.9140437584205229
Epoch 8: 
BAS Score on Validation Data (Training Time 0.965847):  0.9199503747357256
Epoch 9: 
BAS Score on Validation Data (Training Time 0.966004):  0.9254839174782763
Epoch 10: 
BAS Score on Validation Data (Training Time 0.967241):  0.9286028273112333
Epoch 11: 
BAS Score on Validation Data (Training Time 0.967227):  0.9307143042479052
Epoch 12: 
BAS Score on Validation Data (Training Time 0.974537):  0.9305694250243791
Epoch 13: 
BAS Score on Validation Data (Training Time 0.973099):  0.9348125488456738
Epoch 14: 
BAS Score on Validation Data (Training Time 0.969703):  0.9379772717746411
Epoch 15: 
BAS Score on Validation Data (Training Time 0.966162):  0.9404781707568005
Epoch 16: 
BAS Score on Validation Data (Training Time 0.978362):  0.9422297686319544
Epoch 17: 
BAS Score on Validation Data (Training Time 0.970901):  0.9407035940271228
Epoch 18: 
BAS Score on Validation Data (Training Time 0.968064):  0.9424599948162043
Epoch 19: 
BAS Score on Validation Data (Training Time 0.968020):  0.9447326602688406
Epoch 20: 
BAS Score on Validation Data (Training Time 0.968727):  0.9452367913058636
Epoch 21: 
BAS Score on Validation Data (Training Time 0.966889):  0.9460710046520163
Epoch 22: 
BAS Score on Validation Data (Training Time 0.974684):  0.9469099288080246
Epoch 23: 
BAS Score on Validation Data (Training Time 0.973459):  0.9495053955258753
Epoch 24: 
BAS Score on Validation Data (Training Time 0.969102):  0.9501160756640692
Epoch 25: 
BAS Score on Validation Data (Training Time 0.976227):  0.94778359440311
Epoch 26: 
BAS Score on Validation Data (Training Time 0.974338):  0.9515235178725101
Epoch 27: 
BAS Score on Validation Data (Training Time 0.971276):  0.9465556713499045
Epoch 28: 
BAS Score on Validation Data (Training Time 0.970366):  0.9524661301168046
Epoch 29: 
BAS Score on Validation Data (Training Time 0.973338):  0.9526426464863945
Epoch 30: 
BAS Score on Validation Data (Training Time 0.975001):  0.9526209081170028
Epoch 31: 
BAS Score on Validation Data (Training Time 0.967440):  0.9536692000193144
Epoch 32: 
BAS Score on Validation Data (Training Time 0.979042):  0.9541776484950045
Epoch 33: 
BAS Score on Validation Data (Training Time 0.968824):  0.9552377292363518
Epoch 34: 
BAS Score on Validation Data (Training Time 0.968164):  0.9534218861185492
Epoch 35: 
BAS Score on Validation Data (Training Time 0.973689):  0.9525252287430254
Epoch 36: 
BAS Score on Validation Data (Training Time 0.973906):  0.955036026501857
Epoch 37: 
BAS Score on Validation Data (Training Time 0.969301):  0.9548519868932193
Epoch 38: 
BAS Score on Validation Data (Training Time 0.972761):  0.9538411060014207
Epoch 39: 
BAS Score on Validation Data (Training Time 0.973159):  0.9555427763566323
Epoch 40: 
BAS Score on Validation Data (Training Time 0.978569):  0.9570186797390218
Epoch 41: 
BAS Score on Validation Data (Training Time 0.974257):  0.9564899482347266
Epoch 42: 
BAS Score on Validation Data (Training Time 0.968505):  0.9573551714789218
Epoch 43: 
BAS Score on Validation Data (Training Time 0.965787):  0.9563741783585886
Epoch 44: 
BAS Score on Validation Data (Training Time 0.969738):  0.9573568700998365
Epoch 45: 
BAS Score on Validation Data (Training Time 0.974725):  0.9570850075704787
Epoch 46: 
BAS Score on Validation Data (Training Time 0.969871):  0.9582049146084399
Epoch 47: 
BAS Score on Validation Data (Training Time 0.973858):  0.9558729590881342
Epoch 48: 
BAS Score on Validation Data (Training Time 0.974470):  0.9581711441198845
Epoch 49: 
BAS Score on Validation Data (Training Time 0.967184):  0.9587886187417376
Epoch 50: 
BAS Score on Validation Data (Training Time 0.970544):  0.9570502153777177
Epoch 51: 
BAS Score on Validation Data (Training Time 0.970588):  0.9583708552846483
Epoch 52: 
BAS Score on Validation Data (Training Time 0.969521):  0.9582113653895986
Epoch 53: 
BAS Score on Validation Data (Training Time 0.971895):  0.9589487358848082
Epoch 54: 
BAS Score on Validation Data (Training Time 0.976993):  0.9580437260924758
Epoch 55: 
BAS Score on Validation Data (Training Time 0.974269):  0.9587394188921889
Epoch 56: 
BAS Score on Validation Data (Training Time 0.968246):  0.9587545553043658
Epoch 57: 
BAS Score on Validation Data (Training Time 0.975329):  0.9580254357185974
Epoch 58: 
BAS Score on Validation Data (Training Time 0.980125):  0.9587027366370647
Epoch 59: 
BAS Score on Validation Data (Training Time 0.982218):  0.9589371384872214
Epoch 60: 
BAS Score on Validation Data (Training Time 0.985723):  0.9582859937991849
Epoch 61: 
BAS Score on Validation Data (Training Time 0.969275):  0.9580663846587049
Epoch 62: 
BAS Score on Validation Data (Training Time 0.973810):  0.9596414661642689
Epoch 63: 
BAS Score on Validation Data (Training Time 0.971378):  0.9598228362014704
Epoch 64: 
BAS Score on Validation Data (Training Time 0.983328):  0.9598826624980846
Epoch 65: 
BAS Score on Validation Data (Training Time 0.975240):  0.9598382655624637
Epoch 66: 
BAS Score on Validation Data (Training Time 0.970398):  0.9591788202962978
Epoch 67: 
BAS Score on Validation Data (Training Time 0.971502):  0.9581172831291683
Epoch 68: 
BAS Score on Validation Data (Training Time 0.979475):  0.9592816378564345
Epoch 69: 
BAS Score on Validation Data (Training Time 0.975950):  0.9596183221227789
Epoch 70: 
BAS Score on Validation Data (Training Time 0.971650):  0.9596308397172034
Epoch 71: 
BAS Score on Validation Data (Training Time 0.975513):  0.9601055177043382
Epoch 72: 
BAS Score on Validation Data (Training Time 0.976287):  0.9601286617458281
Epoch 73: 
BAS Score on Validation Data (Training Time 0.974016):  0.9598382655624637
Epoch 74: 
BAS Score on Validation Data (Training Time 0.971494):  0.9595970692286481
Epoch 75: 
BAS Score on Validation Data (Training Time 0.977010):  0.9599446221371903
Epoch 76: 
BAS Score on Validation Data (Training Time 0.974158):  0.9594002698304531
Epoch 77: 
BAS Score on Validation Data (Training Time 0.979619):  0.9606785953905704
Epoch 78: 
BAS Score on Validation Data (Training Time 0.973729):  0.9598951800925092
Epoch 79: 
BAS Score on Validation Data (Training Time 0.976814):  0.958757760019751
Epoch 80: 
BAS Score on Validation Data (Training Time 0.980731):  0.9598459802429605
Epoch 81: 
BAS Score on Validation Data (Training Time 0.975502):  0.958198504092674
Epoch 82: 
BAS Score on Validation Data (Training Time 0.978858):  0.9600978030238415
Epoch 83: 
BAS Score on Validation Data (Training Time 0.975829):  0.9599238547183203
Epoch 84: 
BAS Score on Validation Data (Training Time 0.975746):  0.9602068291700044
Epoch 85: 
BAS Score on Validation Data (Training Time 0.972327):  0.9602154640473387
Epoch 86: 
BAS Score on Validation Data (Training Time 0.975562):  0.9607277952401191
Epoch 87: 
BAS Score on Validation Data (Training Time 0.974272):  0.9606324998340349
Epoch 88: 
BAS Score on Validation Data (Training Time 0.970707):  0.9600688354492141
Epoch 89: 
BAS Score on Validation Data (Training Time 0.981675):  0.9611532733777053
Epoch 90: 
BAS Score on Validation Data (Training Time 0.973796):  0.9611747187982803
Epoch 91: 
BAS Score on Validation Data (Training Time 0.969516):  0.9613556033602214
Epoch 92: 
BAS Score on Validation Data (Training Time 0.981130):  0.9611790362369476
Epoch 93: 
BAS Score on Validation Data (Training Time 0.972547):  0.9608886400535832
Epoch 94: 
BAS Score on Validation Data (Training Time 0.976607):  0.9614513842415663
Epoch 95: 
BAS Score on Validation Data (Training Time 0.976429):  0.9606737924766425
Epoch 96: 
BAS Score on Validation Data (Training Time 0.974582):  0.9608908241497587
Epoch 97: 
BAS Score on Validation Data (Training Time 0.972936):  0.9609207119212239
Epoch 98: 
BAS Score on Validation Data (Training Time 0.974876):  0.961476226903971
Epoch 99: 
BAS Score on Validation Data (Training Time 0.971748):  0.9614055816338473
Epoch 100: 
BAS Score on Validation Data (Training Time 0.982671):  0.960619789713166
Epoch 101: 
BAS Score on Validation Data (Training Time 0.971694):  0.9618341640644464
Epoch 102: 
BAS Score on Validation Data (Training Time 0.975252):  0.9622473171340523
Epoch 103: 
BAS Score on Validation Data (Training Time 0.976369):  0.9611718070317116
Epoch 104: 
BAS Score on Validation Data (Training Time 0.974664):  0.962452558883137
Epoch 105: 
BAS Score on Validation Data (Training Time 0.976435):  0.96142794725126
Epoch 106: 
BAS Score on Validation Data (Training Time 0.975908):  0.9613328940403082
Epoch 107: 
BAS Score on Validation Data (Training Time 0.969786):  0.9624439240058028
Epoch 108: 
BAS Score on Validation Data (Training Time 0.975978):  0.9632929394649276
Epoch 109: 
BAS Score on Validation Data (Training Time 0.976456):  0.9627861388564684
Epoch 110: 
BAS Score on Validation Data (Training Time 0.975627):  0.9623623593397971
Epoch 111: 
BAS Score on Validation Data (Training Time 0.973172):  0.9633305419168895
Epoch 112: 
BAS Score on Validation Data (Training Time 0.978848):  0.9630444631721922
Epoch 113: 
BAS Score on Validation Data (Training Time 0.976680):  0.9618804521474263
Epoch 114: 
BAS Score on Validation Data (Training Time 0.974976):  0.9621520217279679
Epoch 115: 
BAS Score on Validation Data (Training Time 0.973742):  0.9622156799879885
Epoch 116: 
BAS Score on Validation Data (Training Time 0.975453):  0.961859441448428
Epoch 117: 
BAS Score on Validation Data (Training Time 0.970917):  0.9633532004831187
Epoch 118: 
BAS Score on Validation Data (Training Time 0.983809):  0.9622648798375372
Epoch 119: 
BAS Score on Validation Data (Training Time 0.975978):  0.9620070409970741
Epoch 120: 
BAS Score on Validation Data (Training Time 0.970042):  0.963602111497431
Epoch 121: 
BAS Score on Validation Data (Training Time 0.979986):  0.9619877289189906
Epoch 122: 
BAS Score on Validation Data (Training Time 0.976128):  0.9625343160755871
Epoch 123: 
BAS Score on Validation Data (Training Time 0.969441):  0.9634682426888634
Epoch 124: 
BAS Score on Validation Data (Training Time 0.974033):  0.9620816694066603
Epoch 125: 
BAS Score on Validation Data (Training Time 0.973947):  0.9632326276930527
Epoch 126: 
BAS Score on Validation Data (Training Time 0.970257):  0.9633259315294058
Epoch 127: 
BAS Score on Validation Data (Training Time 0.971035):  0.9638693636393055
Epoch 128: 
BAS Score on Validation Data (Training Time 0.975824):  0.9635567943649725
Epoch 129: 
BAS Score on Validation Data (Training Time 0.973068):  0.9628345602819399
Epoch 130: 
BAS Score on Validation Data (Training Time 0.971591):  0.9641530160926948
Epoch 131: 
BAS Score on Validation Data (Training Time 0.972306):  0.9640242431468714
Epoch 132: 
BAS Score on Validation Data (Training Time 0.981256):  0.9639665501927489
Epoch 133: 
BAS Score on Validation Data (Training Time 0.974030):  0.9609404079672004
Epoch 134: 
BAS Score on Validation Data (Training Time 0.976818):  0.9635153091959205
Epoch 135: 
BAS Score on Validation Data (Training Time 0.970935):  0.9639400089094295
Epoch 136: 
BAS Score on Validation Data (Training Time 0.984036):  0.9628013756910173
Epoch 137: 
BAS Score on Validation Data (Training Time 0.976080):  0.9642154612070613
Epoch 138: 
BAS Score on Validation Data (Training Time 0.971474):  0.9637000764749516
Epoch 139: 
BAS Score on Validation Data (Training Time 0.974821):  0.9642521434621855
Epoch 140: 
BAS Score on Validation Data (Training Time 0.974693):  0.9617526998208126
Epoch 141: 
BAS Score on Validation Data (Training Time 0.974800):  0.9642569463761133
Epoch 142: 
BAS Score on Validation Data (Training Time 0.972821):  0.962001610835125
Epoch 143: 
BAS Score on Validation Data (Training Time 0.976985):  0.9632543660624444
Epoch 144: 
BAS Score on Validation Data (Training Time 0.970142):  0.9635582000370709
Epoch 145: 
BAS Score on Validation Data (Training Time 0.977116):  0.96299943898855
Epoch 146: 
BAS Score on Validation Data (Training Time 0.977219):  0.9632246200637397
Epoch 147: 
BAS Score on Validation Data (Training Time 0.978901):  0.9628981275228838
Epoch 148: 
BAS Score on Validation Data (Training Time 0.972619):  0.9647427362855744
Epoch 149: 
BAS Score on Validation Data (Training Time 0.972156):  0.9644711667050326
High Quality
0.9729578827852391 0.9701365333642548 0.9673612529180788 0.9729578827852391 0.9659469334681283
              precision    recall  f1-score   support

           0       0.99      0.99      0.99     34537
           1       0.98      1.00      0.99      6756
           2       0.92      0.93      0.93      3467

    accuracy                           0.99     44760
   macro avg       0.97      0.97      0.97     44760
weighted avg       0.99      0.99      0.99     44760

Low Quality
0.9237722257479096 0.7315583771195913 0.7026538169753632 0.9237722257479096 0.7873720465050138
              precision    recall  f1-score   support

           0       1.00      0.93      0.97      1960
           1       0.96      0.99      0.97       235
           2       0.15      0.85      0.25        26

    accuracy                           0.94      2221
   macro avg       0.70      0.92      0.73      2221
weighted avg       0.99      0.94      0.96      2221

Emb Dim: 128
Transformer-FNET-128
=====================================================================================================================================================================
Layer (type:depth-idx)                   Input Shape               Output Shape              Kernel Shape              Param #                   Mult-Adds
=====================================================================================================================================================================
TransfomerBlock                          [2, 64, 64]               [2, 3]                    --                        --                        --
├─MakePatches: 1-1                       [2, 64, 64]               [2, 256, 16]              --                        --                        --
│    └─Unfold: 2-1                       [2, 1, 64, 64]            [2, 16, 256]              [4, 4]                    --                        --
├─Linear: 1-2                            [2, 256, 16]              [2, 256, 128]             --                        2,176                     4,352
├─PositionalEncoding: 1-3                [2, 256, 128]             [2, 256, 128]             --                        --                        --
├─FNET: 1-4                              [2, 256, 128]             [2, 256, 128]             --                        --                        --
│    └─LayerNorm: 2-2                    [2, 256, 128]             [2, 256, 128]             --                        256                       512
│    └─Sequential: 2-3                   [2, 256, 128]             [2, 256, 128]             --                        --                        --
│    │    └─Linear: 3-1                  [2, 256, 128]             [2, 256, 128]             --                        16,512                    33,024
│    │    └─ReLU: 3-2                    [2, 256, 128]             [2, 256, 128]             --                        --                        --
│    │    └─Dropout: 3-3                 [2, 256, 128]             [2, 256, 128]             --                        --                        --
│    │    └─Linear: 3-4                  [2, 256, 128]             [2, 256, 128]             --                        16,512                    33,024
│    └─LayerNorm: 2-4                    [2, 256, 128]             [2, 256, 128]             --                        256                       512
├─Sequential: 1-5                        [2, 128]                  [2, 3]                    --                        --                        --
│    └─Linear: 2-5                       [2, 128]                  [2, 64]                   --                        8,256                     16,512
│    └─ReLU: 2-6                         [2, 64]                   [2, 64]                   --                        --                        --
│    └─Linear: 2-7                       [2, 64]                   [2, 32]                   --                        2,080                     4,160
│    └─ReLU: 2-8                         [2, 32]                   [2, 32]                   --                        --                        --
│    └─Linear: 2-9                       [2, 32]                   [2, 3]                    --                        99                        198
=====================================================================================================================================================================
Total params: 46,147
Trainable params: 46,147
Non-trainable params: 0
Total mult-adds (Units.MEGABYTES): 0.09
=====================================================================================================================================================================
Input size (MB): 0.03
Forward/backward pass size (MB): 2.62
Params size (MB): 0.18
Estimated Total Size (MB): 2.84
=====================================================================================================================================================================
Total Trainable Parameters:  46147
Total Parameters:  46147
Epoch 0: 
BAS Score on Validation Data (Training Time 1.108938):  0.3333333333333333
Epoch 1: 
BAS Score on Validation Data (Training Time 1.108571):  0.6561438921379144
Epoch 2: 
BAS Score on Validation Data (Training Time 1.115948):  0.8855404300295012
Epoch 3: 
BAS Score on Validation Data (Training Time 1.107326):  0.9141196413261516
Epoch 4: 
BAS Score on Validation Data (Training Time 1.109684):  0.9228917464948876
Epoch 5: 
BAS Score on Validation Data (Training Time 1.109989):  0.9291943360591087
Epoch 6: 
BAS Score on Validation Data (Training Time 1.108695):  0.9330819214041255
Epoch 7: 
BAS Score on Validation Data (Training Time 1.110669):  0.9385242428991307
Epoch 8: 
BAS Score on Validation Data (Training Time 1.116851):  0.9420614016644381
Epoch 9: 
BAS Score on Validation Data (Training Time 1.108711):  0.9403895694120031
Epoch 10: 
BAS Score on Validation Data (Training Time 1.108393):  0.9464736316969288
Epoch 11: 
BAS Score on Validation Data (Training Time 1.141413):  0.9451490583192245
Epoch 12: 
BAS Score on Validation Data (Training Time 1.129792):  0.9471826100268527
Epoch 13: 
BAS Score on Validation Data (Training Time 1.107794):  0.9505128791758443
Epoch 14: 
BAS Score on Validation Data (Training Time 1.108955):  0.9515763571590209
Epoch 15: 
BAS Score on Validation Data (Training Time 1.111505):  0.9508035693930207
Epoch 16: 
BAS Score on Validation Data (Training Time 1.109436):  0.9525074227594121
Epoch 17: 
BAS Score on Validation Data (Training Time 1.111487):  0.9547425260254795
Epoch 18: 
BAS Score on Validation Data (Training Time 1.108825):  0.9551291378117659
Epoch 19: 
BAS Score on Validation Data (Training Time 1.109457):  0.9546911928334391
Epoch 20: 
BAS Score on Validation Data (Training Time 1.110054):  0.9545160313822637
Epoch 21: 
BAS Score on Validation Data (Training Time 1.109507):  0.9526366315118082
Epoch 22: 
BAS Score on Validation Data (Training Time 1.109576):  0.9560090627465612
Epoch 23: 
BAS Score on Validation Data (Training Time 1.109511):  0.9570167885916626
Epoch 24: 
BAS Score on Validation Data (Training Time 1.109884):  0.9562133842988083
Epoch 25: 
BAS Score on Validation Data (Training Time 1.109738):  0.956350892544338
Epoch 26: 
BAS Score on Validation Data (Training Time 1.110545):  0.9580951607918838
Epoch 27: 
BAS Score on Validation Data (Training Time 1.109149):  0.9581323285222686
Epoch 28: 
BAS Score on Validation Data (Training Time 1.114225):  0.9582234482624464
Epoch 29: 
BAS Score on Validation Data (Training Time 1.122689):  0.9584827931973798
Epoch 30: 
BAS Score on Validation Data (Training Time 1.121768):  0.9584979296095568
Epoch 31: 
BAS Score on Validation Data (Training Time 1.118880):  0.9589152583450692
Epoch 32: 
BAS Score on Validation Data (Training Time 1.118766):  0.9588901227338482
Epoch 33: 
BAS Score on Validation Data (Training Time 1.116072):  0.9568879152234673
Epoch 34: 
BAS Score on Validation Data (Training Time 1.110155):  0.9595403968937352
Epoch 35: 
BAS Score on Validation Data (Training Time 1.111401):  0.9599272519601497
Epoch 36: 
BAS Score on Validation Data (Training Time 1.116804):  0.9583744947216103
Epoch 37: 
BAS Score on Validation Data (Training Time 1.116490):  0.9598175478122818
Epoch 38: 
BAS Score on Validation Data (Training Time 1.109658):  0.960831290801961
Epoch 39: 
BAS Score on Validation Data (Training Time 1.115563):  0.9604323539476942
Epoch 40: 
BAS Score on Validation Data (Training Time 1.111509):  0.9611182897434958
Epoch 41: 
BAS Score on Validation Data (Training Time 1.110121):  0.9592880897225889
Epoch 42: 
BAS Score on Validation Data (Training Time 1.109768):  0.9614060671091078
Epoch 43: 
BAS Score on Validation Data (Training Time 1.111069):  0.9607547712450156
Epoch 44: 
BAS Score on Validation Data (Training Time 1.109886):  0.9590680034251479
Epoch 45: 
BAS Score on Validation Data (Training Time 1.111747):  0.9610890788887402
Epoch 46: 
BAS Score on Validation Data (Training Time 1.109752):  0.9615039305792608
Epoch 47: 
BAS Score on Validation Data (Training Time 1.109658):  0.9623657565816265
Epoch 48: 
BAS Score on Validation Data (Training Time 1.117590):  0.9612514805503585
Epoch 49: 
BAS Score on Validation Data (Training Time 1.110177):  0.9618854465028028
Epoch 50: 
BAS Score on Validation Data (Training Time 1.110382):  0.9607724851245564
Epoch 51: 
BAS Score on Validation Data (Training Time 1.118885):  0.9627806082721472
Epoch 52: 
BAS Score on Validation Data (Training Time 1.110539):  0.9619944726489656
Epoch 53: 
BAS Score on Validation Data (Training Time 1.110416):  0.963038932587871
Epoch 54: 
BAS Score on Validation Data (Training Time 1.114099):  0.9630089940627219
Epoch 55: 
BAS Score on Validation Data (Training Time 1.109989):  0.9629793992400733
Epoch 56: 
BAS Score on Validation Data (Training Time 1.110266):  0.9625241751037824
Epoch 57: 
BAS Score on Validation Data (Training Time 1.112064):  0.9614263490527173
Epoch 58: 
BAS Score on Validation Data (Training Time 1.110466):  0.962797543727611
Epoch 59: 
BAS Score on Validation Data (Training Time 1.111849):  0.9615239714127332
Epoch 60: 
BAS Score on Validation Data (Training Time 1.112404):  0.9619443526025795
Epoch 61: 
BAS Score on Validation Data (Training Time 1.119149):  0.9635075945154239
Epoch 62: 
BAS Score on Validation Data (Training Time 1.110571):  0.9611516255104743
Epoch 63: 
BAS Score on Validation Data (Training Time 1.116636):  0.9638134200597817
Epoch 64: 
BAS Score on Validation Data (Training Time 1.111556):  0.9625785204847636
Epoch 65: 
BAS Score on Validation Data (Training Time 1.117613):  0.9633008466718685
Epoch 66: 
BAS Score on Validation Data (Training Time 1.123003):  0.9642205570698056
Epoch 67: 
BAS Score on Validation Data (Training Time 1.112648):  0.9639224462059445
Epoch 68: 
BAS Score on Validation Data (Training Time 1.110168):  0.9640594193075253
Epoch 69: 
BAS Score on Validation Data (Training Time 1.109669):  0.9625481472380377
Epoch 70: 
BAS Score on Validation Data (Training Time 1.114422):  0.9631414571991912
Epoch 71: 
BAS Score on Validation Data (Training Time 1.109878):  0.9636184610552619
Epoch 72: 
BAS Score on Validation Data (Training Time 1.110137):  0.964208717477086
Epoch 73: 
BAS Score on Validation Data (Training Time 1.110929):  0.9636359327396703
Epoch 74: 
BAS Score on Validation Data (Training Time 1.110922):  0.9639144385766314
Epoch 75: 
BAS Score on Validation Data (Training Time 1.110258):  0.9631491718796878
Epoch 76: 
BAS Score on Validation Data (Training Time 1.112670):  0.9645623371988942
Epoch 77: 
BAS Score on Validation Data (Training Time 1.110170):  0.9643990153404385
Epoch 78: 
BAS Score on Validation Data (Training Time 1.110637):  0.9644159507959021
Epoch 79: 
BAS Score on Validation Data (Training Time 1.115407):  0.9628843460291213
Epoch 80: 
BAS Score on Validation Data (Training Time 1.111354):  0.9645422974504174
Epoch 81: 
BAS Score on Validation Data (Training Time 1.110754):  0.9647239096827515
Epoch 82: 
BAS Score on Validation Data (Training Time 1.118496):  0.9647817951633183
Epoch 83: 
BAS Score on Validation Data (Training Time 1.111248):  0.9633171041256272
Epoch 84: 
BAS Score on Validation Data (Training Time 1.110719):  0.9635848417427625
Epoch 85: 
BAS Score on Validation Data (Training Time 1.116173):  0.9633863437236526
Epoch 86: 
BAS Score on Validation Data (Training Time 1.111502):  0.9655669090822944
Epoch 87: 
BAS Score on Validation Data (Training Time 1.111321):  0.9638114792437342
Epoch 88: 
BAS Score on Validation Data (Training Time 1.118402):  0.9633765867197411
Epoch 89: 
BAS Score on Validation Data (Training Time 1.114294):  0.9649443385976971
Epoch 90: 
BAS Score on Validation Data (Training Time 1.111265):  0.9642854792291639
Epoch 91: 
BAS Score on Validation Data (Training Time 1.111715):  0.9652890304933545
Epoch 92: 
BAS Score on Validation Data (Training Time 1.110214):  0.9642897459141473
Epoch 93: 
BAS Score on Validation Data (Training Time 1.117841):  0.962160807781358
Epoch 94: 
BAS Score on Validation Data (Training Time 1.116982):  0.9649916472998866
Epoch 95: 
BAS Score on Validation Data (Training Time 1.110876):  0.9650147913413768
Epoch 96: 
BAS Score on Validation Data (Training Time 1.110268):  0.9653196966888968
Epoch 97: 
BAS Score on Validation Data (Training Time 1.117460):  0.9636282180591736
Epoch 98: 
BAS Score on Validation Data (Training Time 1.110319):  0.9651665158022458
Epoch 99: 
BAS Score on Validation Data (Training Time 1.109824):  0.9649407488294233
Epoch 100: 
BAS Score on Validation Data (Training Time 1.114710):  0.9654108164290746
Epoch 101: 
BAS Score on Validation Data (Training Time 1.110905):  0.9653693312600224
Epoch 102: 
BAS Score on Validation Data (Training Time 1.118591):  0.9658218361561888
Epoch 103: 
BAS Score on Validation Data (Training Time 1.121751):  0.9658413904294049
Epoch 104: 
BAS Score on Validation Data (Training Time 1.115041):  0.9654407549542235
Epoch 105: 
BAS Score on Validation Data (Training Time 1.111833):  0.965442939050399
Epoch 106: 
BAS Score on Validation Data (Training Time 1.111677):  0.9654132427203826
Epoch 107: 
BAS Score on Validation Data (Training Time 1.111811):  0.96542144287614
Epoch 108: 
BAS Score on Validation Data (Training Time 1.110225):  0.9656793324702869
Epoch 109: 
BAS Score on Validation Data (Training Time 1.117829):  0.9653389580132966
Epoch 110: 
BAS Score on Validation Data (Training Time 1.112779):  0.9662058291247227
Epoch 111: 
BAS Score on Validation Data (Training Time 1.112761):  0.9649831034416291
Epoch 112: 
BAS Score on Validation Data (Training Time 1.113420):  0.965292427735184
Epoch 113: 
BAS Score on Validation Data (Training Time 1.117615):  0.96559339961193
Epoch 114: 
BAS Score on Validation Data (Training Time 1.117227):  0.9658636142740571
Epoch 115: 
BAS Score on Validation Data (Training Time 1.111863):  0.9652619529810904
Epoch 116: 
BAS Score on Validation Data (Training Time 1.116066):  0.9662383864676242
Epoch 117: 
BAS Score on Validation Data (Training Time 1.111075):  0.9657974789690448
Epoch 118: 
BAS Score on Validation Data (Training Time 1.110573):  0.965676420703718
Epoch 119: 
BAS Score on Validation Data (Training Time 1.111747):  0.9662340690289569
Epoch 120: 
BAS Score on Validation Data (Training Time 1.111547):  0.963939867136669
Epoch 121: 
BAS Score on Validation Data (Training Time 1.112572):  0.9660386753028605
Epoch 122: 
BAS Score on Validation Data (Training Time 1.114462):  0.9651638969844933
Epoch 123: 
BAS Score on Validation Data (Training Time 1.111786):  0.9661001494667055
Epoch 124: 
BAS Score on Validation Data (Training Time 1.111632):  0.966210924987467
Epoch 125: 
BAS Score on Validation Data (Training Time 1.117949):  0.9661571147504348
Epoch 126: 
BAS Score on Validation Data (Training Time 1.112801):  0.9658975772890569
Epoch 127: 
BAS Score on Validation Data (Training Time 1.111871):  0.965080926646389
Epoch 128: 
BAS Score on Validation Data (Training Time 1.118298):  0.9660599281969914
Epoch 129: 
BAS Score on Validation Data (Training Time 1.111383):  0.9655868980770874
Epoch 130: 
BAS Score on Validation Data (Training Time 1.119391):  0.9643465186714323
Epoch 131: 
BAS Score on Validation Data (Training Time 1.123933):  0.966610054368178
Epoch 132: 
BAS Score on Validation Data (Training Time 1.112252):  0.9662555144495322
Epoch 133: 
BAS Score on Validation Data (Training Time 1.111490):  0.9662750687227483
Epoch 134: 
BAS Score on Validation Data (Training Time 1.111354):  0.9661952026776573
Epoch 135: 
BAS Score on Validation Data (Training Time 1.112113):  0.9644637449733525
Epoch 136: 
BAS Score on Validation Data (Training Time 1.111972):  0.966169389064731
Epoch 137: 
BAS Score on Validation Data (Training Time 1.117039):  0.9669499433499075
Epoch 138: 
BAS Score on Validation Data (Training Time 1.113314):  0.9663840948689112
Epoch 139: 
BAS Score on Validation Data (Training Time 1.120561):  0.9658611372290653
Epoch 140: 
BAS Score on Validation Data (Training Time 1.119384):  0.9661537175086052
Epoch 141: 
BAS Score on Validation Data (Training Time 1.117272):  0.9651463745464012
Epoch 142: 
BAS Score on Validation Data (Training Time 1.114435):  0.9667331042032358
Epoch 143: 
BAS Score on Validation Data (Training Time 1.118374):  0.9668346081953464
Epoch 144: 
BAS Score on Validation Data (Training Time 1.112689):  0.9660876826259649
Epoch 145: 
BAS Score on Validation Data (Training Time 1.111612):  0.9664701695000284
Epoch 146: 
BAS Score on Validation Data (Training Time 1.116348):  0.9662786584910221
Epoch 147: 
BAS Score on Validation Data (Training Time 1.111431):  0.9650705931481401
Epoch 148: 
BAS Score on Validation Data (Training Time 1.111188):  0.9660043685853604
Epoch 149: 
BAS Score on Validation Data (Training Time 1.111951):  0.9667762879932026
High Quality
0.970879086008216 0.965990095749888 0.9612104777919068 0.970879086008216 0.9618195805497836
              precision    recall  f1-score   support

           0       0.99      0.99      0.99     34537
           1       0.98      1.00      0.99      6756
           2       0.91      0.92      0.92      3467

    accuracy                           0.99     44760
   macro avg       0.96      0.97      0.97     44760
weighted avg       0.99      0.99      0.99     44760

Low Quality
0.8687411625861473 0.7445363260562958 0.7128268111075688 0.8687411625861473 0.8320091597176213
              precision    recall  f1-score   support

           0       1.00      0.96      0.98      1960
           1       0.97      1.00      0.98       235
           2       0.18      0.65      0.28        26

    accuracy                           0.96      2221
   macro avg       0.71      0.87      0.74      2221
weighted avg       0.98      0.96      0.97      2221

Emb Dim: 64
Transformer-MHA-64
=====================================================================================================================================================================
Layer (type:depth-idx)                   Input Shape               Output Shape              Kernel Shape              Param #                   Mult-Adds
=====================================================================================================================================================================
TransfomerBlock                          [2, 64, 64]               [2, 3]                    --                        --                        --
├─MakePatches: 1-1                       [2, 64, 64]               [2, 256, 16]              --                        --                        --
│    └─Unfold: 2-1                       [2, 1, 64, 64]            [2, 16, 256]              [4, 4]                    --                        --
├─Linear: 1-2                            [2, 256, 16]              [2, 256, 64]              --                        1,088                     2,176
├─PositionalEncoding: 1-3                [2, 256, 64]              [2, 256, 64]              --                        --                        --
├─TransformerEncoderLayer: 1-4           [2, 256, 64]              [2, 256, 64]              --                        --                        --
│    └─MultiheadAttention: 2-2           [2, 256, 64]              [2, 256, 64]              --                        16,640                    --
│    └─Dropout: 2-3                      [2, 256, 64]              [2, 256, 64]              --                        --                        --
│    └─LayerNorm: 2-4                    [2, 256, 64]              [2, 256, 64]              --                        128                       256
│    └─Linear: 2-5                       [2, 256, 64]              [2, 256, 2048]            --                        133,120                   266,240
│    └─Dropout: 2-6                      [2, 256, 2048]            [2, 256, 2048]            --                        --                        --
│    └─Linear: 2-7                       [2, 256, 2048]            [2, 256, 64]              --                        131,136                   262,272
│    └─Dropout: 2-8                      [2, 256, 64]              [2, 256, 64]              --                        --                        --
│    └─LayerNorm: 2-9                    [2, 256, 64]              [2, 256, 64]              --                        128                       256
├─Sequential: 1-5                        [2, 64]                   [2, 3]                    --                        --                        --
│    └─Linear: 2-10                      [2, 64]                   [2, 64]                   --                        4,160                     8,320
│    └─ReLU: 2-11                        [2, 64]                   [2, 64]                   --                        --                        --
│    └─Linear: 2-12                      [2, 64]                   [2, 32]                   --                        2,080                     4,160
│    └─ReLU: 2-13                        [2, 32]                   [2, 32]                   --                        --                        --
│    └─Linear: 2-14                      [2, 32]                   [2, 3]                    --                        99                        198
=====================================================================================================================================================================
Total params: 288,579
Trainable params: 288,579
Non-trainable params: 0
Total mult-adds (Units.MEGABYTES): 0.54
=====================================================================================================================================================================
Input size (MB): 0.03
Forward/backward pass size (MB): 9.44
Params size (MB): 1.09
Estimated Total Size (MB): 10.56
=====================================================================================================================================================================
Total Trainable Parameters:  288579
Total Parameters:  288579
Epoch 0: 
BAS Score on Validation Data (Training Time 1.690080):  0.6552606609803662
Epoch 1: 
BAS Score on Validation Data (Training Time 1.687330):  0.7193609611143851
Epoch 2: 
BAS Score on Validation Data (Training Time 1.687306):  0.8821521865508575
Epoch 3: 
BAS Score on Validation Data (Training Time 1.699211):  0.9276911140543184
Epoch 4: 
BAS Score on Validation Data (Training Time 1.703015):  0.9285541416290517
Epoch 5: 
BAS Score on Validation Data (Training Time 1.719528):  0.9344687887201406
Epoch 6: 
BAS Score on Validation Data (Training Time 1.704070):  0.9331385198387814
Epoch 7: 
BAS Score on Validation Data (Training Time 1.702864):  0.9443655922674793
Epoch 8: 
BAS Score on Validation Data (Training Time 1.688840):  0.9269366939379954
Epoch 9: 
BAS Score on Validation Data (Training Time 1.689257):  0.943288524231989
Epoch 10: 
BAS Score on Validation Data (Training Time 1.688720):  0.9362856188222889
Epoch 11: 
BAS Score on Validation Data (Training Time 1.689099):  0.9435074967211522
Epoch 12: 
BAS Score on Validation Data (Training Time 1.689281):  0.942985943668409
Epoch 13: 
BAS Score on Validation Data (Training Time 1.689811):  0.9496981207655311
Epoch 14: 
BAS Score on Validation Data (Training Time 1.689171):  0.9487963559539766
Epoch 15: 
BAS Score on Validation Data (Training Time 1.692266):  0.9523995093365313
Epoch 16: 
BAS Score on Validation Data (Training Time 1.689691):  0.9478128847036557
Epoch 17: 
BAS Score on Validation Data (Training Time 1.689657):  0.9412079451977009
Epoch 18: 
BAS Score on Validation Data (Training Time 1.689392):  0.9513848864154074
Epoch 19: 
BAS Score on Validation Data (Training Time 1.689158):  0.949043709035139
Epoch 20: 
BAS Score on Validation Data (Training Time 1.689616):  0.9529375018811866
Epoch 21: 
BAS Score on Validation Data (Training Time 1.690879):  0.9267361409371885
Epoch 22: 
BAS Score on Validation Data (Training Time 1.689525):  0.9494651130141861
Epoch 23: 
BAS Score on Validation Data (Training Time 1.690156):  0.9566461826607071
Epoch 24: 
BAS Score on Validation Data (Training Time 1.689878):  0.9437270446196576
Epoch 25: 
BAS Score on Validation Data (Training Time 1.695475):  0.9459475477024922
Epoch 26: 
BAS Score on Validation Data (Training Time 1.690612):  0.9563651490250701
Epoch 27: 
BAS Score on Validation Data (Training Time 1.696084):  0.9590193811549321
Epoch 28: 
BAS Score on Validation Data (Training Time 1.690907):  0.9556000241008871
Epoch 29: 
BAS Score on Validation Data (Training Time 1.694132):  0.9514341254453536
Epoch 30: 
BAS Score on Validation Data (Training Time 1.691025):  0.954064971338593
Epoch 31: 
BAS Score on Validation Data (Training Time 1.689813):  0.9595641681832464
Epoch 32: 
BAS Score on Validation Data (Training Time 1.690817):  0.9612508946527255
Epoch 33: 
BAS Score on Validation Data (Training Time 1.690248):  0.958528636070492
Epoch 34: 
BAS Score on Validation Data (Training Time 1.690603):  0.9550555702867821
Epoch 35: 
BAS Score on Validation Data (Training Time 1.688588):  0.9599160385304559
Epoch 36: 
BAS Score on Validation Data (Training Time 1.697073):  0.9590973455643733
Epoch 37: 
BAS Score on Validation Data (Training Time 1.691334):  0.9611523934462604
Epoch 38: 
BAS Score on Validation Data (Training Time 1.696390):  0.946649053547052
Epoch 39: 
BAS Score on Validation Data (Training Time 1.690347):  0.9567323472259054
Epoch 40: 
BAS Score on Validation Data (Training Time 1.695573):  0.9614261978766615
Epoch 41: 
BAS Score on Validation Data (Training Time 1.691196):  0.9471609511032512
Epoch 42: 
BAS Score on Validation Data (Training Time 1.691536):  0.9475650737543432
Epoch 43: 
BAS Score on Validation Data (Training Time 1.691715):  0.9637176391784367
Epoch 44: 
BAS Score on Validation Data (Training Time 1.691565):  0.9611497238748242
Epoch 45: 
BAS Score on Validation Data (Training Time 1.691329):  0.9596561055278984
Epoch 46: 
BAS Score on Validation Data (Training Time 1.696490):  0.9513254325133998
Epoch 47: 
BAS Score on Validation Data (Training Time 1.691267):  0.9602540766302193
Epoch 48: 
BAS Score on Validation Data (Training Time 1.699840):  0.9618680763257622
Epoch 49: 
BAS Score on Validation Data (Training Time 1.690727):  0.9580711759993462
Epoch 50: 
BAS Score on Validation Data (Training Time 1.697553):  0.9634502855291944
Epoch 51: 
BAS Score on Validation Data (Training Time 1.691968):  0.9539251256508408
Epoch 52: 
BAS Score on Validation Data (Training Time 1.692018):  0.9627030162573127
Epoch 53: 
BAS Score on Validation Data (Training Time 1.694069):  0.9577380815012758
Epoch 54: 
BAS Score on Validation Data (Training Time 1.691213):  0.9619311983568383
Epoch 55: 
BAS Score on Validation Data (Training Time 1.713524):  0.9606730024792789
Epoch 56: 
BAS Score on Validation Data (Training Time 1.733867):  0.9549350366771133
Epoch 57: 
BAS Score on Validation Data (Training Time 1.691162):  0.9634022480716159
Epoch 58: 
BAS Score on Validation Data (Training Time 1.697460):  0.9508052840477594
Epoch 59: 
BAS Score on Validation Data (Training Time 1.691482):  0.951098694590056
Epoch 60: 
BAS Score on Validation Data (Training Time 1.694147):  0.9565920392094655
Epoch 61: 
BAS Score on Validation Data (Training Time 1.691353):  0.9644684971335965
Epoch 62: 
BAS Score on Validation Data (Training Time 1.691775):  0.9642524766763948
Epoch 63: 
BAS Score on Validation Data (Training Time 1.691461):  0.9655171222501174
Epoch 64: 
BAS Score on Validation Data (Training Time 1.690609):  0.9599966714263375
Epoch 65: 
BAS Score on Validation Data (Training Time 1.690458):  0.9655530768348483
Epoch 66: 
BAS Score on Validation Data (Training Time 1.690133):  0.9652926191766328
Epoch 67: 
BAS Score on Validation Data (Training Time 1.698093):  0.9656886442643305
Epoch 68: 
BAS Score on Validation Data (Training Time 1.691565):  0.9593135469747326
Epoch 69: 
BAS Score on Validation Data (Training Time 1.696414):  0.962159290113601
Epoch 70: 
BAS Score on Validation Data (Training Time 1.689945):  0.962906508631799
Epoch 71: 
BAS Score on Validation Data (Training Time 1.694620):  0.9650265294267285
Epoch 72: 
BAS Score on Validation Data (Training Time 1.690865):  0.9656488577161934
Epoch 73: 
BAS Score on Validation Data (Training Time 1.690843):  0.965080582943889
Epoch 74: 
BAS Score on Validation Data (Training Time 1.691604):  0.9656565723966898
Epoch 75: 
BAS Score on Validation Data (Training Time 1.690628):  0.9537690329976208
Epoch 76: 
BAS Score on Validation Data (Training Time 1.690730):  0.9644206014487784
Epoch 77: 
BAS Score on Validation Data (Training Time 1.696580):  0.9657798147581921
Epoch 78: 
BAS Score on Validation Data (Training Time 1.691584):  0.9616301757264084
Epoch 79: 
BAS Score on Validation Data (Training Time 1.698260):  0.9648887779010707
Epoch 80: 
BAS Score on Validation Data (Training Time 1.690333):  0.9665157288276194
Epoch 81: 
BAS Score on Validation Data (Training Time 1.695212):  0.9646374405954502
Epoch 82: 
BAS Score on Validation Data (Training Time 1.692845):  0.9638754696329684
Epoch 83: 
BAS Score on Validation Data (Training Time 1.691027):  0.9647131817283183
Epoch 84: 
BAS Score on Validation Data (Training Time 1.691390):  0.964328217809263
Epoch 85: 
BAS Score on Validation Data (Training Time 1.692379):  0.9639001208539245
Epoch 86: 
BAS Score on Validation Data (Training Time 1.690602):  0.9657062577214993
Epoch 87: 
BAS Score on Validation Data (Training Time 1.695651):  0.9638266653245994
Epoch 88: 
BAS Score on Validation Data (Training Time 1.693464):  0.9645095878464645
Epoch 89: 
BAS Score on Validation Data (Training Time 1.694299):  0.9652634083218771
Epoch 90: 
BAS Score on Validation Data (Training Time 1.694744):  0.9655851487024889
Epoch 91: 
BAS Score on Validation Data (Training Time 1.690959):  0.9455314712930312
Epoch 92: 
BAS Score on Validation Data (Training Time 1.694256):  0.9644655853670278
Epoch 93: 
BAS Score on Validation Data (Training Time 1.690679):  0.9576511776923975
Epoch 94: 
BAS Score on Validation Data (Training Time 1.690989):  0.9619338171745907
Epoch 95: 
BAS Score on Validation Data (Training Time 1.691082):  0.9659704055703607
Epoch 96: 
BAS Score on Validation Data (Training Time 1.692653):  0.9651591343359582
Epoch 97: 
BAS Score on Validation Data (Training Time 1.691294):  0.9640257387530508
Epoch 98: 
BAS Score on Validation Data (Training Time 1.698592):  0.9652112967057596
Epoch 99: 
BAS Score on Validation Data (Training Time 1.692050):  0.9663138335666804
Epoch 100: 
BAS Score on Validation Data (Training Time 1.699683):  0.9652058168751223
Epoch 101: 
BAS Score on Validation Data (Training Time 1.692404):  0.9598006504522196
Epoch 102: 
BAS Score on Validation Data (Training Time 1.695556):  0.9659686561957622
Epoch 103: 
BAS Score on Validation Data (Training Time 1.691595):  0.9667187864805289
Epoch 104: 
BAS Score on Validation Data (Training Time 1.692309):  0.9576424920613794
Epoch 105: 
BAS Score on Validation Data (Training Time 1.691607):  0.964680240417524
Epoch 106: 
BAS Score on Validation Data (Training Time 1.695085):  0.9585190705080291
Epoch 107: 
BAS Score on Validation Data (Training Time 1.691871):  0.963640532638863
Epoch 108: 
BAS Score on Validation Data (Training Time 1.697860):  0.9651830060478416
Epoch 109: 
BAS Score on Validation Data (Training Time 1.692066):  0.9643974574072885
Epoch 110: 
BAS Score on Validation Data (Training Time 1.699413):  0.9663258656858441
Epoch 111: 
BAS Score on Validation Data (Training Time 1.692549):  0.9663638118403061
Epoch 112: 
BAS Score on Validation Data (Training Time 1.695893):  0.962192089651635
Epoch 113: 
BAS Score on Validation Data (Training Time 1.692021):  0.963299197719642
Epoch 114: 
BAS Score on Validation Data (Training Time 1.698576):  0.9651413294373407
Epoch 115: 
BAS Score on Validation Data (Training Time 1.691841):  0.9660705038903729
Epoch 116: 
BAS Score on Validation Data (Training Time 1.694066):  0.9652855306591617
Epoch 117: 
BAS Score on Validation Data (Training Time 1.691734):  0.9629000175852473
Epoch 118: 
BAS Score on Validation Data (Training Time 1.695066):  0.9637043939136186
Epoch 119: 
BAS Score on Validation Data (Training Time 1.695054):  0.9655991216377
Epoch 120: 
BAS Score on Validation Data (Training Time 1.692549):  0.9637425210212385
Epoch 121: 
BAS Score on Validation Data (Training Time 1.698430):  0.9628874387488479
Epoch 122: 
BAS Score on Validation Data (Training Time 1.692492):  0.9656739933274143
Epoch 123: 
BAS Score on Validation Data (Training Time 1.695198):  0.9646156112069818
Epoch 124: 
BAS Score on Validation Data (Training Time 1.691197):  0.9647603486577475
Epoch 125: 
BAS Score on Validation Data (Training Time 1.691356):  0.9629470228503297
Epoch 126: 
BAS Score on Validation Data (Training Time 1.691838):  0.9654351228625346
Epoch 127: 
BAS Score on Validation Data (Training Time 1.692263):  0.9492019626379614
Epoch 128: 
BAS Score on Validation Data (Training Time 1.691802):  0.9642116684240521
Epoch 129: 
BAS Score on Validation Data (Training Time 1.697469):  0.966327129585182
Epoch 130: 
BAS Score on Validation Data (Training Time 1.691912):  0.9526009263555139
Epoch 131: 
BAS Score on Validation Data (Training Time 1.699435):  0.9627522150218658
Epoch 132: 
BAS Score on Validation Data (Training Time 1.692728):  0.963224375698616
Epoch 133: 
BAS Score on Validation Data (Training Time 1.697086):  0.9648488495801728
Epoch 134: 
BAS Score on Validation Data (Training Time 1.691388):  0.9624066029293706
Epoch 135: 
BAS Score on Validation Data (Training Time 1.693297):  0.9649618494625026
Epoch 136: 
BAS Score on Validation Data (Training Time 1.689819):  0.9627072923455914
Epoch 137: 
BAS Score on Validation Data (Training Time 1.693801):  0.9635905130148484
Epoch 138: 
BAS Score on Validation Data (Training Time 1.692063):  0.9668155383123954
Epoch 139: 
BAS Score on Validation Data (Training Time 1.697630):  0.9619105705407375
Epoch 140: 
BAS Score on Validation Data (Training Time 1.693039):  0.9589589657056985
Epoch 141: 
BAS Score on Validation Data (Training Time 1.697845):  0.9653455092168274
Epoch 142: 
BAS Score on Validation Data (Training Time 1.693079):  0.9647086717632068
Epoch 143: 
BAS Score on Validation Data (Training Time 1.695851):  0.9635577537422074
Epoch 144: 
BAS Score on Validation Data (Training Time 1.691758):  0.9638395150482376
Epoch 145: 
BAS Score on Validation Data (Training Time 1.692653):  0.9556407888328499
Epoch 146: 
BAS Score on Validation Data (Training Time 1.690575):  0.9623092651998714
Epoch 147: 
BAS Score on Validation Data (Training Time 1.692610):  0.9543092085534558
Epoch 148: 
BAS Score on Validation Data (Training Time 1.690891):  0.9653825754398446
Epoch 149: 
BAS Score on Validation Data (Training Time 1.692019):  0.9639991467160476
High Quality
0.9019765793436226 0.8765942174345529 0.876454667237228 0.9019765793436226 0.8850765160039614
              precision    recall  f1-score   support

           0       1.00      0.99      0.99     34537
           1       0.98      0.77      0.86      6756
           2       0.65      0.94      0.77      3467

    accuracy                           0.96     44760
   macro avg       0.88      0.90      0.88     44760
weighted avg       0.97      0.96      0.96     44760

Low Quality
0.8831540799625905 0.7206232759871972 0.6957069830104813 0.8831540799625905 0.7810284112816349
              precision    recall  f1-score   support

           0       1.00      0.94      0.97      1960
           1       0.95      0.98      0.97       235
           2       0.13      0.73      0.23        26

    accuracy                           0.94      2221
   macro avg       0.70      0.88      0.72      2221
weighted avg       0.98      0.94      0.96      2221

Emb Dim: 128
Transformer-MHA-128
=====================================================================================================================================================================
Layer (type:depth-idx)                   Input Shape               Output Shape              Kernel Shape              Param #                   Mult-Adds
=====================================================================================================================================================================
TransfomerBlock                          [2, 64, 64]               [2, 3]                    --                        --                        --
├─MakePatches: 1-1                       [2, 64, 64]               [2, 256, 16]              --                        --                        --
│    └─Unfold: 2-1                       [2, 1, 64, 64]            [2, 16, 256]              [4, 4]                    --                        --
├─Linear: 1-2                            [2, 256, 16]              [2, 256, 128]             --                        2,176                     4,352
├─PositionalEncoding: 1-3                [2, 256, 128]             [2, 256, 128]             --                        --                        --
├─TransformerEncoderLayer: 1-4           [2, 256, 128]             [2, 256, 128]             --                        --                        --
│    └─MultiheadAttention: 2-2           [2, 256, 128]             [2, 256, 128]             --                        66,048                    --
│    └─Dropout: 2-3                      [2, 256, 128]             [2, 256, 128]             --                        --                        --
│    └─LayerNorm: 2-4                    [2, 256, 128]             [2, 256, 128]             --                        256                       512
│    └─Linear: 2-5                       [2, 256, 128]             [2, 256, 2048]            --                        264,192                   528,384
│    └─Dropout: 2-6                      [2, 256, 2048]            [2, 256, 2048]            --                        --                        --
│    └─Linear: 2-7                       [2, 256, 2048]            [2, 256, 128]             --                        262,272                   524,544
│    └─Dropout: 2-8                      [2, 256, 128]             [2, 256, 128]             --                        --                        --
│    └─LayerNorm: 2-9                    [2, 256, 128]             [2, 256, 128]             --                        256                       512
├─Sequential: 1-5                        [2, 128]                  [2, 3]                    --                        --                        --
│    └─Linear: 2-10                      [2, 128]                  [2, 64]                   --                        8,256                     16,512
│    └─ReLU: 2-11                        [2, 64]                   [2, 64]                   --                        --                        --
│    └─Linear: 2-12                      [2, 64]                   [2, 32]                   --                        2,080                     4,160
│    └─ReLU: 2-13                        [2, 32]                   [2, 32]                   --                        --                        --
│    └─Linear: 2-14                      [2, 32]                   [2, 3]                    --                        99                        198
=====================================================================================================================================================================
Total params: 605,635
Trainable params: 605,635
Non-trainable params: 0
Total mult-adds (Units.MEGABYTES): 1.08
=====================================================================================================================================================================
Input size (MB): 0.03
Forward/backward pass size (MB): 10.49
Params size (MB): 2.16
Estimated Total Size (MB): 12.68
=====================================================================================================================================================================
Total Trainable Parameters:  605635
Total Parameters:  605635
Epoch 0: 
BAS Score on Validation Data (Training Time 1.927591):  0.6589542571863892
Epoch 1: 
BAS Score on Validation Data (Training Time 1.969416):  0.881872789209165
Epoch 2: 
BAS Score on Validation Data (Training Time 1.923362):  0.9212020851122666
Epoch 3: 
BAS Score on Validation Data (Training Time 1.920596):  0.9375421265672245
Epoch 4: 
BAS Score on Validation Data (Training Time 1.921641):  0.942995419296791
Epoch 5: 
BAS Score on Validation Data (Training Time 1.921301):  0.9445255168841057
Epoch 6: 
BAS Score on Validation Data (Training Time 1.920474):  0.9435399122912931
Epoch 7: 
BAS Score on Validation Data (Training Time 1.920935):  0.9309487221318861
Epoch 8: 
BAS Score on Validation Data (Training Time 1.920529):  0.9514039160329656
Epoch 9: 
BAS Score on Validation Data (Training Time 1.923277):  0.9457412958224888
Epoch 10: 
BAS Score on Validation Data (Training Time 1.921051):  0.9497348929547363
Epoch 11: 
BAS Score on Validation Data (Training Time 1.920726):  0.9545833290792464
Epoch 12: 
BAS Score on Validation Data (Training Time 1.921005):  0.9525788867190061
Epoch 13: 
BAS Score on Validation Data (Training Time 1.920560):  0.9304336706139855
Epoch 14: 
BAS Score on Validation Data (Training Time 1.921286):  0.9335316205016282
Epoch 15: 
BAS Score on Validation Data (Training Time 1.922806):  0.951002783509237
Epoch 16: 
BAS Score on Validation Data (Training Time 1.923100):  0.9529027086034302
Epoch 17: 
BAS Score on Validation Data (Training Time 1.922863):  0.9560214374832294
Epoch 18: 
BAS Score on Validation Data (Training Time 1.927119):  0.9568684106189393
Epoch 19: 
BAS Score on Validation Data (Training Time 1.923258):  0.9570097011591873
Epoch 20: 
BAS Score on Validation Data (Training Time 1.928447):  0.9577086896933622
Epoch 21: 
BAS Score on Validation Data (Training Time 1.922107):  0.9547001090863031
Epoch 22: 
BAS Score on Validation Data (Training Time 1.926224):  0.9539359551126415
Epoch 23: 
BAS Score on Validation Data (Training Time 1.922703):  0.9597246279438217
Epoch 24: 
BAS Score on Validation Data (Training Time 1.921969):  0.9522419486842427
Epoch 25: 
BAS Score on Validation Data (Training Time 1.922300):  0.9306174553692087
Epoch 26: 
BAS Score on Validation Data (Training Time 1.928190):  0.9529609780518902
Epoch 27: 
BAS Score on Validation Data (Training Time 1.942649):  0.9571887845078502
Epoch 28: 
BAS Score on Validation Data (Training Time 1.934711):  0.9541071428276501
Epoch 29: 
BAS Score on Validation Data (Training Time 1.928581):  0.957699660359844
Epoch 30: 
BAS Score on Validation Data (Training Time 1.922285):  0.9571255714576973
Epoch 31: 
BAS Score on Validation Data (Training Time 1.927106):  0.9426112018547195
Epoch 32: 
BAS Score on Validation Data (Training Time 1.922091):  0.9574256644879943
Epoch 33: 
BAS Score on Validation Data (Training Time 1.921619):  0.957704947664037
Epoch 34: 
BAS Score on Validation Data (Training Time 1.921872):  0.9540072475223731
Epoch 35: 
BAS Score on Validation Data (Training Time 1.922397):  0.9490560732835164
Epoch 36: 
BAS Score on Validation Data (Training Time 1.939197):  0.9533492884590912
Epoch 37: 
BAS Score on Validation Data (Training Time 1.939667):  0.9499863593748352
Epoch 38: 
BAS Score on Validation Data (Training Time 1.945070):  0.9474748146567992
Epoch 39: 
BAS Score on Validation Data (Training Time 1.939532):  0.9449393744775317
Epoch 40: 
BAS Score on Validation Data (Training Time 1.939869):  0.9568130424487572
Epoch 41: 
BAS Score on Validation Data (Training Time 1.922441):  0.9562179936012961
Epoch 42: 
BAS Score on Validation Data (Training Time 1.922531):  0.9511976504096843
Epoch 43: 
BAS Score on Validation Data (Training Time 1.924799):  0.9551573258773205
Epoch 44: 
BAS Score on Validation Data (Training Time 1.923049):  0.9478531545570625
Epoch 45: 
BAS Score on Validation Data (Training Time 1.927598):  0.942917512874338
Epoch 46: 
BAS Score on Validation Data (Training Time 1.922802):  0.9499825781651126
Epoch 47: 
BAS Score on Validation Data (Training Time 1.928971):  0.9465431620737798
Epoch 48: 
BAS Score on Validation Data (Training Time 1.923224):  0.9494090867338852
Epoch 49: 
BAS Score on Validation Data (Training Time 1.927104):  0.9562281345731009
Epoch 50: 
BAS Score on Validation Data (Training Time 1.924063):  0.9473387292021878
Epoch 51: 
BAS Score on Validation Data (Training Time 1.922569):  0.9542059772483243
Epoch 52: 
BAS Score on Validation Data (Training Time 1.923072):  0.9509460698239356
Epoch 53: 
BAS Score on Validation Data (Training Time 1.922380):  0.9617689986249598
Epoch 54: 
BAS Score on Validation Data (Training Time 1.927577):  0.9539745169418383
Epoch 55: 
BAS Score on Validation Data (Training Time 1.923391):  0.9559360397688218
Epoch 56: 
BAS Score on Validation Data (Training Time 1.929032):  0.9349516824146367
Epoch 57: 
BAS Score on Validation Data (Training Time 1.922927):  0.9538517302784949
Epoch 58: 
BAS Score on Validation Data (Training Time 1.927085):  0.9565069631359804
Epoch 59: 
BAS Score on Validation Data (Training Time 1.922270):  0.9524315895224716
Epoch 60: 
BAS Score on Validation Data (Training Time 1.922759):  0.9550563371375725
Epoch 61: 
BAS Score on Validation Data (Training Time 1.924241):  0.9490997729286214
Epoch 62: 
BAS Score on Validation Data (Training Time 1.924944):  0.9553016793601931
Epoch 63: 
BAS Score on Validation Data (Training Time 1.929033):  0.9506265240277902
Epoch 64: 
BAS Score on Validation Data (Training Time 1.923349):  0.9523752294251863
Epoch 65: 
BAS Score on Validation Data (Training Time 1.930119):  0.9500370758071451
Epoch 66: 
BAS Score on Validation Data (Training Time 1.923480):  0.9620204777033408
Epoch 67: 
BAS Score on Validation Data (Training Time 1.927618):  0.9501154567343476
Epoch 68: 
BAS Score on Validation Data (Training Time 1.923505):  0.9578065118131267
Epoch 69: 
BAS Score on Validation Data (Training Time 1.923061):  0.9562333512320239
Epoch 70: 
BAS Score on Validation Data (Training Time 1.923644):  0.9554580142085456
Epoch 71: 
BAS Score on Validation Data (Training Time 1.922598):  0.9547929263624
Epoch 72: 
BAS Score on Validation Data (Training Time 1.929152):  0.9469990239463825
Epoch 73: 
BAS Score on Validation Data (Training Time 1.923563):  0.9453807068121725
Epoch 74: 
BAS Score on Validation Data (Training Time 1.929774):  0.9437690329855654
Epoch 75: 
BAS Score on Validation Data (Training Time 1.922808):  0.9210042729309414
Epoch 76: 
BAS Score on Validation Data (Training Time 1.927688):  0.9409463141770039
Epoch 77: 
BAS Score on Validation Data (Training Time 1.923740):  0.9596764382251917
Epoch 78: 
BAS Score on Validation Data (Training Time 1.923007):  0.9600757706206381
Epoch 79: 
BAS Score on Validation Data (Training Time 1.924128):  0.9619639068757956
Epoch 80: 
BAS Score on Validation Data (Training Time 1.923223):  0.9559739362545955
Epoch 81: 
BAS Score on Validation Data (Training Time 1.929090):  0.9600412206230099
Epoch 82: 
BAS Score on Validation Data (Training Time 1.922907):  0.9475776735673244
Epoch 83: 
BAS Score on Validation Data (Training Time 1.929999):  0.9452656646064276
Epoch 84: 
BAS Score on Validation Data (Training Time 1.923359):  0.9564941515077439
Epoch 85: 
BAS Score on Validation Data (Training Time 1.928093):  0.950455132213051
Epoch 86: 
BAS Score on Validation Data (Training Time 1.923470):  0.9448912046504879
Epoch 87: 
BAS Score on Validation Data (Training Time 1.923344):  0.9602308013042596
Epoch 88: 
BAS Score on Validation Data (Training Time 1.928890):  0.9625184404197303
Epoch 89: 
BAS Score on Validation Data (Training Time 1.922379):  0.9471352682925742
Epoch 90: 
BAS Score on Validation Data (Training Time 1.928292):  0.9625743437338614
Epoch 91: 
BAS Score on Validation Data (Training Time 1.926802):  0.9578304353636895
Epoch 92: 
BAS Score on Validation Data (Training Time 1.929837):  0.9612763221277675
Epoch 93: 
BAS Score on Validation Data (Training Time 1.930833):  0.9645817392110588
Epoch 94: 
BAS Score on Validation Data (Training Time 1.927448):  0.948168323360337
Epoch 95: 
BAS Score on Validation Data (Training Time 1.922807):  0.954066950250042
Epoch 96: 
BAS Score on Validation Data (Training Time 1.937372):  0.965518142869327
Epoch 97: 
BAS Score on Validation Data (Training Time 1.955632):  0.9514309003561617
Epoch 98: 
BAS Score on Validation Data (Training Time 1.922662):  0.964201001711594
Epoch 99: 
BAS Score on Validation Data (Training Time 1.928769):  0.9575468325789883
Epoch 100: 
BAS Score on Validation Data (Training Time 1.932101):  0.9652958641574108
Epoch 101: 
BAS Score on Validation Data (Training Time 1.930367):  0.9604186717913082
Epoch 102: 
BAS Score on Validation Data (Training Time 1.922651):  0.9582989229686132
Epoch 103: 
BAS Score on Validation Data (Training Time 1.927297):  0.9495100639003468
Epoch 104: 
BAS Score on Validation Data (Training Time 1.931303):  0.9597314720961689
Epoch 105: 
BAS Score on Validation Data (Training Time 1.923643):  0.9623214082296982
Epoch 106: 
BAS Score on Validation Data (Training Time 1.926923):  0.9618700055685231
Epoch 107: 
BAS Score on Validation Data (Training Time 1.923713):  0.9615091555564833
Epoch 108: 
BAS Score on Validation Data (Training Time 1.929362):  0.9660195546662256
Epoch 109: 
BAS Score on Validation Data (Training Time 1.923450):  0.9411660650902446
Epoch 110: 
BAS Score on Validation Data (Training Time 1.930153):  0.9623429044039574
Epoch 111: 
BAS Score on Validation Data (Training Time 1.922642):  0.9614405547797654
Epoch 112: 
BAS Score on Validation Data (Training Time 1.928309):  0.9628756085594238
Epoch 113: 
BAS Score on Validation Data (Training Time 1.923468):  0.9580197611915245
Epoch 114: 
BAS Score on Validation Data (Training Time 1.923961):  0.9656648729748194
Epoch 115: 
BAS Score on Validation Data (Training Time 1.923899):  0.9569691952589564
Epoch 116: 
BAS Score on Validation Data (Training Time 1.922835):  0.9623765226314612
Epoch 117: 
BAS Score on Validation Data (Training Time 1.928964):  0.96497223262944
Epoch 118: 
BAS Score on Validation Data (Training Time 1.923132):  0.9660737488711509
Epoch 119: 
BAS Score on Validation Data (Training Time 1.930045):  0.966547557415132
Epoch 120: 
BAS Score on Validation Data (Training Time 1.924627):  0.9630042799978794
Epoch 121: 
BAS Score on Validation Data (Training Time 1.929202):  0.9647741693319071
Epoch 122: 
BAS Score on Validation Data (Training Time 1.923621):  0.9623636613345364
Epoch 123: 
BAS Score on Validation Data (Training Time 1.924292):  0.9672700347782928
Epoch 124: 
BAS Score on Validation Data (Training Time 1.931489):  0.9619046951689204
Epoch 125: 
BAS Score on Validation Data (Training Time 1.927521):  0.9520189219281265
Epoch 126: 
BAS Score on Validation Data (Training Time 1.929727):  0.9658841279245082
Epoch 127: 
BAS Score on Validation Data (Training Time 1.923937):  0.9518573064061098
Epoch 128: 
BAS Score on Validation Data (Training Time 1.938421):  0.9414926580534724
Epoch 129: 
BAS Score on Validation Data (Training Time 1.923471):  0.9609834478144155
Epoch 130: 
BAS Score on Validation Data (Training Time 1.926845):  0.9632961938490009
Epoch 131: 
BAS Score on Validation Data (Training Time 1.922986):  0.953831801440681
Epoch 132: 
BAS Score on Validation Data (Training Time 1.932648):  0.9613642465558553
Epoch 133: 
BAS Score on Validation Data (Training Time 1.928072):  0.9655878182739251
Epoch 134: 
BAS Score on Validation Data (Training Time 1.937890):  0.9675971534821741
Epoch 135: 
BAS Score on Validation Data (Training Time 1.944284):  0.9525149609472887
Epoch 136: 
BAS Score on Validation Data (Training Time 1.934755):  0.965477052156459
Epoch 137: 
BAS Score on Validation Data (Training Time 1.929325):  0.9655627312463966
Epoch 138: 
BAS Score on Validation Data (Training Time 1.930974):  0.9649751846614015
Epoch 139: 
BAS Score on Validation Data (Training Time 1.926950):  0.9626490736508154
Epoch 140: 
BAS Score on Validation Data (Training Time 1.931066):  0.9619226120631965
Epoch 141: 
BAS Score on Validation Data (Training Time 1.922901):  0.9684362701646269
Epoch 142: 
BAS Score on Validation Data (Training Time 1.924067):  0.9537686286559212
Epoch 143: 
BAS Score on Validation Data (Training Time 1.923965):  0.9592477752638068
Epoch 144: 
BAS Score on Validation Data (Training Time 1.930705):  0.9629129285508603
Epoch 145: 
BAS Score on Validation Data (Training Time 1.923194):  0.9640615504800257
Epoch 146: 
BAS Score on Validation Data (Training Time 1.929934):  0.9680344712124799
Epoch 147: 
BAS Score on Validation Data (Training Time 1.924580):  0.9671141843202055
Epoch 148: 
BAS Score on Validation Data (Training Time 1.927777):  0.9698728724741397
Epoch 149: 
BAS Score on Validation Data (Training Time 1.923463):  0.9631198689208599
High Quality
0.8366032366261374 0.672040981388959 0.7168240715778668 0.8366032366261374 0.55793898403527
              precision    recall  f1-score   support

           0       1.00      0.58      0.73     34537
           1       0.97      0.99      0.98      6756
           2       0.18      0.94      0.31      3467

    accuracy                           0.67     44760
   macro avg       0.72      0.84      0.67     44760
weighted avg       0.93      0.67      0.73     44760

Low Quality
0.7895996860282574 0.5571098213003702 0.657952009479609 0.7895996860282574 0.423259692468022
              precision    recall  f1-score   support

           0       1.00      0.48      0.65      1960
           1       0.95      1.00      0.98       235
           2       0.02      0.88      0.04        26

    accuracy                           0.54      2221
   macro avg       0.66      0.79      0.56      2221
weighted avg       0.98      0.54      0.68      2221


High Quality Post 2020
                          mean       std       sem  count
Model                                                    
Transformer-FNET-128  0.961186  0.031703  0.011209      8
Transformer-FNET-64   0.972526  0.004458  0.001576      8
Transformer-MHA-128   0.737082  0.051740  0.018293      8
Transformer-MHA-64    0.846598  0.065167  0.023040      8
                          mean       std       sem  count
Model                                                    
Transformer-FNET-128  0.967962  0.006711  0.002373      8
Transformer-FNET-64   0.968807  0.003134  0.001108      8
Transformer-MHA-128   0.858648  0.034226  0.012101      8
Transformer-MHA-64    0.905047  0.027195  0.009615      8
                          mean       std       sem  count
Model                                                    
Transformer-FNET-128  0.955163  0.039847  0.014088      8
Transformer-FNET-64   0.969337  0.005258  0.001859      8
Transformer-MHA-128   0.660411  0.084746  0.029962      8
Transformer-MHA-64    0.823954  0.102707  0.036312      8

Low Quality Post 2020
                          mean       std       sem  count
Model                                                    
Transformer-FNET-128  0.742284  0.051114  0.018072      8
Transformer-FNET-64   0.743589  0.027905  0.009866      8
Transformer-MHA-128   0.594914  0.035826  0.012667      8
Transformer-MHA-64    0.679167  0.069093  0.024428      8
                          mean       std       sem  count
Model                                                    
Transformer-FNET-128  0.909662  0.031051  0.010978      8
Transformer-FNET-64   0.915673  0.014421  0.005099      8
Transformer-MHA-128   0.812581  0.047565  0.016817      8
Transformer-MHA-64    0.874200  0.059387  0.020997      8
                          mean       std       sem  count
Model                                                    
Transformer-FNET-128  0.793173  0.089586  0.031673      8
Transformer-FNET-64   0.805890  0.052807  0.018670      8
Transformer-MHA-128   0.481181  0.061680  0.021807      8
Transformer-MHA-64    0.664188  0.155699  0.055048      8
Saving Results
************Fold: 8
Data Shape Before Sampling:  (107163, 64, 64) (107163,)
Subtype/Host: 0 ,count:  72321 ,index count: (array([False,  True]), array([34842, 72321])) ,downsampling:  (16000, 64, 64) (16000,)
Subtype/Host: 1 ,count:  22411 ,index count: (array([False,  True]), array([84752, 22411])) ,downsampling:  (16000, 64, 64) (16000,)
Subtype/Host: 2 ,count:  12431 ,index count: (array([False,  True]), array([94732, 12431])) ,keep:  (12431, 64, 64) (12431,)
Emb Dim: 64
Transformer-FNET-64
=====================================================================================================================================================================
Layer (type:depth-idx)                   Input Shape               Output Shape              Kernel Shape              Param #                   Mult-Adds
=====================================================================================================================================================================
TransfomerBlock                          [2, 64, 64]               [2, 3]                    --                        --                        --
├─MakePatches: 1-1                       [2, 64, 64]               [2, 256, 16]              --                        --                        --
│    └─Unfold: 2-1                       [2, 1, 64, 64]            [2, 16, 256]              [4, 4]                    --                        --
├─Linear: 1-2                            [2, 256, 16]              [2, 256, 64]              --                        1,088                     2,176
├─PositionalEncoding: 1-3                [2, 256, 64]              [2, 256, 64]              --                        --                        --
├─FNET: 1-4                              [2, 256, 64]              [2, 256, 64]              --                        --                        --
│    └─LayerNorm: 2-2                    [2, 256, 64]              [2, 256, 64]              --                        128                       256
│    └─Sequential: 2-3                   [2, 256, 64]              [2, 256, 64]              --                        --                        --
│    │    └─Linear: 3-1                  [2, 256, 64]              [2, 256, 64]              --                        4,160                     8,320
│    │    └─ReLU: 3-2                    [2, 256, 64]              [2, 256, 64]              --                        --                        --
│    │    └─Dropout: 3-3                 [2, 256, 64]              [2, 256, 64]              --                        --                        --
│    │    └─Linear: 3-4                  [2, 256, 64]              [2, 256, 64]              --                        4,160                     8,320
│    └─LayerNorm: 2-4                    [2, 256, 64]              [2, 256, 64]              --                        128                       256
├─Sequential: 1-5                        [2, 64]                   [2, 3]                    --                        --                        --
│    └─Linear: 2-5                       [2, 64]                   [2, 64]                   --                        4,160                     8,320
│    └─ReLU: 2-6                         [2, 64]                   [2, 64]                   --                        --                        --
│    └─Linear: 2-7                       [2, 64]                   [2, 32]                   --                        2,080                     4,160
│    └─ReLU: 2-8                         [2, 32]                   [2, 32]                   --                        --                        --
│    └─Linear: 2-9                       [2, 32]                   [2, 3]                    --                        99                        198
=====================================================================================================================================================================
Total params: 16,003
Trainable params: 16,003
Non-trainable params: 0
Total mult-adds (Units.MEGABYTES): 0.03
=====================================================================================================================================================================
Input size (MB): 0.03
Forward/backward pass size (MB): 1.31
Params size (MB): 0.06
Estimated Total Size (MB): 1.41
=====================================================================================================================================================================
Total Trainable Parameters:  16003
Total Parameters:  16003
Epoch 0: 
BAS Score on Validation Data (Training Time 0.971793):  0.6321363338218791
Epoch 1: 
BAS Score on Validation Data (Training Time 0.964444):  0.6463149020772645
Epoch 2: 
BAS Score on Validation Data (Training Time 0.968230):  0.6540660503512709
Epoch 3: 
BAS Score on Validation Data (Training Time 0.965214):  0.810800852879919
Epoch 4: 
BAS Score on Validation Data (Training Time 0.963779):  0.8626750144177026
Epoch 5: 
BAS Score on Validation Data (Training Time 0.967856):  0.8828804975658581
Epoch 6: 
BAS Score on Validation Data (Training Time 0.964714):  0.8929697777939651
Epoch 7: 
BAS Score on Validation Data (Training Time 0.965726):  0.9002951013305084
Epoch 8: 
BAS Score on Validation Data (Training Time 0.970123):  0.9070581138943442
Epoch 9: 
BAS Score on Validation Data (Training Time 0.966757):  0.9108314326612544
Epoch 10: 
BAS Score on Validation Data (Training Time 0.964911):  0.9190749427238618
Epoch 11: 
BAS Score on Validation Data (Training Time 0.976036):  0.9225805275121837
Epoch 12: 
BAS Score on Validation Data (Training Time 0.966476):  0.9263858680442904
Epoch 13: 
BAS Score on Validation Data (Training Time 0.965813):  0.9288851955927746
Epoch 14: 
BAS Score on Validation Data (Training Time 0.976730):  0.9308543015266467
Epoch 15: 
BAS Score on Validation Data (Training Time 0.968951):  0.9330262145943365
Epoch 16: 
BAS Score on Validation Data (Training Time 0.967232):  0.9353467367229454
Epoch 17: 
BAS Score on Validation Data (Training Time 0.971053):  0.93777344522207
Epoch 18: 
BAS Score on Validation Data (Training Time 0.971664):  0.9374921587887943
Epoch 19: 
BAS Score on Validation Data (Training Time 0.970292):  0.9419048006459073
Epoch 20: 
BAS Score on Validation Data (Training Time 0.973645):  0.9437079779870833
Epoch 21: 
BAS Score on Validation Data (Training Time 0.972449):  0.9448304509124402
Epoch 22: 
BAS Score on Validation Data (Training Time 0.968105):  0.9455950873547389
Epoch 23: 
BAS Score on Validation Data (Training Time 0.970474):  0.9480015190935508
Epoch 24: 
BAS Score on Validation Data (Training Time 0.972271):  0.9473056007401374
Epoch 25: 
BAS Score on Validation Data (Training Time 0.967226):  0.9464998869895264
Epoch 26: 
BAS Score on Validation Data (Training Time 0.969263):  0.9494075600532108
Epoch 27: 
BAS Score on Validation Data (Training Time 0.976310):  0.9510407076673476
Epoch 28: 
BAS Score on Validation Data (Training Time 0.968604):  0.9482308231021337
Epoch 29: 
BAS Score on Validation Data (Training Time 0.979040):  0.950416318664459
Epoch 30: 
BAS Score on Validation Data (Training Time 0.979302):  0.9530266831487966
Epoch 31: 
BAS Score on Validation Data (Training Time 0.986776):  0.9519973558434436
Epoch 32: 
BAS Score on Validation Data (Training Time 0.985849):  0.95167386027956
Epoch 33: 
BAS Score on Validation Data (Training Time 0.982652):  0.9486370150267658
Epoch 34: 
BAS Score on Validation Data (Training Time 0.976561):  0.9537792826524195
Epoch 35: 
BAS Score on Validation Data (Training Time 0.969501):  0.9558188102815451
Epoch 36: 
BAS Score on Validation Data (Training Time 0.968757):  0.9560568040959652
Epoch 37: 
BAS Score on Validation Data (Training Time 0.972650):  0.9551720330512362
Epoch 38: 
BAS Score on Validation Data (Training Time 0.968377):  0.9557228112764412
Epoch 39: 
BAS Score on Validation Data (Training Time 0.970473):  0.9568106693052677
Epoch 40: 
BAS Score on Validation Data (Training Time 0.973125):  0.9562865580887485
Epoch 41: 
BAS Score on Validation Data (Training Time 0.968051):  0.9566659370377989
Epoch 42: 
BAS Score on Validation Data (Training Time 0.968127):  0.9579666795118319
Epoch 43: 
BAS Score on Validation Data (Training Time 0.974265):  0.9582155905261441
Epoch 44: 
BAS Score on Validation Data (Training Time 0.973817):  0.9589283784271344
Epoch 45: 
BAS Score on Validation Data (Training Time 0.972762):  0.9590566189678175
Epoch 46: 
BAS Score on Validation Data (Training Time 0.968565):  0.9589660785626596
Epoch 47: 
BAS Score on Validation Data (Training Time 0.973912):  0.9596130876468635
Epoch 48: 
BAS Score on Validation Data (Training Time 0.972619):  0.9592036945562888
Epoch 49: 
BAS Score on Validation Data (Training Time 0.976543):  0.959924022484384
Epoch 50: 
BAS Score on Validation Data (Training Time 0.979981):  0.9593583402118138
Epoch 51: 
BAS Score on Validation Data (Training Time 0.973408):  0.9600522630250671
Epoch 52: 
BAS Score on Validation Data (Training Time 0.969259):  0.9575894979168879
Epoch 53: 
BAS Score on Validation Data (Training Time 0.975380):  0.9605275808993241
Epoch 54: 
BAS Score on Validation Data (Training Time 0.968153):  0.9612477929004717
Epoch 55: 
BAS Score on Validation Data (Training Time 0.973588):  0.9606141903040589
Epoch 56: 
BAS Score on Validation Data (Training Time 0.979056):  0.9606934056485849
Epoch 57: 
BAS Score on Validation Data (Training Time 0.973459):  0.9599466726056477
Epoch 58: 
BAS Score on Validation Data (Training Time 0.978067):  0.9609027669541081
Epoch 59: 
BAS Score on Validation Data (Training Time 0.968584):  0.9612364678398398
Epoch 60: 
BAS Score on Validation Data (Training Time 0.972947):  0.9607197807234783
Epoch 61: 
BAS Score on Validation Data (Training Time 0.968431):  0.959669305089283
Epoch 62: 
BAS Score on Validation Data (Training Time 0.969437):  0.9610780671907367
Epoch 63: 
BAS Score on Validation Data (Training Time 0.977027):  0.9615099644356789
Epoch 64: 
BAS Score on Validation Data (Training Time 0.972898):  0.961425058637312
Epoch 65: 
BAS Score on Validation Data (Training Time 0.969666):  0.9617644800168335
Epoch 66: 
BAS Score on Validation Data (Training Time 0.973691):  0.9614760192937318
Epoch 67: 
BAS Score on Validation Data (Training Time 0.969540):  0.9620622702604068
Epoch 68: 
BAS Score on Validation Data (Training Time 0.982638):  0.9625338331410859
Epoch 69: 
BAS Score on Validation Data (Training Time 0.982741):  0.9625036730326656
Epoch 70: 
BAS Score on Validation Data (Training Time 0.973513):  0.9625033810988733
Epoch 71: 
BAS Score on Validation Data (Training Time 0.977672):  0.9615531832510475
Epoch 72: 
BAS Score on Validation Data (Training Time 0.976344):  0.9627034128839248
Epoch 73: 
BAS Score on Validation Data (Training Time 0.974503):  0.963108905014025
Epoch 74: 
BAS Score on Validation Data (Training Time 0.971488):  0.9614815938206256
Epoch 75: 
BAS Score on Validation Data (Training Time 0.978305):  0.9630598798178679
Epoch 76: 
BAS Score on Validation Data (Training Time 0.970274):  0.9631223115018158
Epoch 77: 
BAS Score on Validation Data (Training Time 0.976858):  0.961915310598883
Epoch 78: 
BAS Score on Validation Data (Training Time 0.972385):  0.9624470777694549
Epoch 79: 
BAS Score on Validation Data (Training Time 0.973598):  0.963031539242763
Epoch 80: 
BAS Score on Validation Data (Training Time 0.971842):  0.9625300481075589
Epoch 81: 
BAS Score on Validation Data (Training Time 0.976244):  0.9631897939249702
Epoch 82: 
BAS Score on Validation Data (Training Time 0.974369):  0.963585780527754
Epoch 83: 
BAS Score on Validation Data (Training Time 0.966129):  0.9634653719479681
Epoch 84: 
BAS Score on Validation Data (Training Time 0.969023):  0.9636574258052262
Epoch 85: 
BAS Score on Validation Data (Training Time 0.969359):  0.9632973198046523
Epoch 86: 
BAS Score on Validation Data (Training Time 0.974612):  0.963976192603644
Epoch 87: 
BAS Score on Validation Data (Training Time 0.981298):  0.9641967930828003
Epoch 88: 
BAS Score on Validation Data (Training Time 0.982704):  0.9637800918190157
Epoch 89: 
BAS Score on Validation Data (Training Time 0.970577):  0.9639461784621198
Epoch 90: 
BAS Score on Validation Data (Training Time 0.982230):  0.964245904165956
Epoch 91: 
BAS Score on Validation Data (Training Time 0.974066):  0.9644853396929007
Epoch 92: 
BAS Score on Validation Data (Training Time 0.969042):  0.964095189510854
Epoch 93: 
BAS Score on Validation Data (Training Time 0.974531):  0.9641891929757979
Epoch 94: 
BAS Score on Validation Data (Training Time 0.972059):  0.9646191547604773
Epoch 95: 
BAS Score on Validation Data (Training Time 0.969975):  0.9649152714376314
Epoch 96: 
BAS Score on Validation Data (Training Time 0.975249):  0.9629426165569743
Epoch 97: 
BAS Score on Validation Data (Training Time 0.975785):  0.964632415281372
Epoch 98: 
BAS Score on Validation Data (Training Time 0.970446):  0.9647247451798965
Epoch 99: 
BAS Score on Validation Data (Training Time 0.968185):  0.9649757376213679
Epoch 100: 
BAS Score on Validation Data (Training Time 0.976477):  0.964583390085215
Epoch 101: 
BAS Score on Validation Data (Training Time 0.977515):  0.9655770986822017
Epoch 102: 
BAS Score on Validation Data (Training Time 0.971793):  0.9647530857550013
Epoch 103: 
BAS Score on Validation Data (Training Time 0.974520):  0.9650887521409447
Epoch 104: 
BAS Score on Validation Data (Training Time 0.982579):  0.9647040605588443
Epoch 105: 
BAS Score on Validation Data (Training Time 0.976445):  0.965330123128152
Epoch 106: 
BAS Score on Validation Data (Training Time 0.990242):  0.9646437103020554
Epoch 107: 
BAS Score on Validation Data (Training Time 0.971896):  0.9625906602581914
Epoch 108: 
BAS Score on Validation Data (Training Time 0.981086):  0.9651548228915234
Epoch 109: 
BAS Score on Validation Data (Training Time 0.975885):  0.9660108154604591
Epoch 110: 
BAS Score on Validation Data (Training Time 0.974015):  0.9650284018841558
Epoch 111: 
BAS Score on Validation Data (Training Time 0.974785):  0.9650359419112609
Epoch 112: 
BAS Score on Validation Data (Training Time 0.972215):  0.9655147829252012
Epoch 113: 
BAS Score on Validation Data (Training Time 0.975421):  0.967027290105657
Epoch 114: 
BAS Score on Validation Data (Training Time 0.970031):  0.9654355675806752
Epoch 115: 
BAS Score on Validation Data (Training Time 0.972218):  0.9668876085773946
Epoch 116: 
BAS Score on Validation Data (Training Time 0.975682):  0.9643590346124805
Epoch 117: 
BAS Score on Validation Data (Training Time 0.970930):  0.9663273248248734
Epoch 118: 
BAS Score on Validation Data (Training Time 0.969913):  0.9652094226145741
Epoch 119: 
BAS Score on Validation Data (Training Time 0.975188):  0.9642988303225876
Epoch 120: 
BAS Score on Validation Data (Training Time 0.968512):  0.9665143579828737
Epoch 121: 
BAS Score on Validation Data (Training Time 0.975178):  0.9657298947644626
Epoch 122: 
BAS Score on Validation Data (Training Time 0.979240):  0.9668008532057636
Epoch 123: 
BAS Score on Validation Data (Training Time 0.981596):  0.9657940000148297
Epoch 124: 
BAS Score on Validation Data (Training Time 0.976333):  0.9651416782975762
Epoch 125: 
BAS Score on Validation Data (Training Time 1.011007):  0.965843025210987
Epoch 126: 
BAS Score on Validation Data (Training Time 1.046320):  0.9667065578070279
Epoch 127: 
BAS Score on Validation Data (Training Time 0.974580):  0.9659522546970369
Epoch 128: 
BAS Score on Validation Data (Training Time 0.976816):  0.9669176227189187
Epoch 129: 
BAS Score on Validation Data (Training Time 0.974122):  0.9668592680022899
Epoch 130: 
BAS Score on Validation Data (Training Time 0.974594):  0.9669554688213401
Epoch 131: 
BAS Score on Validation Data (Training Time 0.981574):  0.966491853828506
Epoch 132: 
BAS Score on Validation Data (Training Time 0.968528):  0.9654771987166234
Epoch 133: 
BAS Score on Validation Data (Training Time 0.975630):  0.9668952645314471
Epoch 134: 
BAS Score on Validation Data (Training Time 0.969789):  0.9645664604577409
Epoch 135: 
BAS Score on Validation Data (Training Time 0.975494):  0.9668536333954991
Epoch 136: 
BAS Score on Validation Data (Training Time 0.977155):  0.9670950043827063
Epoch 137: 
BAS Score on Validation Data (Training Time 0.972858):  0.9669273901400789
Epoch 138: 
BAS Score on Validation Data (Training Time 0.973555):  0.9671779747208106
Epoch 139: 
BAS Score on Validation Data (Training Time 0.969464):  0.9671968398085475
Epoch 140: 
BAS Score on Validation Data (Training Time 0.975261):  0.9659522546970369
Epoch 141: 
BAS Score on Validation Data (Training Time 0.981577):  0.9649739180880524
Epoch 142: 
BAS Score on Validation Data (Training Time 0.970276):  0.9660486315229319
Epoch 143: 
BAS Score on Validation Data (Training Time 0.982443):  0.9663105411642953
Epoch 144: 
BAS Score on Validation Data (Training Time 0.987488):  0.9634788943627064
Epoch 145: 
BAS Score on Validation Data (Training Time 0.972797):  0.9674059392202271
Epoch 146: 
BAS Score on Validation Data (Training Time 0.981243):  0.9662615159681383
Epoch 147: 
BAS Score on Validation Data (Training Time 0.986783):  0.9655431235003059
Epoch 148: 
BAS Score on Validation Data (Training Time 0.979064):  0.9667519439365542
Epoch 149: 
BAS Score on Validation Data (Training Time 0.973529):  0.9664426826654527
High Quality
0.9703802880014605 0.9733755463461834 0.9766188986275849 0.9703802880014605 0.9700181248178527
              precision    recall  f1-score   support

           0       0.99      0.99      0.99     34537
           1       0.98      1.00      0.99      6756
           2       0.95      0.92      0.94      3467

    accuracy                           0.99     44760
   macro avg       0.98      0.97      0.97     44760
weighted avg       0.99      0.99      0.99     44760

Low Quality
0.8892333856619571 0.6972215329025074 0.6827902008104133 0.8892333856619571 0.7178064593783916
              precision    recall  f1-score   support

           0       1.00      0.90      0.95      1960
           1       0.96      1.00      0.98       235
           2       0.09      0.77      0.17        26

    accuracy                           0.91      2221
   macro avg       0.68      0.89      0.70      2221
weighted avg       0.98      0.91      0.94      2221

Emb Dim: 128
Transformer-FNET-128
=====================================================================================================================================================================
Layer (type:depth-idx)                   Input Shape               Output Shape              Kernel Shape              Param #                   Mult-Adds
=====================================================================================================================================================================
TransfomerBlock                          [2, 64, 64]               [2, 3]                    --                        --                        --
├─MakePatches: 1-1                       [2, 64, 64]               [2, 256, 16]              --                        --                        --
│    └─Unfold: 2-1                       [2, 1, 64, 64]            [2, 16, 256]              [4, 4]                    --                        --
├─Linear: 1-2                            [2, 256, 16]              [2, 256, 128]             --                        2,176                     4,352
├─PositionalEncoding: 1-3                [2, 256, 128]             [2, 256, 128]             --                        --                        --
├─FNET: 1-4                              [2, 256, 128]             [2, 256, 128]             --                        --                        --
│    └─LayerNorm: 2-2                    [2, 256, 128]             [2, 256, 128]             --                        256                       512
│    └─Sequential: 2-3                   [2, 256, 128]             [2, 256, 128]             --                        --                        --
│    │    └─Linear: 3-1                  [2, 256, 128]             [2, 256, 128]             --                        16,512                    33,024
│    │    └─ReLU: 3-2                    [2, 256, 128]             [2, 256, 128]             --                        --                        --
│    │    └─Dropout: 3-3                 [2, 256, 128]             [2, 256, 128]             --                        --                        --
│    │    └─Linear: 3-4                  [2, 256, 128]             [2, 256, 128]             --                        16,512                    33,024
│    └─LayerNorm: 2-4                    [2, 256, 128]             [2, 256, 128]             --                        256                       512
├─Sequential: 1-5                        [2, 128]                  [2, 3]                    --                        --                        --
│    └─Linear: 2-5                       [2, 128]                  [2, 64]                   --                        8,256                     16,512
│    └─ReLU: 2-6                         [2, 64]                   [2, 64]                   --                        --                        --
│    └─Linear: 2-7                       [2, 64]                   [2, 32]                   --                        2,080                     4,160
│    └─ReLU: 2-8                         [2, 32]                   [2, 32]                   --                        --                        --
│    └─Linear: 2-9                       [2, 32]                   [2, 3]                    --                        99                        198
=====================================================================================================================================================================
Total params: 46,147
Trainable params: 46,147
Non-trainable params: 0
Total mult-adds (Units.MEGABYTES): 0.09
=====================================================================================================================================================================
Input size (MB): 0.03
Forward/backward pass size (MB): 2.62
Params size (MB): 0.18
Estimated Total Size (MB): 2.84
=====================================================================================================================================================================
Total Trainable Parameters:  46147
Total Parameters:  46147
Epoch 0: 
BAS Score on Validation Data (Training Time 1.110968):  0.6384795011054524
Epoch 1: 
BAS Score on Validation Data (Training Time 1.106393):  0.6561496683642943
Epoch 2: 
BAS Score on Validation Data (Training Time 1.106811):  0.8547759467715376
Epoch 3: 
BAS Score on Validation Data (Training Time 1.107614):  0.8948268008566873
Epoch 4: 
BAS Score on Validation Data (Training Time 1.106905):  0.9129614706555892
Epoch 5: 
BAS Score on Validation Data (Training Time 1.107717):  0.9226943698367519
Epoch 6: 
BAS Score on Validation Data (Training Time 1.111698):  0.9294143154250397
Epoch 7: 
BAS Score on Validation Data (Training Time 1.108536):  0.9284037614475001
Epoch 8: 
BAS Score on Validation Data (Training Time 1.108717):  0.934888976107285
Epoch 9: 
BAS Score on Validation Data (Training Time 1.111052):  0.940577695180493
Epoch 10: 
BAS Score on Validation Data (Training Time 1.107554):  0.9399027112584636
Epoch 11: 
BAS Score on Validation Data (Training Time 1.107096):  0.944040529094083
Epoch 12: 
BAS Score on Validation Data (Training Time 1.113514):  0.947945215764132
Epoch 13: 
BAS Score on Validation Data (Training Time 1.108428):  0.9467087245073623
Epoch 14: 
BAS Score on Validation Data (Training Time 1.108441):  0.9508373287494577
Epoch 15: 
BAS Score on Validation Data (Training Time 1.114180):  0.9495481732299001
Epoch 16: 
BAS Score on Validation Data (Training Time 1.115200):  0.950798186901408
Epoch 17: 
BAS Score on Validation Data (Training Time 1.108206):  0.9541540608464638
Epoch 18: 
BAS Score on Validation Data (Training Time 1.109081):  0.9476332470748269
Epoch 19: 
BAS Score on Validation Data (Training Time 1.109154):  0.9558901936651737
Epoch 20: 
BAS Score on Validation Data (Training Time 1.107406):  0.9548538501204028
Epoch 21: 
BAS Score on Validation Data (Training Time 1.108804):  0.9570011955630026
Epoch 22: 
BAS Score on Validation Data (Training Time 1.108392):  0.9558832933527032
Epoch 23: 
BAS Score on Validation Data (Training Time 1.108061):  0.9562641999012769
Epoch 24: 
BAS Score on Validation Data (Training Time 1.107781):  0.958398430789878
Epoch 25: 
BAS Score on Validation Data (Training Time 1.109354):  0.957165432632843
Epoch 26: 
BAS Score on Validation Data (Training Time 1.108488):  0.956380969414432
Epoch 27: 
BAS Score on Validation Data (Training Time 1.111635):  0.9603179276600088
Epoch 28: 
BAS Score on Validation Data (Training Time 1.110815):  0.9596503799216488
Epoch 29: 
BAS Score on Validation Data (Training Time 1.108439):  0.9573954785594183
Epoch 30: 
BAS Score on Validation Data (Training Time 1.112809):  0.9596146152463865
Epoch 31: 
BAS Score on Validation Data (Training Time 1.113006):  0.9601955535800114
Epoch 32: 
BAS Score on Validation Data (Training Time 1.108354):  0.9551868254045012
Epoch 33: 
BAS Score on Validation Data (Training Time 1.109427):  0.9625240657199257
Epoch 34: 
BAS Score on Validation Data (Training Time 1.108357):  0.9612796265753113
Epoch 35: 
BAS Score on Validation Data (Training Time 1.109452):  0.9559956981975941
Epoch 36: 
BAS Score on Validation Data (Training Time 1.116016):  0.9612345023396284
Epoch 37: 
BAS Score on Validation Data (Training Time 1.108871):  0.9621019358961437
Epoch 38: 
BAS Score on Validation Data (Training Time 1.118224):  0.9637309206559624
Epoch 39: 
BAS Score on Validation Data (Training Time 1.116319):  0.9606159797974257
Epoch 40: 
BAS Score on Validation Data (Training Time 1.109373):  0.9641136467378514
Epoch 41: 
BAS Score on Validation Data (Training Time 1.109375):  0.9630560947843411
Epoch 42: 
BAS Score on Validation Data (Training Time 1.113970):  0.964343838631323
Epoch 43: 
BAS Score on Validation Data (Training Time 1.108428):  0.9609683439569482
Epoch 44: 
BAS Score on Validation Data (Training Time 1.108733):  0.9620717457477749
Epoch 45: 
BAS Score on Validation Data (Training Time 1.110464):  0.9642928479349543
Epoch 46: 
BAS Score on Validation Data (Training Time 1.111482):  0.9652432518295736
Epoch 47: 
BAS Score on Validation Data (Training Time 1.109389):  0.9648340047058953
Epoch 48: 
BAS Score on Validation Data (Training Time 1.110032):  0.964666214456423
Epoch 49: 
BAS Score on Validation Data (Training Time 1.109687):  0.9649415305855773
Epoch 50: 
BAS Score on Validation Data (Training Time 1.109315):  0.9660334355417742
Epoch 51: 
BAS Score on Validation Data (Training Time 1.108782):  0.9629786989731306
Epoch 52: 
BAS Score on Validation Data (Training Time 1.115617):  0.9644210584356888
Epoch 53: 
BAS Score on Validation Data (Training Time 1.109610):  0.9643439545582705
Epoch 54: 
BAS Score on Validation Data (Training Time 1.109475):  0.9650867866407332
Epoch 55: 
BAS Score on Validation Data (Training Time 1.115316):  0.9667631230302898
Epoch 56: 
BAS Score on Validation Data (Training Time 1.109242):  0.9654638222687812
Epoch 57: 
BAS Score on Validation Data (Training Time 1.110498):  0.9656203733446204
Epoch 58: 
BAS Score on Validation Data (Training Time 1.114004):  0.9646191247205286
Epoch 59: 
BAS Score on Validation Data (Training Time 1.109076):  0.9656203733446204
Epoch 60: 
BAS Score on Validation Data (Training Time 1.109014):  0.964901980876788
Epoch 61: 
BAS Score on Validation Data (Training Time 1.109208):  0.966583921833187
Epoch 62: 
BAS Score on Validation Data (Training Time 1.109663):  0.9666160474418186
Epoch 63: 
BAS Score on Validation Data (Training Time 1.108621):  0.9667122783008174
Epoch 64: 
BAS Score on Validation Data (Training Time 1.110646):  0.9662444704137169
Epoch 65: 
BAS Score on Validation Data (Training Time 1.108382):  0.9665707772392396
Epoch 66: 
BAS Score on Validation Data (Training Time 1.108711):  0.9669723684088657
Epoch 67: 
BAS Score on Validation Data (Training Time 1.116315):  0.9637347915764881
Epoch 68: 
BAS Score on Validation Data (Training Time 1.109465):  0.966813997799711
Epoch 69: 
BAS Score on Validation Data (Training Time 1.110453):  0.9664878069011356
Epoch 70: 
BAS Score on Validation Data (Training Time 1.116634):  0.9668329487744468
Epoch 71: 
BAS Score on Validation Data (Training Time 1.110086):  0.9670026744841818
Epoch 72: 
BAS Score on Validation Data (Training Time 1.109263):  0.9606689059540572
Epoch 73: 
BAS Score on Validation Data (Training Time 1.114961):  0.9669780889026552
Epoch 74: 
BAS Score on Validation Data (Training Time 1.109939):  0.9668290478139725
Epoch 75: 
BAS Score on Validation Data (Training Time 1.110206):  0.9671271299913381
Epoch 76: 
BAS Score on Validation Data (Training Time 1.110583):  0.9676003664384362
Epoch 77: 
BAS Score on Validation Data (Training Time 1.110122):  0.9584955932973037
Epoch 78: 
BAS Score on Validation Data (Training Time 1.111740):  0.9667956564996611
Epoch 79: 
BAS Score on Validation Data (Training Time 1.111205):  0.9673288353428088
Epoch 80: 
BAS Score on Validation Data (Training Time 1.109640):  0.9673852545991748
Epoch 81: 
BAS Score on Validation Data (Training Time 1.110191):  0.9668276361413968
Epoch 82: 
BAS Score on Validation Data (Training Time 1.115592):  0.9674795499979107
Epoch 83: 
BAS Score on Validation Data (Training Time 1.111043):  0.9671385709789173
Epoch 84: 
BAS Score on Validation Data (Training Time 1.110041):  0.9676569316616983
Epoch 85: 
BAS Score on Validation Data (Training Time 1.116339):  0.9666820881524486
Epoch 86: 
BAS Score on Validation Data (Training Time 1.110686):  0.9674307866955972
Epoch 87: 
BAS Score on Validation Data (Training Time 1.109191):  0.9660315859685102
Epoch 88: 
BAS Score on Validation Data (Training Time 1.112331):  0.9675891873447005
Epoch 89: 
BAS Score on Validation Data (Training Time 1.115920):  0.967723002412277
Epoch 90: 
BAS Score on Validation Data (Training Time 1.109392):  0.9661508748095126
Epoch 91: 
BAS Score on Validation Data (Training Time 1.109712):  0.9671894157083899
Epoch 92: 
BAS Score on Validation Data (Training Time 1.116976):  0.9677587670875393
Epoch 93: 
BAS Score on Validation Data (Training Time 1.110050):  0.968328118466689
Epoch 94: 
BAS Score on Validation Data (Training Time 1.108884):  0.9654436614354159
Epoch 95: 
BAS Score on Validation Data (Training Time 1.109479):  0.9677985786901723
Epoch 96: 
BAS Score on Validation Data (Training Time 1.110469):  0.9683696036357411
Epoch 97: 
BAS Score on Validation Data (Training Time 1.109214):  0.9681642592176396
Epoch 98: 
BAS Score on Validation Data (Training Time 1.116441):  0.9681528182300602
Epoch 99: 
BAS Score on Validation Data (Training Time 1.109635):  0.9675908609111197
Epoch 100: 
BAS Score on Validation Data (Training Time 1.111931):  0.9652250564964199
Epoch 101: 
BAS Score on Validation Data (Training Time 1.115162):  0.9621580511352054
Epoch 102: 
BAS Score on Validation Data (Training Time 1.109289):  0.9687109905154742
Epoch 103: 
BAS Score on Validation Data (Training Time 1.109877):  0.9667505322639783
Epoch 104: 
BAS Score on Validation Data (Training Time 1.113026):  0.9650813280407871
Epoch 105: 
BAS Score on Validation Data (Training Time 1.109461):  0.9659382822980983
Epoch 106: 
BAS Score on Validation Data (Training Time 1.110120):  0.9695689185446726
Epoch 107: 
BAS Score on Validation Data (Training Time 1.111222):  0.967027521959552
Epoch 108: 
BAS Score on Validation Data (Training Time 1.111177):  0.9695670990113573
Epoch 109: 
BAS Score on Validation Data (Training Time 1.109475):  0.9695764585717778
Epoch 110: 
BAS Score on Validation Data (Training Time 1.109571):  0.9694180579226744
Epoch 111: 
BAS Score on Validation Data (Training Time 1.109693):  0.9694916687003582
Epoch 112: 
BAS Score on Validation Data (Training Time 1.109699):  0.9686208880110044
Epoch 113: 
BAS Score on Validation Data (Training Time 1.115228):  0.9649684594881064
Epoch 114: 
BAS Score on Validation Data (Training Time 1.111355):  0.9626163534949895
Epoch 115: 
BAS Score on Validation Data (Training Time 1.110520):  0.9681076939943775
Epoch 116: 
BAS Score on Validation Data (Training Time 1.117459):  0.9685394452724236
Epoch 117: 
BAS Score on Validation Data (Training Time 1.111299):  0.9686996654548422
Epoch 118: 
BAS Score on Validation Data (Training Time 1.110739):  0.9642764721351161
Epoch 119: 
BAS Score on Validation Data (Training Time 1.113823):  0.9681192809488529
Epoch 120: 
BAS Score on Validation Data (Training Time 1.110541):  0.9677271953065435
Epoch 121: 
BAS Score on Validation Data (Training Time 1.111803):  0.9650684753806321
Epoch 122: 
BAS Score on Validation Data (Training Time 1.111119):  0.968277681597956
Epoch 123: 
BAS Score on Validation Data (Training Time 1.110374):  0.9669164729401866
Epoch 124: 
BAS Score on Validation Data (Training Time 1.110491):  0.9692976493428888
Epoch 125: 
BAS Score on Validation Data (Training Time 1.111991):  0.9675612546303353
Epoch 126: 
BAS Score on Validation Data (Training Time 1.110895):  0.9649480668008463
Epoch 127: 
BAS Score on Validation Data (Training Time 1.109914):  0.9681607661179049
Epoch 128: 
BAS Score on Validation Data (Training Time 1.115480):  0.9686639007795798
Epoch 129: 
BAS Score on Validation Data (Training Time 1.110996):  0.9692238925983089
Epoch 130: 
BAS Score on Validation Data (Training Time 1.116183):  0.9694916687003582
Epoch 131: 
BAS Score on Validation Data (Training Time 1.116280):  0.9666920015405047
Epoch 132: 
BAS Score on Validation Data (Training Time 1.116904):  0.9678177056717526
Epoch 133: 
BAS Score on Validation Data (Training Time 1.109744):  0.9715225365635951
Epoch 134: 
BAS Score on Validation Data (Training Time 1.114160):  0.9694313184435693
Epoch 135: 
BAS Score on Validation Data (Training Time 1.110297):  0.9675102639339667
Epoch 136: 
BAS Score on Validation Data (Training Time 1.110467):  0.9684471153738992
Epoch 137: 
BAS Score on Validation Data (Training Time 1.110400):  0.9692635582340458
Epoch 138: 
BAS Score on Validation Data (Training Time 1.110364):  0.9675212970608064
Epoch 139: 
BAS Score on Validation Data (Training Time 1.110280):  0.9684792409825307
Epoch 140: 
BAS Score on Validation Data (Training Time 1.110867):  0.9671730699485002
Epoch 141: 
BAS Score on Validation Data (Training Time 1.110766):  0.968655095046795
Epoch 142: 
BAS Score on Validation Data (Training Time 1.109715):  0.967957387200015
Epoch 143: 
BAS Score on Validation Data (Training Time 1.117064):  0.9682419169226937
Epoch 144: 
BAS Score on Validation Data (Training Time 1.110889):  0.966542960451822
Epoch 145: 
BAS Score on Validation Data (Training Time 1.109956):  0.969437330871151
Epoch 146: 
BAS Score on Validation Data (Training Time 1.115365):  0.9684436222741644
Epoch 147: 
BAS Score on Validation Data (Training Time 1.110940):  0.9692110399381538
Epoch 148: 
BAS Score on Validation Data (Training Time 1.110530):  0.9696652953705677
Epoch 149: 
BAS Score on Validation Data (Training Time 1.114347):  0.9657874216761001
High Quality
0.9692747580861569 0.9762858305017038 0.9839783001886221 0.9692747580861569 0.973579488186369
              precision    recall  f1-score   support

           0       0.99      1.00      0.99     34537
           1       0.98      1.00      0.99      6756
           2       0.97      0.91      0.94      3467

    accuracy                           0.99     44760
   macro avg       0.98      0.97      0.98     44760
weighted avg       0.99      0.99      0.99     44760

Low Quality
0.8777622833093958 0.7367907113773934 0.7067701637441619 0.8777622833093958 0.8140520942825089
              precision    recall  f1-score   support

           0       1.00      0.95      0.97      1960
           1       0.96      0.99      0.98       235
           2       0.16      0.69      0.26        26

    accuracy                           0.95      2221
   macro avg       0.71      0.88      0.74      2221
weighted avg       0.98      0.95      0.96      2221

Emb Dim: 64
Transformer-MHA-64
=====================================================================================================================================================================
Layer (type:depth-idx)                   Input Shape               Output Shape              Kernel Shape              Param #                   Mult-Adds
=====================================================================================================================================================================
TransfomerBlock                          [2, 64, 64]               [2, 3]                    --                        --                        --
├─MakePatches: 1-1                       [2, 64, 64]               [2, 256, 16]              --                        --                        --
│    └─Unfold: 2-1                       [2, 1, 64, 64]            [2, 16, 256]              [4, 4]                    --                        --
├─Linear: 1-2                            [2, 256, 16]              [2, 256, 64]              --                        1,088                     2,176
├─PositionalEncoding: 1-3                [2, 256, 64]              [2, 256, 64]              --                        --                        --
├─TransformerEncoderLayer: 1-4           [2, 256, 64]              [2, 256, 64]              --                        --                        --
│    └─MultiheadAttention: 2-2           [2, 256, 64]              [2, 256, 64]              --                        16,640                    --
│    └─Dropout: 2-3                      [2, 256, 64]              [2, 256, 64]              --                        --                        --
│    └─LayerNorm: 2-4                    [2, 256, 64]              [2, 256, 64]              --                        128                       256
│    └─Linear: 2-5                       [2, 256, 64]              [2, 256, 2048]            --                        133,120                   266,240
│    └─Dropout: 2-6                      [2, 256, 2048]            [2, 256, 2048]            --                        --                        --
│    └─Linear: 2-7                       [2, 256, 2048]            [2, 256, 64]              --                        131,136                   262,272
│    └─Dropout: 2-8                      [2, 256, 64]              [2, 256, 64]              --                        --                        --
│    └─LayerNorm: 2-9                    [2, 256, 64]              [2, 256, 64]              --                        128                       256
├─Sequential: 1-5                        [2, 64]                   [2, 3]                    --                        --                        --
│    └─Linear: 2-10                      [2, 64]                   [2, 64]                   --                        4,160                     8,320
│    └─ReLU: 2-11                        [2, 64]                   [2, 64]                   --                        --                        --
│    └─Linear: 2-12                      [2, 64]                   [2, 32]                   --                        2,080                     4,160
│    └─ReLU: 2-13                        [2, 32]                   [2, 32]                   --                        --                        --
│    └─Linear: 2-14                      [2, 32]                   [2, 3]                    --                        99                        198
=====================================================================================================================================================================
Total params: 288,579
Trainable params: 288,579
Non-trainable params: 0
Total mult-adds (Units.MEGABYTES): 0.54
=====================================================================================================================================================================
Input size (MB): 0.03
Forward/backward pass size (MB): 9.44
Params size (MB): 1.09
Estimated Total Size (MB): 10.56
=====================================================================================================================================================================
Total Trainable Parameters:  288579
Total Parameters:  288579
Epoch 0: 
BAS Score on Validation Data (Training Time 1.685809):  0.6580860648219505
Epoch 1: 
BAS Score on Validation Data (Training Time 1.685889):  0.8632419585007685
Epoch 2: 
BAS Score on Validation Data (Training Time 1.685703):  0.9225646634165204
Epoch 3: 
BAS Score on Validation Data (Training Time 1.687474):  0.9198147751166657
Epoch 4: 
BAS Score on Validation Data (Training Time 1.687800):  0.9388848249406898
Epoch 5: 
BAS Score on Validation Data (Training Time 1.687967):  0.9045909733368033
Epoch 6: 
BAS Score on Validation Data (Training Time 1.686837):  0.9370702425248076
Epoch 7: 
BAS Score on Validation Data (Training Time 1.693653):  0.9180147009709212
Epoch 8: 
BAS Score on Validation Data (Training Time 1.687319):  0.9442862147754288
Epoch 9: 
BAS Score on Validation Data (Training Time 1.694920):  0.9265238456285217
Epoch 10: 
BAS Score on Validation Data (Training Time 1.687458):  0.9490810830937678
Epoch 11: 
BAS Score on Validation Data (Training Time 1.688974):  0.9483995629564693
Epoch 12: 
BAS Score on Validation Data (Training Time 1.688338):  0.9332221390344574
Epoch 13: 
BAS Score on Validation Data (Training Time 1.687205):  0.9367715944362942
Epoch 14: 
BAS Score on Validation Data (Training Time 1.688479):  0.9469483977611263
Epoch 15: 
BAS Score on Validation Data (Training Time 1.688276):  0.9480264583288442
Epoch 16: 
BAS Score on Validation Data (Training Time 1.687351):  0.951356772920486
Epoch 17: 
BAS Score on Validation Data (Training Time 1.687821):  0.950558757247388
Epoch 18: 
BAS Score on Validation Data (Training Time 1.687474):  0.9384779449673749
Epoch 19: 
BAS Score on Validation Data (Training Time 1.687402):  0.9278167440581454
Epoch 20: 
BAS Score on Validation Data (Training Time 1.691387):  0.9527294225658348
Epoch 21: 
BAS Score on Validation Data (Training Time 1.690000):  0.9431283729520373
Epoch 22: 
BAS Score on Validation Data (Training Time 1.690135):  0.9516662781289943
Epoch 23: 
BAS Score on Validation Data (Training Time 1.688177):  0.9453811448907237
Epoch 24: 
BAS Score on Validation Data (Training Time 1.694201):  0.9589153677165712
Epoch 25: 
BAS Score on Validation Data (Training Time 1.688323):  0.9571102549151324
Epoch 26: 
BAS Score on Validation Data (Training Time 1.695303):  0.9545627479319191
Epoch 27: 
BAS Score on Validation Data (Training Time 1.689057):  0.9606233918140713
Epoch 28: 
BAS Score on Validation Data (Training Time 1.693081):  0.9579096522208573
Epoch 29: 
BAS Score on Validation Data (Training Time 1.689480):  0.9474755341367435
Epoch 30: 
BAS Score on Validation Data (Training Time 1.688106):  0.9602067205902353
Epoch 31: 
BAS Score on Validation Data (Training Time 1.708537):  0.9562682527015717
Epoch 32: 
BAS Score on Validation Data (Training Time 1.691344):  0.9608389415540209
Epoch 33: 
BAS Score on Validation Data (Training Time 1.703427):  0.9612762673589607
Epoch 34: 
BAS Score on Validation Data (Training Time 1.694388):  0.9453148360756626
Epoch 35: 
BAS Score on Validation Data (Training Time 1.687438):  0.9622002481823014
Epoch 36: 
BAS Score on Validation Data (Training Time 1.694802):  0.9627694836345034
Epoch 37: 
BAS Score on Validation Data (Training Time 1.689171):  0.9401223075881205
Epoch 38: 
BAS Score on Validation Data (Training Time 1.694109):  0.9594179364670982
Epoch 39: 
BAS Score on Validation Data (Training Time 1.691767):  0.9606993759527059
Epoch 40: 
BAS Score on Validation Data (Training Time 1.689107):  0.9617261839302117
Epoch 41: 
BAS Score on Validation Data (Training Time 1.689852):  0.9617583095388434
Epoch 42: 
BAS Score on Validation Data (Training Time 1.690408):  0.9637670631520159
Epoch 43: 
BAS Score on Validation Data (Training Time 1.691310):  0.9620171639811607
Epoch 44: 
BAS Score on Validation Data (Training Time 1.694752):  0.9630143477214453
Epoch 45: 
BAS Score on Validation Data (Training Time 1.691066):  0.9650136137637378
Epoch 46: 
BAS Score on Validation Data (Training Time 1.693582):  0.9495055500279648
Epoch 47: 
BAS Score on Validation Data (Training Time 1.700584):  0.9609466134005992
Epoch 48: 
BAS Score on Validation Data (Training Time 1.689908):  0.9622450984406287
Epoch 49: 
BAS Score on Validation Data (Training Time 1.693180):  0.9604268410452425
Epoch 50: 
BAS Score on Validation Data (Training Time 1.689678):  0.9546024014841437
Epoch 51: 
BAS Score on Validation Data (Training Time 1.689930):  0.9444191958274266
Epoch 52: 
BAS Score on Validation Data (Training Time 1.689419):  0.9643478555187447
Epoch 53: 
BAS Score on Validation Data (Training Time 1.690792):  0.9662861315896135
Epoch 54: 
BAS Score on Validation Data (Training Time 1.690355):  0.9638162522715055
Epoch 55: 
BAS Score on Validation Data (Training Time 1.694757):  0.965464899884104
Epoch 56: 
BAS Score on Validation Data (Training Time 1.690236):  0.9654450731079917
Epoch 57: 
BAS Score on Validation Data (Training Time 1.697617):  0.9575742656851941
Epoch 58: 
BAS Score on Validation Data (Training Time 1.689138):  0.958513082625338
Epoch 59: 
BAS Score on Validation Data (Training Time 1.694460):  0.9635818374438189
Epoch 60: 
BAS Score on Validation Data (Training Time 1.690190):  0.9617246442471766
Epoch 61: 
BAS Score on Validation Data (Training Time 1.689954):  0.9639003123084446
Epoch 62: 
BAS Score on Validation Data (Training Time 1.689574):  0.9663620856882997
Epoch 63: 
BAS Score on Validation Data (Training Time 1.690192):  0.9658206670235154
Epoch 64: 
BAS Score on Validation Data (Training Time 1.688289):  0.9674760568981761
Epoch 65: 
BAS Score on Validation Data (Training Time 1.696501):  0.9624603262068375
Epoch 66: 
BAS Score on Validation Data (Training Time 1.689589):  0.9640035473233494
Epoch 67: 
BAS Score on Validation Data (Training Time 1.699071):  0.9629015830122002
Epoch 68: 
BAS Score on Validation Data (Training Time 1.689376):  0.9573320668929953
Epoch 69: 
BAS Score on Validation Data (Training Time 1.694414):  0.9678776480678021
Epoch 70: 
BAS Score on Validation Data (Training Time 1.690323):  0.9601857799482638
Epoch 71: 
BAS Score on Validation Data (Training Time 1.690219):  0.9685949207968508
Epoch 72: 
BAS Score on Validation Data (Training Time 1.690906):  0.9573421082915111
Epoch 73: 
BAS Score on Validation Data (Training Time 1.689956):  0.9668952945713959
Epoch 74: 
BAS Score on Validation Data (Training Time 1.689869):  0.9660990563081526
Epoch 75: 
BAS Score on Validation Data (Training Time 1.690393):  0.9662313858996668
Epoch 76: 
BAS Score on Validation Data (Training Time 1.695361):  0.9658832446743594
Epoch 77: 
BAS Score on Validation Data (Training Time 1.698050):  0.9608855512657662
Epoch 78: 
BAS Score on Validation Data (Training Time 1.695114):  0.9649165129762869
Epoch 79: 
BAS Score on Validation Data (Training Time 1.692652):  0.9632767870234206
Epoch 80: 
BAS Score on Validation Data (Training Time 1.693980):  0.9626761378406309
Epoch 81: 
BAS Score on Validation Data (Training Time 1.690305):  0.9686875125892188
Epoch 82: 
BAS Score on Validation Data (Training Time 1.689795):  0.9678955093437028
Epoch 83: 
BAS Score on Validation Data (Training Time 1.689547):  0.9657286169752709
Epoch 84: 
BAS Score on Validation Data (Training Time 1.691558):  0.9670816279348643
Epoch 85: 
BAS Score on Validation Data (Training Time 1.690315):  0.9651799502171737
Epoch 86: 
BAS Score on Validation Data (Training Time 1.699158):  0.9580704141473997
Epoch 87: 
BAS Score on Validation Data (Training Time 1.690374):  0.9670843791166064
Epoch 88: 
BAS Score on Validation Data (Training Time 1.697315):  0.9667679856791396
Epoch 89: 
BAS Score on Validation Data (Training Time 1.690485):  0.9615335341218573
Epoch 90: 
BAS Score on Validation Data (Training Time 1.697304):  0.9667036064514168
Epoch 91: 
BAS Score on Validation Data (Training Time 1.692837):  0.9622711995381663
Epoch 92: 
BAS Score on Validation Data (Training Time 1.690276):  0.9603075701606768
Epoch 93: 
BAS Score on Validation Data (Training Time 1.690935):  0.9689985933936356
Epoch 94: 
BAS Score on Validation Data (Training Time 1.691398):  0.9637724975849378
Epoch 95: 
BAS Score on Validation Data (Training Time 1.710279):  0.9631045419858383
Epoch 96: 
BAS Score on Validation Data (Training Time 1.706229):  0.9662259031326964
Epoch 97: 
BAS Score on Validation Data (Training Time 1.701756):  0.9688621430712644
Epoch 98: 
BAS Score on Validation Data (Training Time 1.696426):  0.9683933313723276
Epoch 99: 
BAS Score on Validation Data (Training Time 1.689620):  0.9682387157567512
Epoch 100: 
BAS Score on Validation Data (Training Time 1.694787):  0.9658980507512137
Epoch 101: 
BAS Score on Validation Data (Training Time 1.690871):  0.9648600636799722
Epoch 102: 
BAS Score on Validation Data (Training Time 1.694335):  0.9645467554815004
Epoch 103: 
BAS Score on Validation Data (Training Time 1.689447):  0.9515310572617665
Epoch 104: 
BAS Score on Validation Data (Training Time 1.691375):  0.9686093310964777
Epoch 105: 
BAS Score on Validation Data (Training Time 1.690972):  0.9683737844464955
Epoch 106: 
BAS Score on Validation Data (Training Time 1.689592):  0.9597317684532571
Epoch 107: 
BAS Score on Validation Data (Training Time 1.696837):  0.9674763367484562
Epoch 108: 
BAS Score on Validation Data (Training Time 1.690823):  0.9700339030866219
Epoch 109: 
BAS Score on Validation Data (Training Time 1.696169):  0.9675337477331464
Epoch 110: 
BAS Score on Validation Data (Training Time 1.691199):  0.9694177839453189
Epoch 111: 
BAS Score on Validation Data (Training Time 1.694611):  0.9700502788864602
Epoch 112: 
BAS Score on Validation Data (Training Time 1.690572):  0.96770150794267
Epoch 113: 
BAS Score on Validation Data (Training Time 1.690933):  0.9643612678794601
Epoch 114: 
BAS Score on Validation Data (Training Time 1.691986):  0.9661135884076515
Epoch 115: 
BAS Score on Validation Data (Training Time 1.703219):  0.9703631671406803
Epoch 116: 
BAS Score on Validation Data (Training Time 1.711027):  0.9623277647614285
Epoch 117: 
BAS Score on Validation Data (Training Time 1.716433):  0.9682357764846524
Epoch 118: 
BAS Score on Validation Data (Training Time 1.698363):  0.9683113948860083
Epoch 119: 
BAS Score on Validation Data (Training Time 1.696507):  0.9710027642082384
Epoch 120: 
BAS Score on Validation Data (Training Time 1.690056):  0.9663722789266359
Epoch 121: 
BAS Score on Validation Data (Training Time 1.694650):  0.9618814872568079
Epoch 122: 
BAS Score on Validation Data (Training Time 1.690148):  0.9695527187516789
Epoch 123: 
BAS Score on Validation Data (Training Time 1.690956):  0.9669319788115729
Epoch 124: 
BAS Score on Validation Data (Training Time 1.690204):  0.9681207226613773
Epoch 125: 
BAS Score on Validation Data (Training Time 1.689070):  0.964490500148467
Epoch 126: 
BAS Score on Validation Data (Training Time 1.691436):  0.9700812547163599
Epoch 127: 
BAS Score on Validation Data (Training Time 1.696649):  0.9643759400729305
Epoch 128: 
BAS Score on Validation Data (Training Time 1.712147):  0.9690169046537368
Epoch 129: 
BAS Score on Validation Data (Training Time 1.732702):  0.9647265088661617
Epoch 130: 
BAS Score on Validation Data (Training Time 1.691948):  0.9692059033119486
Epoch 131: 
BAS Score on Validation Data (Training Time 1.697465):  0.9663321753902111
Epoch 132: 
BAS Score on Validation Data (Training Time 1.690998):  0.96873393257053
Epoch 133: 
BAS Score on Validation Data (Training Time 1.692167):  0.9665548272565775
Epoch 134: 
BAS Score on Validation Data (Training Time 1.690376):  0.9687641965223857
Epoch 135: 
BAS Score on Validation Data (Training Time 1.698818):  0.9703100649772042
Epoch 136: 
BAS Score on Validation Data (Training Time 1.690873):  0.9667677596981692
Epoch 137: 
BAS Score on Validation Data (Training Time 1.691533):  0.9685605557106521
Epoch 138: 
BAS Score on Validation Data (Training Time 1.697051):  0.9616313105368159
Epoch 139: 
BAS Score on Validation Data (Training Time 1.693166):  0.9617440331226006
Epoch 140: 
BAS Score on Validation Data (Training Time 1.697464):  0.9691744654143367
Epoch 141: 
BAS Score on Validation Data (Training Time 1.698261):  0.9683796509071813
Epoch 142: 
BAS Score on Validation Data (Training Time 1.694799):  0.9673739354114673
Epoch 143: 
BAS Score on Validation Data (Training Time 1.689983):  0.9696835945471567
Epoch 144: 
BAS Score on Validation Data (Training Time 1.691481):  0.9642183851852552
Epoch 145: 
BAS Score on Validation Data (Training Time 1.691134):  0.9702727727024185
Epoch 146: 
BAS Score on Validation Data (Training Time 1.692232):  0.9661592485145336
Epoch 147: 
BAS Score on Validation Data (Training Time 1.692472):  0.9681881508775589
Epoch 148: 
BAS Score on Validation Data (Training Time 1.697987):  0.9691929046848974
Epoch 149: 
BAS Score on Validation Data (Training Time 1.693090):  0.9703998755478814
High Quality
0.906228234917466 0.8752834862150017 0.8714086755725955 0.906228234917466 0.8803113491657641
              precision    recall  f1-score   support

           0       1.00      0.99      0.99     34537
           1       0.98      0.78      0.87      6756
           2       0.64      0.95      0.76      3467

    accuracy                           0.95     44760
   macro avg       0.87      0.91      0.88     44760
weighted avg       0.97      0.95      0.96     44760

Low Quality
0.8580755870269549 0.6586191336753134 0.6800868854875937 0.8580755870269549 0.6608917532558319
              precision    recall  f1-score   support

           0       1.00      0.91      0.95      1960
           1       0.95      0.78      0.86       235
           2       0.09      0.88      0.17        26

    accuracy                           0.89      2221
   macro avg       0.68      0.86      0.66      2221
weighted avg       0.98      0.89      0.93      2221

Emb Dim: 128
Transformer-MHA-128
=====================================================================================================================================================================
Layer (type:depth-idx)                   Input Shape               Output Shape              Kernel Shape              Param #                   Mult-Adds
=====================================================================================================================================================================
TransfomerBlock                          [2, 64, 64]               [2, 3]                    --                        --                        --
├─MakePatches: 1-1                       [2, 64, 64]               [2, 256, 16]              --                        --                        --
│    └─Unfold: 2-1                       [2, 1, 64, 64]            [2, 16, 256]              [4, 4]                    --                        --
├─Linear: 1-2                            [2, 256, 16]              [2, 256, 128]             --                        2,176                     4,352
├─PositionalEncoding: 1-3                [2, 256, 128]             [2, 256, 128]             --                        --                        --
├─TransformerEncoderLayer: 1-4           [2, 256, 128]             [2, 256, 128]             --                        --                        --
│    └─MultiheadAttention: 2-2           [2, 256, 128]             [2, 256, 128]             --                        66,048                    --
│    └─Dropout: 2-3                      [2, 256, 128]             [2, 256, 128]             --                        --                        --
│    └─LayerNorm: 2-4                    [2, 256, 128]             [2, 256, 128]             --                        256                       512
│    └─Linear: 2-5                       [2, 256, 128]             [2, 256, 2048]            --                        264,192                   528,384
│    └─Dropout: 2-6                      [2, 256, 2048]            [2, 256, 2048]            --                        --                        --
│    └─Linear: 2-7                       [2, 256, 2048]            [2, 256, 128]             --                        262,272                   524,544
│    └─Dropout: 2-8                      [2, 256, 128]             [2, 256, 128]             --                        --                        --
│    └─LayerNorm: 2-9                    [2, 256, 128]             [2, 256, 128]             --                        256                       512
├─Sequential: 1-5                        [2, 128]                  [2, 3]                    --                        --                        --
│    └─Linear: 2-10                      [2, 128]                  [2, 64]                   --                        8,256                     16,512
│    └─ReLU: 2-11                        [2, 64]                   [2, 64]                   --                        --                        --
│    └─Linear: 2-12                      [2, 64]                   [2, 32]                   --                        2,080                     4,160
│    └─ReLU: 2-13                        [2, 32]                   [2, 32]                   --                        --                        --
│    └─Linear: 2-14                      [2, 32]                   [2, 3]                    --                        99                        198
=====================================================================================================================================================================
Total params: 605,635
Trainable params: 605,635
Non-trainable params: 0
Total mult-adds (Units.MEGABYTES): 1.08
=====================================================================================================================================================================
Input size (MB): 0.03
Forward/backward pass size (MB): 10.49
Params size (MB): 2.16
Estimated Total Size (MB): 12.68
=====================================================================================================================================================================
Total Trainable Parameters:  605635
Total Parameters:  605635
Epoch 0: 
BAS Score on Validation Data (Training Time 1.928419):  0.6234079774930884
Epoch 1: 
BAS Score on Validation Data (Training Time 1.922293):  0.8893980138411193
Epoch 2: 
BAS Score on Validation Data (Training Time 1.928393):  0.9325563990835638
Epoch 3: 
BAS Score on Validation Data (Training Time 1.921022):  0.9387485085017028
Epoch 4: 
BAS Score on Validation Data (Training Time 1.920942):  0.9311273419276979
Epoch 5: 
BAS Score on Validation Data (Training Time 1.921061):  0.9495596142174794
Epoch 6: 
BAS Score on Validation Data (Training Time 1.920870):  0.9449587832130465
Epoch 7: 
BAS Score on Validation Data (Training Time 1.922662):  0.9282296423319667
Epoch 8: 
BAS Score on Validation Data (Training Time 1.924780):  0.9523802158087166
Epoch 9: 
BAS Score on Validation Data (Training Time 1.928967):  0.9537252188005679
Epoch 10: 
BAS Score on Validation Data (Training Time 1.921223):  0.95224222580331
Epoch 11: 
BAS Score on Validation Data (Training Time 1.920297):  0.959290973715607
Epoch 12: 
BAS Score on Validation Data (Training Time 1.922830):  0.9566299284251295
Epoch 13: 
BAS Score on Validation Data (Training Time 1.922497):  0.9592330268597177
Epoch 14: 
BAS Score on Validation Data (Training Time 1.929638):  0.9557210518230229
Epoch 15: 
BAS Score on Validation Data (Training Time 1.921503):  0.955698577708604
Epoch 16: 
BAS Score on Validation Data (Training Time 1.922416):  0.9563307265089804
Epoch 17: 
BAS Score on Validation Data (Training Time 1.928199):  0.9541779466334585
Epoch 18: 
BAS Score on Validation Data (Training Time 1.922128):  0.9570431065492309
Epoch 19: 
BAS Score on Validation Data (Training Time 1.928624):  0.9572523519278066
Epoch 20: 
BAS Score on Validation Data (Training Time 1.921355):  0.9588641272098711
Epoch 21: 
BAS Score on Validation Data (Training Time 1.925821):  0.9605344390883338
Epoch 22: 
BAS Score on Validation Data (Training Time 1.922992):  0.957946566674852
Epoch 23: 
BAS Score on Validation Data (Training Time 1.921010):  0.9596755372872477
Epoch 24: 
BAS Score on Validation Data (Training Time 1.922420):  0.9614064554434186
Epoch 25: 
BAS Score on Validation Data (Training Time 1.921976):  0.9612421883336296
Epoch 26: 
BAS Score on Validation Data (Training Time 1.930616):  0.9459542871763245
Epoch 27: 
BAS Score on Validation Data (Training Time 1.922883):  0.9608564250091307
Epoch 28: 
BAS Score on Validation Data (Training Time 1.937487):  0.9650234112248466
Epoch 29: 
BAS Score on Validation Data (Training Time 1.922748):  0.9563776281545179
Epoch 30: 
BAS Score on Validation Data (Training Time 1.926279):  0.9638738213066039
Epoch 31: 
BAS Score on Validation Data (Training Time 1.922666):  0.9595236970204377
Epoch 32: 
BAS Score on Validation Data (Training Time 1.921736):  0.9639615684065589
Epoch 33: 
BAS Score on Validation Data (Training Time 1.923482):  0.9601019938886804
Epoch 34: 
BAS Score on Validation Data (Training Time 1.924682):  0.9643748445011711
Epoch 35: 
BAS Score on Validation Data (Training Time 1.928163):  0.9544256837020146
Epoch 36: 
BAS Score on Validation Data (Training Time 1.924371):  0.9632065354620876
Epoch 37: 
BAS Score on Validation Data (Training Time 1.929703):  0.9625634694618189
Epoch 38: 
BAS Score on Validation Data (Training Time 1.930987):  0.9592944726882661
Epoch 39: 
BAS Score on Validation Data (Training Time 1.926618):  0.9644872193061134
Epoch 40: 
BAS Score on Validation Data (Training Time 1.931129):  0.9667947127677223
Epoch 41: 
BAS Score on Validation Data (Training Time 1.923062):  0.9597012004840972
Epoch 42: 
BAS Score on Validation Data (Training Time 1.923746):  0.9534925072415863
Epoch 43: 
BAS Score on Validation Data (Training Time 1.932497):  0.9661557975382595
Epoch 44: 
BAS Score on Validation Data (Training Time 1.930847):  0.958709213449915
Epoch 45: 
BAS Score on Validation Data (Training Time 1.929372):  0.9633601773057765
Epoch 46: 
BAS Score on Validation Data (Training Time 1.929955):  0.9640521208952286
Epoch 47: 
BAS Score on Validation Data (Training Time 1.922738):  0.9643023534622709
Epoch 48: 
BAS Score on Validation Data (Training Time 1.928439):  0.964475822082072
Epoch 49: 
BAS Score on Validation Data (Training Time 1.924148):  0.96556365007095
Epoch 50: 
BAS Score on Validation Data (Training Time 1.926827):  0.9684132002719007
Epoch 51: 
BAS Score on Validation Data (Training Time 1.924038):  0.9623477675443853
Epoch 52: 
BAS Score on Validation Data (Training Time 1.923899):  0.9666100529706733
Epoch 53: 
BAS Score on Validation Data (Training Time 1.930405):  0.9639480038683598
Epoch 54: 
BAS Score on Validation Data (Training Time 1.924802):  0.9667082493298836
Epoch 55: 
BAS Score on Validation Data (Training Time 1.930377):  0.9659861877554717
Epoch 56: 
BAS Score on Validation Data (Training Time 1.926014):  0.9679782177879636
Epoch 57: 
BAS Score on Validation Data (Training Time 1.925376):  0.9596936588169148
Epoch 58: 
BAS Score on Validation Data (Training Time 1.923774):  0.9680149441516012
Epoch 59: 
BAS Score on Validation Data (Training Time 1.923954):  0.9637329161961224
Epoch 60: 
BAS Score on Validation Data (Training Time 1.931453):  0.9667487728105603
Epoch 61: 
BAS Score on Validation Data (Training Time 1.923034):  0.9648581102632728
Epoch 62: 
BAS Score on Validation Data (Training Time 1.930003):  0.9669887020852433
Epoch 63: 
BAS Score on Validation Data (Training Time 1.924400):  0.9672978774693458
Epoch 64: 
BAS Score on Validation Data (Training Time 1.930453):  0.9653547087096787
Epoch 65: 
BAS Score on Validation Data (Training Time 1.926667):  0.9646500025799173
Epoch 66: 
BAS Score on Validation Data (Training Time 1.923645):  0.9653471987225221
Epoch 67: 
BAS Score on Validation Data (Training Time 1.923138):  0.9645341029952142
Epoch 68: 
BAS Score on Validation Data (Training Time 1.923517):  0.9668253966638297
Epoch 69: 
BAS Score on Validation Data (Training Time 1.923529):  0.9462408728567236
Epoch 70: 
BAS Score on Validation Data (Training Time 1.923388):  0.9486038581591189
Epoch 71: 
BAS Score on Validation Data (Training Time 1.930154):  0.9641647834011161
Epoch 72: 
BAS Score on Validation Data (Training Time 1.923897):  0.9669822697134096
Epoch 73: 
BAS Score on Validation Data (Training Time 1.930949):  0.9658516728933634
Epoch 74: 
BAS Score on Validation Data (Training Time 1.927482):  0.9656588333545747
Epoch 75: 
BAS Score on Validation Data (Training Time 1.925198):  0.9636349817307558
Epoch 76: 
BAS Score on Validation Data (Training Time 1.982121):  0.9670064595177087
Epoch 77: 
BAS Score on Validation Data (Training Time 1.924001):  0.9691917849461138
Epoch 78: 
BAS Score on Validation Data (Training Time 1.924683):  0.9577175967235219
Epoch 79: 
BAS Score on Validation Data (Training Time 1.923293):  0.9656458948074208
Epoch 80: 
BAS Score on Validation Data (Training Time 1.929365):  0.9668601875672046
Epoch 81: 
BAS Score on Validation Data (Training Time 1.925097):  0.966832284892788
Epoch 82: 
BAS Score on Validation Data (Training Time 1.930705):  0.9664446782056128
Epoch 83: 
BAS Score on Validation Data (Training Time 1.928152):  0.9524372731396399
Epoch 84: 
BAS Score on Validation Data (Training Time 1.931189):  0.9635294213512852
Epoch 85: 
BAS Score on Validation Data (Training Time 1.924113):  0.9647208380088347
Epoch 86: 
BAS Score on Validation Data (Training Time 1.924528):  0.9592469734515546
Epoch 87: 
BAS Score on Validation Data (Training Time 1.927944):  0.9678189893338689
Epoch 88: 
BAS Score on Validation Data (Training Time 1.924315):  0.956559942990487
Epoch 89: 
BAS Score on Validation Data (Training Time 1.929798):  0.9682848016808094
Epoch 90: 
BAS Score on Validation Data (Training Time 1.924091):  0.9682345408189215
Epoch 91: 
BAS Score on Validation Data (Training Time 1.928926):  0.959656074608337
Epoch 92: 
BAS Score on Validation Data (Training Time 1.927832):  0.9646768335119354
Epoch 93: 
BAS Score on Validation Data (Training Time 1.923322):  0.9495581630142125
Epoch 94: 
BAS Score on Validation Data (Training Time 1.923917):  0.9696078723023653
Epoch 95: 
BAS Score on Validation Data (Training Time 1.923386):  0.9678325238321192
Epoch 96: 
BAS Score on Validation Data (Training Time 1.925276):  0.9652227732553147
Epoch 97: 
BAS Score on Validation Data (Training Time 1.923502):  0.9663390877861936
Epoch 98: 
BAS Score on Validation Data (Training Time 1.929967):  0.958430384624512
Epoch 99: 
BAS Score on Validation Data (Training Time 1.924601):  0.9611363059804182
Epoch 100: 
BAS Score on Validation Data (Training Time 1.931968):  0.9671546306779395
Epoch 101: 
BAS Score on Validation Data (Training Time 1.928507):  0.9635561183999193
Epoch 102: 
BAS Score on Validation Data (Training Time 1.923183):  0.965449563808975
Epoch 103: 
BAS Score on Validation Data (Training Time 1.923105):  0.9685996975587017
Epoch 104: 
BAS Score on Validation Data (Training Time 1.923437):  0.9678057588529229
Epoch 105: 
BAS Score on Validation Data (Training Time 1.924703):  0.9665049984224532
Epoch 106: 
BAS Score on Validation Data (Training Time 1.927743):  0.9681579728127021
Epoch 107: 
BAS Score on Validation Data (Training Time 1.930097):  0.9672641641812937
Epoch 108: 
BAS Score on Validation Data (Training Time 1.932723):  0.9698165638533055
Epoch 109: 
BAS Score on Validation Data (Training Time 1.928489):  0.9695246400704178
Epoch 110: 
BAS Score on Validation Data (Training Time 1.932657):  0.9666908818017212
Epoch 111: 
BAS Score on Validation Data (Training Time 1.924005):  0.9617255879791154
Epoch 112: 
BAS Score on Validation Data (Training Time 1.923853):  0.9646065081471155
Epoch 113: 
BAS Score on Validation Data (Training Time 1.925700):  0.966965412249345
Epoch 114: 
BAS Score on Validation Data (Training Time 1.933533):  0.9651963681404726
Epoch 115: 
BAS Score on Validation Data (Training Time 1.924421):  0.9669025485376332
Epoch 116: 
BAS Score on Validation Data (Training Time 1.930524):  0.967472447871494
Epoch 117: 
BAS Score on Validation Data (Training Time 1.927823):  0.9631375117158204
Epoch 118: 
BAS Score on Validation Data (Training Time 1.926837):  0.9635586334949195
Epoch 119: 
BAS Score on Validation Data (Training Time 1.929196):  0.9676243002218161
Epoch 120: 
BAS Score on Validation Data (Training Time 1.926596):  0.9668273742475532
Epoch 121: 
BAS Score on Validation Data (Training Time 1.924303):  0.9692211293330547
Epoch 122: 
BAS Score on Validation Data (Training Time 1.923623):  0.9681981922760746
Epoch 123: 
BAS Score on Validation Data (Training Time 1.924372):  0.9640936060642806
Epoch 124: 
BAS Score on Validation Data (Training Time 1.924884):  0.9647483328225116
Epoch 125: 
BAS Score on Validation Data (Training Time 1.936745):  0.9626741723404194
Epoch 126: 
BAS Score on Validation Data (Training Time 1.929164):  0.9617830832107268
Epoch 127: 
BAS Score on Validation Data (Training Time 1.925774):  0.9687074853322274
Epoch 128: 
BAS Score on Validation Data (Training Time 1.928194):  0.9570669786126361
Epoch 129: 
BAS Score on Validation Data (Training Time 1.924465):  0.9663978203236135
Epoch 130: 
BAS Score on Validation Data (Training Time 1.924480):  0.9684108448673862
Epoch 131: 
BAS Score on Validation Data (Training Time 1.923756):  0.9572122647077407
Epoch 132: 
BAS Score on Validation Data (Training Time 1.924465):  0.9643862596816488
Epoch 133: 
BAS Score on Validation Data (Training Time 1.923389):  0.966474960113905
Epoch 134: 
BAS Score on Validation Data (Training Time 1.929446):  0.960788606888646
Epoch 135: 
BAS Score on Validation Data (Training Time 1.928818):  0.9561966658639193
Epoch 136: 
BAS Score on Validation Data (Training Time 1.930732):  0.9679514048123817
Epoch 137: 
BAS Score on Validation Data (Training Time 1.928197):  0.9552076860323983
Epoch 138: 
BAS Score on Validation Data (Training Time 1.924362):  0.9397262380287706
Epoch 139: 
BAS Score on Validation Data (Training Time 1.924728):  0.9594712988843405
Epoch 140: 
BAS Score on Validation Data (Training Time 1.923239):  0.9407143120189665
Epoch 141: 
BAS Score on Validation Data (Training Time 1.924750):  0.9682156878146966
Epoch 142: 
BAS Score on Validation Data (Training Time 1.923491):  0.9669124860927135
Epoch 143: 
BAS Score on Validation Data (Training Time 1.928903):  0.9594373716988299
Epoch 144: 
BAS Score on Validation Data (Training Time 1.930166):  0.9619822013037881
Epoch 145: 
BAS Score on Validation Data (Training Time 1.926751):  0.9614230673299989
Epoch 146: 
BAS Score on Validation Data (Training Time 1.928734):  0.9664007955085855
Epoch 147: 
BAS Score on Validation Data (Training Time 1.924115):  0.9637090604490764
Epoch 148: 
BAS Score on Validation Data (Training Time 1.924494):  0.9586624956618873
Epoch 149: 
BAS Score on Validation Data (Training Time 1.924330):  0.9655922146492849
High Quality
0.9095504896422434 0.7907063401158769 0.7735739055951578 0.9095504896422434 0.7245656432338247
              precision    recall  f1-score   support

           0       1.00      0.82      0.90     34537
           1       0.98      0.95      0.97      6756
           2       0.34      0.95      0.50      3467

    accuracy                           0.85     44760
   macro avg       0.77      0.91      0.79     44760
weighted avg       0.94      0.85      0.88     44760

Low Quality
0.8102171637885923 0.5994387689907026 0.6605249205947115 0.8102171637885923 0.4724355223958949
              precision    recall  f1-score   support

           0       1.00      0.62      0.77      1960
           1       0.96      1.00      0.98       235
           2       0.03      0.81      0.05        26

    accuracy                           0.67      2221
   macro avg       0.66      0.81      0.60      2221
weighted avg       0.98      0.67      0.78      2221


High Quality Post 2020
                          mean       std       sem  count
Model                                                    
Transformer-FNET-128  0.962864  0.030080  0.010027      9
Transformer-FNET-64   0.972620  0.004179  0.001393      9
Transformer-MHA-128   0.743040  0.051594  0.017198      9
Transformer-MHA-64    0.849786  0.061704  0.020568      9
                          mean       std       sem  count
Model                                                    
Transformer-FNET-128  0.968108  0.006292  0.002097      9
Transformer-FNET-64   0.968982  0.002978  0.000993      9
Transformer-MHA-128   0.864304  0.036234  0.012078      9
Transformer-MHA-64    0.905178  0.025442  0.008481      9
                          mean       std       sem  count
Model                                                    
Transformer-FNET-128  0.957209  0.037775  0.012592      9
Transformer-FNET-64   0.969412  0.004924  0.001641      9
Transformer-MHA-128   0.667540  0.082106  0.027369      9
Transformer-MHA-64    0.830216  0.097893  0.032631      9

Low Quality Post 2020
                          mean       std       sem  count
Model                                                    
Transformer-FNET-128  0.741674  0.047848  0.015949      9
Transformer-FNET-64   0.738437  0.030335  0.010112      9
Transformer-MHA-128   0.595417  0.033546  0.011182      9
Transformer-MHA-64    0.676884  0.064992  0.021664      9
                          mean       std       sem  count
Model                                                    
Transformer-FNET-128  0.906118  0.030931  0.010310      9
Transformer-FNET-64   0.912735  0.016113  0.005371      9
Transformer-MHA-128   0.812318  0.044500  0.014833      9
Transformer-MHA-64    0.872408  0.055811  0.018604      9
                          mean       std       sem  count
Model                                                    
Transformer-FNET-128  0.795493  0.084088  0.028029      9
Transformer-FNET-64   0.796103  0.057464  0.019155      9
Transformer-MHA-128   0.480209  0.057770  0.019257      9
Transformer-MHA-64    0.663822  0.145648  0.048549      9
Saving Results
************Fold: 9
Data Shape Before Sampling:  (107163, 64, 64) (107163,)
Subtype/Host: 0 ,count:  72321 ,index count: (array([False,  True]), array([34842, 72321])) ,downsampling:  (16000, 64, 64) (16000,)
Subtype/Host: 1 ,count:  22411 ,index count: (array([False,  True]), array([84752, 22411])) ,downsampling:  (16000, 64, 64) (16000,)
Subtype/Host: 2 ,count:  12431 ,index count: (array([False,  True]), array([94732, 12431])) ,keep:  (12431, 64, 64) (12431,)
Emb Dim: 64
Transformer-FNET-64
=====================================================================================================================================================================
Layer (type:depth-idx)                   Input Shape               Output Shape              Kernel Shape              Param #                   Mult-Adds
=====================================================================================================================================================================
TransfomerBlock                          [2, 64, 64]               [2, 3]                    --                        --                        --
├─MakePatches: 1-1                       [2, 64, 64]               [2, 256, 16]              --                        --                        --
│    └─Unfold: 2-1                       [2, 1, 64, 64]            [2, 16, 256]              [4, 4]                    --                        --
├─Linear: 1-2                            [2, 256, 16]              [2, 256, 64]              --                        1,088                     2,176
├─PositionalEncoding: 1-3                [2, 256, 64]              [2, 256, 64]              --                        --                        --
├─FNET: 1-4                              [2, 256, 64]              [2, 256, 64]              --                        --                        --
│    └─LayerNorm: 2-2                    [2, 256, 64]              [2, 256, 64]              --                        128                       256
│    └─Sequential: 2-3                   [2, 256, 64]              [2, 256, 64]              --                        --                        --
│    │    └─Linear: 3-1                  [2, 256, 64]              [2, 256, 64]              --                        4,160                     8,320
│    │    └─ReLU: 3-2                    [2, 256, 64]              [2, 256, 64]              --                        --                        --
│    │    └─Dropout: 3-3                 [2, 256, 64]              [2, 256, 64]              --                        --                        --
│    │    └─Linear: 3-4                  [2, 256, 64]              [2, 256, 64]              --                        4,160                     8,320
│    └─LayerNorm: 2-4                    [2, 256, 64]              [2, 256, 64]              --                        128                       256
├─Sequential: 1-5                        [2, 64]                   [2, 3]                    --                        --                        --
│    └─Linear: 2-5                       [2, 64]                   [2, 64]                   --                        4,160                     8,320
│    └─ReLU: 2-6                         [2, 64]                   [2, 64]                   --                        --                        --
│    └─Linear: 2-7                       [2, 64]                   [2, 32]                   --                        2,080                     4,160
│    └─ReLU: 2-8                         [2, 32]                   [2, 32]                   --                        --                        --
│    └─Linear: 2-9                       [2, 32]                   [2, 3]                    --                        99                        198
=====================================================================================================================================================================
Total params: 16,003
Trainable params: 16,003
Non-trainable params: 0
Total mult-adds (Units.MEGABYTES): 0.03
=====================================================================================================================================================================
Input size (MB): 0.03
Forward/backward pass size (MB): 1.31
Params size (MB): 0.06
Estimated Total Size (MB): 1.41
=====================================================================================================================================================================
Total Trainable Parameters:  16003
Total Parameters:  16003
Epoch 0: 
BAS Score on Validation Data (Training Time 0.967541):  0.47289435496099586
Epoch 1: 
BAS Score on Validation Data (Training Time 0.972565):  0.6539028908967534
Epoch 2: 
BAS Score on Validation Data (Training Time 0.969238):  0.6551674307948357
Epoch 3: 
BAS Score on Validation Data (Training Time 0.969500):  0.8410544667844597
Epoch 4: 
BAS Score on Validation Data (Training Time 0.972299):  0.9047867028488912
Epoch 5: 
BAS Score on Validation Data (Training Time 0.966219):  0.9161398169699613
Epoch 6: 
BAS Score on Validation Data (Training Time 0.972206):  0.918597701472854
Epoch 7: 
BAS Score on Validation Data (Training Time 0.971838):  0.9266887390670188
Epoch 8: 
BAS Score on Validation Data (Training Time 0.967564):  0.9311380155278463
Epoch 9: 
BAS Score on Validation Data (Training Time 0.969878):  0.9355430135144186
Epoch 10: 
BAS Score on Validation Data (Training Time 0.970326):  0.9356761167039513
Epoch 11: 
BAS Score on Validation Data (Training Time 0.968588):  0.9397490994547232
Epoch 12: 
BAS Score on Validation Data (Training Time 0.966704):  0.9405297776396074
Epoch 13: 
BAS Score on Validation Data (Training Time 0.967562):  0.9419124866399086
Epoch 14: 
BAS Score on Validation Data (Training Time 0.966668):  0.9454464541267957
Epoch 15: 
BAS Score on Validation Data (Training Time 0.967277):  0.9452864958382207
Epoch 16: 
BAS Score on Validation Data (Training Time 0.967520):  0.9469999785356668
Epoch 17: 
BAS Score on Validation Data (Training Time 0.967744):  0.9482314190532302
Epoch 18: 
BAS Score on Validation Data (Training Time 0.966713):  0.9481023627910679
Epoch 19: 
BAS Score on Validation Data (Training Time 0.973485):  0.9500813520730474
Epoch 20: 
BAS Score on Validation Data (Training Time 0.967612):  0.9506617365790367
Epoch 21: 
BAS Score on Validation Data (Training Time 0.970986):  0.9495403412690028
Epoch 22: 
BAS Score on Validation Data (Training Time 0.976434):  0.9514217301428687
Epoch 23: 
BAS Score on Validation Data (Training Time 0.974504):  0.9499568665259428
Epoch 24: 
BAS Score on Validation Data (Training Time 0.968147):  0.9533338329527904
Epoch 25: 
BAS Score on Validation Data (Training Time 0.968248):  0.9533905441429487
Epoch 26: 
BAS Score on Validation Data (Training Time 0.967821):  0.9533413729798954
Epoch 27: 
BAS Score on Validation Data (Training Time 0.967523):  0.9545514591218233
Epoch 28: 
BAS Score on Validation Data (Training Time 0.969308):  0.955254887462393
Epoch 29: 
BAS Score on Validation Data (Training Time 0.969017):  0.9556130279627554
Epoch 30: 
BAS Score on Validation Data (Training Time 0.973017):  0.9537789907186273
Epoch 31: 
BAS Score on Validation Data (Training Time 0.968054):  0.9560241246596978
Epoch 32: 
BAS Score on Validation Data (Training Time 0.972058):  0.9559449093151718
Epoch 33: 
BAS Score on Validation Data (Training Time 0.972224):  0.9546765843835626
Epoch 34: 
BAS Score on Validation Data (Training Time 0.966350):  0.9555813102148635
Epoch 35: 
BAS Score on Validation Data (Training Time 0.972259):  0.9556343823383909
Epoch 36: 
BAS Score on Validation Data (Training Time 0.968136):  0.9544528127784125
Epoch 37: 
BAS Score on Validation Data (Training Time 0.968643):  0.9568575830343172
Epoch 38: 
BAS Score on Validation Data (Training Time 0.972574):  0.9570937873553707
Epoch 39: 
BAS Score on Validation Data (Training Time 0.974484):  0.95642791318343
Epoch 40: 
BAS Score on Validation Data (Training Time 0.968514):  0.958609349734873
Epoch 41: 
BAS Score on Validation Data (Training Time 0.981797):  0.9581286891876172
Epoch 42: 
BAS Score on Validation Data (Training Time 0.978891):  0.9580059072468803
Epoch 43: 
BAS Score on Validation Data (Training Time 0.969743):  0.9573069336944208
Epoch 44: 
BAS Score on Validation Data (Training Time 0.975807):  0.9586864536122913
Epoch 45: 
BAS Score on Validation Data (Training Time 0.968863):  0.9586262493223985
Epoch 46: 
BAS Score on Validation Data (Training Time 0.974976):  0.959614353352543
Epoch 47: 
BAS Score on Validation Data (Training Time 0.975390):  0.958996530604872
Epoch 48: 
BAS Score on Validation Data (Training Time 0.969434):  0.9560270218083361
Epoch 49: 
BAS Score on Validation Data (Training Time 0.973959):  0.9585185774758201
Epoch 50: 
BAS Score on Validation Data (Training Time 0.974080):  0.959556230489809
Epoch 51: 
BAS Score on Validation Data (Training Time 0.971407):  0.9603349732144304
Epoch 52: 
BAS Score on Validation Data (Training Time 0.969672):  0.9596368575069105
Epoch 53: 
BAS Score on Validation Data (Training Time 0.975325):  0.9610249950672092
Epoch 54: 
BAS Score on Validation Data (Training Time 0.969993):  0.9608853135389467
Epoch 55: 
BAS Score on Validation Data (Training Time 0.969595):  0.960251710942534
Epoch 56: 
BAS Score on Validation Data (Training Time 0.970092):  0.9607949491406337
Epoch 57: 
BAS Score on Validation Data (Training Time 0.973683):  0.9611307314535246
Epoch 58: 
BAS Score on Validation Data (Training Time 0.976694):  0.9612570064939963
Epoch 59: 
BAS Score on Validation Data (Training Time 0.970683):  0.9612454195395207
Epoch 60: 
BAS Score on Validation Data (Training Time 0.975848):  0.9611382714806297
Epoch 61: 
BAS Score on Validation Data (Training Time 0.973993):  0.9614866445598319
Epoch 62: 
BAS Score on Validation Data (Training Time 0.970422):  0.9588649429313505
Epoch 63: 
BAS Score on Validation Data (Training Time 0.975462):  0.960115698520851
Epoch 64: 
BAS Score on Validation Data (Training Time 0.970465):  0.9613135717172584
Epoch 65: 
BAS Score on Validation Data (Training Time 0.972823):  0.9617775945708322
Epoch 66: 
BAS Score on Validation Data (Training Time 0.976229):  0.9623935977851876
Epoch 67: 
BAS Score on Validation Data (Training Time 0.976564):  0.9615549427044656
Epoch 68: 
BAS Score on Validation Data (Training Time 0.970894):  0.9614715645056218
Epoch 69: 
BAS Score on Validation Data (Training Time 0.981140):  0.9609642369496806
Epoch 70: 
BAS Score on Validation Data (Training Time 0.970232):  0.9621546001589314
Epoch 71: 
BAS Score on Validation Data (Training Time 0.970901):  0.9618957757565628
Epoch 72: 
BAS Score on Validation Data (Training Time 0.969377):  0.9622451105241406
Epoch 73: 
BAS Score on Validation Data (Training Time 0.977309):  0.9603012899663268
Epoch 74: 
BAS Score on Validation Data (Training Time 0.970324):  0.961712935492829
Epoch 75: 
BAS Score on Validation Data (Training Time 0.970160):  0.9630521938238669
Epoch 76: 
BAS Score on Validation Data (Training Time 0.981074):  0.9629143318289198
Epoch 77: 
BAS Score on Validation Data (Training Time 0.975465):  0.9618203454455637
Epoch 78: 
BAS Score on Validation Data (Training Time 0.973228):  0.9619864320886681
Epoch 79: 
BAS Score on Validation Data (Training Time 0.975118):  0.961861976581512
Epoch 80: 
BAS Score on Validation Data (Training Time 0.974489):  0.9639101218530653
Epoch 81: 
BAS Score on Validation Data (Training Time 0.970341):  0.9634198398515457
Epoch 82: 
BAS Score on Validation Data (Training Time 0.977795):  0.9622276571089795
Epoch 83: 
BAS Score on Validation Data (Training Time 0.970917):  0.963627265696806
Epoch 84: 
BAS Score on Validation Data (Training Time 0.975034):  0.9627671102735524
Epoch 85: 
BAS Score on Validation Data (Training Time 0.974865):  0.9633648022278066
Epoch 86: 
BAS Score on Validation Data (Training Time 0.984231):  0.9628179550030248
Epoch 87: 
BAS Score on Validation Data (Training Time 0.994407):  0.9637950259063296
Epoch 88: 
BAS Score on Validation Data (Training Time 0.985683):  0.963921154979905
Epoch 89: 
BAS Score on Validation Data (Training Time 0.975070):  0.963927021440591
Epoch 90: 
BAS Score on Validation Data (Training Time 0.973818):  0.9641514928402728
Epoch 91: 
BAS Score on Validation Data (Training Time 1.008218):  0.9627707493401831
Epoch 92: 
BAS Score on Validation Data (Training Time 0.969917):  0.9637873399123285
Epoch 93: 
BAS Score on Validation Data (Training Time 0.975059):  0.9636307587965406
Epoch 94: 
BAS Score on Validation Data (Training Time 0.975670):  0.9623898427916094
Epoch 95: 
BAS Score on Validation Data (Training Time 0.969533):  0.9640964552165338
Epoch 96: 
BAS Score on Validation Data (Training Time 0.971332):  0.9640549700474818
Epoch 97: 
BAS Score on Validation Data (Training Time 0.972381):  0.9640270373331165
Epoch 98: 
BAS Score on Validation Data (Training Time 0.975232):  0.9638400041751164
Epoch 99: 
BAS Score on Validation Data (Training Time 0.970600):  0.9631573763825463
Epoch 100: 
BAS Score on Validation Data (Training Time 0.976423):  0.9638042394998539
Epoch 101: 
BAS Score on Validation Data (Training Time 0.975200):  0.9643945373938992
Epoch 102: 
BAS Score on Validation Data (Training Time 0.972607):  0.9623134086687744
Epoch 103: 
BAS Score on Validation Data (Training Time 0.971114):  0.9626839939685521
Epoch 104: 
BAS Score on Validation Data (Training Time 0.982584):  0.9641379403855858
Epoch 105: 
BAS Score on Validation Data (Training Time 0.978536):  0.9640514769477471
Epoch 106: 
BAS Score on Validation Data (Training Time 0.976148):  0.9642403296390626
Epoch 107: 
BAS Score on Validation Data (Training Time 0.968672):  0.9643420190980075
Epoch 108: 
BAS Score on Validation Data (Training Time 0.975987):  0.9642928479349543
Epoch 109: 
BAS Score on Validation Data (Training Time 0.973513):  0.9640417095265871
Epoch 110: 
BAS Score on Validation Data (Training Time 0.974770):  0.9645266788950567
Epoch 111: 
BAS Score on Validation Data (Training Time 0.970764):  0.9636909630864335
Epoch 112: 
BAS Score on Validation Data (Training Time 0.971868):  0.964288801007584
Epoch 113: 
BAS Score on Validation Data (Training Time 0.974267):  0.9646283683540017
Epoch 114: 
BAS Score on Validation Data (Training Time 0.969645):  0.9633628667675439
Epoch 115: 
BAS Score on Validation Data (Training Time 0.969719):  0.9648620533472078
Epoch 116: 
BAS Score on Validation Data (Training Time 0.973435):  0.9643291664378525
Epoch 117: 
BAS Score on Validation Data (Training Time 0.971733):  0.964734104740317
Epoch 118: 
BAS Score on Validation Data (Training Time 0.970233):  0.9643097475224799
Epoch 119: 
BAS Score on Validation Data (Training Time 0.981844):  0.9646604939626333
Epoch 120: 
BAS Score on Validation Data (Training Time 0.972279):  0.9647867690031049
Epoch 121: 
BAS Score on Validation Data (Training Time 0.971370):  0.9644740146322688
Epoch 122: 
BAS Score on Validation Data (Training Time 0.967638):  0.9644383959239025
Epoch 123: 
BAS Score on Validation Data (Training Time 0.981904):  0.9649018649498405
Epoch 124: 
BAS Score on Validation Data (Training Time 0.976637):  0.9648662462414742
Epoch 125: 
BAS Score on Validation Data (Training Time 0.974612):  0.9641461802072228
Epoch 126: 
BAS Score on Validation Data (Training Time 0.975323):  0.965312815679887
Epoch 127: 
BAS Score on Validation Data (Training Time 0.977155):  0.9642045649638002
Epoch 128: 
BAS Score on Validation Data (Training Time 0.971408):  0.9642706357143789
Epoch 129: 
BAS Score on Validation Data (Training Time 0.976751):  0.9642647692536931
Epoch 130: 
BAS Score on Validation Data (Training Time 0.971158):  0.9652203398144663
Epoch 131: 
BAS Score on Validation Data (Training Time 0.975638):  0.9659675107580918
Epoch 132: 
BAS Score on Validation Data (Training Time 0.970672):  0.964210431424486
Epoch 133: 
BAS Score on Validation Data (Training Time 0.975509):  0.9636701625384337
Epoch 134: 
BAS Score on Validation Data (Training Time 0.972274):  0.9651414164037325
Epoch 135: 
BAS Score on Validation Data (Training Time 0.976575):  0.9644330832908525
Epoch 136: 
BAS Score on Validation Data (Training Time 0.970243):  0.9652355658355725
Epoch 137: 
BAS Score on Validation Data (Training Time 0.981448):  0.9656733295412004
Epoch 138: 
BAS Score on Validation Data (Training Time 0.972047):  0.9645754421973702
Epoch 139: 
BAS Score on Validation Data (Training Time 0.976198):  0.9659539583034048
Epoch 140: 
BAS Score on Validation Data (Training Time 0.976344):  0.9644330832908525
Epoch 141: 
BAS Score on Validation Data (Training Time 0.984221):  0.9648550671477385
Epoch 142: 
BAS Score on Validation Data (Training Time 0.975600):  0.9657842325936697
Epoch 143: 
BAS Score on Validation Data (Training Time 0.975670):  0.963869044544753
Epoch 144: 
BAS Score on Validation Data (Training Time 0.976201):  0.9656358912995188
Epoch 145: 
BAS Score on Validation Data (Training Time 0.975098):  0.9633722263279644
Epoch 146: 
BAS Score on Validation Data (Training Time 0.975827):  0.9652827714984142
Epoch 147: 
BAS Score on Validation Data (Training Time 0.975804):  0.965262232844258
Epoch 148: 
BAS Score on Validation Data (Training Time 0.976058):  0.9645289062891117
Epoch 149: 
BAS Score on Validation Data (Training Time 0.968858):  0.9654378250146789
High Quality
0.9690510041262973 0.9711499547938857 0.9734185317286498 0.9690510041262973 0.9674201114820801
              precision    recall  f1-score   support

           0       0.99      0.99      0.99     34537
           1       0.98      1.00      0.99      6756
           2       0.94      0.92      0.93      3467

    accuracy                           0.99     44760
   macro avg       0.97      0.97      0.97     44760
weighted avg       0.99      0.99      0.99     44760

Low Quality
0.9022092142912812 0.7558062547451551 0.722119889073011 0.9022092142912812 0.837627486228024
              precision    recall  f1-score   support

           0       1.00      0.96      0.98      1960
           1       0.97      0.98      0.97       235
           2       0.20      0.77      0.31        26

    accuracy                           0.96      2221
   macro avg       0.72      0.90      0.76      2221
weighted avg       0.99      0.96      0.97      2221

Emb Dim: 128
Transformer-FNET-128
=====================================================================================================================================================================
Layer (type:depth-idx)                   Input Shape               Output Shape              Kernel Shape              Param #                   Mult-Adds
=====================================================================================================================================================================
TransfomerBlock                          [2, 64, 64]               [2, 3]                    --                        --                        --
├─MakePatches: 1-1                       [2, 64, 64]               [2, 256, 16]              --                        --                        --
│    └─Unfold: 2-1                       [2, 1, 64, 64]            [2, 16, 256]              [4, 4]                    --                        --
├─Linear: 1-2                            [2, 256, 16]              [2, 256, 128]             --                        2,176                     4,352
├─PositionalEncoding: 1-3                [2, 256, 128]             [2, 256, 128]             --                        --                        --
├─FNET: 1-4                              [2, 256, 128]             [2, 256, 128]             --                        --                        --
│    └─LayerNorm: 2-2                    [2, 256, 128]             [2, 256, 128]             --                        256                       512
│    └─Sequential: 2-3                   [2, 256, 128]             [2, 256, 128]             --                        --                        --
│    │    └─Linear: 3-1                  [2, 256, 128]             [2, 256, 128]             --                        16,512                    33,024
│    │    └─ReLU: 3-2                    [2, 256, 128]             [2, 256, 128]             --                        --                        --
│    │    └─Dropout: 3-3                 [2, 256, 128]             [2, 256, 128]             --                        --                        --
│    │    └─Linear: 3-4                  [2, 256, 128]             [2, 256, 128]             --                        16,512                    33,024
│    └─LayerNorm: 2-4                    [2, 256, 128]             [2, 256, 128]             --                        256                       512
├─Sequential: 1-5                        [2, 128]                  [2, 3]                    --                        --                        --
│    └─Linear: 2-5                       [2, 128]                  [2, 64]                   --                        8,256                     16,512
│    └─ReLU: 2-6                         [2, 64]                   [2, 64]                   --                        --                        --
│    └─Linear: 2-7                       [2, 64]                   [2, 32]                   --                        2,080                     4,160
│    └─ReLU: 2-8                         [2, 32]                   [2, 32]                   --                        --                        --
│    └─Linear: 2-9                       [2, 32]                   [2, 3]                    --                        99                        198
=====================================================================================================================================================================
Total params: 46,147
Trainable params: 46,147
Non-trainable params: 0
Total mult-adds (Units.MEGABYTES): 0.09
=====================================================================================================================================================================
Input size (MB): 0.03
Forward/backward pass size (MB): 2.62
Params size (MB): 0.18
Estimated Total Size (MB): 2.84
=====================================================================================================================================================================
Total Trainable Parameters:  46147
Total Parameters:  46147
Epoch 0: 
BAS Score on Validation Data (Training Time 1.110916):  0.6504517778210227
Epoch 1: 
BAS Score on Validation Data (Training Time 1.108567):  0.6517524902551072
Epoch 2: 
BAS Score on Validation Data (Training Time 1.106599):  0.7683390459773625
Epoch 3: 
BAS Score on Validation Data (Training Time 1.114711):  0.8927677445958292
Epoch 4: 
BAS Score on Validation Data (Training Time 1.108492):  0.911103833685334
Epoch 5: 
BAS Score on Validation Data (Training Time 1.107842):  0.9231361804697502
Epoch 6: 
BAS Score on Validation Data (Training Time 1.114584):  0.928887307059882
Epoch 7: 
BAS Score on Validation Data (Training Time 1.108836):  0.9329232894696605
Epoch 8: 
BAS Score on Validation Data (Training Time 1.107569):  0.9372077329095512
Epoch 9: 
BAS Score on Validation Data (Training Time 1.109238):  0.9401663245061949
Epoch 10: 
BAS Score on Validation Data (Training Time 1.108346):  0.9403184629173849
Epoch 11: 
BAS Score on Validation Data (Training Time 1.107729):  0.9441912437491852
Epoch 12: 
BAS Score on Validation Data (Training Time 1.107911):  0.9450159264309685
Epoch 13: 
BAS Score on Validation Data (Training Time 1.108343):  0.9472966490404566
Epoch 14: 
BAS Score on Validation Data (Training Time 1.107849):  0.9488063449592733
Epoch 15: 
BAS Score on Validation Data (Training Time 1.107282):  0.9503393607539367
Epoch 16: 
BAS Score on Validation Data (Training Time 1.107658):  0.9517649665958657
Epoch 17: 
BAS Score on Validation Data (Training Time 1.107847):  0.9515299858570311
Epoch 18: 
BAS Score on Validation Data (Training Time 1.108110):  0.9517473672138084
Epoch 19: 
BAS Score on Validation Data (Training Time 1.108025):  0.954797023003297
Epoch 20: 
BAS Score on Validation Data (Training Time 1.108898):  0.9544799598112471
Epoch 21: 
BAS Score on Validation Data (Training Time 1.108432):  0.9526143207461745
Epoch 22: 
BAS Score on Validation Data (Training Time 1.112367):  0.9567675105697964
Epoch 23: 
BAS Score on Validation Data (Training Time 1.106459):  0.9534763678661529
Epoch 24: 
BAS Score on Validation Data (Training Time 1.106131):  0.9572107028354218
Epoch 25: 
BAS Score on Validation Data (Training Time 1.110348):  0.9571690716994737
Epoch 26: 
BAS Score on Validation Data (Training Time 1.107546):  0.9577155411034646
Epoch 27: 
BAS Score on Validation Data (Training Time 1.107856):  0.9575501242149435
Epoch 28: 
BAS Score on Validation Data (Training Time 1.108705):  0.9599632802593808
Epoch 29: 
BAS Score on Validation Data (Training Time 1.108708):  0.9594545710708126
Epoch 30: 
BAS Score on Validation Data (Training Time 1.107741):  0.9606044228828988
Epoch 31: 
BAS Score on Validation Data (Training Time 1.108850):  0.9601292209355892
Epoch 32: 
BAS Score on Validation Data (Training Time 1.108675):  0.9610381396611564
Epoch 33: 
BAS Score on Validation Data (Training Time 1.108200):  0.9611776752225228
Epoch 34: 
BAS Score on Validation Data (Training Time 1.109810):  0.9600858003062743
Epoch 35: 
BAS Score on Validation Data (Training Time 1.108645):  0.9597434096147053
Epoch 36: 
BAS Score on Validation Data (Training Time 1.108852):  0.9613283898776248
Epoch 37: 
BAS Score on Validation Data (Training Time 1.115077):  0.9615528612773067
Epoch 38: 
BAS Score on Validation Data (Training Time 1.108694):  0.9595386611477004
Epoch 39: 
BAS Score on Validation Data (Training Time 1.108603):  0.9610688535972124
Epoch 40: 
BAS Score on Validation Data (Training Time 1.117023):  0.9618562560877223
Epoch 41: 
BAS Score on Validation Data (Training Time 1.109195):  0.9623901046854529
Epoch 42: 
BAS Score on Validation Data (Training Time 1.108602):  0.9624240498274
Epoch 43: 
BAS Score on Validation Data (Training Time 1.113694):  0.962331458035032
Epoch 44: 
BAS Score on Validation Data (Training Time 1.109679):  0.962372943204084
Epoch 45: 
BAS Score on Validation Data (Training Time 1.109958):  0.9625824504765031
Epoch 46: 
BAS Score on Validation Data (Training Time 1.109424):  0.9625012996717145
Epoch 47: 
BAS Score on Validation Data (Training Time 1.108438):  0.9601259897296982
Epoch 48: 
BAS Score on Validation Data (Training Time 1.111282):  0.9625936295702391
Epoch 49: 
BAS Score on Validation Data (Training Time 1.109887):  0.9624145443000834
Epoch 50: 
BAS Score on Validation Data (Training Time 1.109253):  0.9627764698339728
Epoch 51: 
BAS Score on Validation Data (Training Time 1.109179):  0.962976355652128
Epoch 52: 
BAS Score on Validation Data (Training Time 1.114197):  0.9622789096991915
Epoch 53: 
BAS Score on Validation Data (Training Time 1.111154):  0.9620919366210886
Epoch 54: 
BAS Score on Validation Data (Training Time 1.110307):  0.9606483973398495
Epoch 55: 
BAS Score on Validation Data (Training Time 1.109214):  0.9618206073394074
Epoch 56: 
BAS Score on Validation Data (Training Time 1.117045):  0.9631461972888106
Epoch 57: 
BAS Score on Validation Data (Training Time 1.109548):  0.9642227602969541
Epoch 58: 
BAS Score on Validation Data (Training Time 1.109025):  0.9644888327926352
Epoch 59: 
BAS Score on Validation Data (Training Time 1.113218):  0.9630129360488696
Epoch 60: 
BAS Score on Validation Data (Training Time 1.109236):  0.964554903543214
Epoch 61: 
BAS Score on Validation Data (Training Time 1.109253):  0.9630087431546032
Epoch 62: 
BAS Score on Validation Data (Training Time 1.109669):  0.9594842811950325
Epoch 63: 
BAS Score on Validation Data (Training Time 1.109373):  0.9649978339149959
Epoch 64: 
BAS Score on Validation Data (Training Time 1.112748):  0.962577691671089
Epoch 65: 
BAS Score on Validation Data (Training Time 1.110820):  0.9585340232673093
Epoch 66: 
BAS Score on Validation Data (Training Time 1.120697):  0.9646979322043149
Epoch 67: 
BAS Score on Validation Data (Training Time 1.118472):  0.9639781280639069
Epoch 68: 
BAS Score on Validation Data (Training Time 1.118172):  0.9643981764605299
Epoch 69: 
BAS Score on Validation Data (Training Time 1.109891):  0.9634032021578637
Epoch 70: 
BAS Score on Validation Data (Training Time 1.110081):  0.9629659922798716
Epoch 71: 
BAS Score on Validation Data (Training Time 1.123972):  0.9639028437198038
Epoch 72: 
BAS Score on Validation Data (Training Time 1.109925):  0.965337517188361
Epoch 73: 
BAS Score on Validation Data (Training Time 1.116511):  0.9655352056524098
Epoch 74: 
BAS Score on Validation Data (Training Time 1.133810):  0.9641254955861704
Epoch 75: 
BAS Score on Validation Data (Training Time 1.120287):  0.9652410244355186
Epoch 76: 
BAS Score on Validation Data (Training Time 1.119205):  0.9645006816409544
Epoch 77: 
BAS Score on Validation Data (Training Time 1.126430):  0.9653393667616251
Epoch 78: 
BAS Score on Validation Data (Training Time 1.119888):  0.9654055534391511
Epoch 79: 
BAS Score on Validation Data (Training Time 1.114935):  0.9653679692305733
Epoch 80: 
BAS Score on Validation Data (Training Time 1.113994):  0.9662668586411369
Epoch 81: 
BAS Score on Validation Data (Training Time 1.111816):  0.9658539424108792
Epoch 82: 
BAS Score on Validation Data (Training Time 1.116473):  0.9656372729321459
Epoch 83: 
BAS Score on Validation Data (Training Time 1.120452):  0.9663802509815048
Epoch 84: 
BAS Score on Validation Data (Training Time 1.112670):  0.9661632036819805
Epoch 85: 
BAS Score on Validation Data (Training Time 1.109956):  0.9661067543856658
Epoch 86: 
BAS Score on Validation Data (Training Time 1.115785):  0.9643540139132227
Epoch 87: 
BAS Score on Validation Data (Training Time 1.110143):  0.9662159838717158
Epoch 88: 
BAS Score on Validation Data (Training Time 1.110221):  0.9665459297638694
Epoch 89: 
BAS Score on Validation Data (Training Time 1.114549):  0.9660261574085127
Epoch 90: 
BAS Score on Validation Data (Training Time 1.109828):  0.9663802509815048
Epoch 91: 
BAS Score on Validation Data (Training Time 1.109416):  0.9646326771752157
Epoch 92: 
BAS Score on Validation Data (Training Time 1.110774):  0.9672134775022294
Epoch 93: 
BAS Score on Validation Data (Training Time 1.109233):  0.9662348489594527
Epoch 94: 
BAS Score on Validation Data (Training Time 1.110096):  0.9671117880432845
Epoch 95: 
BAS Score on Validation Data (Training Time 1.115179):  0.9664066560963468
Epoch 96: 
BAS Score on Validation Data (Training Time 1.109544):  0.9669782348695515
Epoch 97: 
BAS Score on Validation Data (Training Time 1.110162):  0.9666421606228685
Epoch 98: 
BAS Score on Validation Data (Training Time 1.113414):  0.9649512980067373
Epoch 99: 
BAS Score on Validation Data (Training Time 1.113395):  0.9666083614478174
Epoch 100: 
BAS Score on Validation Data (Training Time 1.110400):  0.967063024740971
Epoch 101: 
BAS Score on Validation Data (Training Time 1.111979):  0.9674304088748062
Epoch 102: 
BAS Score on Validation Data (Training Time 1.115823):  0.9660355169689332
Epoch 103: 
BAS Score on Validation Data (Training Time 1.113114):  0.9674118056809128
Epoch 104: 
BAS Score on Validation Data (Training Time 1.109789):  0.9671757473267556
Epoch 105: 
BAS Score on Validation Data (Training Time 1.114119):  0.9676510952409613
Epoch 106: 
BAS Score on Validation Data (Training Time 1.110363):  0.9668572724621298
Epoch 107: 
BAS Score on Validation Data (Training Time 1.109575):  0.967867880646642
Epoch 108: 
BAS Score on Validation Data (Training Time 1.110936):  0.9655320903734662
Epoch 109: 
BAS Score on Validation Data (Training Time 1.109955):  0.9661733789638802
Epoch 110: 
BAS Score on Validation Data (Training Time 1.111299):  0.9664087375235058
Epoch 111: 
BAS Score on Validation Data (Training Time 1.111146):  0.9668441278681826
Epoch 112: 
BAS Score on Validation Data (Training Time 1.109034):  0.9653194978620521
Epoch 113: 
BAS Score on Validation Data (Training Time 1.110239):  0.9658395321112523
Epoch 114: 
BAS Score on Validation Data (Training Time 1.117179):  0.9674720099708057
Epoch 115: 
BAS Score on Validation Data (Training Time 1.111674):  0.9681885829053227
Epoch 116: 
BAS Score on Validation Data (Training Time 1.111038):  0.9676795817829621
Epoch 117: 
BAS Score on Validation Data (Training Time 1.116736):  0.967671895788961
Epoch 118: 
BAS Score on Validation Data (Training Time 1.112158):  0.9661621998701445
Epoch 119: 
BAS Score on Validation Data (Training Time 1.110268):  0.9681885829053227
Epoch 120: 
BAS Score on Validation Data (Training Time 1.114583):  0.9662282706207231
Epoch 121: 
BAS Score on Validation Data (Training Time 1.111647):  0.9661884590180904
Epoch 122: 
BAS Score on Validation Data (Training Time 1.109879):  0.9643954990822747
Epoch 123: 
BAS Score on Validation Data (Training Time 1.109992):  0.9650798004412638
Epoch 124: 
BAS Score on Validation Data (Training Time 1.110101):  0.9681076939943775
Epoch 125: 
BAS Score on Validation Data (Training Time 1.110056):  0.9686489666922657
Epoch 126: 
BAS Score on Validation Data (Training Time 1.111775):  0.9687354301301045
Epoch 127: 
BAS Score on Validation Data (Training Time 1.112529):  0.9677418675000139
Epoch 128: 
BAS Score on Validation Data (Training Time 1.110420):  0.9680979265732175
Epoch 129: 
BAS Score on Validation Data (Training Time 1.116374):  0.9684035487776881
Epoch 130: 
BAS Score on Validation Data (Training Time 1.111176):  0.9681961229324277
Epoch 131: 
BAS Score on Validation Data (Training Time 1.111322):  0.9683035328851624
Epoch 132: 
BAS Score on Validation Data (Training Time 1.117988):  0.9681529641969564
Epoch 133: 
BAS Score on Validation Data (Training Time 1.111292):  0.9686864049339473
Epoch 134: 
BAS Score on Validation Data (Training Time 1.118905):  0.9663883448362456
Epoch 135: 
BAS Score on Validation Data (Training Time 1.118318):  0.9681940415052689
Epoch 136: 
BAS Score on Validation Data (Training Time 1.110406):  0.968328118466689
Epoch 137: 
BAS Score on Validation Data (Training Time 1.109482):  0.9684789790886871
Epoch 138: 
BAS Score on Validation Data (Training Time 1.110919):  0.9689543270028927
Epoch 139: 
BAS Score on Validation Data (Training Time 1.110763):  0.9682001698597982
Epoch 140: 
BAS Score on Validation Data (Training Time 1.110267):  0.9682924997583227
Epoch 141: 
BAS Score on Validation Data (Training Time 1.112084):  0.968594075035423
Epoch 142: 
BAS Score on Validation Data (Training Time 1.110326):  0.9690903694645244
Epoch 143: 
BAS Score on Validation Data (Training Time 1.110530):  0.9693878978142543
Epoch 144: 
BAS Score on Validation Data (Training Time 1.110742):  0.9685525898663708
Epoch 145: 
BAS Score on Validation Data (Training Time 1.115595):  0.9677663071146445
Epoch 146: 
BAS Score on Validation Data (Training Time 1.110855):  0.9693807656478889
Epoch 147: 
BAS Score on Validation Data (Training Time 1.110483):  0.9690767010828901
Epoch 148: 
BAS Score on Validation Data (Training Time 1.116715):  0.9686641927133719
Epoch 149: 
BAS Score on Validation Data (Training Time 1.112389):  0.9679790756329035
High Quality
0.9689090723505158 0.9546343320347157 0.941459036962032 0.9689090723505158 0.9490175744357539
              precision    recall  f1-score   support

           0       1.00      0.98      0.99     34537
           1       0.98      1.00      0.99      6756
           2       0.85      0.93      0.89      3467

    accuracy                           0.98     44760
   macro avg       0.94      0.97      0.95     44760
weighted avg       0.98      0.98      0.98     44760

Low Quality
0.929905808477237 0.7102012885785144 0.6899070575212796 0.929905808477237 0.735921008149378
              precision    recall  f1-score   support

           0       1.00      0.91      0.95      1960
           1       0.96      1.00      0.98       235
           2       0.12      0.88      0.20        26

    accuracy                           0.91      2221
   macro avg       0.69      0.93      0.71      2221
weighted avg       0.98      0.91      0.94      2221

Emb Dim: 64
Transformer-MHA-64
=====================================================================================================================================================================
Layer (type:depth-idx)                   Input Shape               Output Shape              Kernel Shape              Param #                   Mult-Adds
=====================================================================================================================================================================
TransfomerBlock                          [2, 64, 64]               [2, 3]                    --                        --                        --
├─MakePatches: 1-1                       [2, 64, 64]               [2, 256, 16]              --                        --                        --
│    └─Unfold: 2-1                       [2, 1, 64, 64]            [2, 16, 256]              [4, 4]                    --                        --
├─Linear: 1-2                            [2, 256, 16]              [2, 256, 64]              --                        1,088                     2,176
├─PositionalEncoding: 1-3                [2, 256, 64]              [2, 256, 64]              --                        --                        --
├─TransformerEncoderLayer: 1-4           [2, 256, 64]              [2, 256, 64]              --                        --                        --
│    └─MultiheadAttention: 2-2           [2, 256, 64]              [2, 256, 64]              --                        16,640                    --
│    └─Dropout: 2-3                      [2, 256, 64]              [2, 256, 64]              --                        --                        --
│    └─LayerNorm: 2-4                    [2, 256, 64]              [2, 256, 64]              --                        128                       256
│    └─Linear: 2-5                       [2, 256, 64]              [2, 256, 2048]            --                        133,120                   266,240
│    └─Dropout: 2-6                      [2, 256, 2048]            [2, 256, 2048]            --                        --                        --
│    └─Linear: 2-7                       [2, 256, 2048]            [2, 256, 64]              --                        131,136                   262,272
│    └─Dropout: 2-8                      [2, 256, 64]              [2, 256, 64]              --                        --                        --
│    └─LayerNorm: 2-9                    [2, 256, 64]              [2, 256, 64]              --                        128                       256
├─Sequential: 1-5                        [2, 64]                   [2, 3]                    --                        --                        --
│    └─Linear: 2-10                      [2, 64]                   [2, 64]                   --                        4,160                     8,320
│    └─ReLU: 2-11                        [2, 64]                   [2, 64]                   --                        --                        --
│    └─Linear: 2-12                      [2, 64]                   [2, 32]                   --                        2,080                     4,160
│    └─ReLU: 2-13                        [2, 32]                   [2, 32]                   --                        --                        --
│    └─Linear: 2-14                      [2, 32]                   [2, 3]                    --                        99                        198
=====================================================================================================================================================================
Total params: 288,579
Trainable params: 288,579
Non-trainable params: 0
Total mult-adds (Units.MEGABYTES): 0.54
=====================================================================================================================================================================
Input size (MB): 0.03
Forward/backward pass size (MB): 9.44
Params size (MB): 1.09
Estimated Total Size (MB): 10.56
=====================================================================================================================================================================
Total Trainable Parameters:  288579
Total Parameters:  288579
Epoch 0: 
BAS Score on Validation Data (Training Time 1.688059):  0.6460895065421578
Epoch 1: 
BAS Score on Validation Data (Training Time 1.687863):  0.828295013897013
Epoch 2: 
BAS Score on Validation Data (Training Time 1.686885):  0.9173066121331112
Epoch 3: 
BAS Score on Validation Data (Training Time 1.688191):  0.940644825589958
Epoch 4: 
BAS Score on Validation Data (Training Time 1.687752):  0.9381605839686084
Epoch 5: 
BAS Score on Validation Data (Training Time 1.688125):  0.9506463345510858
Epoch 6: 
BAS Score on Validation Data (Training Time 1.687861):  0.9445370912899528
Epoch 7: 
BAS Score on Validation Data (Training Time 1.688205):  0.9566451364897991
Epoch 8: 
BAS Score on Validation Data (Training Time 1.709385):  0.9534652625759038
Epoch 9: 
BAS Score on Validation Data (Training Time 1.692983):  0.9574385213679423
Epoch 10: 
BAS Score on Validation Data (Training Time 1.738739):  0.9507990205793239
Epoch 11: 
BAS Score on Validation Data (Training Time 1.687934):  0.9549533001017806
Epoch 12: 
BAS Score on Validation Data (Training Time 1.694040):  0.958283364883091
Epoch 13: 
BAS Score on Validation Data (Training Time 1.687978):  0.9517195262593665
Epoch 14: 
BAS Score on Validation Data (Training Time 1.688936):  0.9548007659133632
Epoch 15: 
BAS Score on Validation Data (Training Time 1.688632):  0.9327607994320632
Epoch 16: 
BAS Score on Validation Data (Training Time 1.688056):  0.9605787175625887
Epoch 17: 
BAS Score on Validation Data (Training Time 1.689927):  0.9568119350109474
Epoch 18: 
BAS Score on Validation Data (Training Time 1.688812):  0.960498802423531
Epoch 19: 
BAS Score on Validation Data (Training Time 1.687913):  0.9470638035980908
Epoch 20: 
BAS Score on Validation Data (Training Time 1.689814):  0.9605736968633308
Epoch 21: 
BAS Score on Validation Data (Training Time 1.688051):  0.9610069757409002
Epoch 22: 
BAS Score on Validation Data (Training Time 1.691281):  0.9599702543753382
Epoch 23: 
BAS Score on Validation Data (Training Time 1.688547):  0.9612346483065245
Epoch 24: 
BAS Score on Validation Data (Training Time 1.689934):  0.9566203928578644
Epoch 25: 
BAS Score on Validation Data (Training Time 1.697215):  0.9612521317616344
Epoch 26: 
BAS Score on Validation Data (Training Time 1.695178):  0.9567272669393998
Epoch 27: 
BAS Score on Validation Data (Training Time 1.689255):  0.9620945418359347
Epoch 28: 
BAS Score on Validation Data (Training Time 1.694755):  0.9613219575057913
Epoch 29: 
BAS Score on Validation Data (Training Time 1.688592):  0.9581686346736341
Epoch 30: 
BAS Score on Validation Data (Training Time 1.693607):  0.9609482990505306
Epoch 31: 
BAS Score on Validation Data (Training Time 1.688172):  0.9599297609346102
Epoch 32: 
BAS Score on Validation Data (Training Time 1.695708):  0.9522832910281105
Epoch 33: 
BAS Score on Validation Data (Training Time 1.689532):  0.9426561461896995
Epoch 34: 
BAS Score on Validation Data (Training Time 1.689650):  0.9438833938129965
Epoch 35: 
BAS Score on Validation Data (Training Time 1.689198):  0.9601328479187079
Epoch 36: 
BAS Score on Validation Data (Training Time 1.688450):  0.953481760175614
Epoch 37: 
BAS Score on Validation Data (Training Time 1.695742):  0.9601480559833776
Epoch 38: 
BAS Score on Validation Data (Training Time 1.688896):  0.9514220158660733
Epoch 39: 
BAS Score on Validation Data (Training Time 1.695604):  0.9593787028591252
Epoch 40: 
BAS Score on Validation Data (Training Time 1.689094):  0.959436521704555
Epoch 41: 
BAS Score on Validation Data (Training Time 1.693469):  0.9586854677568919
Epoch 42: 
BAS Score on Validation Data (Training Time 1.688891):  0.960903612715536
Epoch 43: 
BAS Score on Validation Data (Training Time 1.688333):  0.9623902506523491
Epoch 44: 
BAS Score on Validation Data (Training Time 1.691766):  0.9559734017300973
Epoch 45: 
BAS Score on Validation Data (Training Time 1.689336):  0.9427916348236955
Epoch 46: 
BAS Score on Validation Data (Training Time 1.696555):  0.9605213065778987
Epoch 47: 
BAS Score on Validation Data (Training Time 1.694207):  0.9583727133860558
Epoch 48: 
BAS Score on Validation Data (Training Time 1.689369):  0.9532413809167308
Epoch 49: 
BAS Score on Validation Data (Training Time 1.695310):  0.9625041109333538
Epoch 50: 
BAS Score on Validation Data (Training Time 1.688457):  0.9588695916827419
Epoch 51: 
BAS Score on Validation Data (Training Time 1.693632):  0.9605214825847433
Epoch 52: 
BAS Score on Validation Data (Training Time 1.689453):  0.9535687774410887
Epoch 53: 
BAS Score on Validation Data (Training Time 1.690086):  0.9600359352216138
Epoch 54: 
BAS Score on Validation Data (Training Time 1.688839):  0.9567747645360337
Epoch 55: 
BAS Score on Validation Data (Training Time 1.690681):  0.9593263785265149
Epoch 56: 
BAS Score on Validation Data (Training Time 1.690344):  0.9581176919736506
Epoch 57: 
BAS Score on Validation Data (Training Time 1.696174):  0.9619294769611028
Epoch 58: 
BAS Score on Validation Data (Training Time 1.698497):  0.9582525967400621
Epoch 59: 
BAS Score on Validation Data (Training Time 1.696649):  0.9568192369735699
Epoch 60: 
BAS Score on Validation Data (Training Time 1.695642):  0.9627720029623507
Epoch 61: 
BAS Score on Validation Data (Training Time 1.692461):  0.9610345306344743
Epoch 62: 
BAS Score on Validation Data (Training Time 1.693219):  0.9580811795074712
Epoch 63: 
BAS Score on Validation Data (Training Time 1.690742):  0.9630457914919818
Epoch 64: 
BAS Score on Validation Data (Training Time 1.690925):  0.9634128836920249
Epoch 65: 
BAS Score on Validation Data (Training Time 1.692162):  0.9616531390636759
Epoch 66: 
BAS Score on Validation Data (Training Time 1.691215):  0.9637976912010728
Epoch 67: 
BAS Score on Validation Data (Training Time 1.690300):  0.9629277683566592
Epoch 68: 
BAS Score on Validation Data (Training Time 1.696742):  0.9609160454314393
Epoch 69: 
BAS Score on Validation Data (Training Time 1.690364):  0.9620340456122496
Epoch 70: 
BAS Score on Validation Data (Training Time 1.696845):  0.9632843812574983
Epoch 71: 
BAS Score on Validation Data (Training Time 1.692134):  0.962009362060212
Epoch 72: 
BAS Score on Validation Data (Training Time 1.699751):  0.9562412937590942
Epoch 73: 
BAS Score on Validation Data (Training Time 1.689551):  0.9584813452809319
Epoch 74: 
BAS Score on Validation Data (Training Time 1.689631):  0.9636327422531886
Epoch 75: 
BAS Score on Validation Data (Training Time 1.693701):  0.9613474309722064
Epoch 76: 
BAS Score on Validation Data (Training Time 1.690631):  0.9593295917759693
Epoch 77: 
BAS Score on Validation Data (Training Time 1.689458):  0.956300018445849
Epoch 78: 
BAS Score on Validation Data (Training Time 1.697075):  0.96142172946091
Epoch 79: 
BAS Score on Validation Data (Training Time 1.690538):  0.9595066573389407
Epoch 80: 
BAS Score on Validation Data (Training Time 1.696788):  0.963377848851243
Epoch 81: 
BAS Score on Validation Data (Training Time 1.691260):  0.9640676946971771
Epoch 82: 
BAS Score on Validation Data (Training Time 1.693323):  0.9602065925797757
Epoch 83: 
BAS Score on Validation Data (Training Time 1.691205):  0.9596976214973637
Epoch 84: 
BAS Score on Validation Data (Training Time 1.691637):  0.9624376623619842
Epoch 85: 
BAS Score on Validation Data (Training Time 1.690219):  0.9637846925740217
Epoch 86: 
BAS Score on Validation Data (Training Time 1.696599):  0.9600539725043594
Epoch 87: 
BAS Score on Validation Data (Training Time 1.689049):  0.9643239997716986
Epoch 88: 
BAS Score on Validation Data (Training Time 1.693933):  0.9564278014893297
Epoch 89: 
BAS Score on Validation Data (Training Time 1.692595):  0.9515144796479819
Epoch 90: 
BAS Score on Validation Data (Training Time 1.691225):  0.9637506014651787
Epoch 91: 
BAS Score on Validation Data (Training Time 1.695724):  0.9638570497295379
Epoch 92: 
BAS Score on Validation Data (Training Time 1.689977):  0.9616918789239103
Epoch 93: 
BAS Score on Validation Data (Training Time 1.693615):  0.9561577679532767
Epoch 94: 
BAS Score on Validation Data (Training Time 1.689103):  0.964492939799903
Epoch 95: 
BAS Score on Validation Data (Training Time 1.690833):  0.9610673739940744
Epoch 96: 
BAS Score on Validation Data (Training Time 1.694905):  0.9559793161871682
Epoch 97: 
BAS Score on Validation Data (Training Time 1.691586):  0.9641430090812287
Epoch 98: 
BAS Score on Validation Data (Training Time 1.689924):  0.9630547010682019
Epoch 99: 
BAS Score on Validation Data (Training Time 1.695750):  0.9639061049656436
Epoch 100: 
BAS Score on Validation Data (Training Time 1.691852):  0.9556747598521714
Epoch 101: 
BAS Score on Validation Data (Training Time 1.696571):  0.9661509348894097
Epoch 102: 
BAS Score on Validation Data (Training Time 1.690862):  0.9641173158444308
Epoch 103: 
BAS Score on Validation Data (Training Time 1.694389):  0.9660129569675152
Epoch 104: 
BAS Score on Validation Data (Training Time 1.690288):  0.9621879973461672
Epoch 105: 
BAS Score on Validation Data (Training Time 1.718146):  0.9651978536165352
Epoch 106: 
BAS Score on Validation Data (Training Time 1.727716):  0.9643838262408004
Epoch 107: 
BAS Score on Validation Data (Training Time 1.697901):  0.9658063168037856
Epoch 108: 
BAS Score on Validation Data (Training Time 1.691084):  0.9634241966691448
Epoch 109: 
BAS Score on Validation Data (Training Time 1.695832):  0.9651859747282675
Epoch 110: 
BAS Score on Validation Data (Training Time 1.690303):  0.9592330026926935
Epoch 111: 
BAS Score on Validation Data (Training Time 1.697902):  0.9650676896991014
Epoch 112: 
BAS Score on Validation Data (Training Time 1.692906):  0.9515790832165977
Epoch 113: 
BAS Score on Validation Data (Training Time 1.694736):  0.9639371287919283
Epoch 114: 
BAS Score on Validation Data (Training Time 1.690766):  0.9666977821141917
Epoch 115: 
BAS Score on Validation Data (Training Time 1.688677):  0.9659595507867348
Epoch 116: 
BAS Score on Validation Data (Training Time 1.693387):  0.9580394863138855
Epoch 117: 
BAS Score on Validation Data (Training Time 1.691578):  0.9657004644905229
Epoch 118: 
BAS Score on Validation Data (Training Time 1.691395):  0.9650432380009587
Epoch 119: 
BAS Score on Validation Data (Training Time 1.693052):  0.9586478894212386
Epoch 120: 
BAS Score on Validation Data (Training Time 1.693683):  0.9599665052546845
Epoch 121: 
BAS Score on Validation Data (Training Time 1.689365):  0.9574702133087327
Epoch 122: 
BAS Score on Validation Data (Training Time 1.695904):  0.9643944093834399
Epoch 123: 
BAS Score on Validation Data (Training Time 1.690225):  0.9651452014372593
Epoch 124: 
BAS Score on Validation Data (Training Time 1.692863):  0.9656768827208323
Epoch 125: 
BAS Score on Validation Data (Training Time 1.688982):  0.9660132188613589
Epoch 126: 
BAS Score on Validation Data (Training Time 1.690002):  0.9582060892316747
Epoch 127: 
BAS Score on Validation Data (Training Time 1.690209):  0.9667693114647165
Epoch 128: 
BAS Score on Validation Data (Training Time 1.699465):  0.961502940345596
Epoch 129: 
BAS Score on Validation Data (Training Time 1.689442):  0.9631917035781314
Epoch 130: 
BAS Score on Validation Data (Training Time 1.696177):  0.9659843244586184
Epoch 131: 
BAS Score on Validation Data (Training Time 1.691954):  0.9633534392765611
Epoch 132: 
BAS Score on Validation Data (Training Time 1.697073):  0.9617018465189392
Epoch 133: 
BAS Score on Validation Data (Training Time 1.690742):  0.9671176845439188
Epoch 134: 
BAS Score on Validation Data (Training Time 1.694757):  0.9658596808611054
Epoch 135: 
BAS Score on Validation Data (Training Time 1.691080):  0.9629426165569743
Epoch 136: 
BAS Score on Validation Data (Training Time 1.691523):  0.9599178082428558
Epoch 137: 
BAS Score on Validation Data (Training Time 1.690674):  0.9640269814860662
Epoch 138: 
BAS Score on Validation Data (Training Time 1.692446):  0.9673636262461835
Epoch 139: 
BAS Score on Validation Data (Training Time 1.689897):  0.9615729558201872
Epoch 140: 
BAS Score on Validation Data (Training Time 1.699094):  0.9619678331276219
Epoch 141: 
BAS Score on Validation Data (Training Time 1.698988):  0.9665916257836247
Epoch 142: 
BAS Score on Validation Data (Training Time 1.696895):  0.9611492487604191
Epoch 143: 
BAS Score on Validation Data (Training Time 1.694890):  0.9613509240719411
Epoch 144: 
BAS Score on Validation Data (Training Time 1.702549):  0.9588829965304551
Epoch 145: 
BAS Score on Validation Data (Training Time 1.689713):  0.9670263163337697
Epoch 146: 
BAS Score on Validation Data (Training Time 1.690804):  0.9656230386393636
Epoch 147: 
BAS Score on Validation Data (Training Time 1.690443):  0.9582150288478436
Epoch 148: 
BAS Score on Validation Data (Training Time 1.696024):  0.9605858239218525
Epoch 149: 
BAS Score on Validation Data (Training Time 1.689411):  0.9586224084418214
High Quality
0.9378942867951077 0.8589063276088521 0.8215302970586101 0.9378942867951077 0.8283404670316514
              precision    recall  f1-score   support

           0       1.00      0.91      0.95     34537
           1       0.96      0.98      0.97      6756
           2       0.50      0.92      0.65      3467

    accuracy                           0.92     44760
   macro avg       0.82      0.94      0.86     44760
weighted avg       0.95      0.92      0.93     44760

Low Quality
0.8568550497121925 0.6606443897773652 0.6603145424836601 0.8568550497121925 0.6343230071181957
              precision    recall  f1-score   support

           0       1.00      0.84      0.91      1960
           1       0.92      1.00      0.96       235
           2       0.06      0.73      0.11        26

    accuracy                           0.86      2221
   macro avg       0.66      0.86      0.66      2221
weighted avg       0.98      0.86      0.91      2221

Emb Dim: 128
Transformer-MHA-128
=====================================================================================================================================================================
Layer (type:depth-idx)                   Input Shape               Output Shape              Kernel Shape              Param #                   Mult-Adds
=====================================================================================================================================================================
TransfomerBlock                          [2, 64, 64]               [2, 3]                    --                        --                        --
├─MakePatches: 1-1                       [2, 64, 64]               [2, 256, 16]              --                        --                        --
│    └─Unfold: 2-1                       [2, 1, 64, 64]            [2, 16, 256]              [4, 4]                    --                        --
├─Linear: 1-2                            [2, 256, 16]              [2, 256, 128]             --                        2,176                     4,352
├─PositionalEncoding: 1-3                [2, 256, 128]             [2, 256, 128]             --                        --                        --
├─TransformerEncoderLayer: 1-4           [2, 256, 128]             [2, 256, 128]             --                        --                        --
│    └─MultiheadAttention: 2-2           [2, 256, 128]             [2, 256, 128]             --                        66,048                    --
│    └─Dropout: 2-3                      [2, 256, 128]             [2, 256, 128]             --                        --                        --
│    └─LayerNorm: 2-4                    [2, 256, 128]             [2, 256, 128]             --                        256                       512
│    └─Linear: 2-5                       [2, 256, 128]             [2, 256, 2048]            --                        264,192                   528,384
│    └─Dropout: 2-6                      [2, 256, 2048]            [2, 256, 2048]            --                        --                        --
│    └─Linear: 2-7                       [2, 256, 2048]            [2, 256, 128]             --                        262,272                   524,544
│    └─Dropout: 2-8                      [2, 256, 128]             [2, 256, 128]             --                        --                        --
│    └─LayerNorm: 2-9                    [2, 256, 128]             [2, 256, 128]             --                        256                       512
├─Sequential: 1-5                        [2, 128]                  [2, 3]                    --                        --                        --
│    └─Linear: 2-10                      [2, 128]                  [2, 64]                   --                        8,256                     16,512
│    └─ReLU: 2-11                        [2, 64]                   [2, 64]                   --                        --                        --
│    └─Linear: 2-12                      [2, 64]                   [2, 32]                   --                        2,080                     4,160
│    └─ReLU: 2-13                        [2, 32]                   [2, 32]                   --                        --                        --
│    └─Linear: 2-14                      [2, 32]                   [2, 3]                    --                        99                        198
=====================================================================================================================================================================
Total params: 605,635
Trainable params: 605,635
Non-trainable params: 0
Total mult-adds (Units.MEGABYTES): 1.08
=====================================================================================================================================================================
Input size (MB): 0.03
Forward/backward pass size (MB): 10.49
Params size (MB): 2.16
Estimated Total Size (MB): 12.68
=====================================================================================================================================================================
Total Trainable Parameters:  605635
Total Parameters:  605635
Epoch 0: 
BAS Score on Validation Data (Training Time 1.923588):  0.7313315792332005
Epoch 1: 
BAS Score on Validation Data (Training Time 1.925776):  0.9220831812748608
Epoch 2: 
BAS Score on Validation Data (Training Time 1.927636):  0.9407971158409684
Epoch 3: 
BAS Score on Validation Data (Training Time 1.921287):  0.9418397157507282
Epoch 4: 
BAS Score on Validation Data (Training Time 1.920091):  0.94810179687992
Epoch 5: 
BAS Score on Validation Data (Training Time 1.921412):  0.9403244090544818
Epoch 6: 
BAS Score on Validation Data (Training Time 1.934606):  0.9136306854121177
Epoch 7: 
BAS Score on Validation Data (Training Time 1.924182):  0.9479429642030529
Epoch 8: 
BAS Score on Validation Data (Training Time 1.925834):  0.9521814797692935
Epoch 9: 
BAS Score on Validation Data (Training Time 1.920665):  0.9527382403821315
Epoch 10: 
BAS Score on Validation Data (Training Time 1.931956):  0.9509097218178469
Epoch 11: 
BAS Score on Validation Data (Training Time 1.927882):  0.9499535252660287
Epoch 12: 
BAS Score on Validation Data (Training Time 1.920486):  0.9565201571949559
Epoch 13: 
BAS Score on Validation Data (Training Time 1.920925):  0.9580190818807761
Epoch 14: 
BAS Score on Validation Data (Training Time 1.920164):  0.9558937605683951
Epoch 15: 
BAS Score on Validation Data (Training Time 1.921357):  0.9612853771090496
Epoch 16: 
BAS Score on Validation Data (Training Time 1.921282):  0.9607441344511098
Epoch 17: 
BAS Score on Validation Data (Training Time 1.921546):  0.9612880123638442
Epoch 18: 
BAS Score on Validation Data (Training Time 1.920969):  0.9547183673593315
Epoch 19: 
BAS Score on Validation Data (Training Time 1.928005):  0.9599850424957562
Epoch 20: 
BAS Score on Validation Data (Training Time 1.921004):  0.9640551160143778
Epoch 21: 
BAS Score on Validation Data (Training Time 1.928200):  0.963479070369551
Epoch 22: 
BAS Score on Validation Data (Training Time 1.921194):  0.9628722807487199
Epoch 23: 
BAS Score on Validation Data (Training Time 1.925351):  0.9538605552570804
Epoch 24: 
BAS Score on Validation Data (Training Time 1.921782):  0.9621391122439817
Epoch 25: 
BAS Score on Validation Data (Training Time 1.921113):  0.9632230271888732
Epoch 26: 
BAS Score on Validation Data (Training Time 1.922976):  0.964100824117645
Epoch 27: 
BAS Score on Validation Data (Training Time 1.921354):  0.9649718366608936
Epoch 28: 
BAS Score on Validation Data (Training Time 1.928002):  0.9635196976936632
Epoch 29: 
BAS Score on Validation Data (Training Time 1.923478):  0.9658336956905152
Epoch 30: 
BAS Score on Validation Data (Training Time 1.927818):  0.963277626911924
Epoch 31: 
BAS Score on Validation Data (Training Time 1.921895):  0.9641484076012777
Epoch 32: 
BAS Score on Validation Data (Training Time 1.925906):  0.9643643772854791
Epoch 33: 
BAS Score on Validation Data (Training Time 1.923483):  0.9664126685239287
Epoch 34: 
BAS Score on Validation Data (Training Time 1.922037):  0.9657334179041458
Epoch 35: 
BAS Score on Validation Data (Training Time 1.922096):  0.9656282053055176
Epoch 36: 
BAS Score on Validation Data (Training Time 1.924636):  0.9656247122057829
Epoch 37: 
BAS Score on Validation Data (Training Time 1.927276):  0.9657732595467273
Epoch 38: 
BAS Score on Validation Data (Training Time 1.922679):  0.9672083108360754
Epoch 39: 
BAS Score on Validation Data (Training Time 1.927829):  0.9626507365376248
Epoch 40: 
BAS Score on Validation Data (Training Time 1.923094):  0.9615529651207421
Epoch 41: 
BAS Score on Validation Data (Training Time 1.926648):  0.9652113322677353
Epoch 42: 
BAS Score on Validation Data (Training Time 1.922561):  0.962146074276427
Epoch 43: 
BAS Score on Validation Data (Training Time 1.922939):  0.9662337292206692
Epoch 44: 
BAS Score on Validation Data (Training Time 1.922916):  0.9653540268715833
Epoch 45: 
BAS Score on Validation Data (Training Time 1.923223):  0.9601371746963586
Epoch 46: 
BAS Score on Validation Data (Training Time 1.928070):  0.9637947218890254
Epoch 47: 
BAS Score on Validation Data (Training Time 1.923629):  0.9647305995570702
Epoch 48: 
BAS Score on Validation Data (Training Time 1.928021):  0.9620298585909076
Epoch 49: 
BAS Score on Validation Data (Training Time 1.922168):  0.9665677220401934
Epoch 50: 
BAS Score on Validation Data (Training Time 1.926331):  0.9631141618000248
Epoch 51: 
BAS Score on Validation Data (Training Time 1.921901):  0.9653901814511489
Epoch 52: 
BAS Score on Validation Data (Training Time 1.924404):  0.9625691040686096
Epoch 53: 
BAS Score on Validation Data (Training Time 1.922860):  0.9620454745163167
Epoch 54: 
BAS Score on Validation Data (Training Time 1.921741):  0.9654033139615841
Epoch 55: 
BAS Score on Validation Data (Training Time 1.946280):  0.9652132256045375
Epoch 56: 
BAS Score on Validation Data (Training Time 1.954054):  0.960251210984208
Epoch 57: 
BAS Score on Validation Data (Training Time 1.929790):  0.9660439628373635
Epoch 58: 
BAS Score on Validation Data (Training Time 1.922501):  0.966592221734721
Epoch 59: 
BAS Score on Validation Data (Training Time 1.927119):  0.9684178310668554
Epoch 60: 
BAS Score on Validation Data (Training Time 1.921640):  0.9643288624205483
Epoch 61: 
BAS Score on Validation Data (Training Time 1.923726):  0.9613508081449936
Epoch 62: 
BAS Score on Validation Data (Training Time 1.923534):  0.9672833212028228
Epoch 63: 
BAS Score on Validation Data (Training Time 1.923060):  0.9657857481096809
Epoch 64: 
BAS Score on Validation Data (Training Time 1.927300):  0.9671898836490268
Epoch 65: 
BAS Score on Validation Data (Training Time 1.922499):  0.9677129910537099
Epoch 66: 
BAS Score on Validation Data (Training Time 1.929773):  0.9663599183741419
Epoch 67: 
BAS Score on Validation Data (Training Time 1.922859):  0.9659723734069413
Epoch 68: 
BAS Score on Validation Data (Training Time 1.927124):  0.9628706973021465
Epoch 69: 
BAS Score on Validation Data (Training Time 1.922468):  0.9510422995796151
Epoch 70: 
BAS Score on Validation Data (Training Time 1.922595):  0.967224498545557
Epoch 71: 
BAS Score on Validation Data (Training Time 1.924644):  0.9608421169128617
Epoch 72: 
BAS Score on Validation Data (Training Time 1.922000):  0.9400973471162355
Epoch 73: 
BAS Score on Validation Data (Training Time 1.927473):  0.9647946189204387
Epoch 74: 
BAS Score on Validation Data (Training Time 1.922262):  0.9662577789309966
Epoch 75: 
BAS Score on Validation Data (Training Time 1.938023):  0.9662474576822008
Epoch 76: 
BAS Score on Validation Data (Training Time 1.929804):  0.9473270315120293
Epoch 77: 
BAS Score on Validation Data (Training Time 1.926835):  0.9647289380741629
Epoch 78: 
BAS Score on Validation Data (Training Time 1.922585):  0.9638368630890711
Epoch 79: 
BAS Score on Validation Data (Training Time 1.930283):  0.9516099773923453
Epoch 80: 
BAS Score on Validation Data (Training Time 1.931589):  0.965172482353478
Epoch 81: 
BAS Score on Validation Data (Training Time 1.922450):  0.917682271314071
Epoch 82: 
BAS Score on Validation Data (Training Time 1.929292):  0.926986682103105
Epoch 83: 
BAS Score on Validation Data (Training Time 1.924172):  0.9585812752864588
Epoch 84: 
BAS Score on Validation Data (Training Time 1.929188):  0.966270223730412
Epoch 85: 
BAS Score on Validation Data (Training Time 1.923664):  0.9582345757736758
Epoch 86: 
BAS Score on Validation Data (Training Time 1.927682):  0.9652525134194833
Epoch 87: 
BAS Score on Validation Data (Training Time 1.922718):  0.9464448699149934
Epoch 88: 
BAS Score on Validation Data (Training Time 1.923043):  0.9605663929229679
Epoch 89: 
BAS Score on Validation Data (Training Time 1.923777):  0.9552113551389776
Epoch 90: 
BAS Score on Validation Data (Training Time 1.923184):  0.9671223711859237
Epoch 91: 
BAS Score on Validation Data (Training Time 1.929435):  0.961179438908788
Epoch 92: 
BAS Score on Validation Data (Training Time 1.923311):  0.9511233344574562
Epoch 93: 
BAS Score on Validation Data (Training Time 1.929267):  0.9492224107412702
Epoch 94: 
BAS Score on Validation Data (Training Time 1.925597):  0.9580609791434149
Epoch 95: 
BAS Score on Validation Data (Training Time 1.930356):  0.966400545698254
Epoch 96: 
BAS Score on Validation Data (Training Time 1.923349):  0.9674879357864438
Epoch 97: 
BAS Score on Validation Data (Training Time 1.923392):  0.9667255868180974
Epoch 98: 
BAS Score on Validation Data (Training Time 1.924037):  0.9598592095888199
Epoch 99: 
BAS Score on Validation Data (Training Time 1.927126):  0.9464943330118389
Epoch 100: 
BAS Score on Validation Data (Training Time 1.927744):  0.9576345404984189
Epoch 101: 
BAS Score on Validation Data (Training Time 1.922856):  0.9653533871569487
Epoch 102: 
BAS Score on Validation Data (Training Time 1.929408):  0.95235093573452
Epoch 103: 
BAS Score on Validation Data (Training Time 1.922359):  0.9641075663797073
Epoch 104: 
BAS Score on Validation Data (Training Time 1.927804):  0.9549892571002468
Epoch 105: 
BAS Score on Validation Data (Training Time 1.922678):  0.9546860082567273
Epoch 106: 
BAS Score on Validation Data (Training Time 1.923197):  0.9643832903696014
Epoch 107: 
BAS Score on Validation Data (Training Time 1.923985):  0.9562408901312014
Epoch 108: 
BAS Score on Validation Data (Training Time 1.923272):  0.9632721425048762
Epoch 109: 
BAS Score on Validation Data (Training Time 1.929058):  0.9527788102191158
Epoch 110: 
BAS Score on Validation Data (Training Time 1.923327):  0.9636367032935601
Epoch 111: 
BAS Score on Validation Data (Training Time 1.930369):  0.9660653172129989
Epoch 112: 
BAS Score on Validation Data (Training Time 1.923121):  0.9582493939340422
Epoch 113: 
BAS Score on Validation Data (Training Time 1.928637):  0.9351078318093046
Epoch 114: 
BAS Score on Validation Data (Training Time 1.923188):  0.9636107481629187
Epoch 115: 
BAS Score on Validation Data (Training Time 1.923265):  0.9630492287446663
Epoch 116: 
BAS Score on Validation Data (Training Time 1.924325):  0.9646333211226971
Epoch 117: 
BAS Score on Validation Data (Training Time 1.923711):  0.9654117719135265
Epoch 118: 
BAS Score on Validation Data (Training Time 1.928355):  0.9299882864683239
Epoch 119: 
BAS Score on Validation Data (Training Time 1.922906):  0.950245975429373
Epoch 120: 
BAS Score on Validation Data (Training Time 1.929246):  0.9551181974354618
Epoch 121: 
BAS Score on Validation Data (Training Time 1.922727):  0.9503728163809924
Epoch 122: 
BAS Score on Validation Data (Training Time 1.927120):  0.9621791599333566
Epoch 123: 
BAS Score on Validation Data (Training Time 1.927624):  0.944940254775332
Epoch 124: 
BAS Score on Validation Data (Training Time 1.921357):  0.9547011183508861
Epoch 125: 
BAS Score on Validation Data (Training Time 1.923883):  0.9053423410578197
Epoch 126: 
BAS Score on Validation Data (Training Time 1.922643):  0.9645484590878683
Epoch 127: 
BAS Score on Validation Data (Training Time 1.929527):  0.9649895261627967
Epoch 128: 
BAS Score on Validation Data (Training Time 1.923192):  0.9511231884905603
Epoch 129: 
BAS Score on Validation Data (Training Time 1.929230):  0.9656216870466853
Epoch 130: 
BAS Score on Validation Data (Training Time 1.922855):  0.9543982473281575
Epoch 131: 
BAS Score on Validation Data (Training Time 1.927820):  0.9534429807846886
Epoch 132: 
BAS Score on Validation Data (Training Time 1.923631):  0.9551623178593084
Epoch 133: 
BAS Score on Validation Data (Training Time 1.923069):  0.9561741075025788
Epoch 134: 
BAS Score on Validation Data (Training Time 1.923798):  0.9630342646174036
Epoch 135: 
BAS Score on Validation Data (Training Time 1.923481):  0.9577093748583215
Epoch 136: 
BAS Score on Validation Data (Training Time 1.929758):  0.9626021054786179
Epoch 137: 
BAS Score on Validation Data (Training Time 1.923741):  0.9318024548128788
Epoch 138: 
BAS Score on Validation Data (Training Time 1.929361):  0.957859681652684
Epoch 139: 
BAS Score on Validation Data (Training Time 1.924004):  0.964457758992225
Epoch 140: 
BAS Score on Validation Data (Training Time 1.926521):  0.9508843368312001
Epoch 141: 
BAS Score on Validation Data (Training Time 1.922929):  0.9647706593299571
Epoch 142: 
BAS Score on Validation Data (Training Time 1.922648):  0.9540449995165935
Epoch 143: 
BAS Score on Validation Data (Training Time 1.923570):  0.9568253336480731
Epoch 144: 
BAS Score on Validation Data (Training Time 1.922799):  0.9475526964539815
Epoch 145: 
BAS Score on Validation Data (Training Time 1.930101):  0.959323499334313
Epoch 146: 
BAS Score on Validation Data (Training Time 1.924463):  0.9558046961485572
Epoch 147: 
BAS Score on Validation Data (Training Time 1.930393):  0.9442126487139753
Epoch 148: 
BAS Score on Validation Data (Training Time 1.923295):  0.9531588589227497
Epoch 149: 
BAS Score on Validation Data (Training Time 1.926565):  0.9628075537401547
High Quality
0.8807323860825175 0.7539721870124915 0.7553307951002252 0.8807323860825175 0.6716740628712807
              precision    recall  f1-score   support

           0       1.00      0.78      0.87     34537
           1       0.98      0.91      0.95      6756
           2       0.29      0.95      0.44      3467

    accuracy                           0.81     44760
   macro avg       0.76      0.88      0.75     44760
weighted avg       0.94      0.81      0.85     44760

Low Quality
0.8408369239676231 0.6168440284945139 0.6626600116094342 0.8408369239676231 0.5036048424509039
              precision    recall  f1-score   support

           0       1.00      0.68      0.81      1960
           1       0.96      1.00      0.97       235
           2       0.03      0.85      0.07        26

    accuracy                           0.72      2221
   macro avg       0.66      0.84      0.62      2221
weighted avg       0.98      0.72      0.82      2221


High Quality Post 2020
                          mean       std       sem  count
Model                                                    
Transformer-FNET-128  0.962041  0.028478  0.009006     10
Transformer-FNET-64   0.972473  0.003968  0.001255     10
Transformer-MHA-128   0.744134  0.048766  0.015421     10
Transformer-MHA-64    0.850698  0.058246  0.018419     10
                          mean       std       sem  count
Model                                                    
Transformer-FNET-128  0.968188  0.005938  0.001878     10
Transformer-FNET-64   0.968989  0.002808  0.000888     10
Transformer-MHA-128   0.865947  0.034555  0.010927     10
Transformer-MHA-64    0.908449  0.026123  0.008261     10
                          mean       std       sem  count
Model                                                    
Transformer-FNET-128  0.956390  0.035709  0.011292     10
Transformer-FNET-64   0.969213  0.004685  0.001481     10
Transformer-MHA-128   0.667953  0.077421  0.024483     10
Transformer-MHA-64    0.830028  0.092296  0.029187     10

Low Quality Post 2020
                          mean       std       sem  count
Model                                                    
Transformer-FNET-128  0.738526  0.046196  0.014609     10
Transformer-FNET-64   0.740174  0.029123  0.009210     10
Transformer-MHA-128   0.597560  0.032346  0.010229     10
Transformer-MHA-64    0.675260  0.061490  0.019445     10
                          mean       std       sem  count
Model                                                    
Transformer-FNET-128  0.908497  0.030116  0.009524     10
Transformer-FNET-64   0.911683  0.015552  0.004918     10
Transformer-MHA-128   0.815170  0.042914  0.013570     10
Transformer-MHA-64    0.870853  0.052848  0.016712     10
                          mean       std       sem  count
Model                                                    
Transformer-FNET-128  0.789536  0.081487  0.025768     10
Transformer-FNET-64   0.800256  0.055746  0.017628     10
Transformer-MHA-128   0.482549  0.054966  0.017382     10
Transformer-MHA-64    0.660872  0.137634  0.043524     10
Saving Results
