warning: refusing to reload ordenv; ORDENV_SETUP already set
CUDA_VISIBLE_DEVICES=0
Fri Apr 25 20:59:16 2025       
+-----------------------------------------------------------------------------------------+
| NVIDIA-SMI 550.127.08             Driver Version: 550.127.08     CUDA Version: 12.4     |
|-----------------------------------------+------------------------+----------------------+
| GPU  Name                 Persistence-M | Bus-Id          Disp.A | Volatile Uncorr. ECC |
| Fan  Temp   Perf          Pwr:Usage/Cap |           Memory-Usage | GPU-Util  Compute M. |
|                                         |                        |               MIG M. |
|=========================================+========================+======================|
|   0  NVIDIA A100-SXM4-40GB          Off |   00000000:47:00.0 Off |                    0 |
| N/A   28C    P0             54W /  400W |       1MiB /  40960MiB |      0%      Default |
|                                         |                        |             Disabled |
+-----------------------------------------+------------------------+----------------------+
                                                                                         
+-----------------------------------------------------------------------------------------+
| Processes:                                                                              |
|  GPU   GI   CI        PID   Type   Process name                              GPU Memory |
|        ID   ID                                                               Usage      |
|=========================================================================================|
|  No running processes found                                                             |
+-----------------------------------------------------------------------------------------+
OneHot training data shape: (66636, 21, 495) (66636,)
Test High-quality Data Shape: (28219, 21, 495) (28219,)
Test Low-quality Data Shape (Post 2020): (720, 21, 495) (720,)
Number of classes: 3
************Fold: 0
Data Shape Before Sampling:  (59972, 21, 495) (59972,)
Subtype/Host: 0 ,count:  34602 ,index count: (array([False,  True]), array([25370, 34602])) ,downsampling:  (16000, 21, 495) (16000,)
Subtype/Host: 1 ,count:  16398 ,index count: (array([False,  True]), array([43574, 16398])) ,downsampling:  (16000, 21, 495) (16000,)
Subtype/Host: 2 ,count:  8972 ,index count: (array([False,  True]), array([51000,  8972])) ,keep:  (8972, 21, 495) (8972,)
Emb Dim: 64
Transformer-FNET-64
=====================================================================================================================================================================
Layer (type:depth-idx)                   Input Shape               Output Shape              Kernel Shape              Param #                   Mult-Adds
=====================================================================================================================================================================
TransfomerBlock                          [2, 21, 495]              [2, 3]                    --                        --                        --
├─MakePatches: 1-1                       [2, 21, 495]              [2, 165, 63]              --                        --                        --
│    └─Unfold: 2-1                       [2, 1, 21, 495]           [2, 63, 165]              [21, 3]                   --                        --
├─Linear: 1-2                            [2, 165, 63]              [2, 165, 64]              --                        4,096                     8,192
├─PositionalEncoding: 1-3                [2, 165, 64]              [2, 165, 64]              --                        --                        --
├─FNET: 1-4                              [2, 165, 64]              [2, 165, 64]              --                        --                        --
│    └─LayerNorm: 2-2                    [2, 165, 64]              [2, 165, 64]              --                        128                       256
│    └─Sequential: 2-3                   [2, 165, 64]              [2, 165, 64]              --                        --                        --
│    │    └─Linear: 3-1                  [2, 165, 64]              [2, 165, 64]              --                        4,160                     8,320
│    │    └─ReLU: 3-2                    [2, 165, 64]              [2, 165, 64]              --                        --                        --
│    │    └─Dropout: 3-3                 [2, 165, 64]              [2, 165, 64]              --                        --                        --
│    │    └─Linear: 3-4                  [2, 165, 64]              [2, 165, 64]              --                        4,160                     8,320
│    └─LayerNorm: 2-4                    [2, 165, 64]              [2, 165, 64]              --                        128                       256
├─Sequential: 1-5                        [2, 64]                   [2, 3]                    --                        --                        --
│    └─Linear: 2-5                       [2, 64]                   [2, 64]                   --                        4,160                     8,320
│    └─ReLU: 2-6                         [2, 64]                   [2, 64]                   --                        --                        --
│    └─Linear: 2-7                       [2, 64]                   [2, 32]                   --                        2,080                     4,160
│    └─ReLU: 2-8                         [2, 32]                   [2, 32]                   --                        --                        --
│    └─Linear: 2-9                       [2, 32]                   [2, 3]                    --                        99                        198
=====================================================================================================================================================================
Total params: 19,011
Trainable params: 19,011
Non-trainable params: 0
Total mult-adds (Units.MEGABYTES): 0.04
=====================================================================================================================================================================
Input size (MB): 0.08
Forward/backward pass size (MB): 0.85
Params size (MB): 0.08
Estimated Total Size (MB): 1.01
=====================================================================================================================================================================
Total Trainable Parameters:  19011
Total Parameters:  19011
Epoch 0: 
BAS Score on Validation Data (Training Time 1.961509):  0.3333333333333333
Epoch 1: 
BAS Score on Validation Data (Training Time 1.066482):  0.358060158625707
Epoch 2: 
BAS Score on Validation Data (Training Time 1.065785):  0.44453752884006437
Epoch 3: 
BAS Score on Validation Data (Training Time 1.065205):  0.6074737935467724
Epoch 4: 
BAS Score on Validation Data (Training Time 1.065746):  0.5964024443337391
Epoch 5: 
BAS Score on Validation Data (Training Time 1.066650):  0.6166326700059048
Epoch 6: 
BAS Score on Validation Data (Training Time 1.065824):  0.6169023118205129
Epoch 7: 
BAS Score on Validation Data (Training Time 1.065918):  0.6199856114902528
Epoch 8: 
BAS Score on Validation Data (Training Time 1.065199):  0.6263141767264903
Epoch 9: 
BAS Score on Validation Data (Training Time 1.066186):  0.6336259277791264
Epoch 10: 
BAS Score on Validation Data (Training Time 1.066151):  0.7119624558173135
Epoch 11: 
BAS Score on Validation Data (Training Time 1.066634):  0.7202041318803191
Epoch 12: 
BAS Score on Validation Data (Training Time 1.065140):  0.7943697849477149
Epoch 13: 
BAS Score on Validation Data (Training Time 1.065824):  0.8078601448065855
Epoch 14: 
BAS Score on Validation Data (Training Time 1.067171):  0.7944946357159176
Epoch 15: 
BAS Score on Validation Data (Training Time 1.066363):  0.8665287043362181
Epoch 16: 
BAS Score on Validation Data (Training Time 1.065426):  0.8209779131582913
Epoch 17: 
BAS Score on Validation Data (Training Time 1.075124):  0.8582885161236019
Epoch 18: 
BAS Score on Validation Data (Training Time 1.066059):  0.896138736262726
Epoch 19: 
BAS Score on Validation Data (Training Time 1.073686):  0.8912129208215059
Epoch 20: 
BAS Score on Validation Data (Training Time 1.065818):  0.888013570014499
Epoch 21: 
BAS Score on Validation Data (Training Time 1.066942):  0.9080234573854796
Epoch 22: 
BAS Score on Validation Data (Training Time 1.066530):  0.8960692041690667
Epoch 23: 
BAS Score on Validation Data (Training Time 1.066513):  0.9031556432451255
Epoch 24: 
BAS Score on Validation Data (Training Time 1.065867):  0.9112106588460333
Epoch 25: 
BAS Score on Validation Data (Training Time 1.066049):  0.9139076812762307
Epoch 26: 
BAS Score on Validation Data (Training Time 1.066784):  0.9087004082185467
Epoch 27: 
BAS Score on Validation Data (Training Time 1.066081):  0.9137808292404431
Epoch 28: 
BAS Score on Validation Data (Training Time 1.067328):  0.9157648491478888
Epoch 29: 
BAS Score on Validation Data (Training Time 1.067895):  0.9193514150231529
Epoch 30: 
BAS Score on Validation Data (Training Time 1.069250):  0.9202881588705646
Epoch 31: 
BAS Score on Validation Data (Training Time 1.067955):  0.9205109338274249
Epoch 32: 
BAS Score on Validation Data (Training Time 1.069254):  0.920052949558189
Epoch 33: 
BAS Score on Validation Data (Training Time 1.066684):  0.9189498614028658
Epoch 34: 
BAS Score on Validation Data (Training Time 1.082712):  0.9222992994996967
Epoch 35: 
BAS Score on Validation Data (Training Time 1.085698):  0.9230632765518302
Epoch 36: 
BAS Score on Validation Data (Training Time 1.066401):  0.9236232584153653
Epoch 37: 
BAS Score on Validation Data (Training Time 1.067242):  0.9005302935786291
Epoch 38: 
BAS Score on Validation Data (Training Time 1.073568):  0.9250246797588996
Epoch 39: 
BAS Score on Validation Data (Training Time 1.066998):  0.9259534304670276
Epoch 40: 
BAS Score on Validation Data (Training Time 1.071616):  0.924438272801959
Epoch 41: 
BAS Score on Validation Data (Training Time 1.066515):  0.9222897499780384
Epoch 42: 
BAS Score on Validation Data (Training Time 1.071663):  0.9258830090801887
Epoch 43: 
BAS Score on Validation Data (Training Time 1.066679):  0.9217581259435089
Epoch 44: 
BAS Score on Validation Data (Training Time 1.067131):  0.9301787690851753
Epoch 45: 
BAS Score on Validation Data (Training Time 1.067270):  0.9330982329276353
Epoch 46: 
BAS Score on Validation Data (Training Time 1.068186):  0.9313061216674127
Epoch 47: 
BAS Score on Validation Data (Training Time 1.067747):  0.9338112497199299
Epoch 48: 
BAS Score on Validation Data (Training Time 1.073614):  0.9345105322443109
Epoch 49: 
BAS Score on Validation Data (Training Time 1.068944):  0.9303237966051077
Epoch 50: 
BAS Score on Validation Data (Training Time 1.071225):  0.9351087692726504
Epoch 51: 
BAS Score on Validation Data (Training Time 1.067149):  0.9312150020462547
Epoch 52: 
BAS Score on Validation Data (Training Time 1.067978):  0.9339687258649206
Epoch 53: 
BAS Score on Validation Data (Training Time 1.070208):  0.9298238258526593
Epoch 54: 
BAS Score on Validation Data (Training Time 1.066913):  0.9328478100395929
Epoch 55: 
BAS Score on Validation Data (Training Time 1.067465):  0.9373273942083551
Epoch 56: 
BAS Score on Validation Data (Training Time 1.067711):  0.9364531556831187
Epoch 57: 
BAS Score on Validation Data (Training Time 1.068107):  0.9375046022198649
Epoch 58: 
BAS Score on Validation Data (Training Time 1.066801):  0.9331467617814639
Epoch 59: 
BAS Score on Validation Data (Training Time 1.074176):  0.9326409585562229
Epoch 60: 
BAS Score on Validation Data (Training Time 1.067795):  0.9380065827825342
Epoch 61: 
BAS Score on Validation Data (Training Time 1.068384):  0.9365475079522744
Epoch 62: 
BAS Score on Validation Data (Training Time 1.071858):  0.9369934056801349
Epoch 63: 
BAS Score on Validation Data (Training Time 1.067220):  0.9361497769945591
Epoch 64: 
BAS Score on Validation Data (Training Time 1.071032):  0.9402921542566459
Epoch 65: 
BAS Score on Validation Data (Training Time 1.067224):  0.9361886507130229
Epoch 66: 
BAS Score on Validation Data (Training Time 1.066523):  0.9386813444100244
Epoch 67: 
BAS Score on Validation Data (Training Time 1.069788):  0.9377092016925802
Epoch 68: 
BAS Score on Validation Data (Training Time 1.067486):  0.9322368051111406
Epoch 69: 
BAS Score on Validation Data (Training Time 1.066937):  0.939728349730539
Epoch 70: 
BAS Score on Validation Data (Training Time 1.073308):  0.9390434200277307
Epoch 71: 
BAS Score on Validation Data (Training Time 1.067538):  0.9405493617157384
Epoch 72: 
BAS Score on Validation Data (Training Time 1.066906):  0.9411370828546195
Epoch 73: 
BAS Score on Validation Data (Training Time 1.072480):  0.93246532119663
Epoch 74: 
BAS Score on Validation Data (Training Time 1.067278):  0.939291063695622
Epoch 75: 
BAS Score on Validation Data (Training Time 1.070326):  0.9376939881169136
Epoch 76: 
BAS Score on Validation Data (Training Time 1.066499):  0.9395664466388594
Epoch 77: 
BAS Score on Validation Data (Training Time 1.069034):  0.940952215248423
Epoch 78: 
BAS Score on Validation Data (Training Time 1.070546):  0.9416088013917685
Epoch 79: 
BAS Score on Validation Data (Training Time 1.067220):  0.9421506077711589
Epoch 80: 
BAS Score on Validation Data (Training Time 1.066647):  0.9422449600403144
Epoch 81: 
BAS Score on Validation Data (Training Time 1.074180):  0.9410172575903157
Epoch 82: 
BAS Score on Validation Data (Training Time 1.067415):  0.9430452737911947
Epoch 83: 
BAS Score on Validation Data (Training Time 1.068079):  0.9414306412820014
Epoch 84: 
BAS Score on Validation Data (Training Time 1.071339):  0.9417127174521251
Epoch 85: 
BAS Score on Validation Data (Training Time 1.067312):  0.9420508764570573
Epoch 86: 
BAS Score on Validation Data (Training Time 1.074218):  0.9427851957677879
Epoch 87: 
BAS Score on Validation Data (Training Time 1.066794):  0.9414405528873427
Epoch 88: 
BAS Score on Validation Data (Training Time 1.066771):  0.9417267224595577
Epoch 89: 
BAS Score on Validation Data (Training Time 1.066636):  0.9440492349165334
Epoch 90: 
BAS Score on Validation Data (Training Time 1.068336):  0.944138798155317
Epoch 91: 
BAS Score on Validation Data (Training Time 1.066872):  0.94408715653674
Epoch 92: 
BAS Score on Validation Data (Training Time 1.076719):  0.9434475230397625
Epoch 93: 
BAS Score on Validation Data (Training Time 1.068661):  0.9426510319514539
Epoch 94: 
BAS Score on Validation Data (Training Time 1.070984):  0.9434542162666489
Epoch 95: 
BAS Score on Validation Data (Training Time 1.070551):  0.9449760814281466
Epoch 96: 
BAS Score on Validation Data (Training Time 1.080809):  0.9429771044150108
Epoch 97: 
BAS Score on Validation Data (Training Time 1.085540):  0.9440894085473946
Epoch 98: 
BAS Score on Validation Data (Training Time 1.078345):  0.9432789267211964
Epoch 99: 
BAS Score on Validation Data (Training Time 1.067189):  0.9406278047809468
Epoch 100: 
BAS Score on Validation Data (Training Time 1.067903):  0.9457396963965973
Epoch 101: 
BAS Score on Validation Data (Training Time 1.067820):  0.9455593613507961
Epoch 102: 
BAS Score on Validation Data (Training Time 1.068146):  0.9456830092776717
Epoch 103: 
BAS Score on Validation Data (Training Time 1.076244):  0.945448752063553
Epoch 104: 
BAS Score on Validation Data (Training Time 1.068585):  0.9436323906459588
Epoch 105: 
BAS Score on Validation Data (Training Time 1.071073):  0.9463746322073664
Epoch 106: 
BAS Score on Validation Data (Training Time 1.081800):  0.9441305485460564
Epoch 107: 
BAS Score on Validation Data (Training Time 1.068044):  0.944880172776617
Epoch 108: 
BAS Score on Validation Data (Training Time 1.070421):  0.9460976928817549
Epoch 109: 
BAS Score on Validation Data (Training Time 1.067243):  0.9460125565896601
Epoch 110: 
BAS Score on Validation Data (Training Time 1.067245):  0.9455297178789358
Epoch 111: 
BAS Score on Validation Data (Training Time 1.067326):  0.9477766721045603
Epoch 112: 
BAS Score on Validation Data (Training Time 1.067774):  0.9474111216384226
Epoch 113: 
BAS Score on Validation Data (Training Time 1.067086):  0.9451431213643385
Epoch 114: 
BAS Score on Validation Data (Training Time 1.074357):  0.9468339306585426
Epoch 115: 
BAS Score on Validation Data (Training Time 1.080686):  0.9477425874164683
Epoch 116: 
BAS Score on Validation Data (Training Time 1.084480):  0.9473129467066953
Epoch 117: 
BAS Score on Validation Data (Training Time 1.081252):  0.9482537839561984
Epoch 118: 
BAS Score on Validation Data (Training Time 1.080192):  0.945930048661446
Epoch 119: 
BAS Score on Validation Data (Training Time 1.071046):  0.941621250016827
Epoch 120: 
BAS Score on Validation Data (Training Time 1.067259):  0.9476026824715054
Epoch 121: 
BAS Score on Validation Data (Training Time 1.068493):  0.9490123676938431
Epoch 122: 
BAS Score on Validation Data (Training Time 1.067077):  0.948482043571711
Epoch 123: 
BAS Score on Validation Data (Training Time 1.067748):  0.9456412792644359
Epoch 124: 
BAS Score on Validation Data (Training Time 1.067470):  0.9490684505286517
Epoch 125: 
BAS Score on Validation Data (Training Time 1.075755):  0.9465511445905955
Epoch 126: 
BAS Score on Validation Data (Training Time 1.067789):  0.9482196992681065
Epoch 127: 
BAS Score on Validation Data (Training Time 1.071476):  0.949594347704095
Epoch 128: 
BAS Score on Validation Data (Training Time 1.068057):  0.9477486763592379
Epoch 129: 
BAS Score on Validation Data (Training Time 1.070550):  0.9486780313514828
Epoch 130: 
BAS Score on Validation Data (Training Time 1.067696):  0.9502783253086459
Epoch 131: 
BAS Score on Validation Data (Training Time 1.067488):  0.9455765847366836
Epoch 132: 
BAS Score on Validation Data (Training Time 1.067789):  0.9517396664191035
Epoch 133: 
BAS Score on Validation Data (Training Time 1.068794):  0.9517613167516797
Epoch 134: 
BAS Score on Validation Data (Training Time 1.068202):  0.9456728412023536
Epoch 135: 
BAS Score on Validation Data (Training Time 1.068464):  0.951569755918597
Epoch 136: 
BAS Score on Validation Data (Training Time 1.075256):  0.9486334307739325
Epoch 137: 
BAS Score on Validation Data (Training Time 1.068320):  0.9490860217286796
Epoch 138: 
BAS Score on Validation Data (Training Time 1.073359):  0.9416916856732085
Epoch 139: 
BAS Score on Validation Data (Training Time 1.067913):  0.947224697649852
Epoch 140: 
BAS Score on Validation Data (Training Time 1.071849):  0.9502719798958998
Epoch 141: 
BAS Score on Validation Data (Training Time 1.067895):  0.951145252053336
Epoch 142: 
BAS Score on Validation Data (Training Time 1.067851):  0.9518234885292579
Epoch 143: 
BAS Score on Validation Data (Training Time 1.067626):  0.9520274837178563
Epoch 144: 
BAS Score on Validation Data (Training Time 1.067324):  0.9510126446193764
Epoch 145: 
BAS Score on Validation Data (Training Time 1.068159):  0.9522043439152258
Epoch 146: 
BAS Score on Validation Data (Training Time 1.067560):  0.9486885615104838
Epoch 147: 
BAS Score on Validation Data (Training Time 1.075353):  0.9491727144031485
Epoch 148: 
BAS Score on Validation Data (Training Time 1.068795):  0.9481855232358508
Epoch 149: 
BAS Score on Validation Data (Training Time 1.072278):  0.9520561750914593
High Quality
0.9621445600610844 0.9701434293145148 0.9794527782803795 0.9621445600610844 0.964464943893872
              precision    recall  f1-score   support

           0       0.99      0.99      0.99     19588
           1       0.97      1.00      0.99      5531
           2       0.98      0.90      0.93      3100

    accuracy                           0.98     28219
   macro avg       0.98      0.96      0.97     28219
weighted avg       0.98      0.98      0.98     28219

Low Quality
0.6967494447809409 0.6540109395397491 0.7714638921140934 0.6967494447809409 0.489838284826332
              precision    recall  f1-score   support

           0       0.97      0.84      0.90       635
           1       0.34      0.85      0.49        65
           2       1.00      0.40      0.57        20

    accuracy                           0.83       720
   macro avg       0.77      0.70      0.65       720
weighted avg       0.92      0.83      0.86       720

Emb Dim: 128
Transformer-FNET-128
=====================================================================================================================================================================
Layer (type:depth-idx)                   Input Shape               Output Shape              Kernel Shape              Param #                   Mult-Adds
=====================================================================================================================================================================
TransfomerBlock                          [2, 21, 495]              [2, 3]                    --                        --                        --
├─MakePatches: 1-1                       [2, 21, 495]              [2, 165, 63]              --                        --                        --
│    └─Unfold: 2-1                       [2, 1, 21, 495]           [2, 63, 165]              [21, 3]                   --                        --
├─Linear: 1-2                            [2, 165, 63]              [2, 165, 128]             --                        8,192                     16,384
├─PositionalEncoding: 1-3                [2, 165, 128]             [2, 165, 128]             --                        --                        --
├─FNET: 1-4                              [2, 165, 128]             [2, 165, 128]             --                        --                        --
│    └─LayerNorm: 2-2                    [2, 165, 128]             [2, 165, 128]             --                        256                       512
│    └─Sequential: 2-3                   [2, 165, 128]             [2, 165, 128]             --                        --                        --
│    │    └─Linear: 3-1                  [2, 165, 128]             [2, 165, 128]             --                        16,512                    33,024
│    │    └─ReLU: 3-2                    [2, 165, 128]             [2, 165, 128]             --                        --                        --
│    │    └─Dropout: 3-3                 [2, 165, 128]             [2, 165, 128]             --                        --                        --
│    │    └─Linear: 3-4                  [2, 165, 128]             [2, 165, 128]             --                        16,512                    33,024
│    └─LayerNorm: 2-4                    [2, 165, 128]             [2, 165, 128]             --                        256                       512
├─Sequential: 1-5                        [2, 128]                  [2, 3]                    --                        --                        --
│    └─Linear: 2-5                       [2, 128]                  [2, 64]                   --                        8,256                     16,512
│    └─ReLU: 2-6                         [2, 64]                   [2, 64]                   --                        --                        --
│    └─Linear: 2-7                       [2, 64]                   [2, 32]                   --                        2,080                     4,160
│    └─ReLU: 2-8                         [2, 32]                   [2, 32]                   --                        --                        --
│    └─Linear: 2-9                       [2, 32]                   [2, 3]                    --                        99                        198
=====================================================================================================================================================================
Total params: 52,163
Trainable params: 52,163
Non-trainable params: 0
Total mult-adds (Units.MEGABYTES): 0.10
=====================================================================================================================================================================
Input size (MB): 0.08
Forward/backward pass size (MB): 1.69
Params size (MB): 0.21
Estimated Total Size (MB): 1.98
=====================================================================================================================================================================
Total Trainable Parameters:  52163
Total Parameters:  52163
Epoch 0: 
BAS Score on Validation Data (Training Time 1.453320):  0.3333333333333333
Epoch 1: 
BAS Score on Validation Data (Training Time 1.212315):  0.5274019271277175
Epoch 2: 
BAS Score on Validation Data (Training Time 1.208715):  0.598558341743284
Epoch 3: 
BAS Score on Validation Data (Training Time 1.207418):  0.547064177797064
Epoch 4: 
BAS Score on Validation Data (Training Time 1.207705):  0.6161220777502918
Epoch 5: 
BAS Score on Validation Data (Training Time 1.207434):  0.6234679134910198
Epoch 6: 
BAS Score on Validation Data (Training Time 1.209320):  0.7152784187598341
Epoch 7: 
BAS Score on Validation Data (Training Time 1.207845):  0.8333774850645623
Epoch 8: 
BAS Score on Validation Data (Training Time 1.207910):  0.8141520022405149
Epoch 9: 
BAS Score on Validation Data (Training Time 1.208371):  0.8759320598699868
Epoch 10: 
BAS Score on Validation Data (Training Time 1.208283):  0.8845980461333545
Epoch 11: 
BAS Score on Validation Data (Training Time 1.209018):  0.8912079919114353
Epoch 12: 
BAS Score on Validation Data (Training Time 1.209073):  0.8944277074081638
Epoch 13: 
BAS Score on Validation Data (Training Time 1.210329):  0.9040142147668484
Epoch 14: 
BAS Score on Validation Data (Training Time 1.208648):  0.8957220228519721
Epoch 15: 
BAS Score on Validation Data (Training Time 1.208816):  0.9073458394632175
Epoch 16: 
BAS Score on Validation Data (Training Time 1.207402):  0.8823418131255911
Epoch 17: 
BAS Score on Validation Data (Training Time 1.208493):  0.9061075583186824
Epoch 18: 
BAS Score on Validation Data (Training Time 1.208296):  0.8962891228311549
Epoch 19: 
BAS Score on Validation Data (Training Time 1.209661):  0.9168462727010929
Epoch 20: 
BAS Score on Validation Data (Training Time 1.209058):  0.9182521495304016
Epoch 21: 
BAS Score on Validation Data (Training Time 1.208648):  0.912206370362111
Epoch 22: 
BAS Score on Validation Data (Training Time 1.209249):  0.9177103431510112
Epoch 23: 
BAS Score on Validation Data (Training Time 1.208809):  0.9208567524270436
Epoch 24: 
BAS Score on Validation Data (Training Time 1.209822):  0.9206253515076969
Epoch 25: 
BAS Score on Validation Data (Training Time 1.208902):  0.9155803436253757
Epoch 26: 
BAS Score on Validation Data (Training Time 1.216649):  0.9241841923771578
Epoch 27: 
BAS Score on Validation Data (Training Time 1.209379):  0.9061457564053154
Epoch 28: 
BAS Score on Validation Data (Training Time 1.213892):  0.9257096237312507
Epoch 29: 
BAS Score on Validation Data (Training Time 1.209936):  0.9187035319169148
Epoch 30: 
BAS Score on Validation Data (Training Time 1.211856):  0.9114261505614328
Epoch 31: 
BAS Score on Validation Data (Training Time 1.208817):  0.9267747902663673
Epoch 32: 
BAS Score on Validation Data (Training Time 1.208924):  0.9280857105424034
Epoch 33: 
BAS Score on Validation Data (Training Time 1.209224):  0.8945521423074836
Epoch 34: 
BAS Score on Validation Data (Training Time 1.209301):  0.9296770449924828
Epoch 35: 
BAS Score on Validation Data (Training Time 1.209232):  0.9300365978600146
Epoch 36: 
BAS Score on Validation Data (Training Time 1.210387):  0.9254766806990725
Epoch 37: 
BAS Score on Validation Data (Training Time 1.208962):  0.9312436020756943
Epoch 38: 
BAS Score on Validation Data (Training Time 1.219654):  0.9274317384933958
Epoch 39: 
BAS Score on Validation Data (Training Time 1.209324):  0.9331211831726093
Epoch 40: 
BAS Score on Validation Data (Training Time 1.214464):  0.9290681126793293
Epoch 41: 
BAS Score on Validation Data (Training Time 1.208826):  0.9312669914789721
Epoch 42: 
BAS Score on Validation Data (Training Time 1.213552):  0.9357449136516535
Epoch 43: 
BAS Score on Validation Data (Training Time 1.210627):  0.9323154618376973
Epoch 44: 
BAS Score on Validation Data (Training Time 1.209705):  0.9300332143557467
Epoch 45: 
BAS Score on Validation Data (Training Time 1.218154):  0.9219300319846934
Epoch 46: 
BAS Score on Validation Data (Training Time 1.210277):  0.9358183112165132
Epoch 47: 
BAS Score on Validation Data (Training Time 1.211042):  0.9382096258728753
Epoch 48: 
BAS Score on Validation Data (Training Time 1.209667):  0.9367759184240572
Epoch 49: 
BAS Score on Validation Data (Training Time 1.217678):  0.9376279936767636
Epoch 50: 
BAS Score on Validation Data (Training Time 1.210802):  0.9342448044364384
Epoch 51: 
BAS Score on Validation Data (Training Time 1.215727):  0.9398418153125537
Epoch 52: 
BAS Score on Validation Data (Training Time 1.210075):  0.9395103495345078
Epoch 53: 
BAS Score on Validation Data (Training Time 1.213239):  0.9408132624017173
Epoch 54: 
BAS Score on Validation Data (Training Time 1.209772):  0.9376493732698207
Epoch 55: 
BAS Score on Validation Data (Training Time 1.209018):  0.9403122482068481
Epoch 56: 
BAS Score on Validation Data (Training Time 1.209482):  0.9423147771430362
Epoch 57: 
BAS Score on Validation Data (Training Time 1.209939):  0.9393557582233744
Epoch 58: 
BAS Score on Validation Data (Training Time 1.209539):  0.9403887585364563
Epoch 59: 
BAS Score on Validation Data (Training Time 1.209717):  0.9396008791410916
Epoch 60: 
BAS Score on Validation Data (Training Time 1.209988):  0.9402622400452662
Epoch 61: 
BAS Score on Validation Data (Training Time 1.217198):  0.9445196535412849
Epoch 62: 
BAS Score on Validation Data (Training Time 1.211746):  0.9400947609507703
Epoch 63: 
BAS Score on Validation Data (Training Time 1.214203):  0.9369592153783365
Epoch 64: 
BAS Score on Validation Data (Training Time 1.213237):  0.9445072191857693
Epoch 65: 
BAS Score on Validation Data (Training Time 1.211998):  0.9448294689867544
Epoch 66: 
BAS Score on Validation Data (Training Time 1.210662):  0.9463921120632305
Epoch 67: 
BAS Score on Validation Data (Training Time 1.209966):  0.9443210516671754
Epoch 68: 
BAS Score on Validation Data (Training Time 1.210500):  0.9406631893814362
Epoch 69: 
BAS Score on Validation Data (Training Time 1.210620):  0.9475538971477002
Epoch 70: 
BAS Score on Validation Data (Training Time 1.210106):  0.943725428733174
Epoch 71: 
BAS Score on Validation Data (Training Time 1.209689):  0.941836713193141
Epoch 72: 
BAS Score on Validation Data (Training Time 1.217888):  0.9451685943594867
Epoch 73: 
BAS Score on Validation Data (Training Time 1.210505):  0.9426663368712841
Epoch 74: 
BAS Score on Validation Data (Training Time 1.214571):  0.9466500151506035
Epoch 75: 
BAS Score on Validation Data (Training Time 1.210168):  0.9461909874389467
Epoch 76: 
BAS Score on Validation Data (Training Time 1.214205):  0.9415135112938985
Epoch 77: 
BAS Score on Validation Data (Training Time 1.210437):  0.9447848684092043
Epoch 78: 
BAS Score on Validation Data (Training Time 1.210221):  0.9463309837280733
Epoch 79: 
BAS Score on Validation Data (Training Time 1.210310):  0.946024295316895
Epoch 80: 
BAS Score on Validation Data (Training Time 1.212157):  0.9462994217901558
Epoch 81: 
BAS Score on Validation Data (Training Time 1.211398):  0.9431836223537836
Epoch 82: 
BAS Score on Validation Data (Training Time 1.211422):  0.9496274802939296
Epoch 83: 
BAS Score on Validation Data (Training Time 1.213501):  0.9454792705590499
Epoch 84: 
BAS Score on Validation Data (Training Time 1.215031):  0.9489004584942027
Epoch 85: 
BAS Score on Validation Data (Training Time 1.213871):  0.9466062753271469
Epoch 86: 
BAS Score on Validation Data (Training Time 1.210591):  0.9473770369503306
Epoch 87: 
BAS Score on Validation Data (Training Time 1.213793):  0.9457384878283633
Epoch 88: 
BAS Score on Validation Data (Training Time 1.210523):  0.9440300159899676
Epoch 89: 
BAS Score on Validation Data (Training Time 1.210182):  0.9475105051383839
Epoch 90: 
BAS Score on Validation Data (Training Time 1.211630):  0.9485189988241176
Epoch 91: 
BAS Score on Validation Data (Training Time 1.211265):  0.9489534142947198
Epoch 92: 
BAS Score on Validation Data (Training Time 1.210567):  0.9466452403897745
Epoch 93: 
BAS Score on Validation Data (Training Time 1.210389):  0.9450586807005243
Epoch 94: 
BAS Score on Validation Data (Training Time 1.210646):  0.9518782714516689
Epoch 95: 
BAS Score on Validation Data (Training Time 1.217968):  0.9460521259364044
Epoch 96: 
BAS Score on Validation Data (Training Time 1.210555):  0.9513619380674267
Epoch 97: 
BAS Score on Validation Data (Training Time 1.215207):  0.9525224232394988
Epoch 98: 
BAS Score on Validation Data (Training Time 1.210136):  0.950438324203811
Epoch 99: 
BAS Score on Validation Data (Training Time 1.214279):  0.9473674731591295
Epoch 100: 
BAS Score on Validation Data (Training Time 1.210160):  0.9482617913650252
Epoch 101: 
BAS Score on Validation Data (Training Time 1.210578):  0.944211500091896
Epoch 102: 
BAS Score on Validation Data (Training Time 1.210989):  0.950952739121996
Epoch 103: 
BAS Score on Validation Data (Training Time 1.213633):  0.9488449799435109
Epoch 104: 
BAS Score on Validation Data (Training Time 1.210900):  0.9532749180343741
Epoch 105: 
BAS Score on Validation Data (Training Time 1.211198):  0.9519471364561335
Epoch 106: 
BAS Score on Validation Data (Training Time 1.216487):  0.9499650350147449
Epoch 107: 
BAS Score on Validation Data (Training Time 1.211787):  0.9476554555836953
Epoch 108: 
BAS Score on Validation Data (Training Time 1.214976):  0.9503118057126209
Epoch 109: 
BAS Score on Validation Data (Training Time 1.210871):  0.9447536542854268
Epoch 110: 
BAS Score on Validation Data (Training Time 1.214368):  0.94856873624618
Epoch 111: 
BAS Score on Validation Data (Training Time 1.209942):  0.9354552977700924
Epoch 112: 
BAS Score on Validation Data (Training Time 1.209965):  0.9506461420549814
Epoch 113: 
BAS Score on Validation Data (Training Time 1.210319):  0.9527331116549836
Epoch 114: 
BAS Score on Validation Data (Training Time 1.211305):  0.9499252091980237
Epoch 115: 
BAS Score on Validation Data (Training Time 1.210028):  0.953148399543184
Epoch 116: 
BAS Score on Validation Data (Training Time 1.211498):  0.9540522815402807
Epoch 117: 
BAS Score on Validation Data (Training Time 1.210596):  0.9416805512300904
Epoch 118: 
BAS Score on Validation Data (Training Time 1.217778):  0.9451858177453741
Epoch 119: 
BAS Score on Validation Data (Training Time 1.210217):  0.950851693625954
Epoch 120: 
BAS Score on Validation Data (Training Time 1.215375):  0.9513368128864189
Epoch 121: 
BAS Score on Validation Data (Training Time 1.211407):  0.9457582339644252
Epoch 122: 
BAS Score on Validation Data (Training Time 1.213681):  0.9531018804995764
Epoch 123: 
BAS Score on Validation Data (Training Time 1.210024):  0.9525779017901904
Epoch 124: 
BAS Score on Validation Data (Training Time 1.210346):  0.9528749350660041
Epoch 125: 
BAS Score on Validation Data (Training Time 1.211762):  0.9531132714126711
Epoch 126: 
BAS Score on Validation Data (Training Time 1.211711):  0.9526094637281081
Epoch 127: 
BAS Score on Validation Data (Training Time 1.210359):  0.9545969584839855
Epoch 128: 
BAS Score on Validation Data (Training Time 1.210002):  0.9476884230477172
Epoch 129: 
BAS Score on Validation Data (Training Time 1.218739):  0.9537058586565448
Epoch 130: 
BAS Score on Validation Data (Training Time 1.211842):  0.9549437291818617
Epoch 131: 
BAS Score on Validation Data (Training Time 1.217463):  0.952484515888835
Epoch 132: 
BAS Score on Validation Data (Training Time 1.211394):  0.9412380227369549
Epoch 133: 
BAS Score on Validation Data (Training Time 1.213443):  0.9557061355820781
Epoch 134: 
BAS Score on Validation Data (Training Time 1.210198):  0.9437114379952841
Epoch 135: 
BAS Score on Validation Data (Training Time 1.211344):  0.9477971138689028
Epoch 136: 
BAS Score on Validation Data (Training Time 1.211143):  0.9546773057457084
Epoch 137: 
BAS Score on Validation Data (Training Time 1.211377):  0.9525160778267527
Epoch 138: 
BAS Score on Validation Data (Training Time 1.210525):  0.9531847505114736
Epoch 139: 
BAS Score on Validation Data (Training Time 1.210814):  0.9270425078880112
Epoch 140: 
BAS Score on Validation Data (Training Time 1.209873):  0.9533131731991782
Epoch 141: 
BAS Score on Validation Data (Training Time 1.218692):  0.9560117805508354
Epoch 142: 
BAS Score on Validation Data (Training Time 1.210428):  0.9559317811032529
Epoch 143: 
BAS Score on Validation Data (Training Time 1.215662):  0.9551021574251096
Epoch 144: 
BAS Score on Validation Data (Training Time 1.212771):  0.9556439638045
Epoch 145: 
BAS Score on Validation Data (Training Time 1.211725):  0.9527827577328826
Epoch 146: 
BAS Score on Validation Data (Training Time 1.210903):  0.9507937065946308
Epoch 147: 
BAS Score on Validation Data (Training Time 1.210671):  0.9529561430818205
Epoch 148: 
BAS Score on Validation Data (Training Time 1.210775):  0.9492240224771279
Epoch 149: 
BAS Score on Validation Data (Training Time 1.210838):  0.9475692163370733
High Quality
0.9604926341385652 0.9700876876998342 0.98110770418586 0.9604926341385652 0.9639616031951632
              precision    recall  f1-score   support

           0       0.99      0.99      0.99     19588
           1       0.98      0.99      0.99      5531
           2       0.98      0.89      0.93      3100

    accuracy                           0.98     28219
   macro avg       0.98      0.96      0.97     28219
weighted avg       0.98      0.98      0.98     28219

Low Quality
0.6624066222491419 0.7226050102269158 0.9097597791866132 0.6624066222491419 0.6712866200860377
              precision    recall  f1-score   support

           0       0.95      0.98      0.96       635
           1       0.78      0.71      0.74        65
           2       1.00      0.30      0.46        20

    accuracy                           0.94       720
   macro avg       0.91      0.66      0.72       720
weighted avg       0.94      0.94      0.93       720

Emb Dim: 64
Transformer-MHA-64
=====================================================================================================================================================================
Layer (type:depth-idx)                   Input Shape               Output Shape              Kernel Shape              Param #                   Mult-Adds
=====================================================================================================================================================================
TransfomerBlock                          [2, 21, 495]              [2, 3]                    --                        --                        --
├─MakePatches: 1-1                       [2, 21, 495]              [2, 165, 63]              --                        --                        --
│    └─Unfold: 2-1                       [2, 1, 21, 495]           [2, 63, 165]              [21, 3]                   --                        --
├─Linear: 1-2                            [2, 165, 63]              [2, 165, 64]              --                        4,096                     8,192
├─PositionalEncoding: 1-3                [2, 165, 64]              [2, 165, 64]              --                        --                        --
├─TransformerEncoderLayer: 1-4           [2, 165, 64]              [2, 165, 64]              --                        --                        --
│    └─MultiheadAttention: 2-2           [2, 165, 64]              [2, 165, 64]              --                        16,640                    --
│    └─Dropout: 2-3                      [2, 165, 64]              [2, 165, 64]              --                        --                        --
│    └─LayerNorm: 2-4                    [2, 165, 64]              [2, 165, 64]              --                        128                       256
│    └─Linear: 2-5                       [2, 165, 64]              [2, 165, 2048]            --                        133,120                   266,240
│    └─Dropout: 2-6                      [2, 165, 2048]            [2, 165, 2048]            --                        --                        --
│    └─Linear: 2-7                       [2, 165, 2048]            [2, 165, 64]              --                        131,136                   262,272
│    └─Dropout: 2-8                      [2, 165, 64]              [2, 165, 64]              --                        --                        --
│    └─LayerNorm: 2-9                    [2, 165, 64]              [2, 165, 64]              --                        128                       256
├─Sequential: 1-5                        [2, 64]                   [2, 3]                    --                        --                        --
│    └─Linear: 2-10                      [2, 64]                   [2, 64]                   --                        4,160                     8,320
│    └─ReLU: 2-11                        [2, 64]                   [2, 64]                   --                        --                        --
│    └─Linear: 2-12                      [2, 64]                   [2, 32]                   --                        2,080                     4,160
│    └─ReLU: 2-13                        [2, 32]                   [2, 32]                   --                        --                        --
│    └─Linear: 2-14                      [2, 32]                   [2, 3]                    --                        99                        198
=====================================================================================================================================================================
Total params: 291,587
Trainable params: 291,587
Non-trainable params: 0
Total mult-adds (Units.MEGABYTES): 0.55
=====================================================================================================================================================================
Input size (MB): 0.08
Forward/backward pass size (MB): 6.08
Params size (MB): 1.10
Estimated Total Size (MB): 7.27
=====================================================================================================================================================================
Total Trainable Parameters:  291587
Total Parameters:  291587
Epoch 0: 
BAS Score on Validation Data (Training Time 1.576568):  0.428377100762867
Epoch 1: 
BAS Score on Validation Data (Training Time 1.557750):  0.584095177327439
Epoch 2: 
BAS Score on Validation Data (Training Time 1.563276):  0.6014664004031066
Epoch 3: 
BAS Score on Validation Data (Training Time 1.557309):  0.6166709251707089
Epoch 4: 
BAS Score on Validation Data (Training Time 1.557474):  0.6277293323379377
Epoch 5: 
BAS Score on Validation Data (Training Time 1.557006):  0.8195034225448303
Epoch 6: 
BAS Score on Validation Data (Training Time 1.559408):  0.7404797665783799
Epoch 7: 
BAS Score on Validation Data (Training Time 1.558955):  0.8880900660745644
Epoch 8: 
BAS Score on Validation Data (Training Time 1.557797):  0.8836394154798394
Epoch 9: 
BAS Score on Validation Data (Training Time 1.557506):  0.8716164709274108
Epoch 10: 
BAS Score on Validation Data (Training Time 1.557365):  0.8965779264941575
Epoch 11: 
BAS Score on Validation Data (Training Time 1.557590):  0.9065712066419268
Epoch 12: 
BAS Score on Validation Data (Training Time 1.557888):  0.9087914650346266
Epoch 13: 
BAS Score on Validation Data (Training Time 1.560535):  0.9048327668069516
Epoch 14: 
BAS Score on Validation Data (Training Time 1.560091):  0.9155193318804963
Epoch 15: 
BAS Score on Validation Data (Training Time 1.559267):  0.9145798430789259
Epoch 16: 
BAS Score on Validation Data (Training Time 1.561448):  0.8811958263816977
Epoch 17: 
BAS Score on Validation Data (Training Time 1.561734):  0.9214782247094191
Epoch 18: 
BAS Score on Validation Data (Training Time 1.561560):  0.9227474492382121
Epoch 19: 
BAS Score on Validation Data (Training Time 1.559608):  0.9248226801109793
Epoch 20: 
BAS Score on Validation Data (Training Time 1.558578):  0.9209610448406261
Epoch 21: 
BAS Score on Validation Data (Training Time 1.558881):  0.9255516489158494
Epoch 22: 
BAS Score on Validation Data (Training Time 1.557956):  0.9243048674189839
Epoch 23: 
BAS Score on Validation Data (Training Time 1.559781):  0.9319731466255957
Epoch 24: 
BAS Score on Validation Data (Training Time 1.558787):  0.9254856544756995
Epoch 25: 
BAS Score on Validation Data (Training Time 1.565652):  0.926628916261884
Epoch 26: 
BAS Score on Validation Data (Training Time 1.563132):  0.9292214183476079
Epoch 27: 
BAS Score on Validation Data (Training Time 1.558477):  0.9372164228374289
Epoch 28: 
BAS Score on Validation Data (Training Time 1.561568):  0.921378599009024
Epoch 29: 
BAS Score on Validation Data (Training Time 1.559848):  0.9331650000706868
Epoch 30: 
BAS Score on Validation Data (Training Time 1.558284):  0.9286316731289631
Epoch 31: 
BAS Score on Validation Data (Training Time 1.559104):  0.9287573594051453
Epoch 32: 
BAS Score on Validation Data (Training Time 1.559129):  0.9384031679770933
Epoch 33: 
BAS Score on Validation Data (Training Time 1.559409):  0.936483403439096
Epoch 34: 
BAS Score on Validation Data (Training Time 1.566023):  0.9438082844755283
Epoch 35: 
BAS Score on Validation Data (Training Time 1.559764):  0.9337159738916027
Epoch 36: 
BAS Score on Validation Data (Training Time 1.564694):  0.9442136607583874
Epoch 37: 
BAS Score on Validation Data (Training Time 1.562527):  0.9403377982766171
Epoch 38: 
BAS Score on Validation Data (Training Time 1.559583):  0.9468048772012566
Epoch 39: 
BAS Score on Validation Data (Training Time 1.559961):  0.944864249303127
Epoch 40: 
BAS Score on Validation Data (Training Time 1.559978):  0.9340863133881122
Epoch 41: 
BAS Score on Validation Data (Training Time 1.558995):  0.9466754881457518
Epoch 42: 
BAS Score on Validation Data (Training Time 1.560617):  0.943546650069747
Epoch 43: 
BAS Score on Validation Data (Training Time 1.565571):  0.9458490828460633
Epoch 44: 
BAS Score on Validation Data (Training Time 1.561098):  0.9303458375604526
Epoch 45: 
BAS Score on Validation Data (Training Time 1.565233):  0.941594192100219
Epoch 46: 
BAS Score on Validation Data (Training Time 1.562890):  0.9358772788851791
Epoch 47: 
BAS Score on Validation Data (Training Time 1.560173):  0.9367649666692665
Epoch 48: 
BAS Score on Validation Data (Training Time 1.562123):  0.944560522800427
Epoch 49: 
BAS Score on Validation Data (Training Time 1.559933):  0.9413662802988466
Epoch 50: 
BAS Score on Validation Data (Training Time 1.579529):  0.931510416134616
Epoch 51: 
BAS Score on Validation Data (Training Time 1.560739):  0.9236674088580402
Epoch 52: 
BAS Score on Validation Data (Training Time 1.562597):  0.9374106891090133
Epoch 53: 
BAS Score on Validation Data (Training Time 1.565988):  0.9373211258702296
Epoch 54: 
BAS Score on Validation Data (Training Time 1.565478):  0.9477429352306087
Epoch 55: 
BAS Score on Validation Data (Training Time 1.561167):  0.941447864667889
Epoch 56: 
BAS Score on Validation Data (Training Time 1.562647):  0.9420355715372271
Epoch 57: 
BAS Score on Validation Data (Training Time 1.561134):  0.9443061859056491
Epoch 58: 
BAS Score on Validation Data (Training Time 1.559759):  0.9459434351152188
Epoch 59: 
BAS Score on Validation Data (Training Time 1.560557):  0.9495143482565123
Epoch 60: 
BAS Score on Validation Data (Training Time 1.561400):  0.9351952197466854
Epoch 61: 
BAS Score on Validation Data (Training Time 1.559615):  0.924352318564399
Epoch 62: 
BAS Score on Validation Data (Training Time 1.565840):  0.9474210332437639
Epoch 63: 
BAS Score on Validation Data (Training Time 1.564529):  0.9379212813646264
Epoch 64: 
BAS Score on Validation Data (Training Time 1.559853):  0.9493499224146583
Epoch 65: 
BAS Score on Validation Data (Training Time 1.563054):  0.923152990646884
Epoch 66: 
BAS Score on Validation Data (Training Time 1.559957):  0.9507742169285457
Epoch 67: 
BAS Score on Validation Data (Training Time 1.559217):  0.9374539412386307
Epoch 68: 
BAS Score on Validation Data (Training Time 1.559444):  0.9491956646481224
Epoch 69: 
BAS Score on Validation Data (Training Time 1.560054):  0.9361054614260711
Epoch 70: 
BAS Score on Validation Data (Training Time 1.559040):  0.941075002421205
Epoch 71: 
BAS Score on Validation Data (Training Time 1.567199):  0.943474310216851
Epoch 72: 
BAS Score on Validation Data (Training Time 1.562030):  0.9521119101121277
Epoch 73: 
BAS Score on Validation Data (Training Time 1.562138):  0.9384898121160271
Epoch 74: 
BAS Score on Validation Data (Training Time 1.561622):  0.9523002525667557
Epoch 75: 
BAS Score on Validation Data (Training Time 1.559326):  0.9526846741453188
Epoch 76: 
BAS Score on Validation Data (Training Time 1.559477):  0.9524207734593398
Epoch 77: 
BAS Score on Validation Data (Training Time 1.560074):  0.9531149191392089
Epoch 78: 
BAS Score on Validation Data (Training Time 1.559163):  0.9513253306291606
Epoch 79: 
BAS Score on Validation Data (Training Time 1.559635):  0.9523038187593508
Epoch 80: 
BAS Score on Validation Data (Training Time 1.565733):  0.9473703437234442
Epoch 81: 
BAS Score on Validation Data (Training Time 1.560870):  0.9406016504270607
Epoch 82: 
BAS Score on Validation Data (Training Time 1.565034):  0.9305307589518489
Epoch 83: 
BAS Score on Validation Data (Training Time 1.563376):  0.948559172454979
Epoch 84: 
BAS Score on Validation Data (Training Time 1.559790):  0.9538859372323693
Epoch 85: 
BAS Score on Validation Data (Training Time 1.561024):  0.9383979968665889
Epoch 86: 
BAS Score on Validation Data (Training Time 1.559703):  0.9491551574726635
Epoch 87: 
BAS Score on Validation Data (Training Time 1.559822):  0.8949085105853108
Epoch 88: 
BAS Score on Validation Data (Training Time 1.559190):  0.9535114272591474
Epoch 89: 
BAS Score on Validation Data (Training Time 1.567807):  0.9539971508037293
Epoch 90: 
BAS Score on Validation Data (Training Time 1.560691):  0.9508855218440693
Epoch 91: 
BAS Score on Validation Data (Training Time 1.564645):  0.9542782748755956
Epoch 92: 
BAS Score on Validation Data (Training Time 1.562059):  0.9482495221353227
Epoch 93: 
BAS Score on Validation Data (Training Time 1.559688):  0.9356094927315505
Epoch 94: 
BAS Score on Validation Data (Training Time 1.560942):  0.951728184161845
Epoch 95: 
BAS Score on Validation Data (Training Time 1.560000):  0.9526027705012217
Epoch 96: 
BAS Score on Validation Data (Training Time 1.559921):  0.9508232587223276
Epoch 97: 
BAS Score on Validation Data (Training Time 1.560910):  0.954622175009157
Epoch 98: 
BAS Score on Validation Data (Training Time 1.559823):  0.9507892653783993
Epoch 99: 
BAS Score on Validation Data (Training Time 1.565972):  0.9379358421206407
Epoch 100: 
BAS Score on Validation Data (Training Time 1.565356):  0.9530275308364593
Epoch 101: 
BAS Score on Validation Data (Training Time 1.561749):  0.9534993407177721
Epoch 102: 
BAS Score on Validation Data (Training Time 1.562628):  0.943858321176196
Epoch 103: 
BAS Score on Validation Data (Training Time 1.561053):  0.9541708839668076
Epoch 104: 
BAS Score on Validation Data (Training Time 1.559165):  0.953740291158777
Epoch 105: 
BAS Score on Validation Data (Training Time 1.559436):  0.9540003691821841
Epoch 106: 
BAS Score on Validation Data (Training Time 1.560440):  0.9536315089934279
Epoch 107: 
BAS Score on Validation Data (Training Time 1.561028):  0.9514297596294704
Epoch 108: 
BAS Score on Validation Data (Training Time 1.567194):  0.954535482334688
Epoch 109: 
BAS Score on Validation Data (Training Time 1.565298):  0.9517511486763618
Epoch 110: 
BAS Score on Validation Data (Training Time 1.560400):  0.9468893464041562
Epoch 111: 
BAS Score on Validation Data (Training Time 1.562338):  0.9375148131038112
Epoch 112: 
BAS Score on Validation Data (Training Time 1.561842):  0.9526317326143442
Epoch 113: 
BAS Score on Validation Data (Training Time 1.559602):  0.9404399609967293
Epoch 114: 
BAS Score on Validation Data (Training Time 1.560255):  0.9546007811465573
Epoch 115: 
BAS Score on Validation Data (Training Time 1.560436):  0.9522257377778255
Epoch 116: 
BAS Score on Validation Data (Training Time 1.560194):  0.9536564690486227
Epoch 117: 
BAS Score on Validation Data (Training Time 1.571061):  0.9458245134136373
Epoch 118: 
BAS Score on Validation Data (Training Time 1.560994):  0.9533045757757773
Epoch 119: 
BAS Score on Validation Data (Training Time 1.564409):  0.9479847464257073
Epoch 120: 
BAS Score on Validation Data (Training Time 1.562498):  0.9537351685838077
Epoch 121: 
BAS Score on Validation Data (Training Time 1.559881):  0.9532729995683168
Epoch 122: 
BAS Score on Validation Data (Training Time 1.560690):  0.9550033782092653
Epoch 123: 
BAS Score on Validation Data (Training Time 1.559633):  0.953697246963601
Epoch 124: 
BAS Score on Validation Data (Training Time 1.561188):  0.9543534852928062
Epoch 125: 
BAS Score on Validation Data (Training Time 1.561065):  0.9508963227425898
Epoch 126: 
BAS Score on Validation Data (Training Time 1.566683):  0.9327027339841254
Epoch 127: 
BAS Score on Validation Data (Training Time 1.560186):  0.9537087292208595
Epoch 128: 
BAS Score on Validation Data (Training Time 1.565942):  0.9554364937674701
Epoch 129: 
BAS Score on Validation Data (Training Time 1.564078):  0.9538801961037402
Epoch 130: 
BAS Score on Validation Data (Training Time 1.560355):  0.9554119728705791
Epoch 131: 
BAS Score on Validation Data (Training Time 1.562060):  0.9545393049972599
Epoch 132: 
BAS Score on Validation Data (Training Time 1.560363):  0.9433999890928195
Epoch 133: 
BAS Score on Validation Data (Training Time 1.559836):  0.9530097945106184
Epoch 134: 
BAS Score on Validation Data (Training Time 1.561841):  0.9527739038395048
Epoch 135: 
BAS Score on Validation Data (Training Time 1.566479):  0.953422753313543
Epoch 136: 
BAS Score on Validation Data (Training Time 1.561214):  0.9539283000688075
Epoch 137: 
BAS Score on Validation Data (Training Time 1.564789):  0.9553131023105713
Epoch 138: 
BAS Score on Validation Data (Training Time 1.564075):  0.9538957860326326
Epoch 139: 
BAS Score on Validation Data (Training Time 1.561288):  0.9422647204459191
Epoch 140: 
BAS Score on Validation Data (Training Time 1.561629):  0.9545638401636936
Epoch 141: 
BAS Score on Validation Data (Training Time 1.559918):  0.9551987617049199
Epoch 142: 
BAS Score on Validation Data (Training Time 1.559876):  0.9573895560211151
Epoch 143: 
BAS Score on Validation Data (Training Time 1.560450):  0.9569478287699668
Epoch 144: 
BAS Score on Validation Data (Training Time 1.559898):  0.9537380391481222
Epoch 145: 
BAS Score on Validation Data (Training Time 1.569103):  0.9443844890911586
Epoch 146: 
BAS Score on Validation Data (Training Time 1.565111):  0.9551827611568092
Epoch 147: 
BAS Score on Validation Data (Training Time 1.560215):  0.9545699148369202
Epoch 148: 
BAS Score on Validation Data (Training Time 1.563368):  0.9552111960604356
Epoch 149: 
BAS Score on Validation Data (Training Time 1.561143):  0.9451462769377154
High Quality
0.9606391786394527 0.970524498944698 0.9820018291628223 0.9606391786394527 0.9642799414902266
              precision    recall  f1-score   support

           0       0.99      0.99      0.99     19588
           1       0.98      1.00      0.99      5531
           2       0.98      0.89      0.94      3100

    accuracy                           0.98     28219
   macro avg       0.98      0.96      0.97     28219
weighted avg       0.98      0.98      0.98     28219

Low Quality
0.695275590551181 0.7473530260246394 0.9251923076923076 0.695275590551181 0.7490904101588034
              precision    recall  f1-score   support

           0       0.96      0.99      0.97       635
           1       0.81      0.80      0.81        65
           2       1.00      0.30      0.46        20

    accuracy                           0.95       720
   macro avg       0.93      0.70      0.75       720
weighted avg       0.95      0.95      0.94       720

Emb Dim: 128
Transformer-MHA-128
=====================================================================================================================================================================
Layer (type:depth-idx)                   Input Shape               Output Shape              Kernel Shape              Param #                   Mult-Adds
=====================================================================================================================================================================
TransfomerBlock                          [2, 21, 495]              [2, 3]                    --                        --                        --
├─MakePatches: 1-1                       [2, 21, 495]              [2, 165, 63]              --                        --                        --
│    └─Unfold: 2-1                       [2, 1, 21, 495]           [2, 63, 165]              [21, 3]                   --                        --
├─Linear: 1-2                            [2, 165, 63]              [2, 165, 128]             --                        8,192                     16,384
├─PositionalEncoding: 1-3                [2, 165, 128]             [2, 165, 128]             --                        --                        --
├─TransformerEncoderLayer: 1-4           [2, 165, 128]             [2, 165, 128]             --                        --                        --
│    └─MultiheadAttention: 2-2           [2, 165, 128]             [2, 165, 128]             --                        66,048                    --
│    └─Dropout: 2-3                      [2, 165, 128]             [2, 165, 128]             --                        --                        --
│    └─LayerNorm: 2-4                    [2, 165, 128]             [2, 165, 128]             --                        256                       512
│    └─Linear: 2-5                       [2, 165, 128]             [2, 165, 2048]            --                        264,192                   528,384
│    └─Dropout: 2-6                      [2, 165, 2048]            [2, 165, 2048]            --                        --                        --
│    └─Linear: 2-7                       [2, 165, 2048]            [2, 165, 128]             --                        262,272                   524,544
│    └─Dropout: 2-8                      [2, 165, 128]             [2, 165, 128]             --                        --                        --
│    └─LayerNorm: 2-9                    [2, 165, 128]             [2, 165, 128]             --                        256                       512
├─Sequential: 1-5                        [2, 128]                  [2, 3]                    --                        --                        --
│    └─Linear: 2-10                      [2, 128]                  [2, 64]                   --                        8,256                     16,512
│    └─ReLU: 2-11                        [2, 64]                   [2, 64]                   --                        --                        --
│    └─Linear: 2-12                      [2, 64]                   [2, 32]                   --                        2,080                     4,160
│    └─ReLU: 2-13                        [2, 32]                   [2, 32]                   --                        --                        --
│    └─Linear: 2-14                      [2, 32]                   [2, 3]                    --                        99                        198
=====================================================================================================================================================================
Total params: 611,651
Trainable params: 611,651
Non-trainable params: 0
Total mult-adds (Units.MEGABYTES): 1.09
=====================================================================================================================================================================
Input size (MB): 0.08
Forward/backward pass size (MB): 6.76
Params size (MB): 2.18
Estimated Total Size (MB): 9.03
=====================================================================================================================================================================
Total Trainable Parameters:  611651
Total Parameters:  611651
Epoch 0: 
BAS Score on Validation Data (Training Time 1.721524):  0.3333333333333333
Epoch 1: 
BAS Score on Validation Data (Training Time 1.708996):  0.6025347853166781
Epoch 2: 
BAS Score on Validation Data (Training Time 1.717167):  0.6160736402406269
Epoch 3: 
BAS Score on Validation Data (Training Time 1.708437):  0.7461836896893222
Epoch 4: 
BAS Score on Validation Data (Training Time 1.713125):  0.8383130384426748
Epoch 5: 
BAS Score on Validation Data (Training Time 1.709482):  0.8823450029649605
Epoch 6: 
BAS Score on Validation Data (Training Time 1.708591):  0.8471474126129249
Epoch 7: 
BAS Score on Validation Data (Training Time 1.708423):  0.9103010214507647
Epoch 8: 
BAS Score on Validation Data (Training Time 1.708129):  0.8727985436269812
Epoch 9: 
BAS Score on Validation Data (Training Time 1.708551):  0.9158534602884153
Epoch 10: 
BAS Score on Validation Data (Training Time 1.709030):  0.9199219270456891
Epoch 11: 
BAS Score on Validation Data (Training Time 1.750890):  0.9147426839993201
Epoch 12: 
BAS Score on Validation Data (Training Time 1.727704):  0.9103882984129011
Epoch 13: 
BAS Score on Validation Data (Training Time 1.709868):  0.9091689369163266
Epoch 14: 
BAS Score on Validation Data (Training Time 1.709669):  0.9224399000729403
Epoch 15: 
BAS Score on Validation Data (Training Time 1.713228):  0.9254438959233782
Epoch 16: 
BAS Score on Validation Data (Training Time 1.709423):  0.9260696157570867
Epoch 17: 
BAS Score on Validation Data (Training Time 1.709538):  0.92922462245652
Epoch 18: 
BAS Score on Validation Data (Training Time 1.709205):  0.9286397090768755
Epoch 19: 
BAS Score on Validation Data (Training Time 1.709742):  0.9274455641054726
Epoch 20: 
BAS Score on Validation Data (Training Time 1.708879):  0.8803086543532931
Epoch 21: 
BAS Score on Validation Data (Training Time 1.710016):  0.9393757465598701
Epoch 22: 
BAS Score on Validation Data (Training Time 1.711499):  0.9274726848271588
Epoch 23: 
BAS Score on Validation Data (Training Time 1.710992):  0.9291880150182538
Epoch 24: 
BAS Score on Validation Data (Training Time 1.715660):  0.9345240100422476
Epoch 25: 
BAS Score on Validation Data (Training Time 1.711740):  0.9379479629280084
Epoch 26: 
BAS Score on Validation Data (Training Time 1.713085):  0.9386873277390876
Epoch 27: 
BAS Score on Validation Data (Training Time 1.715797):  0.929654277435836
Epoch 28: 
BAS Score on Validation Data (Training Time 1.711640):  0.9428064982862239
Epoch 29: 
BAS Score on Validation Data (Training Time 1.712462):  0.9104175830940497
Epoch 30: 
BAS Score on Validation Data (Training Time 1.709585):  0.9358268172957506
Epoch 31: 
BAS Score on Validation Data (Training Time 1.711085):  0.9404865713845005
Epoch 32: 
BAS Score on Validation Data (Training Time 1.710466):  0.9428397222202222
Epoch 33: 
BAS Score on Validation Data (Training Time 1.717360):  0.9190974830206865
Epoch 34: 
BAS Score on Validation Data (Training Time 1.716533):  0.9297952853353265
Epoch 35: 
BAS Score on Validation Data (Training Time 1.712706):  0.9458576945390073
Epoch 36: 
BAS Score on Validation Data (Training Time 1.711247):  0.9394299109286214
Epoch 37: 
BAS Score on Validation Data (Training Time 1.712178):  0.9352158551759265
Epoch 38: 
BAS Score on Validation Data (Training Time 1.710726):  0.9504762315544749
Epoch 39: 
BAS Score on Validation Data (Training Time 1.711180):  0.9441006200651336
Epoch 40: 
BAS Score on Validation Data (Training Time 1.710751):  0.9469833993947067
Epoch 41: 
BAS Score on Validation Data (Training Time 1.716825):  0.9479303255869794
Epoch 42: 
BAS Score on Validation Data (Training Time 1.714239):  0.8966853769150522
Epoch 43: 
BAS Score on Validation Data (Training Time 1.719913):  0.9364257927609989
Epoch 44: 
BAS Score on Validation Data (Training Time 1.713215):  0.9423810565922484
Epoch 45: 
BAS Score on Validation Data (Training Time 1.711613):  0.9501725050517749
Epoch 46: 
BAS Score on Validation Data (Training Time 1.709837):  0.901969810210819
Epoch 47: 
BAS Score on Validation Data (Training Time 1.710496):  0.9435676333131284
Epoch 48: 
BAS Score on Validation Data (Training Time 1.710856):  0.9519136560521585
Epoch 49: 
BAS Score on Validation Data (Training Time 1.717605):  0.950099546645219
Epoch 50: 
BAS Score on Validation Data (Training Time 1.712270):  0.954005762496673
Epoch 51: 
BAS Score on Validation Data (Training Time 1.714713):  0.9443344381209483
Epoch 52: 
BAS Score on Validation Data (Training Time 1.713159):  0.9111158364455528
Epoch 53: 
BAS Score on Validation Data (Training Time 1.711749):  0.9170894836953888
Epoch 54: 
BAS Score on Validation Data (Training Time 1.709754):  0.9405560834817104
Epoch 55: 
BAS Score on Validation Data (Training Time 1.710252):  0.9455236432057089
Epoch 56: 
BAS Score on Validation Data (Training Time 1.711661):  0.9231601996294531
Epoch 57: 
BAS Score on Validation Data (Training Time 1.709924):  0.9462165660478012
Epoch 58: 
BAS Score on Validation Data (Training Time 1.718301):  0.9461048990485946
Epoch 59: 
BAS Score on Validation Data (Training Time 1.715698):  0.9441002237154582
Epoch 60: 
BAS Score on Validation Data (Training Time 1.712715):  0.9426296666279398
Epoch 61: 
BAS Score on Validation Data (Training Time 1.710958):  0.9533010866578029
Epoch 62: 
BAS Score on Validation Data (Training Time 1.711944):  0.9288927745983414
Epoch 63: 
BAS Score on Validation Data (Training Time 1.710391):  0.9410985084147606
Epoch 64: 
BAS Score on Validation Data (Training Time 1.710720):  0.9556596165384706
Epoch 65: 
BAS Score on Validation Data (Training Time 1.710681):  0.9450672295883901
Epoch 66: 
BAS Score on Validation Data (Training Time 1.717266):  0.9438005906148494
Epoch 67: 
BAS Score on Validation Data (Training Time 1.715022):  0.9543538331069464
Epoch 68: 
BAS Score on Validation Data (Training Time 1.711267):  0.9395039555862265
Epoch 69: 
BAS Score on Validation Data (Training Time 1.713127):  0.956668970978298
Epoch 70: 
BAS Score on Validation Data (Training Time 1.713585):  0.9551834567850898
Epoch 71: 
BAS Score on Validation Data (Training Time 1.711115):  0.950251190317417
Epoch 72: 
BAS Score on Validation Data (Training Time 1.712480):  0.9533581358604115
Epoch 73: 
BAS Score on Validation Data (Training Time 1.714763):  0.9468227334103466
Epoch 74: 
BAS Score on Validation Data (Training Time 1.718885):  0.9497228617359631
Epoch 75: 
BAS Score on Validation Data (Training Time 1.711590):  0.9556965717908771
Epoch 76: 
BAS Score on Validation Data (Training Time 1.716121):  0.9524873864531496
Epoch 77: 
BAS Score on Validation Data (Training Time 1.714417):  0.940019670416809
Epoch 78: 
BAS Score on Validation Data (Training Time 1.712491):  0.9474037613223412
Epoch 79: 
BAS Score on Validation Data (Training Time 1.711428):  0.9511955937595155
Epoch 80: 
BAS Score on Validation Data (Training Time 1.710090):  0.9533441308529788
Epoch 81: 
BAS Score on Validation Data (Training Time 1.712568):  0.9513526307462024
Epoch 82: 
BAS Score on Validation Data (Training Time 1.711454):  0.9558769981808418
Epoch 83: 
BAS Score on Validation Data (Training Time 1.718236):  0.9559636908553109
Epoch 84: 
BAS Score on Validation Data (Training Time 1.714916):  0.9567066218589851
Epoch 85: 
BAS Score on Validation Data (Training Time 1.713158):  0.9560503835297798
Epoch 86: 
BAS Score on Validation Data (Training Time 1.710526):  0.9539385452187462
Epoch 87: 
BAS Score on Validation Data (Training Time 1.713708):  0.9518773964280324
Epoch 88: 
BAS Score on Validation Data (Training Time 1.709967):  0.9310498487440633
Epoch 89: 
BAS Score on Validation Data (Training Time 1.711918):  0.9478077948841741
Epoch 90: 
BAS Score on Validation Data (Training Time 1.711467):  0.9279551724307714
Epoch 91: 
BAS Score on Validation Data (Training Time 1.718763):  0.9529670981295828
Epoch 92: 
BAS Score on Validation Data (Training Time 1.715025):  0.9553994471708999
Epoch 93: 
BAS Score on Validation Data (Training Time 1.712799):  0.9567273200933042
Epoch 94: 
BAS Score on Validation Data (Training Time 1.714420):  0.95606568844961
Epoch 95: 
BAS Score on Validation Data (Training Time 1.714047):  0.9454857358550451
Epoch 96: 
BAS Score on Validation Data (Training Time 1.711053):  0.9515172392763835
Epoch 97: 
BAS Score on Validation Data (Training Time 1.710482):  0.9564000247919705
Epoch 98: 
BAS Score on Validation Data (Training Time 1.714245):  0.9413232018376781
Epoch 99: 
BAS Score on Validation Data (Training Time 1.718268):  0.9577067603217517
Epoch 100: 
BAS Score on Validation Data (Training Time 1.711522):  0.9588451560029436
Epoch 101: 
BAS Score on Validation Data (Training Time 1.716172):  0.9576066811935099
Epoch 102: 
BAS Score on Validation Data (Training Time 1.713772):  0.9552456285626679
Epoch 103: 
BAS Score on Validation Data (Training Time 1.713924):  0.9564838469021248
Epoch 104: 
BAS Score on Validation Data (Training Time 1.711782):  0.9355415170202651
Epoch 105: 
BAS Score on Validation Data (Training Time 1.711903):  0.9586654252412594
Epoch 106: 
BAS Score on Validation Data (Training Time 1.713690):  0.9565641028196842
Epoch 107: 
BAS Score on Validation Data (Training Time 1.714499):  0.952876018024082
Epoch 108: 
BAS Score on Validation Data (Training Time 1.716421):  0.9411593802799412
Epoch 109: 
BAS Score on Validation Data (Training Time 1.716046):  0.9483405051697531
Epoch 110: 
BAS Score on Validation Data (Training Time 1.713307):  0.9511688351215124
Epoch 111: 
BAS Score on Validation Data (Training Time 1.710926):  0.9502879033693898
Epoch 112: 
BAS Score on Validation Data (Training Time 1.716256):  0.9306180163947779
Epoch 113: 
BAS Score on Validation Data (Training Time 1.711598):  0.9530234659734536
Epoch 114: 
BAS Score on Validation Data (Training Time 1.711405):  0.9537900285808396
Epoch 115: 
BAS Score on Validation Data (Training Time 1.710946):  0.955545532402796
Epoch 116: 
BAS Score on Validation Data (Training Time 1.717644):  0.9588920228606913
Epoch 117: 
BAS Score on Validation Data (Training Time 1.715327):  0.959765038548151
Epoch 118: 
BAS Score on Validation Data (Training Time 1.712093):  0.9560439610424128
Epoch 119: 
BAS Score on Validation Data (Training Time 1.714887):  0.9566521096760936
Epoch 120: 
BAS Score on Validation Data (Training Time 1.713268):  0.9511401437479093
Epoch 121: 
BAS Score on Validation Data (Training Time 1.711091):  0.9562170756518314
Epoch 122: 
BAS Score on Validation Data (Training Time 1.711162):  0.9518198309924991
Epoch 123: 
BAS Score on Validation Data (Training Time 1.711129):  0.9555184116811098
Epoch 124: 
BAS Score on Validation Data (Training Time 1.717058):  0.9503302662058281
Epoch 125: 
BAS Score on Validation Data (Training Time 1.713112):  0.944458747410112
Epoch 126: 
BAS Score on Validation Data (Training Time 1.713529):  0.9545122613501946
Epoch 127: 
BAS Score on Validation Data (Training Time 1.721890):  0.9563036769821368
Epoch 128: 
BAS Score on Validation Data (Training Time 1.712425):  0.9598488606583054
Epoch 129: 
BAS Score on Validation Data (Training Time 1.711785):  0.9554285777028069
Epoch 130: 
BAS Score on Validation Data (Training Time 1.713106):  0.9598584244495064
Epoch 131: 
BAS Score on Validation Data (Training Time 1.711809):  0.9558084809905177
Epoch 132: 
BAS Score on Validation Data (Training Time 1.717963):  0.9537874430255872
Epoch 133: 
BAS Score on Validation Data (Training Time 1.713564):  0.958706550970378
Epoch 134: 
BAS Score on Validation Data (Training Time 1.715854):  0.9583509121095816
Epoch 135: 
BAS Score on Validation Data (Training Time 1.715153):  0.9535589269400978
Epoch 136: 
BAS Score on Validation Data (Training Time 1.711828):  0.9597966004860687
Epoch 137: 
BAS Score on Validation Data (Training Time 1.742800):  0.9495057651026543
Epoch 138: 
BAS Score on Validation Data (Training Time 1.711974):  0.9606877003135094
Epoch 139: 
BAS Score on Validation Data (Training Time 1.715898):  0.9531047653334337
Epoch 140: 
BAS Score on Validation Data (Training Time 1.711076):  0.9600566785094756
Epoch 141: 
BAS Score on Validation Data (Training Time 1.719263):  0.953997165073272
Epoch 142: 
BAS Score on Validation Data (Training Time 1.716571):  0.950148887717606
Epoch 143: 
BAS Score on Validation Data (Training Time 1.713950):  0.9504945721644328
Epoch 144: 
BAS Score on Validation Data (Training Time 1.711415):  0.9529641647601901
Epoch 145: 
BAS Score on Validation Data (Training Time 1.713885):  0.959480439627853
Epoch 146: 
BAS Score on Validation Data (Training Time 1.712812):  0.9601682398949759
Epoch 147: 
BAS Score on Validation Data (Training Time 1.712317):  0.9607868273434939
Epoch 148: 
BAS Score on Validation Data (Training Time 1.711746):  0.9523746022298726
Epoch 149: 
BAS Score on Validation Data (Training Time 1.718517):  0.9577813664548455
High Quality
0.9666826844135358 0.9743503679638604 0.9830534003973325 0.9666826844135358 0.9687096548648867
              precision    recall  f1-score   support

           0       0.99      0.99      0.99     19588
           1       0.98      1.00      0.99      5531
           2       0.98      0.91      0.94      3100

    accuracy                           0.99     28219
   macro avg       0.98      0.97      0.97     28219
weighted avg       0.99      0.99      0.99     28219

Low Quality
0.6488693720977187 0.556022704440426 0.6362565774473138 0.6488693720977187 0.3707081293578376
              precision    recall  f1-score   support

           0       0.97      0.72      0.83       635
           1       0.24      0.88      0.38        65
           2       0.70      0.35      0.47        20

    accuracy                           0.72       720
   macro avg       0.64      0.65      0.56       720
weighted avg       0.90      0.72      0.78       720


High Quality Post 2020
                          mean  std  sem  count
Model                                          
Transformer-FNET-128  0.970088  NaN  NaN      1
Transformer-FNET-64   0.970143  NaN  NaN      1
Transformer-MHA-128   0.974350  NaN  NaN      1
Transformer-MHA-64    0.970524  NaN  NaN      1
                          mean  std  sem  count
Model                                          
Transformer-FNET-128  0.960493  NaN  NaN      1
Transformer-FNET-64   0.962145  NaN  NaN      1
Transformer-MHA-128   0.966683  NaN  NaN      1
Transformer-MHA-64    0.960639  NaN  NaN      1
                          mean  std  sem  count
Model                                          
Transformer-FNET-128  0.963962  NaN  NaN      1
Transformer-FNET-64   0.964465  NaN  NaN      1
Transformer-MHA-128   0.968710  NaN  NaN      1
Transformer-MHA-64    0.964280  NaN  NaN      1

Low Quality Post 2020
                          mean  std  sem  count
Model                                          
Transformer-FNET-128  0.722605  NaN  NaN      1
Transformer-FNET-64   0.654011  NaN  NaN      1
Transformer-MHA-128   0.556023  NaN  NaN      1
Transformer-MHA-64    0.747353  NaN  NaN      1
                          mean  std  sem  count
Model                                          
Transformer-FNET-128  0.662407  NaN  NaN      1
Transformer-FNET-64   0.696749  NaN  NaN      1
Transformer-MHA-128   0.648869  NaN  NaN      1
Transformer-MHA-64    0.695276  NaN  NaN      1
                          mean  std  sem  count
Model                                          
Transformer-FNET-128  0.671287  NaN  NaN      1
Transformer-FNET-64   0.489838  NaN  NaN      1
Transformer-MHA-128   0.370708  NaN  NaN      1
Transformer-MHA-64    0.749090  NaN  NaN      1
Saving Results
************Fold: 1
Data Shape Before Sampling:  (59972, 21, 495) (59972,)
Subtype/Host: 0 ,count:  34602 ,index count: (array([False,  True]), array([25370, 34602])) ,downsampling:  (16000, 21, 495) (16000,)
Subtype/Host: 1 ,count:  16398 ,index count: (array([False,  True]), array([43574, 16398])) ,downsampling:  (16000, 21, 495) (16000,)
Subtype/Host: 2 ,count:  8972 ,index count: (array([False,  True]), array([51000,  8972])) ,keep:  (8972, 21, 495) (8972,)
Emb Dim: 64
Transformer-FNET-64
=====================================================================================================================================================================
Layer (type:depth-idx)                   Input Shape               Output Shape              Kernel Shape              Param #                   Mult-Adds
=====================================================================================================================================================================
TransfomerBlock                          [2, 21, 495]              [2, 3]                    --                        --                        --
├─MakePatches: 1-1                       [2, 21, 495]              [2, 165, 63]              --                        --                        --
│    └─Unfold: 2-1                       [2, 1, 21, 495]           [2, 63, 165]              [21, 3]                   --                        --
├─Linear: 1-2                            [2, 165, 63]              [2, 165, 64]              --                        4,096                     8,192
├─PositionalEncoding: 1-3                [2, 165, 64]              [2, 165, 64]              --                        --                        --
├─FNET: 1-4                              [2, 165, 64]              [2, 165, 64]              --                        --                        --
│    └─LayerNorm: 2-2                    [2, 165, 64]              [2, 165, 64]              --                        128                       256
│    └─Sequential: 2-3                   [2, 165, 64]              [2, 165, 64]              --                        --                        --
│    │    └─Linear: 3-1                  [2, 165, 64]              [2, 165, 64]              --                        4,160                     8,320
│    │    └─ReLU: 3-2                    [2, 165, 64]              [2, 165, 64]              --                        --                        --
│    │    └─Dropout: 3-3                 [2, 165, 64]              [2, 165, 64]              --                        --                        --
│    │    └─Linear: 3-4                  [2, 165, 64]              [2, 165, 64]              --                        4,160                     8,320
│    └─LayerNorm: 2-4                    [2, 165, 64]              [2, 165, 64]              --                        128                       256
├─Sequential: 1-5                        [2, 64]                   [2, 3]                    --                        --                        --
│    └─Linear: 2-5                       [2, 64]                   [2, 64]                   --                        4,160                     8,320
│    └─ReLU: 2-6                         [2, 64]                   [2, 64]                   --                        --                        --
│    └─Linear: 2-7                       [2, 64]                   [2, 32]                   --                        2,080                     4,160
│    └─ReLU: 2-8                         [2, 32]                   [2, 32]                   --                        --                        --
│    └─Linear: 2-9                       [2, 32]                   [2, 3]                    --                        99                        198
=====================================================================================================================================================================
Total params: 19,011
Trainable params: 19,011
Non-trainable params: 0
Total mult-adds (Units.MEGABYTES): 0.04
=====================================================================================================================================================================
Input size (MB): 0.08
Forward/backward pass size (MB): 0.85
Params size (MB): 0.08
Estimated Total Size (MB): 1.01
=====================================================================================================================================================================
Total Trainable Parameters:  19011
Total Parameters:  19011
Epoch 0: 
BAS Score on Validation Data (Training Time 1.105023):  0.3333333333333333
Epoch 1: 
BAS Score on Validation Data (Training Time 1.065626):  0.3333333333333333
Epoch 2: 
BAS Score on Validation Data (Training Time 1.065640):  0.374312703617159
Epoch 3: 
BAS Score on Validation Data (Training Time 1.066611):  0.44911373155817946
Epoch 4: 
BAS Score on Validation Data (Training Time 1.079506):  0.6098348604471572
Epoch 5: 
BAS Score on Validation Data (Training Time 1.065367):  0.6156318501844004
Epoch 6: 
BAS Score on Validation Data (Training Time 1.066943):  0.6164407756282245
Epoch 7: 
BAS Score on Validation Data (Training Time 1.065551):  0.6325571665123292
Epoch 8: 
BAS Score on Validation Data (Training Time 1.065433):  0.6668110685697543
Epoch 9: 
BAS Score on Validation Data (Training Time 1.065372):  0.7325475096111682
Epoch 10: 
BAS Score on Validation Data (Training Time 1.065788):  0.7943328492145157
Epoch 11: 
BAS Score on Validation Data (Training Time 1.066208):  0.8498770118843754
Epoch 12: 
BAS Score on Validation Data (Training Time 1.066158):  0.8735636469230634
Epoch 13: 
BAS Score on Validation Data (Training Time 1.066399):  0.880088470678592
Epoch 14: 
BAS Score on Validation Data (Training Time 1.065712):  0.8838776690249787
Epoch 15: 
BAS Score on Validation Data (Training Time 1.067376):  0.8879885614237688
Epoch 16: 
BAS Score on Validation Data (Training Time 1.065796):  0.8849185996722665
Epoch 17: 
BAS Score on Validation Data (Training Time 1.069623):  0.8950157620916422
Epoch 18: 
BAS Score on Validation Data (Training Time 1.065956):  0.8978791430992938
Epoch 19: 
BAS Score on Validation Data (Training Time 1.066584):  0.9000974830259362
Epoch 20: 
BAS Score on Validation Data (Training Time 1.065903):  0.9045968276003027
Epoch 21: 
BAS Score on Validation Data (Training Time 1.065891):  0.9059756322434606
Epoch 22: 
BAS Score on Validation Data (Training Time 1.066984):  0.9044024590079834
Epoch 23: 
BAS Score on Validation Data (Training Time 1.068284):  0.8727231652682285
Epoch 24: 
BAS Score on Validation Data (Training Time 1.065916):  0.9103599891194306
Epoch 25: 
BAS Score on Validation Data (Training Time 1.065963):  0.904516842422263
Epoch 26: 
BAS Score on Validation Data (Training Time 1.066303):  0.9121795203799445
Epoch 27: 
BAS Score on Validation Data (Training Time 1.066526):  0.910559146742122
Epoch 28: 
BAS Score on Validation Data (Training Time 1.065804):  0.9150783487931635
Epoch 29: 
BAS Score on Validation Data (Training Time 1.092589):  0.9167921083323417
Epoch 30: 
BAS Score on Validation Data (Training Time 1.066441):  0.9160016433817245
Epoch 31: 
BAS Score on Validation Data (Training Time 1.067417):  0.9191697657954113
Epoch 32: 
BAS Score on Validation Data (Training Time 1.067459):  0.9192214074139883
Epoch 33: 
BAS Score on Validation Data (Training Time 1.066428):  0.9214438550122649
Epoch 34: 
BAS Score on Validation Data (Training Time 1.079990):  0.9253465960152872
Epoch 35: 
BAS Score on Validation Data (Training Time 1.076176):  0.9225882911006908
Epoch 36: 
BAS Score on Validation Data (Training Time 1.067077):  0.9275629546707944
Epoch 37: 
BAS Score on Validation Data (Training Time 1.081617):  0.9283954489132521
Epoch 38: 
BAS Score on Validation Data (Training Time 1.080745):  0.92951671255272
Epoch 39: 
BAS Score on Validation Data (Training Time 1.083172):  0.9271030662050438
Epoch 40: 
BAS Score on Validation Data (Training Time 1.085623):  0.9313697727527441
Epoch 41: 
BAS Score on Validation Data (Training Time 1.066655):  0.9287071828247789
Epoch 42: 
BAS Score on Validation Data (Training Time 1.067281):  0.9328531120099184
Epoch 43: 
BAS Score on Validation Data (Training Time 1.067604):  0.9289870069842477
Epoch 44: 
BAS Score on Validation Data (Training Time 1.066790):  0.930541705456975
Epoch 45: 
BAS Score on Validation Data (Training Time 1.066891):  0.9350985098531687
Epoch 46: 
BAS Score on Validation Data (Training Time 1.066569):  0.9316094375508944
Epoch 47: 
BAS Score on Validation Data (Training Time 1.066816):  0.9367673210006561
Epoch 48: 
BAS Score on Validation Data (Training Time 1.068181):  0.937448775855033
Epoch 49: 
BAS Score on Validation Data (Training Time 1.067876):  0.9376686802475785
Epoch 50: 
BAS Score on Validation Data (Training Time 1.068026):  0.9379631907732179
Epoch 51: 
BAS Score on Validation Data (Training Time 1.067045):  0.9395127952100614
Epoch 52: 
BAS Score on Validation Data (Training Time 1.074436):  0.9373532150176436
Epoch 53: 
BAS Score on Validation Data (Training Time 1.067881):  0.9406095379526384
Epoch 54: 
BAS Score on Validation Data (Training Time 1.067222):  0.9382018749340251
Epoch 55: 
BAS Score on Validation Data (Training Time 1.071417):  0.9346861838734467
Epoch 56: 
BAS Score on Validation Data (Training Time 1.067661):  0.9405863169681449
Epoch 57: 
BAS Score on Validation Data (Training Time 1.069553):  0.9416906279612448
Epoch 58: 
BAS Score on Validation Data (Training Time 1.067919):  0.9428769339426054
Epoch 59: 
BAS Score on Validation Data (Training Time 1.070077):  0.9415963670362529
Epoch 60: 
BAS Score on Validation Data (Training Time 1.067122):  0.942836156027627
Epoch 61: 
BAS Score on Validation Data (Training Time 1.068115):  0.9414182069264858
Epoch 62: 
BAS Score on Validation Data (Training Time 1.067874):  0.9423125251323814
Epoch 63: 
BAS Score on Validation Data (Training Time 1.075299):  0.9450869471853663
Epoch 64: 
BAS Score on Validation Data (Training Time 1.069464):  0.9383609074613902
Epoch 65: 
BAS Score on Validation Data (Training Time 1.070369):  0.9400581535125041
Epoch 66: 
BAS Score on Validation Data (Training Time 1.070293):  0.943796135129075
Epoch 67: 
BAS Score on Validation Data (Training Time 1.067777):  0.9459609149710831
Epoch 68: 
BAS Score on Validation Data (Training Time 1.089348):  0.9445435701540589
Epoch 69: 
BAS Score on Validation Data (Training Time 1.066709):  0.9418178563502583
Epoch 70: 
BAS Score on Validation Data (Training Time 1.073006):  0.9391202153664011
Epoch 71: 
BAS Score on Validation Data (Training Time 1.068171):  0.9454911148999914
Epoch 72: 
BAS Score on Validation Data (Training Time 1.067633):  0.9391973442496692
Epoch 73: 
BAS Score on Validation Data (Training Time 1.067148):  0.9467102056570461
Epoch 74: 
BAS Score on Validation Data (Training Time 1.074346):  0.9462604852666138
Epoch 75: 
BAS Score on Validation Data (Training Time 1.068775):  0.9485489130354975
Epoch 76: 
BAS Score on Validation Data (Training Time 1.070747):  0.9439838732995859
Epoch 77: 
BAS Score on Validation Data (Training Time 1.068735):  0.9471987997659427
Epoch 78: 
BAS Score on Validation Data (Training Time 1.067310):  0.9484583976984565
Epoch 79: 
BAS Score on Validation Data (Training Time 1.071425):  0.9480319753671381
Epoch 80: 
BAS Score on Validation Data (Training Time 1.068744):  0.9352601850139574
Epoch 81: 
BAS Score on Validation Data (Training Time 1.075148):  0.9496912227234247
Epoch 82: 
BAS Score on Validation Data (Training Time 1.067599):  0.9502865891874493
Epoch 83: 
BAS Score on Validation Data (Training Time 1.067667):  0.9460654495850994
Epoch 84: 
BAS Score on Validation Data (Training Time 1.067440):  0.9348987279499109
Epoch 85: 
BAS Score on Validation Data (Training Time 1.074357):  0.9495493993124043
Epoch 86: 
BAS Score on Validation Data (Training Time 1.067553):  0.9518126248256592
Epoch 87: 
BAS Score on Validation Data (Training Time 1.071622):  0.9487637719276943
Epoch 88: 
BAS Score on Validation Data (Training Time 1.069098):  0.9508373550739239
Epoch 89: 
BAS Score on Validation Data (Training Time 1.068721):  0.9507171819954799
Epoch 90: 
BAS Score on Validation Data (Training Time 1.072598):  0.951069693821985
Epoch 91: 
BAS Score on Validation Data (Training Time 1.067474):  0.9480007612433609
Epoch 92: 
BAS Score on Validation Data (Training Time 1.069889):  0.9510419545466392
Epoch 93: 
BAS Score on Validation Data (Training Time 1.067059):  0.9480874539178298
Epoch 94: 
BAS Score on Validation Data (Training Time 1.068035):  0.9495254969691732
Epoch 95: 
BAS Score on Validation Data (Training Time 1.067006):  0.9515496762379376
Epoch 96: 
BAS Score on Validation Data (Training Time 1.077100):  0.9456766010598474
Epoch 97: 
BAS Score on Validation Data (Training Time 1.068267):  0.9432384195457374
Epoch 98: 
BAS Score on Validation Data (Training Time 1.072612):  0.9463832581698529
Epoch 99: 
BAS Score on Validation Data (Training Time 1.068144):  0.9539273337010075
Epoch 100: 
BAS Score on Validation Data (Training Time 1.068152):  0.9517240136851329
Epoch 101: 
BAS Score on Validation Data (Training Time 1.069124):  0.9526619803703215
Epoch 102: 
BAS Score on Validation Data (Training Time 1.058519):  0.9542368013323367
Epoch 103: 
BAS Score on Validation Data (Training Time 1.071419):  0.9535442120348417
Epoch 104: 
BAS Score on Validation Data (Training Time 1.067387):  0.954960952567749
Epoch 105: 
BAS Score on Validation Data (Training Time 1.068716):  0.9541874117244143
Epoch 106: 
BAS Score on Validation Data (Training Time 1.067907):  0.9529635462065303
Epoch 107: 
BAS Score on Validation Data (Training Time 1.075366):  0.9544714063605954
Epoch 108: 
BAS Score on Validation Data (Training Time 1.067059):  0.954209409871131
Epoch 109: 
BAS Score on Validation Data (Training Time 1.070964):  0.9561781248587469
Epoch 110: 
BAS Score on Validation Data (Training Time 1.068950):  0.9531751867202725
Epoch 111: 
BAS Score on Validation Data (Training Time 1.068272):  0.955538143547629
Epoch 112: 
BAS Score on Validation Data (Training Time 1.071074):  0.9537271611749808
Epoch 113: 
BAS Score on Validation Data (Training Time 1.070734):  0.9544675694284809
Epoch 114: 
BAS Score on Validation Data (Training Time 1.076141):  0.9498544399970448
Epoch 115: 
BAS Score on Validation Data (Training Time 1.059031):  0.9540172447539313
Epoch 116: 
BAS Score on Validation Data (Training Time 1.069000):  0.9483875999583918
Epoch 117: 
BAS Score on Validation Data (Training Time 1.067592):  0.9511522302892846
Epoch 118: 
BAS Score on Validation Data (Training Time 1.074152):  0.9535700328441302
Epoch 119: 
BAS Score on Validation Data (Training Time 1.068095):  0.9577414635635034
Epoch 120: 
BAS Score on Validation Data (Training Time 1.073564):  0.9561329057275367
Epoch 121: 
BAS Score on Validation Data (Training Time 1.068375):  0.9564952520847624
Epoch 122: 
BAS Score on Validation Data (Training Time 1.069758):  0.9579464108503591
Epoch 123: 
BAS Score on Validation Data (Training Time 1.068770):  0.9477086678541894
Epoch 124: 
BAS Score on Validation Data (Training Time 1.066853):  0.9584665668971731
Epoch 125: 
BAS Score on Validation Data (Training Time 1.072212):  0.9536965513353204
Epoch 126: 
BAS Score on Validation Data (Training Time 1.067455):  0.9553890226256052
Epoch 127: 
BAS Score on Validation Data (Training Time 1.068263):  0.9570607043374073
Epoch 128: 
BAS Score on Validation Data (Training Time 1.069694):  0.9564490665857525
Epoch 129: 
BAS Score on Validation Data (Training Time 1.073671):  0.949989840920698
Epoch 130: 
BAS Score on Validation Data (Training Time 1.067623):  0.9558543044058446
Epoch 131: 
BAS Score on Validation Data (Training Time 1.072402):  0.9567843692959128
Epoch 132: 
BAS Score on Validation Data (Training Time 1.067802):  0.956587415148341
Epoch 133: 
BAS Score on Validation Data (Training Time 1.068933):  0.9567608004972792
Epoch 134: 
BAS Score on Validation Data (Training Time 1.068634):  0.959268799114111
Epoch 135: 
BAS Score on Validation Data (Training Time 1.068843):  0.9590154143175903
Epoch 136: 
BAS Score on Validation Data (Training Time 1.070326):  0.9593774899352966
Epoch 137: 
BAS Score on Validation Data (Training Time 1.068449):  0.957708678787809
Epoch 138: 
BAS Score on Validation Data (Training Time 1.068413):  0.9592812334696266
Epoch 139: 
BAS Score on Validation Data (Training Time 1.079828):  0.9593526212242653
Epoch 140: 
BAS Score on Validation Data (Training Time 1.094064):  0.9585143858531783
Epoch 141: 
BAS Score on Validation Data (Training Time 1.083314):  0.9592452303154771
Epoch 142: 
BAS Score on Validation Data (Training Time 1.089187):  0.9570620042498049
Epoch 143: 
BAS Score on Validation Data (Training Time 1.079620):  0.9564206316821259
Epoch 144: 
BAS Score on Validation Data (Training Time 1.083277):  0.9598670361424503
Epoch 145: 
BAS Score on Validation Data (Training Time 1.085978):  0.9583897858280456
Epoch 146: 
BAS Score on Validation Data (Training Time 1.086643):  0.9602603258839338
Epoch 147: 
BAS Score on Validation Data (Training Time 1.085845):  0.9588611565510544
Epoch 148: 
BAS Score on Validation Data (Training Time 1.078443):  0.9601768515879198
Epoch 149: 
BAS Score on Validation Data (Training Time 1.087416):  0.9604987535747646
High Quality
0.9613052875804108 0.9683931429961169 0.9763955421061569 0.9613052875804108 0.9619980915374826
              precision    recall  f1-score   support

           0       0.99      0.99      0.99     19588
           1       0.98      1.00      0.99      5531
           2       0.96      0.90      0.93      3100

    accuracy                           0.98     28219
   macro avg       0.98      0.96      0.97     28219
weighted avg       0.98      0.98      0.98     28219

Low Quality
0.6899757722592369 0.7725585883278036 0.9708323088271453 0.6899757722592369 0.7649106055193169
              precision    recall  f1-score   support

           0       0.95      1.00      0.97       635
           1       0.96      0.72      0.82        65
           2       1.00      0.35      0.52        20

    accuracy                           0.95       720
   macro avg       0.97      0.69      0.77       720
weighted avg       0.96      0.95      0.95       720

Emb Dim: 128
Transformer-FNET-128
=====================================================================================================================================================================
Layer (type:depth-idx)                   Input Shape               Output Shape              Kernel Shape              Param #                   Mult-Adds
=====================================================================================================================================================================
TransfomerBlock                          [2, 21, 495]              [2, 3]                    --                        --                        --
├─MakePatches: 1-1                       [2, 21, 495]              [2, 165, 63]              --                        --                        --
│    └─Unfold: 2-1                       [2, 1, 21, 495]           [2, 63, 165]              [21, 3]                   --                        --
├─Linear: 1-2                            [2, 165, 63]              [2, 165, 128]             --                        8,192                     16,384
├─PositionalEncoding: 1-3                [2, 165, 128]             [2, 165, 128]             --                        --                        --
├─FNET: 1-4                              [2, 165, 128]             [2, 165, 128]             --                        --                        --
│    └─LayerNorm: 2-2                    [2, 165, 128]             [2, 165, 128]             --                        256                       512
│    └─Sequential: 2-3                   [2, 165, 128]             [2, 165, 128]             --                        --                        --
│    │    └─Linear: 3-1                  [2, 165, 128]             [2, 165, 128]             --                        16,512                    33,024
│    │    └─ReLU: 3-2                    [2, 165, 128]             [2, 165, 128]             --                        --                        --
│    │    └─Dropout: 3-3                 [2, 165, 128]             [2, 165, 128]             --                        --                        --
│    │    └─Linear: 3-4                  [2, 165, 128]             [2, 165, 128]             --                        16,512                    33,024
│    └─LayerNorm: 2-4                    [2, 165, 128]             [2, 165, 128]             --                        256                       512
├─Sequential: 1-5                        [2, 128]                  [2, 3]                    --                        --                        --
│    └─Linear: 2-5                       [2, 128]                  [2, 64]                   --                        8,256                     16,512
│    └─ReLU: 2-6                         [2, 64]                   [2, 64]                   --                        --                        --
│    └─Linear: 2-7                       [2, 64]                   [2, 32]                   --                        2,080                     4,160
│    └─ReLU: 2-8                         [2, 32]                   [2, 32]                   --                        --                        --
│    └─Linear: 2-9                       [2, 32]                   [2, 3]                    --                        99                        198
=====================================================================================================================================================================
Total params: 52,163
Trainable params: 52,163
Non-trainable params: 0
Total mult-adds (Units.MEGABYTES): 0.10
=====================================================================================================================================================================
Input size (MB): 0.08
Forward/backward pass size (MB): 1.69
Params size (MB): 0.21
Estimated Total Size (MB): 1.98
=====================================================================================================================================================================
Total Trainable Parameters:  52163
Total Parameters:  52163
Epoch 0: 
BAS Score on Validation Data (Training Time 1.221627):  0.3333333333333333
Epoch 1: 
BAS Score on Validation Data (Training Time 1.222328):  0.4509193372720927
Epoch 2: 
BAS Score on Validation Data (Training Time 1.221190):  0.5195166050729965
Epoch 3: 
BAS Score on Validation Data (Training Time 1.224844):  0.6134262781578711
Epoch 4: 
BAS Score on Validation Data (Training Time 1.207229):  0.6158243631157404
Epoch 5: 
BAS Score on Validation Data (Training Time 1.207979):  0.633296545592951
Epoch 6: 
BAS Score on Validation Data (Training Time 1.208752):  0.7200951470301931
Epoch 7: 
BAS Score on Validation Data (Training Time 1.206873):  0.8262579133986687
Epoch 8: 
BAS Score on Validation Data (Training Time 1.207309):  0.8590807025824062
Epoch 9: 
BAS Score on Validation Data (Training Time 1.207436):  0.88136616702063
Epoch 10: 
BAS Score on Validation Data (Training Time 1.207278):  0.8910566047092138
Epoch 11: 
BAS Score on Validation Data (Training Time 1.207614):  0.8977475020331344
Epoch 12: 
BAS Score on Validation Data (Training Time 1.207271):  0.9055670375821467
Epoch 13: 
BAS Score on Validation Data (Training Time 1.207494):  0.9086277062819675
Epoch 14: 
BAS Score on Validation Data (Training Time 1.208055):  0.9097101104725144
Epoch 15: 
BAS Score on Validation Data (Training Time 1.207213):  0.9157925741536919
Epoch 16: 
BAS Score on Validation Data (Training Time 1.208252):  0.9193835955147304
Epoch 17: 
BAS Score on Validation Data (Training Time 1.207294):  0.9207368015525838
Epoch 18: 
BAS Score on Validation Data (Training Time 1.209814):  0.9147981625500116
Epoch 19: 
BAS Score on Validation Data (Training Time 1.207607):  0.9246823502772553
Epoch 20: 
BAS Score on Validation Data (Training Time 1.207228):  0.9278768635183551
Epoch 21: 
BAS Score on Validation Data (Training Time 1.207890):  0.9300751237643382
Epoch 22: 
BAS Score on Validation Data (Training Time 1.208123):  0.9042260832114817
Epoch 23: 
BAS Score on Validation Data (Training Time 1.208764):  0.9308530915543617
Epoch 24: 
BAS Score on Validation Data (Training Time 1.208871):  0.9344562765313961
Epoch 25: 
BAS Score on Validation Data (Training Time 1.208022):  0.9336189932585665
Epoch 26: 
BAS Score on Validation Data (Training Time 1.208375):  0.9337859703896804
Epoch 27: 
BAS Score on Validation Data (Training Time 1.211229):  0.9352441701963037
Epoch 28: 
BAS Score on Validation Data (Training Time 1.209361):  0.9336817693202614
Epoch 29: 
BAS Score on Validation Data (Training Time 1.208016):  0.9355871182316079
Epoch 30: 
BAS Score on Validation Data (Training Time 1.215796):  0.9313624895112835
Epoch 31: 
BAS Score on Validation Data (Training Time 1.208742):  0.9383721475182147
Epoch 32: 
BAS Score on Validation Data (Training Time 1.212526):  0.9385929897394747
Epoch 33: 
BAS Score on Validation Data (Training Time 1.207993):  0.9439245578167798
Epoch 34: 
BAS Score on Validation Data (Training Time 1.210059):  0.9447067103530581
Epoch 35: 
BAS Score on Validation Data (Training Time 1.210363):  0.9421314944582996
Epoch 36: 
BAS Score on Validation Data (Training Time 1.208658):  0.9464297629439177
Epoch 37: 
BAS Score on Validation Data (Training Time 1.208449):  0.9472354842788296
Epoch 38: 
BAS Score on Validation Data (Training Time 1.208358):  0.9465109994988198
Epoch 39: 
BAS Score on Validation Data (Training Time 1.216273):  0.9448147968901268
Epoch 40: 
BAS Score on Validation Data (Training Time 1.209215):  0.9481062336860916
Epoch 41: 
BAS Score on Validation Data (Training Time 1.212007):  0.9466069852249702
Epoch 42: 
BAS Score on Validation Data (Training Time 1.208492):  0.9460565671526363
Epoch 43: 
BAS Score on Validation Data (Training Time 1.209475):  0.9449872016017219
Epoch 44: 
BAS Score on Validation Data (Training Time 1.208962):  0.949062375855425
Epoch 45: 
BAS Score on Validation Data (Training Time 1.212067):  0.9492985515356009
Epoch 46: 
BAS Score on Validation Data (Training Time 1.208117):  0.9471608924152788
Epoch 47: 
BAS Score on Validation Data (Training Time 1.209733):  0.9396527429636526
Epoch 48: 
BAS Score on Validation Data (Training Time 1.207913):  0.9494129834854156
Epoch 49: 
BAS Score on Validation Data (Training Time 1.215783):  0.9495423725409204
Epoch 50: 
BAS Score on Validation Data (Training Time 1.209855):  0.9521800937578543
Epoch 51: 
BAS Score on Validation Data (Training Time 1.212750):  0.9501116331865944
Epoch 52: 
BAS Score on Validation Data (Training Time 1.208903):  0.9394035286438442
Epoch 53: 
BAS Score on Validation Data (Training Time 1.210872):  0.9505409403517701
Epoch 54: 
BAS Score on Validation Data (Training Time 1.209374):  0.9517915787771999
Epoch 55: 
BAS Score on Validation Data (Training Time 1.211164):  0.9513594295867952
Epoch 56: 
BAS Score on Validation Data (Training Time 1.209125):  0.9529042449932669
Epoch 57: 
BAS Score on Validation Data (Training Time 1.209269):  0.9522250564190876
Epoch 58: 
BAS Score on Validation Data (Training Time 1.215478):  0.950055835360848
Epoch 59: 
BAS Score on Validation Data (Training Time 1.209588):  0.9545223666204347
Epoch 60: 
BAS Score on Validation Data (Training Time 1.212564):  0.9537845581917299
Epoch 61: 
BAS Score on Validation Data (Training Time 1.208732):  0.9538922969146583
Epoch 62: 
BAS Score on Validation Data (Training Time 1.212167):  0.9549896439413521
Epoch 63: 
BAS Score on Validation Data (Training Time 1.209211):  0.9476348001580047
Epoch 64: 
BAS Score on Validation Data (Training Time 1.211048):  0.9490282768977902
Epoch 65: 
BAS Score on Validation Data (Training Time 1.209076):  0.9562154279252937
Epoch 66: 
BAS Score on Validation Data (Training Time 1.209304):  0.955615272430897
Epoch 67: 
BAS Score on Validation Data (Training Time 1.208850):  0.9561262125006502
Epoch 68: 
BAS Score on Validation Data (Training Time 1.215359):  0.9352746601527149
Epoch 69: 
BAS Score on Validation Data (Training Time 1.209614):  0.9527273847958974
Epoch 70: 
BAS Score on Validation Data (Training Time 1.213682):  0.951340920558053
Epoch 71: 
BAS Score on Validation Data (Training Time 1.209327):  0.9473373762594225
Epoch 72: 
BAS Score on Validation Data (Training Time 1.211333):  0.9546935627637958
Epoch 73: 
BAS Score on Validation Data (Training Time 1.208289):  0.9508787658121048
Epoch 74: 
BAS Score on Validation Data (Training Time 1.211468):  0.9567713163867374
Epoch 75: 
BAS Score on Validation Data (Training Time 1.208561):  0.9553233759995955
Epoch 76: 
BAS Score on Validation Data (Training Time 1.209278):  0.9545820156478385
Epoch 77: 
BAS Score on Validation Data (Training Time 1.217730):  0.9573979112440822
Epoch 78: 
BAS Score on Validation Data (Training Time 1.210811):  0.9568283655893461
Epoch 79: 
BAS Score on Validation Data (Training Time 1.220316):  0.9529227682915519
Epoch 80: 
BAS Score on Validation Data (Training Time 1.209382):  0.9563853384258
Epoch 81: 
BAS Score on Validation Data (Training Time 1.212212):  0.9577896303336488
Epoch 82: 
BAS Score on Validation Data (Training Time 1.209885):  0.9575257296476699
Epoch 83: 
BAS Score on Validation Data (Training Time 1.212175):  0.9589220284162349
Epoch 84: 
BAS Score on Validation Data (Training Time 1.209667):  0.9570801797339498
Epoch 85: 
BAS Score on Validation Data (Training Time 1.210313):  0.9578600659900305
Epoch 86: 
BAS Score on Validation Data (Training Time 1.208714):  0.959191670230843
Epoch 87: 
BAS Score on Validation Data (Training Time 1.216646):  0.9579429360019276
Epoch 88: 
BAS Score on Validation Data (Training Time 1.209059):  0.9589593314827818
Epoch 89: 
BAS Score on Validation Data (Training Time 1.212773):  0.9591107186850031
Epoch 90: 
BAS Score on Validation Data (Training Time 1.209010):  0.9582164004791075
Epoch 91: 
BAS Score on Validation Data (Training Time 1.211305):  0.9537899657757616
Epoch 92: 
BAS Score on Validation Data (Training Time 1.208358):  0.958733685961607
Epoch 93: 
BAS Score on Validation Data (Training Time 1.224866):  0.9499860182581262
Epoch 94: 
BAS Score on Validation Data (Training Time 1.221201):  0.9592965383894567
Epoch 95: 
BAS Score on Validation Data (Training Time 1.221572):  0.9590090689048442
Epoch 96: 
BAS Score on Validation Data (Training Time 1.226952):  0.9584181293875083
Epoch 97: 
BAS Score on Validation Data (Training Time 1.225122):  0.9606957077223361
Epoch 98: 
BAS Score on Validation Data (Training Time 1.222636):  0.9597210422547177
Epoch 99: 
BAS Score on Validation Data (Training Time 1.209903):  0.958266742185287
Epoch 100: 
BAS Score on Validation Data (Training Time 1.211030):  0.9596720004609359
Epoch 101: 
BAS Score on Validation Data (Training Time 1.209560):  0.9598938233195389
Epoch 102: 
BAS Score on Validation Data (Training Time 1.211442):  0.938689759145098
Epoch 103: 
BAS Score on Validation Data (Training Time 1.209496):  0.9607090941761091
Epoch 104: 
BAS Score on Validation Data (Training Time 1.210550):  0.9590338462717117
Epoch 105: 
BAS Score on Validation Data (Training Time 1.209149):  0.9603779762122034
Epoch 106: 
BAS Score on Validation Data (Training Time 1.216212):  0.9612043815118918
Epoch 107: 
BAS Score on Validation Data (Training Time 1.211500):  0.960529363414425
Epoch 108: 
BAS Score on Validation Data (Training Time 1.214096):  0.9594645304239059
Epoch 109: 
BAS Score on Validation Data (Training Time 1.209228):  0.9608509175871293
Epoch 110: 
BAS Score on Validation Data (Training Time 1.211581):  0.9580796368379785
Epoch 111: 
BAS Score on Validation Data (Training Time 1.208138):  0.9578164175107374
Epoch 112: 
BAS Score on Validation Data (Training Time 1.212500):  0.9597717317750374
Epoch 113: 
BAS Score on Validation Data (Training Time 1.209610):  0.9600620718239646
Epoch 114: 
BAS Score on Validation Data (Training Time 1.209551):  0.9609915181603729
Epoch 115: 
BAS Score on Validation Data (Training Time 1.211274):  0.9603272866918838
Epoch 116: 
BAS Score on Validation Data (Training Time 1.215512):  0.9580213647975931
Epoch 117: 
BAS Score on Validation Data (Training Time 1.212593):  0.9600685085808743
Epoch 118: 
BAS Score on Validation Data (Training Time 1.210192):  0.9604805780906197
Epoch 119: 
BAS Score on Validation Data (Training Time 1.210131):  0.9599451171239753
Epoch 120: 
BAS Score on Validation Data (Training Time 1.208667):  0.9616254105287213
Epoch 121: 
BAS Score on Validation Data (Training Time 1.211483):  0.9602765829020212
Epoch 122: 
BAS Score on Validation Data (Training Time 1.208981):  0.9604455413042704
Epoch 123: 
BAS Score on Validation Data (Training Time 1.209512):  0.9594096561573311
Epoch 124: 
BAS Score on Validation Data (Training Time 1.208879):  0.9615639343794239
Epoch 125: 
BAS Score on Validation Data (Training Time 1.217129):  0.96225999852535
Epoch 126: 
BAS Score on Validation Data (Training Time 1.209435):  0.9613781146749701
Epoch 127: 
BAS Score on Validation Data (Training Time 1.213380):  0.9610935157546722
Epoch 128: 
BAS Score on Validation Data (Training Time 1.209502):  0.9581111987758962
Epoch 129: 
BAS Score on Validation Data (Training Time 1.210319):  0.9617522768340517
Epoch 130: 
BAS Score on Validation Data (Training Time 1.208565):  0.9613844600877163
Epoch 131: 
BAS Score on Validation Data (Training Time 1.211401):  0.9613838558035993
Epoch 132: 
BAS Score on Validation Data (Training Time 1.208881):  0.9605778009240898
Epoch 133: 
BAS Score on Validation Data (Training Time 1.213580):  0.9600825135883069
Epoch 134: 
BAS Score on Validation Data (Training Time 1.208725):  0.9621426960112207
Epoch 135: 
BAS Score on Validation Data (Training Time 1.215657):  0.9609531716514054
Epoch 136: 
BAS Score on Validation Data (Training Time 1.211789):  0.9630124933202254
Epoch 137: 
BAS Score on Validation Data (Training Time 1.214630):  0.9615875031780575
Epoch 138: 
BAS Score on Validation Data (Training Time 1.210709):  0.9605682371328887
Epoch 139: 
BAS Score on Validation Data (Training Time 1.208733):  0.9627278943999275
Epoch 140: 
BAS Score on Validation Data (Training Time 1.211399):  0.9628827564505804
Epoch 141: 
BAS Score on Validation Data (Training Time 1.209385):  0.9623441684496449
Epoch 142: 
BAS Score on Validation Data (Training Time 1.209927):  0.961164903509311
Epoch 143: 
BAS Score on Validation Data (Training Time 1.210006):  0.9579110119803268
Epoch 144: 
BAS Score on Validation Data (Training Time 1.218767):  0.9622456457037772
Epoch 145: 
BAS Score on Validation Data (Training Time 1.209458):  0.9625700704407963
Epoch 146: 
BAS Score on Validation Data (Training Time 1.213548):  0.9631584872079579
Epoch 147: 
BAS Score on Validation Data (Training Time 1.209438):  0.96078561877526
Epoch 148: 
BAS Score on Validation Data (Training Time 1.211962):  0.9628391079712874
Epoch 149: 
BAS Score on Validation Data (Training Time 1.208902):  0.9560682254693272
High Quality
0.9610430542318026 0.9706263630427499 0.9816489151479179 0.9610430542318026 0.9646520812917943
              precision    recall  f1-score   support

           0       0.99      0.99      0.99     19588
           1       0.98      1.00      0.99      5531
           2       0.98      0.89      0.93      3100

    accuracy                           0.98     28219
   macro avg       0.98      0.96      0.97     28219
weighted avg       0.98      0.98      0.98     28219

Low Quality
0.7430648092065414 0.8153916360380693 0.9769163763066202 0.7430648092065414 0.8337871310355679
              precision    recall  f1-score   support

           0       0.97      1.00      0.98       635
           1       0.96      0.83      0.89        65
           2       1.00      0.40      0.57        20

    accuracy                           0.97       720
   macro avg       0.98      0.74      0.82       720
weighted avg       0.97      0.97      0.96       720

Emb Dim: 64
Transformer-MHA-64
=====================================================================================================================================================================
Layer (type:depth-idx)                   Input Shape               Output Shape              Kernel Shape              Param #                   Mult-Adds
=====================================================================================================================================================================
TransfomerBlock                          [2, 21, 495]              [2, 3]                    --                        --                        --
├─MakePatches: 1-1                       [2, 21, 495]              [2, 165, 63]              --                        --                        --
│    └─Unfold: 2-1                       [2, 1, 21, 495]           [2, 63, 165]              [21, 3]                   --                        --
├─Linear: 1-2                            [2, 165, 63]              [2, 165, 64]              --                        4,096                     8,192
├─PositionalEncoding: 1-3                [2, 165, 64]              [2, 165, 64]              --                        --                        --
├─TransformerEncoderLayer: 1-4           [2, 165, 64]              [2, 165, 64]              --                        --                        --
│    └─MultiheadAttention: 2-2           [2, 165, 64]              [2, 165, 64]              --                        16,640                    --
│    └─Dropout: 2-3                      [2, 165, 64]              [2, 165, 64]              --                        --                        --
│    └─LayerNorm: 2-4                    [2, 165, 64]              [2, 165, 64]              --                        128                       256
│    └─Linear: 2-5                       [2, 165, 64]              [2, 165, 2048]            --                        133,120                   266,240
│    └─Dropout: 2-6                      [2, 165, 2048]            [2, 165, 2048]            --                        --                        --
│    └─Linear: 2-7                       [2, 165, 2048]            [2, 165, 64]              --                        131,136                   262,272
│    └─Dropout: 2-8                      [2, 165, 64]              [2, 165, 64]              --                        --                        --
│    └─LayerNorm: 2-9                    [2, 165, 64]              [2, 165, 64]              --                        128                       256
├─Sequential: 1-5                        [2, 64]                   [2, 3]                    --                        --                        --
│    └─Linear: 2-10                      [2, 64]                   [2, 64]                   --                        4,160                     8,320
│    └─ReLU: 2-11                        [2, 64]                   [2, 64]                   --                        --                        --
│    └─Linear: 2-12                      [2, 64]                   [2, 32]                   --                        2,080                     4,160
│    └─ReLU: 2-13                        [2, 32]                   [2, 32]                   --                        --                        --
│    └─Linear: 2-14                      [2, 32]                   [2, 3]                    --                        99                        198
=====================================================================================================================================================================
Total params: 291,587
Trainable params: 291,587
Non-trainable params: 0
Total mult-adds (Units.MEGABYTES): 0.55
=====================================================================================================================================================================
Input size (MB): 0.08
Forward/backward pass size (MB): 6.08
Params size (MB): 1.10
Estimated Total Size (MB): 7.27
=====================================================================================================================================================================
Total Trainable Parameters:  291587
Total Parameters:  291587
Epoch 0: 
BAS Score on Validation Data (Training Time 1.559554):  0.3333333333333333
Epoch 1: 
BAS Score on Validation Data (Training Time 1.558033):  0.4266917799452532
Epoch 2: 
BAS Score on Validation Data (Training Time 1.557816):  0.6109785185830173
Epoch 3: 
BAS Score on Validation Data (Training Time 1.557663):  0.6143308415137055
Epoch 4: 
BAS Score on Validation Data (Training Time 1.557494):  0.6230408383400494
Epoch 5: 
BAS Score on Validation Data (Training Time 1.557755):  0.744139348415613
Epoch 6: 
BAS Score on Validation Data (Training Time 1.559092):  0.7336586051753181
Epoch 7: 
BAS Score on Validation Data (Training Time 1.558295):  0.8907663417349075
Epoch 8: 
BAS Score on Validation Data (Training Time 1.566012):  0.712246931561391
Epoch 9: 
BAS Score on Validation Data (Training Time 1.562243):  0.9158660883088295
Epoch 10: 
BAS Score on Validation Data (Training Time 1.558817):  0.897426648738375
Epoch 11: 
BAS Score on Validation Data (Training Time 1.560099):  0.9218823638849584
Epoch 12: 
BAS Score on Validation Data (Training Time 1.558133):  0.9263851347722215
Epoch 13: 
BAS Score on Validation Data (Training Time 1.558336):  0.9219843472097149
Epoch 14: 
BAS Score on Validation Data (Training Time 1.562719):  0.8873302304828151
Epoch 15: 
BAS Score on Validation Data (Training Time 1.558584):  0.9319420633616389
Epoch 16: 
BAS Score on Validation Data (Training Time 1.558122):  0.9366618485579253
Epoch 17: 
BAS Score on Validation Data (Training Time 1.558323):  0.9396144449902203
Epoch 18: 
BAS Score on Validation Data (Training Time 1.559768):  0.9322467562321389
Epoch 19: 
BAS Score on Validation Data (Training Time 1.558595):  0.9392635808902529
Epoch 20: 
BAS Score on Validation Data (Training Time 1.558830):  0.9395240067278001
Epoch 21: 
BAS Score on Validation Data (Training Time 1.559185):  0.9365792350160049
Epoch 22: 
BAS Score on Validation Data (Training Time 1.559806):  0.9437923124665031
Epoch 23: 
BAS Score on Validation Data (Training Time 1.562174):  0.9280779681461894
Epoch 24: 
BAS Score on Validation Data (Training Time 1.557940):  0.9392390885324476
Epoch 25: 
BAS Score on Validation Data (Training Time 1.558853):  0.9428032799077689
Epoch 26: 
BAS Score on Validation Data (Training Time 1.559788):  0.948818221305508
Epoch 27: 
BAS Score on Validation Data (Training Time 1.558597):  0.9398946797689075
Epoch 28: 
BAS Score on Validation Data (Training Time 1.567273):  0.9347806812719656
Epoch 29: 
BAS Score on Validation Data (Training Time 1.562745):  0.9400829251524648
Epoch 30: 
BAS Score on Validation Data (Training Time 1.558372):  0.9393495579399916
Epoch 31: 
BAS Score on Validation Data (Training Time 1.560584):  0.9492600256312773
Epoch 32: 
BAS Score on Validation Data (Training Time 1.562442):  0.9530862420351487
Epoch 33: 
BAS Score on Validation Data (Training Time 1.559485):  0.9481600787797883
Epoch 34: 
BAS Score on Validation Data (Training Time 1.560168):  0.9405699486094443
Epoch 35: 
BAS Score on Validation Data (Training Time 1.565521):  0.9420889432066274
Epoch 36: 
BAS Score on Validation Data (Training Time 1.559848):  0.9421457844747946
Epoch 37: 
BAS Score on Validation Data (Training Time 1.563810):  0.9376673603387314
Epoch 38: 
BAS Score on Validation Data (Training Time 1.561406):  0.9150006636840716
Epoch 39: 
BAS Score on Validation Data (Training Time 1.560145):  0.9182367760785866
Epoch 40: 
BAS Score on Validation Data (Training Time 1.565368):  0.9466722697672969
Epoch 41: 
BAS Score on Validation Data (Training Time 1.561400):  0.9443311997460437
Epoch 42: 
BAS Score on Validation Data (Training Time 1.563079):  0.9559761252108264
Epoch 43: 
BAS Score on Validation Data (Training Time 1.567905):  0.9526422627733453
Epoch 44: 
BAS Score on Validation Data (Training Time 1.560441):  0.9582664086406893
Epoch 45: 
BAS Score on Validation Data (Training Time 1.563936):  0.9485282918757991
Epoch 46: 
BAS Score on Validation Data (Training Time 1.562693):  0.9463831953647749
Epoch 47: 
BAS Score on Validation Data (Training Time 1.559749):  0.9593373163044351
Epoch 48: 
BAS Score on Validation Data (Training Time 1.562604):  0.9378404749481498
Epoch 49: 
BAS Score on Validation Data (Training Time 1.560669):  0.9356259576840794
Epoch 50: 
BAS Score on Validation Data (Training Time 1.560100):  0.9464752185486547
Epoch 51: 
BAS Score on Validation Data (Training Time 1.567825):  0.9602692853910177
Epoch 52: 
BAS Score on Validation Data (Training Time 1.563933):  0.9534078104773961
Epoch 53: 
BAS Score on Validation Data (Training Time 1.560743):  0.9535907596175349
Epoch 54: 
BAS Score on Validation Data (Training Time 1.562745):  0.9512217138474091
Epoch 55: 
BAS Score on Validation Data (Training Time 1.562076):  0.9431783028209443
Epoch 56: 
BAS Score on Validation Data (Training Time 1.594343):  0.9449482308121876
Epoch 57: 
BAS Score on Validation Data (Training Time 1.560810):  0.9377390959075104
Epoch 58: 
BAS Score on Validation Data (Training Time 1.567768):  0.9573592939955952
Epoch 59: 
BAS Score on Validation Data (Training Time 1.561686):  0.9317210417450229
Epoch 60: 
BAS Score on Validation Data (Training Time 1.564052):  0.9280369194916913
Epoch 61: 
BAS Score on Validation Data (Training Time 1.561486):  0.9096885852728519
Epoch 62: 
BAS Score on Validation Data (Training Time 1.561486):  0.9198801770360038
Epoch 63: 
BAS Score on Validation Data (Training Time 1.563167):  0.9500190880428829
Epoch 64: 
BAS Score on Validation Data (Training Time 1.561194):  0.9593778377494369
Epoch 65: 
BAS Score on Validation Data (Training Time 1.560793):  0.9603789283104608
Epoch 66: 
BAS Score on Validation Data (Training Time 1.568516):  0.9539388016887229
Epoch 67: 
BAS Score on Validation Data (Training Time 1.560294):  0.9582717876856354
Epoch 68: 
BAS Score on Validation Data (Training Time 1.565086):  0.9627690201290461
Epoch 69: 
BAS Score on Validation Data (Training Time 1.563637):  0.9518087536275521
Epoch 70: 
BAS Score on Validation Data (Training Time 1.560479):  0.9629975362145355
Epoch 71: 
BAS Score on Validation Data (Training Time 1.563369):  0.9445680567849575
Epoch 72: 
BAS Score on Validation Data (Training Time 1.560987):  0.9610166576109237
Epoch 73: 
BAS Score on Validation Data (Training Time 1.560925):  0.9520879592333613
Epoch 74: 
BAS Score on Validation Data (Training Time 1.568356):  0.9538278873959681
Epoch 75: 
BAS Score on Validation Data (Training Time 1.565017):  0.9557641511524869
Epoch 76: 
BAS Score on Validation Data (Training Time 1.561746):  0.9533450829512362
Epoch 77: 
BAS Score on Validation Data (Training Time 1.562287):  0.9591275799872075
Epoch 78: 
BAS Score on Validation Data (Training Time 1.563184):  0.959377156390699
Epoch 79: 
BAS Score on Validation Data (Training Time 1.560930):  0.9397435433097558
Epoch 80: 
BAS Score on Validation Data (Training Time 1.560876):  0.9606549298073578
Epoch 81: 
BAS Score on Validation Data (Training Time 1.566097):  0.9538243354729158
Epoch 82: 
BAS Score on Validation Data (Training Time 1.561745):  0.9604279701042427
Epoch 83: 
BAS Score on Validation Data (Training Time 1.565242):  0.9605146627787117
Epoch 84: 
BAS Score on Validation Data (Training Time 1.562025):  0.9553131023105713
Epoch 85: 
BAS Score on Validation Data (Training Time 1.561374):  0.9626603293078605
Epoch 86: 
BAS Score on Validation Data (Training Time 1.564111):  0.9615301061613085
Epoch 87: 
BAS Score on Validation Data (Training Time 1.561375):  0.9447114508478948
Epoch 88: 
BAS Score on Validation Data (Training Time 1.560508):  0.9609165784826817
Epoch 89: 
BAS Score on Validation Data (Training Time 1.567797):  0.9453899637902429
Epoch 90: 
BAS Score on Validation Data (Training Time 1.561214):  0.9641241931684923
Epoch 91: 
BAS Score on Validation Data (Training Time 1.564294):  0.9630526669510869
Epoch 92: 
BAS Score on Validation Data (Training Time 1.561354):  0.9195007434023759
Epoch 93: 
BAS Score on Validation Data (Training Time 1.560920):  0.9620474059133507
Epoch 94: 
BAS Score on Validation Data (Training Time 1.563467):  0.9629917950859063
Epoch 95: 
BAS Score on Validation Data (Training Time 1.560611):  0.9606877003135094
Epoch 96: 
BAS Score on Validation Data (Training Time 1.560254):  0.9621586194847107
Epoch 97: 
BAS Score on Validation Data (Training Time 1.567758):  0.9626682453725236
Epoch 98: 
BAS Score on Validation Data (Training Time 1.565586):  0.96365951567237
Epoch 99: 
BAS Score on Validation Data (Training Time 1.560104):  0.9565965825898667
Epoch 100: 
BAS Score on Validation Data (Training Time 1.562074):  0.9614794309105316
Epoch 101: 
BAS Score on Validation Data (Training Time 1.562615):  0.9617624591789125
Epoch 102: 
BAS Score on Validation Data (Training Time 1.560338):  0.9622163500460571
Epoch 103: 
BAS Score on Validation Data (Training Time 1.560908):  0.9631399639096728
Epoch 104: 
BAS Score on Validation Data (Training Time 1.566266):  0.9609481261510565
Epoch 105: 
BAS Score on Validation Data (Training Time 1.562744):  0.9609267608275426
Epoch 106: 
BAS Score on Validation Data (Training Time 1.564877):  0.9623597298394517
Epoch 107: 
BAS Score on Validation Data (Training Time 1.561049):  0.9607871751576343
Epoch 108: 
BAS Score on Validation Data (Training Time 1.561603):  0.9646443492153063
Epoch 109: 
BAS Score on Validation Data (Training Time 1.563843):  0.96365951567237
Epoch 110: 
BAS Score on Validation Data (Training Time 1.561108):  0.95818095307354
Epoch 111: 
BAS Score on Validation Data (Training Time 1.560469):  0.9642414956826216
Epoch 112: 
BAS Score on Validation Data (Training Time 1.568151):  0.9644840167755436
Epoch 113: 
BAS Score on Validation Data (Training Time 1.560984):  0.9460867806426211
Epoch 114: 
BAS Score on Validation Data (Training Time 1.564737):  0.9525038656752214
Epoch 115: 
BAS Score on Validation Data (Training Time 1.561706):  0.8743357655368157
Epoch 116: 
BAS Score on Validation Data (Training Time 1.560341):  0.9635236898599553
Epoch 117: 
BAS Score on Validation Data (Training Time 1.563295):  0.9644154853156767
Epoch 118: 
BAS Score on Validation Data (Training Time 1.560692):  0.9650491212140483
Epoch 119: 
BAS Score on Validation Data (Training Time 1.560065):  0.9617041243334491
Epoch 120: 
BAS Score on Validation Data (Training Time 1.567569):  0.9479665509451128
Epoch 121: 
BAS Score on Validation Data (Training Time 1.564367):  0.9649101683673424
Epoch 122: 
BAS Score on Validation Data (Training Time 1.560312):  0.9491525091123331
Epoch 123: 
BAS Score on Validation Data (Training Time 1.562133):  0.9625748737407109
Epoch 124: 
BAS Score on Validation Data (Training Time 1.562092):  0.9664180285214076
Epoch 125: 
BAS Score on Validation Data (Training Time 1.559978):  0.9015742684586806
Epoch 126: 
BAS Score on Validation Data (Training Time 1.560743):  0.9567620090655131
Epoch 127: 
BAS Score on Validation Data (Training Time 1.567365):  0.9556707024460533
Epoch 128: 
BAS Score on Validation Data (Training Time 1.563348):  0.9630299874456324
Epoch 129: 
BAS Score on Validation Data (Training Time 1.564593):  0.9637742183617042
Epoch 130: 
BAS Score on Validation Data (Training Time 1.560484):  0.9547955118225598
Epoch 131: 
BAS Score on Validation Data (Training Time 1.561477):  0.9646258259170212
Epoch 132: 
BAS Score on Validation Data (Training Time 1.562718):  0.9663922077121191
Epoch 133: 
BAS Score on Validation Data (Training Time 1.559890):  0.9647992112659592
Epoch 134: 
BAS Score on Validation Data (Training Time 1.560650):  0.9664986322531072
Epoch 135: 
BAS Score on Validation Data (Training Time 1.568108):  0.9664148101429527
Epoch 136: 
BAS Score on Validation Data (Training Time 1.561140):  0.9656626631622177
Epoch 137: 
BAS Score on Validation Data (Training Time 1.564655):  0.9621729723062836
Epoch 138: 
BAS Score on Validation Data (Training Time 1.561913):  0.9652416341453884
Epoch 139: 
BAS Score on Validation Data (Training Time 1.561890):  0.960032505426725
Epoch 140: 
BAS Score on Validation Data (Training Time 1.562573):  0.9657015368806817
Epoch 141: 
BAS Score on Validation Data (Training Time 1.565915):  0.9680179746644306
Epoch 142: 
BAS Score on Validation Data (Training Time 1.560413):  0.9645257610583221
Epoch 143: 
BAS Score on Validation Data (Training Time 1.567792):  0.9596473882198814
Epoch 144: 
BAS Score on Validation Data (Training Time 1.564524):  0.9550351623511673
Epoch 145: 
BAS Score on Validation Data (Training Time 1.562071):  0.9507374981496662
Epoch 146: 
BAS Score on Validation Data (Training Time 1.562944):  0.9627313692483591
Epoch 147: 
BAS Score on Validation Data (Training Time 1.562372):  0.9663778548905461
Epoch 148: 
BAS Score on Validation Data (Training Time 1.560177):  0.9662538591495302
Epoch 149: 
BAS Score on Validation Data (Training Time 1.560958):  0.9627026921442986
High Quality
0.9636338859341352 0.9723067891838744 0.9822745155329864 0.9636338859341352 0.9664215027693828
              precision    recall  f1-score   support

           0       0.99      0.99      0.99     19588
           1       0.98      1.00      0.99      5531
           2       0.98      0.90      0.94      3100

    accuracy                           0.98     28219
   macro avg       0.98      0.96      0.97     28219
weighted avg       0.98      0.98      0.98     28219

Low Quality
0.6794266101352715 0.7094202898550724 0.752798323069738 0.6794266101352715 0.7191854450776524
              precision    recall  f1-score   support

           0       0.96      0.99      0.98       635
           1       0.89      0.65      0.75        65
           2       0.40      0.40      0.40        20

    accuracy                           0.94       720
   macro avg       0.75      0.68      0.71       720
weighted avg       0.94      0.94      0.94       720

Emb Dim: 128
Transformer-MHA-128
=====================================================================================================================================================================
Layer (type:depth-idx)                   Input Shape               Output Shape              Kernel Shape              Param #                   Mult-Adds
=====================================================================================================================================================================
TransfomerBlock                          [2, 21, 495]              [2, 3]                    --                        --                        --
├─MakePatches: 1-1                       [2, 21, 495]              [2, 165, 63]              --                        --                        --
│    └─Unfold: 2-1                       [2, 1, 21, 495]           [2, 63, 165]              [21, 3]                   --                        --
├─Linear: 1-2                            [2, 165, 63]              [2, 165, 128]             --                        8,192                     16,384
├─PositionalEncoding: 1-3                [2, 165, 128]             [2, 165, 128]             --                        --                        --
├─TransformerEncoderLayer: 1-4           [2, 165, 128]             [2, 165, 128]             --                        --                        --
│    └─MultiheadAttention: 2-2           [2, 165, 128]             [2, 165, 128]             --                        66,048                    --
│    └─Dropout: 2-3                      [2, 165, 128]             [2, 165, 128]             --                        --                        --
│    └─LayerNorm: 2-4                    [2, 165, 128]             [2, 165, 128]             --                        256                       512
│    └─Linear: 2-5                       [2, 165, 128]             [2, 165, 2048]            --                        264,192                   528,384
│    └─Dropout: 2-6                      [2, 165, 2048]            [2, 165, 2048]            --                        --                        --
│    └─Linear: 2-7                       [2, 165, 2048]            [2, 165, 128]             --                        262,272                   524,544
│    └─Dropout: 2-8                      [2, 165, 128]             [2, 165, 128]             --                        --                        --
│    └─LayerNorm: 2-9                    [2, 165, 128]             [2, 165, 128]             --                        256                       512
├─Sequential: 1-5                        [2, 128]                  [2, 3]                    --                        --                        --
│    └─Linear: 2-10                      [2, 128]                  [2, 64]                   --                        8,256                     16,512
│    └─ReLU: 2-11                        [2, 64]                   [2, 64]                   --                        --                        --
│    └─Linear: 2-12                      [2, 64]                   [2, 32]                   --                        2,080                     4,160
│    └─ReLU: 2-13                        [2, 32]                   [2, 32]                   --                        --                        --
│    └─Linear: 2-14                      [2, 32]                   [2, 3]                    --                        99                        198
=====================================================================================================================================================================
Total params: 611,651
Trainable params: 611,651
Non-trainable params: 0
Total mult-adds (Units.MEGABYTES): 1.09
=====================================================================================================================================================================
Input size (MB): 0.08
Forward/backward pass size (MB): 6.76
Params size (MB): 2.18
Estimated Total Size (MB): 9.03
=====================================================================================================================================================================
Total Trainable Parameters:  611651
Total Parameters:  611651
Epoch 0: 
BAS Score on Validation Data (Training Time 1.719136):  0.33351628247347237
Epoch 1: 
BAS Score on Validation Data (Training Time 1.715756):  0.5236473064129264
Epoch 2: 
BAS Score on Validation Data (Training Time 1.711790):  0.6119805755118413
Epoch 3: 
BAS Score on Validation Data (Training Time 1.709773):  0.6298994089006066
Epoch 4: 
BAS Score on Validation Data (Training Time 1.710550):  0.6353128373361379
Epoch 5: 
BAS Score on Validation Data (Training Time 1.712353):  0.839719596630721
Epoch 6: 
BAS Score on Validation Data (Training Time 1.710072):  0.9004853651833882
Epoch 7: 
BAS Score on Validation Data (Training Time 1.710634):  0.9104534716146143
Epoch 8: 
BAS Score on Validation Data (Training Time 1.709920):  0.8115207435038471
Epoch 9: 
BAS Score on Validation Data (Training Time 1.710502):  0.9259903229143559
Epoch 10: 
BAS Score on Validation Data (Training Time 1.711035):  0.916801628837672
Epoch 11: 
BAS Score on Validation Data (Training Time 1.730541):  0.9345846364140228
Epoch 12: 
BAS Score on Validation Data (Training Time 1.732278):  0.9371417538992572
Epoch 13: 
BAS Score on Validation Data (Training Time 1.734316):  0.9334270075367224
Epoch 14: 
BAS Score on Validation Data (Training Time 1.710813):  0.9153993472172863
Epoch 15: 
BAS Score on Validation Data (Training Time 1.711374):  0.9242856822811683
Epoch 16: 
BAS Score on Validation Data (Training Time 1.712584):  0.940618753929699
Epoch 17: 
BAS Score on Validation Data (Training Time 1.711913):  0.9336105552340718
Epoch 18: 
BAS Score on Validation Data (Training Time 1.711727):  0.9264320987010398
Epoch 19: 
BAS Score on Validation Data (Training Time 1.711954):  0.9455522432351485
Epoch 20: 
BAS Score on Validation Data (Training Time 1.712355):  0.9439271719111176
Epoch 21: 
BAS Score on Validation Data (Training Time 1.719091):  0.9420981449141453
Epoch 22: 
BAS Score on Validation Data (Training Time 1.712185):  0.9423558115279912
Epoch 23: 
BAS Score on Validation Data (Training Time 1.715583):  0.9496602650696241
Epoch 24: 
BAS Score on Validation Data (Training Time 1.712674):  0.951084650927675
Epoch 25: 
BAS Score on Validation Data (Training Time 1.712523):  0.9506801496684525
Epoch 26: 
BAS Score on Validation Data (Training Time 1.713004):  0.9330482047696038
Epoch 27: 
BAS Score on Validation Data (Training Time 1.712512):  0.9536870018136622
Epoch 28: 
BAS Score on Validation Data (Training Time 1.717861):  0.9521730669863705
Epoch 29: 
BAS Score on Validation Data (Training Time 1.712445):  0.9524567766134892
Epoch 30: 
BAS Score on Validation Data (Training Time 1.716384):  0.9499215516612649
Epoch 31: 
BAS Score on Validation Data (Training Time 1.715492):  0.9420047790092395
Epoch 32: 
BAS Score on Validation Data (Training Time 1.715009):  0.9496078935567741
Epoch 33: 
BAS Score on Validation Data (Training Time 1.713102):  0.9273402367921054
Epoch 34: 
BAS Score on Validation Data (Training Time 1.714628):  0.9569675749060286
Epoch 35: 
BAS Score on Validation Data (Training Time 1.720026):  0.9425088464567505
Epoch 36: 
BAS Score on Validation Data (Training Time 1.713328):  0.9566387232223206
Epoch 37: 
BAS Score on Validation Data (Training Time 1.715816):  0.8982837556991295
Epoch 38: 
BAS Score on Validation Data (Training Time 1.715175):  0.9578492022864319
Epoch 39: 
BAS Score on Validation Data (Training Time 1.714338):  0.9555330352422025
Epoch 40: 
BAS Score on Validation Data (Training Time 1.712527):  0.9453823755432705
Epoch 41: 
BAS Score on Validation Data (Training Time 1.712773):  0.9488471348830952
Epoch 42: 
BAS Score on Validation Data (Training Time 1.719575):  0.9551059315521462
Epoch 43: 
BAS Score on Validation Data (Training Time 1.715515):  0.9540920588214665
Epoch 44: 
BAS Score on Validation Data (Training Time 1.713757):  0.9597478294318061
Epoch 45: 
BAS Score on Validation Data (Training Time 1.714961):  0.9543741349915901
Epoch 46: 
BAS Score on Validation Data (Training Time 1.714772):  0.9598351406599349
Epoch 47: 
BAS Score on Validation Data (Training Time 1.712602):  0.9597137447437142
Epoch 48: 
BAS Score on Validation Data (Training Time 1.713191):  0.9596557434428483
Epoch 49: 
BAS Score on Validation Data (Training Time 1.720852):  0.9610851748012479
Epoch 50: 
BAS Score on Validation Data (Training Time 1.716867):  0.960339991786919
Epoch 51: 
BAS Score on Validation Data (Training Time 1.714876):  0.9376000574435478
Epoch 52: 
BAS Score on Validation Data (Training Time 1.714993):  0.9611737716722315
Epoch 53: 
BAS Score on Validation Data (Training Time 1.719276):  0.9565936692169236
Epoch 54: 
BAS Score on Validation Data (Training Time 1.713287):  0.9605933765834394
Epoch 55: 
BAS Score on Validation Data (Training Time 1.713439):  0.9169157467620966
Epoch 56: 
BAS Score on Validation Data (Training Time 1.721673):  0.9578332788129419
Epoch 57: 
BAS Score on Validation Data (Training Time 1.716473):  0.9489468861936464
Epoch 58: 
BAS Score on Validation Data (Training Time 1.714377):  0.9513657264640062
Epoch 59: 
BAS Score on Validation Data (Training Time 1.715136):  0.9270878811684629
Epoch 60: 
BAS Score on Validation Data (Training Time 1.715290):  0.9621599193971081
Epoch 61: 
BAS Score on Validation Data (Training Time 1.713412):  0.9614421278439848
Epoch 62: 
BAS Score on Validation Data (Training Time 1.739525):  0.9574702653665211
Epoch 63: 
BAS Score on Validation Data (Training Time 1.725010):  0.961503681067903
Epoch 64: 
BAS Score on Validation Data (Training Time 1.716244):  0.9615412548739694
Epoch 65: 
BAS Score on Validation Data (Training Time 1.711486):  0.9624199974205153
Epoch 66: 
BAS Score on Validation Data (Training Time 1.719951):  0.9612885514361865
Epoch 67: 
BAS Score on Validation Data (Training Time 1.714397):  0.9635297788027248
Epoch 68: 
BAS Score on Validation Data (Training Time 1.713773):  0.951807864334373
Epoch 69: 
BAS Score on Validation Data (Training Time 1.712776):  0.9347172238515328
Epoch 70: 
BAS Score on Validation Data (Training Time 1.720153):  0.9598726859269157
Epoch 71: 
BAS Score on Validation Data (Training Time 1.715547):  0.9479636803807984
Epoch 72: 
BAS Score on Validation Data (Training Time 1.714011):  0.9622479119839747
Epoch 73: 
BAS Score on Validation Data (Training Time 1.713304):  0.9574195758462015
Epoch 74: 
BAS Score on Validation Data (Training Time 1.715648):  0.9626213927843185
Epoch 75: 
BAS Score on Validation Data (Training Time 1.714193):  0.9631670989009016
Epoch 76: 
BAS Score on Validation Data (Training Time 1.712565):  0.9306812516112264
Epoch 77: 
BAS Score on Validation Data (Training Time 1.721079):  0.9609375189174347
Epoch 78: 
BAS Score on Validation Data (Training Time 1.717041):  0.9543843173364509
Epoch 79: 
BAS Score on Validation Data (Training Time 1.714083):  0.9640805446891992
Epoch 80: 
BAS Score on Validation Data (Training Time 1.713176):  0.9642350589257119
Epoch 81: 
BAS Score on Validation Data (Training Time 1.714810):  0.9596085430405029
Epoch 82: 
BAS Score on Validation Data (Training Time 1.713776):  0.9649197321585435
Epoch 83: 
BAS Score on Validation Data (Training Time 1.712969):  0.963505257905834
Epoch 84: 
BAS Score on Validation Data (Training Time 1.719600):  0.9647459989954653
Epoch 85: 
BAS Score on Validation Data (Training Time 1.717075):  0.9652760666476206
Epoch 86: 
BAS Score on Validation Data (Training Time 1.714014):  0.9647823499637548
Epoch 87: 
BAS Score on Validation Data (Training Time 1.714322):  0.965437017641043
Epoch 88: 
BAS Score on Validation Data (Training Time 1.715127):  0.9591359352101746
Epoch 89: 
BAS Score on Validation Data (Training Time 1.712743):  0.9512143392617848
Epoch 90: 
BAS Score on Validation Data (Training Time 1.722239):  0.954021081686046
Epoch 91: 
BAS Score on Validation Data (Training Time 1.721828):  0.9667590580906543
Epoch 92: 
BAS Score on Validation Data (Training Time 1.716453):  0.9599148693679981
Epoch 93: 
BAS Score on Validation Data (Training Time 1.713896):  0.9626086876892835
Epoch 94: 
BAS Score on Validation Data (Training Time 1.714177):  0.9663408996381396
Epoch 95: 
BAS Score on Validation Data (Training Time 1.723211):  0.9643536613522389
Epoch 96: 
BAS Score on Validation Data (Training Time 1.713581):  0.9639460330587252
Epoch 97: 
BAS Score on Validation Data (Training Time 1.719480):  0.949040947726833
Epoch 98: 
BAS Score on Validation Data (Training Time 1.714249):  0.9627916368294226
Epoch 99: 
BAS Score on Validation Data (Training Time 1.747512):  0.9631355369629838
Epoch 100: 
BAS Score on Validation Data (Training Time 1.731027):  0.962840407883685
Epoch 101: 
BAS Score on Validation Data (Training Time 1.736419):  0.9618106259490579
Epoch 102: 
BAS Score on Validation Data (Training Time 1.731024):  0.9661770780804027
Epoch 103: 
BAS Score on Validation Data (Training Time 1.728336):  0.964632262673931
Epoch 104: 
BAS Score on Validation Data (Training Time 1.721769):  0.9615189859877332
Epoch 105: 
BAS Score on Validation Data (Training Time 1.712960):  0.9660150836445593
Epoch 106: 
BAS Score on Validation Data (Training Time 1.718416):  0.9650408573352447
Epoch 107: 
BAS Score on Validation Data (Training Time 1.715157):  0.9675016412801883
Epoch 108: 
BAS Score on Validation Data (Training Time 1.715644):  0.9552349299848824
Epoch 109: 
BAS Score on Validation Data (Training Time 1.711759):  0.9663657683491708
Epoch 110: 
BAS Score on Validation Data (Training Time 1.714515):  0.9658800448045891
Epoch 111: 
BAS Score on Validation Data (Training Time 1.719424):  0.9672916484929841
Epoch 112: 
BAS Score on Validation Data (Training Time 1.714622):  0.9570679105042471
Epoch 113: 
BAS Score on Validation Data (Training Time 1.715731):  0.9663784734442059
Epoch 114: 
BAS Score on Validation Data (Training Time 1.714679):  0.956650205479579
Epoch 115: 
BAS Score on Validation Data (Training Time 1.714386):  0.9682939618917848
Epoch 116: 
BAS Score on Validation Data (Training Time 1.713214):  0.9672667797819529
Epoch 117: 
BAS Score on Validation Data (Training Time 1.714820):  0.9648894701330234
Epoch 118: 
BAS Score on Validation Data (Training Time 1.719970):  0.9640651484252055
Epoch 119: 
BAS Score on Validation Data (Training Time 1.715680):  0.959854510442771
Epoch 120: 
BAS Score on Validation Data (Training Time 1.713367):  0.9649758149933522
Epoch 121: 
BAS Score on Validation Data (Training Time 1.717911):  0.9674886026405559
Epoch 122: 
BAS Score on Validation Data (Training Time 1.715069):  0.9654838844987909
Epoch 123: 
BAS Score on Validation Data (Training Time 1.712466):  0.9626226926967162
Epoch 124: 
BAS Score on Validation Data (Training Time 1.712364):  0.9669697465061393
Epoch 125: 
BAS Score on Validation Data (Training Time 1.719446):  0.9640107275864774
Epoch 126: 
BAS Score on Validation Data (Training Time 1.716250):  0.9681951826759404
Epoch 127: 
BAS Score on Validation Data (Training Time 1.712928):  0.9683557858552225
Epoch 128: 
BAS Score on Validation Data (Training Time 1.714567):  0.9667704490037492
Epoch 129: 
BAS Score on Validation Data (Training Time 1.714943):  0.9694611402907434
Epoch 130: 
BAS Score on Validation Data (Training Time 1.712642):  0.9527255434044607
Epoch 131: 
BAS Score on Validation Data (Training Time 1.712326):  0.9687032521813791
Epoch 132: 
BAS Score on Validation Data (Training Time 1.720730):  0.9656808386463626
Epoch 133: 
BAS Score on Validation Data (Training Time 1.716141):  0.969185757347506
Epoch 134: 
BAS Score on Validation Data (Training Time 1.711616):  0.9647345310077498
Epoch 135: 
BAS Score on Validation Data (Training Time 1.715343):  0.968318226318699
Epoch 136: 
BAS Score on Validation Data (Training Time 1.714990):  0.9684176098186602
Epoch 137: 
BAS Score on Validation Data (Training Time 1.713455):  0.9676384191908601
Epoch 138: 
BAS Score on Validation Data (Training Time 1.712396):  0.9680718825632052
Epoch 139: 
BAS Score on Validation Data (Training Time 1.719415):  0.9692727978361154
Epoch 140: 
BAS Score on Validation Data (Training Time 1.716297):  0.723166333767062
Epoch 141: 
BAS Score on Validation Data (Training Time 1.713836):  0.9677706788106795
Epoch 142: 
BAS Score on Validation Data (Training Time 1.712885):  0.9703749338931812
Epoch 143: 
BAS Score on Validation Data (Training Time 1.716511):  0.9687061227456937
Epoch 144: 
BAS Score on Validation Data (Training Time 1.711950):  0.9683195262310965
Epoch 145: 
BAS Score on Validation Data (Training Time 1.711794):  0.9674774681974377
Epoch 146: 
BAS Score on Validation Data (Training Time 1.720968):  0.9667345371937636
Epoch 147: 
BAS Score on Validation Data (Training Time 1.714935):  0.9669534894880519
Epoch 148: 
BAS Score on Validation Data (Training Time 1.713262):  0.9693129714669767
Epoch 149: 
BAS Score on Validation Data (Training Time 1.712742):  0.9673620841493656
High Quality
0.9703480332935547 0.9761818586740634 0.9827021550632965 0.9703480332935547 0.970930242290785
              precision    recall  f1-score   support

           0       0.99      0.99      0.99     19588
           1       0.98      1.00      0.99      5531
           2       0.98      0.92      0.95      3100

    accuracy                           0.99     28219
   macro avg       0.98      0.97      0.98     28219
weighted avg       0.99      0.99      0.99     28219

Low Quality
0.7571370886331517 0.7108279231095084 0.7318483321154954 0.7571370886331517 0.596511725388182
              precision    recall  f1-score   support

           0       0.98      0.89      0.94       635
           1       0.45      0.88      0.59        65
           2       0.77      0.50      0.61        20

    accuracy                           0.88       720
   macro avg       0.73      0.76      0.71       720
weighted avg       0.93      0.88      0.90       720


High Quality Post 2020
                          mean       std       sem  count
Model                                                    
Transformer-FNET-128  0.970357  0.000381  0.000269      2
Transformer-FNET-64   0.969268  0.001238  0.000875      2
Transformer-MHA-128   0.975266  0.001295  0.000916      2
Transformer-MHA-64    0.971416  0.001260  0.000891      2
                          mean       std       sem  count
Model                                                    
Transformer-FNET-128  0.960768  0.000389  0.000275      2
Transformer-FNET-64   0.961725  0.000593  0.000420      2
Transformer-MHA-128   0.968515  0.002592  0.001833      2
Transformer-MHA-64    0.962137  0.002118  0.001497      2
                          mean       std       sem  count
Model                                                    
Transformer-FNET-128  0.964307  0.000488  0.000345      2
Transformer-FNET-64   0.963232  0.001744  0.001233      2
Transformer-MHA-128   0.969820  0.001570  0.001110      2
Transformer-MHA-64    0.965351  0.001514  0.001071      2

Low Quality Post 2020
                          mean       std       sem  count
Model                                                    
Transformer-FNET-128  0.768998  0.065610  0.046393      2
Transformer-FNET-64   0.713285  0.083826  0.059274      2
Transformer-MHA-128   0.633425  0.109464  0.077403      2
Transformer-MHA-64    0.728387  0.026822  0.018966      2
                          mean       std       sem  count
Model                                                    
Transformer-FNET-128  0.702736  0.057034  0.040329      2
Transformer-FNET-64   0.693363  0.004790  0.003387      2
Transformer-MHA-128   0.703003  0.076557  0.054134      2
Transformer-MHA-64    0.687351  0.011207  0.007924      2
                          mean       std       sem  count
Model                                                    
Transformer-FNET-128  0.752537  0.114905  0.081250      2
Transformer-FNET-64   0.627374  0.194506  0.137536      2
Transformer-MHA-128   0.483610  0.159667  0.112902      2
Transformer-MHA-64    0.734138  0.021146  0.014952      2
Saving Results
************Fold: 2
Data Shape Before Sampling:  (59972, 21, 495) (59972,)
Subtype/Host: 0 ,count:  34602 ,index count: (array([False,  True]), array([25370, 34602])) ,downsampling:  (16000, 21, 495) (16000,)
Subtype/Host: 1 ,count:  16398 ,index count: (array([False,  True]), array([43574, 16398])) ,downsampling:  (16000, 21, 495) (16000,)
Subtype/Host: 2 ,count:  8972 ,index count: (array([False,  True]), array([51000,  8972])) ,keep:  (8972, 21, 495) (8972,)
Emb Dim: 64
Transformer-FNET-64
=====================================================================================================================================================================
Layer (type:depth-idx)                   Input Shape               Output Shape              Kernel Shape              Param #                   Mult-Adds
=====================================================================================================================================================================
TransfomerBlock                          [2, 21, 495]              [2, 3]                    --                        --                        --
├─MakePatches: 1-1                       [2, 21, 495]              [2, 165, 63]              --                        --                        --
│    └─Unfold: 2-1                       [2, 1, 21, 495]           [2, 63, 165]              [21, 3]                   --                        --
├─Linear: 1-2                            [2, 165, 63]              [2, 165, 64]              --                        4,096                     8,192
├─PositionalEncoding: 1-3                [2, 165, 64]              [2, 165, 64]              --                        --                        --
├─FNET: 1-4                              [2, 165, 64]              [2, 165, 64]              --                        --                        --
│    └─LayerNorm: 2-2                    [2, 165, 64]              [2, 165, 64]              --                        128                       256
│    └─Sequential: 2-3                   [2, 165, 64]              [2, 165, 64]              --                        --                        --
│    │    └─Linear: 3-1                  [2, 165, 64]              [2, 165, 64]              --                        4,160                     8,320
│    │    └─ReLU: 3-2                    [2, 165, 64]              [2, 165, 64]              --                        --                        --
│    │    └─Dropout: 3-3                 [2, 165, 64]              [2, 165, 64]              --                        --                        --
│    │    └─Linear: 3-4                  [2, 165, 64]              [2, 165, 64]              --                        4,160                     8,320
│    └─LayerNorm: 2-4                    [2, 165, 64]              [2, 165, 64]              --                        128                       256
├─Sequential: 1-5                        [2, 64]                   [2, 3]                    --                        --                        --
│    └─Linear: 2-5                       [2, 64]                   [2, 64]                   --                        4,160                     8,320
│    └─ReLU: 2-6                         [2, 64]                   [2, 64]                   --                        --                        --
│    └─Linear: 2-7                       [2, 64]                   [2, 32]                   --                        2,080                     4,160
│    └─ReLU: 2-8                         [2, 32]                   [2, 32]                   --                        --                        --
│    └─Linear: 2-9                       [2, 32]                   [2, 3]                    --                        99                        198
=====================================================================================================================================================================
Total params: 19,011
Trainable params: 19,011
Non-trainable params: 0
Total mult-adds (Units.MEGABYTES): 0.04
=====================================================================================================================================================================
Input size (MB): 0.08
Forward/backward pass size (MB): 0.85
Params size (MB): 0.08
Estimated Total Size (MB): 1.01
=====================================================================================================================================================================
Total Trainable Parameters:  19011
Total Parameters:  19011
Epoch 0: 
BAS Score on Validation Data (Training Time 1.114013):  0.3333333333333333
Epoch 1: 
BAS Score on Validation Data (Training Time 1.065905):  0.3333333333333333
Epoch 2: 
BAS Score on Validation Data (Training Time 1.066404):  0.45837057740080894
Epoch 3: 
BAS Score on Validation Data (Training Time 1.065108):  0.504033493253245
Epoch 4: 
BAS Score on Validation Data (Training Time 1.064810):  0.5926478236189481
Epoch 5: 
BAS Score on Validation Data (Training Time 1.065300):  0.6166912898604305
Epoch 6: 
BAS Score on Validation Data (Training Time 1.065157):  0.6179528062590017
Epoch 7: 
BAS Score on Validation Data (Training Time 1.064847):  0.6231932404456061
Epoch 8: 
BAS Score on Validation Data (Training Time 1.065274):  0.6391283927211876
Epoch 9: 
BAS Score on Validation Data (Training Time 1.065235):  0.6747072685976168
Epoch 10: 
BAS Score on Validation Data (Training Time 1.065658):  0.7271703350728561
Epoch 11: 
BAS Score on Validation Data (Training Time 1.066313):  0.7543947021274676
Epoch 12: 
BAS Score on Validation Data (Training Time 1.065921):  0.8298505144315024
Epoch 13: 
BAS Score on Validation Data (Training Time 1.065189):  0.85153203497875
Epoch 14: 
BAS Score on Validation Data (Training Time 1.065188):  0.8713487280596527
Epoch 15: 
BAS Score on Validation Data (Training Time 1.065457):  0.8635247655639513
Epoch 16: 
BAS Score on Validation Data (Training Time 1.066114):  0.8889531701566825
Epoch 17: 
BAS Score on Validation Data (Training Time 1.065570):  0.8921387724262336
Epoch 18: 
BAS Score on Validation Data (Training Time 1.066325):  0.8930025093315545
Epoch 19: 
BAS Score on Validation Data (Training Time 1.067140):  0.8988526342646708
Epoch 20: 
BAS Score on Validation Data (Training Time 1.066086):  0.897137589082638
Epoch 21: 
BAS Score on Validation Data (Training Time 1.065009):  0.9001354817207637
Epoch 22: 
BAS Score on Validation Data (Training Time 1.065467):  0.9045883557870579
Epoch 23: 
BAS Score on Validation Data (Training Time 1.066061):  0.907123745865095
Epoch 24: 
BAS Score on Validation Data (Training Time 1.065759):  0.9084193469517583
Epoch 25: 
BAS Score on Validation Data (Training Time 1.065553):  0.9094214181501251
Epoch 26: 
BAS Score on Validation Data (Training Time 1.065297):  0.9119600266066173
Epoch 27: 
BAS Score on Validation Data (Training Time 1.069927):  0.9092043557828086
Epoch 28: 
BAS Score on Validation Data (Training Time 1.066616):  0.9109410798365033
Epoch 29: 
BAS Score on Validation Data (Training Time 1.066620):  0.9175539104484413
Epoch 30: 
BAS Score on Validation Data (Training Time 1.065545):  0.9161910778143086
Epoch 31: 
BAS Score on Validation Data (Training Time 1.065502):  0.9171453015175847
Epoch 32: 
BAS Score on Validation Data (Training Time 1.066056):  0.9180093576979601
Epoch 33: 
BAS Score on Validation Data (Training Time 1.066093):  0.9211599517202474
Epoch 34: 
BAS Score on Validation Data (Training Time 1.075568):  0.9228402451249934
Epoch 35: 
BAS Score on Validation Data (Training Time 1.066584):  0.9246298336350418
Epoch 36: 
BAS Score on Validation Data (Training Time 1.070584):  0.9235270790243161
Epoch 37: 
BAS Score on Validation Data (Training Time 1.066009):  0.9255311928819642
Epoch 38: 
BAS Score on Validation Data (Training Time 1.067435):  0.926646715392803
Epoch 39: 
BAS Score on Validation Data (Training Time 1.067198):  0.9247105144413622
Epoch 40: 
BAS Score on Validation Data (Training Time 1.067123):  0.9272851260520037
Epoch 41: 
BAS Score on Validation Data (Training Time 1.066316):  0.9285080394716304
Epoch 42: 
BAS Score on Validation Data (Training Time 1.066080):  0.9276185102961066
Epoch 43: 
BAS Score on Validation Data (Training Time 1.066006):  0.9317398415097343
Epoch 44: 
BAS Score on Validation Data (Training Time 1.067291):  0.9301061584927597
Epoch 45: 
BAS Score on Validation Data (Training Time 1.067361):  0.93108368025515
Epoch 46: 
BAS Score on Validation Data (Training Time 1.066381):  0.9272784470946599
Epoch 47: 
BAS Score on Validation Data (Training Time 1.067308):  0.9340860141095072
Epoch 48: 
BAS Score on Validation Data (Training Time 1.067297):  0.9335451598283742
Epoch 49: 
BAS Score on Validation Data (Training Time 1.066791):  0.9332544719653066
Epoch 50: 
BAS Score on Validation Data (Training Time 1.066845):  0.9339101060103948
Epoch 51: 
BAS Score on Validation Data (Training Time 1.068024):  0.9294840191211894
Epoch 52: 
BAS Score on Validation Data (Training Time 1.068572):  0.9321887011460732
Epoch 53: 
BAS Score on Validation Data (Training Time 1.066916):  0.937080084085061
Epoch 54: 
BAS Score on Validation Data (Training Time 1.070447):  0.9352650225798644
Epoch 55: 
BAS Score on Validation Data (Training Time 1.067246):  0.9377016334420573
Epoch 56: 
BAS Score on Validation Data (Training Time 1.066636):  0.9367629711285882
Epoch 57: 
BAS Score on Validation Data (Training Time 1.066401):  0.9392875745776478
Epoch 58: 
BAS Score on Validation Data (Training Time 1.066962):  0.9328965953633982
Epoch 59: 
BAS Score on Validation Data (Training Time 1.066551):  0.9381500539200923
Epoch 60: 
BAS Score on Validation Data (Training Time 1.074654):  0.9400665087354713
Epoch 61: 
BAS Score on Validation Data (Training Time 1.067709):  0.9409273465373916
Epoch 62: 
BAS Score on Validation Data (Training Time 1.070510):  0.9318693361789455
Epoch 63: 
BAS Score on Validation Data (Training Time 1.067184):  0.9393449715943967
Epoch 64: 
BAS Score on Validation Data (Training Time 1.066782):  0.9403145002175028
Epoch 65: 
BAS Score on Validation Data (Training Time 1.069414):  0.9405592733210798
Epoch 66: 
BAS Score on Validation Data (Training Time 1.066765):  0.9415128927402389
Epoch 67: 
BAS Score on Validation Data (Training Time 1.069360):  0.9407176102201641
Epoch 68: 
BAS Score on Validation Data (Training Time 1.067718):  0.9415501958067857
Epoch 69: 
BAS Score on Validation Data (Training Time 1.067972):  0.942586685237842
Epoch 70: 
BAS Score on Validation Data (Training Time 1.067268):  0.9415721026093387
Epoch 71: 
BAS Score on Validation Data (Training Time 1.068525):  0.9445713094294047
Epoch 72: 
BAS Score on Validation Data (Training Time 1.067790):  0.942905716660372
Epoch 73: 
BAS Score on Validation Data (Training Time 1.074112):  0.9430513627339643
Epoch 74: 
BAS Score on Validation Data (Training Time 1.068660):  0.9440457600681018
Epoch 75: 
BAS Score on Validation Data (Training Time 1.067515):  0.9442714055892765
Epoch 76: 
BAS Score on Validation Data (Training Time 1.070690):  0.9442430620298138
Epoch 77: 
BAS Score on Validation Data (Training Time 1.067664):  0.9435412567552582
Epoch 78: 
BAS Score on Validation Data (Training Time 1.070110):  0.9435169923283441
Epoch 79: 
BAS Score on Validation Data (Training Time 1.067325):  0.9452805035591273
Epoch 80: 
BAS Score on Validation Data (Training Time 1.068313):  0.945191892418601
Epoch 81: 
BAS Score on Validation Data (Training Time 1.066884):  0.9445869621633752
Epoch 82: 
BAS Score on Validation Data (Training Time 1.067630):  0.9458822154358981
Epoch 83: 
BAS Score on Validation Data (Training Time 1.067398):  0.9424477323911361
Epoch 84: 
BAS Score on Validation Data (Training Time 1.068654):  0.9443986197087474
Epoch 85: 
BAS Score on Validation Data (Training Time 1.067061):  0.9473451271982727
Epoch 86: 
BAS Score on Validation Data (Training Time 1.069335):  0.9464502047082601
Epoch 87: 
BAS Score on Validation Data (Training Time 1.073941):  0.9460138707716004
Epoch 88: 
BAS Score on Validation Data (Training Time 1.067121):  0.9472093927300218
Epoch 89: 
BAS Score on Validation Data (Training Time 1.072233):  0.9406922285691796
Epoch 90: 
BAS Score on Validation Data (Training Time 1.067292):  0.9470608760921149
Epoch 91: 
BAS Score on Validation Data (Training Time 1.069651):  0.9483360496839786
Epoch 92: 
BAS Score on Validation Data (Training Time 1.067232):  0.9477391125680369
Epoch 93: 
BAS Score on Validation Data (Training Time 1.068869):  0.9483825687275861
Epoch 94: 
BAS Score on Validation Data (Training Time 1.067495):  0.9449063414000457
Epoch 95: 
BAS Score on Validation Data (Training Time 1.066697):  0.947981015107299
Epoch 96: 
BAS Score on Validation Data (Training Time 1.067708):  0.9486024731201317
Epoch 97: 
BAS Score on Validation Data (Training Time 1.067410):  0.9479029341257738
Epoch 98: 
BAS Score on Validation Data (Training Time 1.067095):  0.9471864424850479
Epoch 99: 
BAS Score on Validation Data (Training Time 1.067316):  0.949064023581963
Epoch 100: 
BAS Score on Validation Data (Training Time 1.074360):  0.9489773309074939
Epoch 101: 
BAS Score on Validation Data (Training Time 1.067267):  0.9493428813736317
Epoch 102: 
BAS Score on Validation Data (Training Time 1.071738):  0.9475590339922123
Epoch 103: 
BAS Score on Validation Data (Training Time 1.067136):  0.9455007557658132
Epoch 104: 
BAS Score on Validation Data (Training Time 1.069219):  0.9497887791014924
Epoch 105: 
BAS Score on Validation Data (Training Time 1.067491):  0.950057468817843
Epoch 106: 
BAS Score on Validation Data (Training Time 1.069019):  0.9505871886558581
Epoch 107: 
BAS Score on Validation Data (Training Time 1.066747):  0.948692731987196
Epoch 108: 
BAS Score on Validation Data (Training Time 1.066771):  0.9505230984122228
Epoch 109: 
BAS Score on Validation Data (Training Time 1.066886):  0.9503774523386306
Epoch 110: 
BAS Score on Validation Data (Training Time 1.066862):  0.948014495511274
Epoch 111: 
BAS Score on Validation Data (Training Time 1.066843):  0.9496281759222102
Epoch 112: 
BAS Score on Validation Data (Training Time 1.066693):  0.9488536829806183
Epoch 113: 
BAS Score on Validation Data (Training Time 1.074682):  0.9517167161741296
Epoch 114: 
BAS Score on Validation Data (Training Time 1.067088):  0.9514843774260684
Epoch 115: 
BAS Score on Validation Data (Training Time 1.070952):  0.9499956448544054
Epoch 116: 
BAS Score on Validation Data (Training Time 1.067268):  0.9494576611375868
Epoch 117: 
BAS Score on Validation Data (Training Time 1.069514):  0.9489021204902833
Epoch 118: 
BAS Score on Validation Data (Training Time 1.066676):  0.9511940373771411
Epoch 119: 
BAS Score on Validation Data (Training Time 1.069839):  0.9508501372435797
Epoch 120: 
BAS Score on Validation Data (Training Time 1.067034):  0.9475125149486048
Epoch 121: 
BAS Score on Validation Data (Training Time 1.067309):  0.9518722738530631
Epoch 122: 
BAS Score on Validation Data (Training Time 1.066946):  0.9446548750695825
Epoch 123: 
BAS Score on Validation Data (Training Time 1.066934):  0.9414466418301122
Epoch 124: 
BAS Score on Validation Data (Training Time 1.068633):  0.952594158808278
Epoch 125: 
BAS Score on Validation Data (Training Time 1.067342):  0.952377124980047
Epoch 126: 
BAS Score on Validation Data (Training Time 1.075766):  0.9523704317531605
Epoch 127: 
BAS Score on Validation Data (Training Time 1.068592):  0.9496406102777258
Epoch 128: 
BAS Score on Validation Data (Training Time 1.070511):  0.9519283566878717
Epoch 129: 
BAS Score on Validation Data (Training Time 1.067458):  0.9497728698975451
Epoch 130: 
BAS Score on Validation Data (Training Time 1.069356):  0.9526929380241222
Epoch 131: 
BAS Score on Validation Data (Training Time 1.067507):  0.9492253223895256
Epoch 132: 
BAS Score on Validation Data (Training Time 1.066405):  0.9485877724844185
Epoch 133: 
BAS Score on Validation Data (Training Time 1.069084):  0.951861139409945
Epoch 134: 
BAS Score on Validation Data (Training Time 1.067440):  0.9515009822582962
Epoch 135: 
BAS Score on Validation Data (Training Time 1.067025):  0.9534821316014274
Epoch 136: 
BAS Score on Validation Data (Training Time 1.067202):  0.9513782864296779
Epoch 137: 
BAS Score on Validation Data (Training Time 1.068586):  0.9542135803478433
Epoch 138: 
BAS Score on Validation Data (Training Time 1.068057):  0.9536067316265603
Epoch 139: 
BAS Score on Validation Data (Training Time 1.074923):  0.9537896807666991
Epoch 140: 
BAS Score on Validation Data (Training Time 1.067746):  0.9535573420186382
Epoch 141: 
BAS Score on Validation Data (Training Time 1.070656):  0.9548232996334409
Epoch 142: 
BAS Score on Validation Data (Training Time 1.067667):  0.9505958003488019
Epoch 143: 
BAS Score on Validation Data (Training Time 1.067999):  0.9472947712225505
Epoch 144: 
BAS Score on Validation Data (Training Time 1.078456):  0.9538053335006698
Epoch 145: 
BAS Score on Validation Data (Training Time 1.068284):  0.9543375760888592
Epoch 146: 
BAS Score on Validation Data (Training Time 1.070970):  0.9536870788882831
Epoch 147: 
BAS Score on Validation Data (Training Time 1.070139):  0.9557122245248476
Epoch 148: 
BAS Score on Validation Data (Training Time 1.067385):  0.9550158125647809
Epoch 149: 
BAS Score on Validation Data (Training Time 1.068315):  0.9553405851159403
High Quality
0.9612525175262155 0.9676579965736049 0.9748543036510914 0.9612525175262155 0.960484995392775
              precision    recall  f1-score   support

           0       0.99      0.99      0.99     19588
           1       0.98      0.99      0.99      5531
           2       0.96      0.90      0.93      3100

    accuracy                           0.98     28219
   macro avg       0.97      0.96      0.97     28219
weighted avg       0.98      0.98      0.98     28219

Low Quality
0.5008277811427418 0.4647957186674922 0.4587371451793993 0.5008277811427418 0.28679186443256965
              precision    recall  f1-score   support

           0       0.94      0.84      0.89       635
           1       0.22      0.46      0.30        65
           2       0.21      0.20      0.21        20

    accuracy                           0.79       720
   macro avg       0.46      0.50      0.46       720
weighted avg       0.86      0.79      0.82       720

Emb Dim: 128
Transformer-FNET-128
=====================================================================================================================================================================
Layer (type:depth-idx)                   Input Shape               Output Shape              Kernel Shape              Param #                   Mult-Adds
=====================================================================================================================================================================
TransfomerBlock                          [2, 21, 495]              [2, 3]                    --                        --                        --
├─MakePatches: 1-1                       [2, 21, 495]              [2, 165, 63]              --                        --                        --
│    └─Unfold: 2-1                       [2, 1, 21, 495]           [2, 63, 165]              [21, 3]                   --                        --
├─Linear: 1-2                            [2, 165, 63]              [2, 165, 128]             --                        8,192                     16,384
├─PositionalEncoding: 1-3                [2, 165, 128]             [2, 165, 128]             --                        --                        --
├─FNET: 1-4                              [2, 165, 128]             [2, 165, 128]             --                        --                        --
│    └─LayerNorm: 2-2                    [2, 165, 128]             [2, 165, 128]             --                        256                       512
│    └─Sequential: 2-3                   [2, 165, 128]             [2, 165, 128]             --                        --                        --
│    │    └─Linear: 3-1                  [2, 165, 128]             [2, 165, 128]             --                        16,512                    33,024
│    │    └─ReLU: 3-2                    [2, 165, 128]             [2, 165, 128]             --                        --                        --
│    │    └─Dropout: 3-3                 [2, 165, 128]             [2, 165, 128]             --                        --                        --
│    │    └─Linear: 3-4                  [2, 165, 128]             [2, 165, 128]             --                        16,512                    33,024
│    └─LayerNorm: 2-4                    [2, 165, 128]             [2, 165, 128]             --                        256                       512
├─Sequential: 1-5                        [2, 128]                  [2, 3]                    --                        --                        --
│    └─Linear: 2-5                       [2, 128]                  [2, 64]                   --                        8,256                     16,512
│    └─ReLU: 2-6                         [2, 64]                   [2, 64]                   --                        --                        --
│    └─Linear: 2-7                       [2, 64]                   [2, 32]                   --                        2,080                     4,160
│    └─ReLU: 2-8                         [2, 32]                   [2, 32]                   --                        --                        --
│    └─Linear: 2-9                       [2, 32]                   [2, 3]                    --                        99                        198
=====================================================================================================================================================================
Total params: 52,163
Trainable params: 52,163
Non-trainable params: 0
Total mult-adds (Units.MEGABYTES): 0.10
=====================================================================================================================================================================
Input size (MB): 0.08
Forward/backward pass size (MB): 1.69
Params size (MB): 0.21
Estimated Total Size (MB): 1.98
=====================================================================================================================================================================
Total Trainable Parameters:  52163
Total Parameters:  52163
Epoch 0: 
BAS Score on Validation Data (Training Time 1.214052):  0.3333333333333333
Epoch 1: 
BAS Score on Validation Data (Training Time 1.208427):  0.5567758509038259
Epoch 2: 
BAS Score on Validation Data (Training Time 1.211422):  0.5120928192105637
Epoch 3: 
BAS Score on Validation Data (Training Time 1.207044):  0.6158619997268847
Epoch 4: 
BAS Score on Validation Data (Training Time 1.208324):  0.618279830820816
Epoch 5: 
BAS Score on Validation Data (Training Time 1.207021):  0.6493386781581023
Epoch 6: 
BAS Score on Validation Data (Training Time 1.206961):  0.7913028388898907
Epoch 7: 
BAS Score on Validation Data (Training Time 1.206253):  0.7885796478362644
Epoch 8: 
BAS Score on Validation Data (Training Time 1.207605):  0.8328837826502392
Epoch 9: 
BAS Score on Validation Data (Training Time 1.206916):  0.8761499972609398
Epoch 10: 
BAS Score on Validation Data (Training Time 1.207093):  0.8816836277912431
Epoch 11: 
BAS Score on Validation Data (Training Time 1.206452):  0.8929641628225866
Epoch 12: 
BAS Score on Validation Data (Training Time 1.206620):  0.8953172993887654
Epoch 13: 
BAS Score on Validation Data (Training Time 1.206670):  0.901220998676059
Epoch 14: 
BAS Score on Validation Data (Training Time 1.207339):  0.9051683402566315
Epoch 15: 
BAS Score on Validation Data (Training Time 1.206849):  0.8824496146535976
Epoch 16: 
BAS Score on Validation Data (Training Time 1.207701):  0.8794230306418688
Epoch 17: 
BAS Score on Validation Data (Training Time 1.206751):  0.9119771443787984
Epoch 18: 
BAS Score on Validation Data (Training Time 1.209883):  0.9123213923265001
Epoch 19: 
BAS Score on Validation Data (Training Time 1.207562):  0.9143949754727295
Epoch 20: 
BAS Score on Validation Data (Training Time 1.206597):  0.9073091692198733
Epoch 21: 
BAS Score on Validation Data (Training Time 1.207284):  0.908805837852649
Epoch 22: 
BAS Score on Validation Data (Training Time 1.207134):  0.9115057451167039
Epoch 23: 
BAS Score on Validation Data (Training Time 1.208456):  0.9154914617453299
Epoch 24: 
BAS Score on Validation Data (Training Time 1.207111):  0.9140944388093987
Epoch 25: 
BAS Score on Validation Data (Training Time 1.207730):  0.9253338138456314
Epoch 26: 
BAS Score on Validation Data (Training Time 1.207163):  0.9275979914571435
Epoch 27: 
BAS Score on Validation Data (Training Time 1.207226):  0.9292365405791109
Epoch 28: 
BAS Score on Validation Data (Training Time 1.206665):  0.9276388464467428
Epoch 29: 
BAS Score on Validation Data (Training Time 1.208144):  0.9261733491291159
Epoch 30: 
BAS Score on Validation Data (Training Time 1.207950):  0.9267881909896829
Epoch 31: 
BAS Score on Validation Data (Training Time 1.214854):  0.9304247650265288
Epoch 32: 
BAS Score on Validation Data (Training Time 1.208119):  0.9310529933408688
Epoch 33: 
BAS Score on Validation Data (Training Time 1.212558):  0.922878771029317
Epoch 34: 
BAS Score on Validation Data (Training Time 1.207765):  0.920431780864393
Epoch 35: 
BAS Score on Validation Data (Training Time 1.210978):  0.9320967802829282
Epoch 36: 
BAS Score on Validation Data (Training Time 1.207593):  0.9314344530109538
Epoch 37: 
BAS Score on Validation Data (Training Time 1.212084):  0.9339227197612664
Epoch 38: 
BAS Score on Validation Data (Training Time 1.209113):  0.9182810688348956
Epoch 39: 
BAS Score on Validation Data (Training Time 1.221446):  0.9335148207282332
Epoch 40: 
BAS Score on Validation Data (Training Time 1.220910):  0.9364189796508632
Epoch 41: 
BAS Score on Validation Data (Training Time 1.220724):  0.9376269359648001
Epoch 42: 
BAS Score on Validation Data (Training Time 1.228642):  0.9293950601665227
Epoch 43: 
BAS Score on Validation Data (Training Time 1.209307):  0.9406857004681063
Epoch 44: 
BAS Score on Validation Data (Training Time 1.211443):  0.9413508983043956
Epoch 45: 
BAS Score on Validation Data (Training Time 1.209536):  0.9367860864993752
Epoch 46: 
BAS Score on Validation Data (Training Time 1.209580):  0.9436722021931372
Epoch 47: 
BAS Score on Validation Data (Training Time 1.207792):  0.9465601040976797
Epoch 48: 
BAS Score on Validation Data (Training Time 1.210335):  0.9458270846993467
Epoch 49: 
BAS Score on Validation Data (Training Time 1.207777):  0.9467832268686802
Epoch 50: 
BAS Score on Validation Data (Training Time 1.208258):  0.9461155062822165
Epoch 51: 
BAS Score on Validation Data (Training Time 1.207790):  0.9466140119964542
Epoch 52: 
BAS Score on Validation Data (Training Time 1.210222):  0.9460505552844874
Epoch 53: 
BAS Score on Validation Data (Training Time 1.207716):  0.9491917506413868
Epoch 54: 
BAS Score on Validation Data (Training Time 1.236566):  0.942990838682924
Epoch 55: 
BAS Score on Validation Data (Training Time 1.228572):  0.94877620628321
Epoch 56: 
BAS Score on Validation Data (Training Time 1.226023):  0.9490487186621327
Epoch 57: 
BAS Score on Validation Data (Training Time 1.223794):  0.9496358212473539
Epoch 58: 
BAS Score on Validation Data (Training Time 1.224041):  0.943143525797543
Epoch 59: 
BAS Score on Validation Data (Training Time 1.220769):  0.9405204138721587
Epoch 60: 
BAS Score on Validation Data (Training Time 1.223550):  0.9448072143700611
Epoch 61: 
BAS Score on Validation Data (Training Time 1.220547):  0.9465847163387342
Epoch 62: 
BAS Score on Validation Data (Training Time 1.208151):  0.9514977638798413
Epoch 63: 
BAS Score on Validation Data (Training Time 1.209448):  0.9507557849744243
Epoch 64: 
BAS Score on Validation Data (Training Time 1.208587):  0.945392335684147
Epoch 65: 
BAS Score on Validation Data (Training Time 1.215663):  0.954198275428013
Epoch 66: 
BAS Score on Validation Data (Training Time 1.208705):  0.95243607837917
Epoch 67: 
BAS Score on Validation Data (Training Time 1.212552):  0.9436968144341917
Epoch 68: 
BAS Score on Validation Data (Training Time 1.208287):  0.9518142725521971
Epoch 69: 
BAS Score on Validation Data (Training Time 1.212231):  0.9542849681024821
Epoch 70: 
BAS Score on Validation Data (Training Time 1.208142):  0.9499720760557716
Epoch 71: 
BAS Score on Validation Data (Training Time 1.210402):  0.9536249071107049
Epoch 72: 
BAS Score on Validation Data (Training Time 1.208712):  0.9550145126523835
Epoch 73: 
BAS Score on Validation Data (Training Time 1.207973):  0.9385768383350938
Epoch 74: 
BAS Score on Validation Data (Training Time 1.208451):  0.947927802836805
Epoch 75: 
BAS Score on Validation Data (Training Time 1.209566):  0.9422293986505076
Epoch 76: 
BAS Score on Validation Data (Training Time 1.208129):  0.9548299928603273
Epoch 77: 
BAS Score on Validation Data (Training Time 1.214897):  0.9546939105779361
Epoch 78: 
BAS Score on Validation Data (Training Time 1.208508):  0.9517113228596407
Epoch 79: 
BAS Score on Validation Data (Training Time 1.212978):  0.9474876462375735
Epoch 80: 
BAS Score on Validation Data (Training Time 1.208091):  0.9420575839534866
Epoch 81: 
BAS Score on Validation Data (Training Time 1.210922):  0.9566999286320986
Epoch 82: 
BAS Score on Validation Data (Training Time 1.210728):  0.9552691973613016
Epoch 83: 
BAS Score on Validation Data (Training Time 1.207826):  0.9323751536737294
Epoch 84: 
BAS Score on Validation Data (Training Time 1.208226):  0.9501527731852559
Epoch 85: 
BAS Score on Validation Data (Training Time 1.213380):  0.9569600066555056
Epoch 86: 
BAS Score on Validation Data (Training Time 1.209339):  0.9555235342560794
Epoch 87: 
BAS Score on Validation Data (Training Time 1.207743):  0.9547739100255187
Epoch 88: 
BAS Score on Validation Data (Training Time 1.214722):  0.9441927203236343
Epoch 89: 
BAS Score on Validation Data (Training Time 1.209879):  0.9531713640577006
Epoch 90: 
BAS Score on Validation Data (Training Time 1.212306):  0.9566505390241765
Epoch 91: 
BAS Score on Validation Data (Training Time 1.208135):  0.9556255318503787
Epoch 92: 
BAS Score on Validation Data (Training Time 1.210638):  0.9539375931204891
Epoch 93: 
BAS Score on Validation Data (Training Time 1.208498):  0.9484632638034493
Epoch 94: 
BAS Score on Validation Data (Training Time 1.211013):  0.9574581645556032
Epoch 95: 
BAS Score on Validation Data (Training Time 1.208477):  0.9544548786029884
Epoch 96: 
BAS Score on Validation Data (Training Time 1.209540):  0.9565424524871077
Epoch 97: 
BAS Score on Validation Data (Training Time 1.208000):  0.956341327862824
Epoch 98: 
BAS Score on Validation Data (Training Time 1.208276):  0.9586421271821451
Epoch 99: 
BAS Score on Validation Data (Training Time 1.208978):  0.9572369602506599
Epoch 100: 
BAS Score on Validation Data (Training Time 1.214729):  0.954025856446875
Epoch 101: 
BAS Score on Validation Data (Training Time 1.208349):  0.9522247856795683
Epoch 102: 
BAS Score on Validation Data (Training Time 1.212946):  0.954082287095824
Epoch 103: 
BAS Score on Validation Data (Training Time 1.210583):  0.9517059295451519
Epoch 104: 
BAS Score on Validation Data (Training Time 1.209972):  0.9601299847301717
Epoch 105: 
BAS Score on Validation Data (Training Time 1.209848):  0.9506949273787866
Epoch 106: 
BAS Score on Validation Data (Training Time 1.208409):  0.9581402236940967
Epoch 107: 
BAS Score on Validation Data (Training Time 1.207757):  0.9578944984922627
Epoch 108: 
BAS Score on Validation Data (Training Time 1.207417):  0.9515781111415641
Epoch 109: 
BAS Score on Validation Data (Training Time 1.209363):  0.960300151700655
Epoch 110: 
BAS Score on Validation Data (Training Time 1.208041):  0.9582383986258242
Epoch 111: 
BAS Score on Validation Data (Training Time 1.216009):  0.9565791512695377
Epoch 112: 
BAS Score on Validation Data (Training Time 1.208417):  0.9557979651010594
Epoch 113: 
BAS Score on Validation Data (Training Time 1.212476):  0.9523554746474706
Epoch 114: 
BAS Score on Validation Data (Training Time 1.208239):  0.9577431112900413
Epoch 115: 
BAS Score on Validation Data (Training Time 1.210603):  0.9572118208001092
Epoch 116: 
BAS Score on Validation Data (Training Time 1.208102):  0.9576564186155722
Epoch 117: 
BAS Score on Validation Data (Training Time 1.210714):  0.9582383986258242
Epoch 118: 
BAS Score on Validation Data (Training Time 1.208529):  0.9592414076529053
Epoch 119: 
BAS Score on Validation Data (Training Time 1.209020):  0.9605178811571665
Epoch 120: 
BAS Score on Validation Data (Training Time 1.208365):  0.9583015225016593
Epoch 121: 
BAS Score on Validation Data (Training Time 1.208778):  0.961036737291583
Epoch 122: 
BAS Score on Validation Data (Training Time 1.210255):  0.943775798978439
Epoch 123: 
BAS Score on Validation Data (Training Time 1.215123):  0.9589290694572616
Epoch 124: 
BAS Score on Validation Data (Training Time 1.212443):  0.9583046638054936
Epoch 125: 
BAS Score on Validation Data (Training Time 1.209851):  0.9599636404222606
Epoch 126: 
BAS Score on Validation Data (Training Time 1.211081):  0.9576592891798869
Epoch 127: 
BAS Score on Validation Data (Training Time 1.208428):  0.9588092441929579
Epoch 128: 
BAS Score on Validation Data (Training Time 1.211315):  0.9571859999908208
Epoch 129: 
BAS Score on Validation Data (Training Time 1.207984):  0.9626873729549256
Epoch 130: 
BAS Score on Validation Data (Training Time 1.208341):  0.9543452356835456
Epoch 131: 
BAS Score on Validation Data (Training Time 1.209177):  0.9464573195309361
Epoch 132: 
BAS Score on Validation Data (Training Time 1.208828):  0.9557759669543427
Epoch 133: 
BAS Score on Validation Data (Training Time 1.208405):  0.9555216300595649
Epoch 134: 
BAS Score on Validation Data (Training Time 1.215549):  0.9591024548061996
Epoch 135: 
BAS Score on Validation Data (Training Time 1.209161):  0.9563439419571619
Epoch 136: 
BAS Score on Validation Data (Training Time 1.214179):  0.9573829541383924
Epoch 137: 
BAS Score on Validation Data (Training Time 1.209278):  0.9616751479507838
Epoch 138: 
BAS Score on Validation Data (Training Time 1.211454):  0.9612665532894699
Epoch 139: 
BAS Score on Validation Data (Training Time 1.208217):  0.9595897490026984
Epoch 140: 
BAS Score on Validation Data (Training Time 1.212124):  0.9432872048695425
Epoch 141: 
BAS Score on Validation Data (Training Time 1.208683):  0.9600739018953632
Epoch 142: 
BAS Score on Validation Data (Training Time 1.209077):  0.9633009149030952
Epoch 143: 
BAS Score on Validation Data (Training Time 1.208770):  0.9593074020930553
Epoch 144: 
BAS Score on Validation Data (Training Time 1.207910):  0.9639007225833515
Epoch 145: 
BAS Score on Validation Data (Training Time 1.212963):  0.9610600353506973
Epoch 146: 
BAS Score on Validation Data (Training Time 1.210579):  0.9590186326960453
Epoch 147: 
BAS Score on Validation Data (Training Time 1.212232):  0.958275701692371
Epoch 148: 
BAS Score on Validation Data (Training Time 1.209479):  0.9600062454591326
Epoch 149: 
BAS Score on Validation Data (Training Time 1.211235):  0.9507608590138585
High Quality
0.9603336152157196 0.970481399371371 0.9822341112177861 0.9603336152157196 0.9641199492801736
              precision    recall  f1-score   support

           0       0.98      0.99      0.99     19588
           1       0.98      1.00      0.99      5531
           2       0.98      0.89      0.93      3100

    accuracy                           0.98     28219
   macro avg       0.98      0.96      0.97     28219
weighted avg       0.98      0.98      0.98     28219

Low Quality
0.6731879668887543 0.7213647499639718 0.8591697191697191 0.6731879668887543 0.699064463836821
              precision    recall  f1-score   support

           0       0.96      0.98      0.97       635
           1       0.76      0.74      0.75        65
           2       0.86      0.30      0.44        20

    accuracy                           0.94       720
   macro avg       0.86      0.67      0.72       720
weighted avg       0.94      0.94      0.94       720

Emb Dim: 64
Transformer-MHA-64
=====================================================================================================================================================================
Layer (type:depth-idx)                   Input Shape               Output Shape              Kernel Shape              Param #                   Mult-Adds
=====================================================================================================================================================================
TransfomerBlock                          [2, 21, 495]              [2, 3]                    --                        --                        --
├─MakePatches: 1-1                       [2, 21, 495]              [2, 165, 63]              --                        --                        --
│    └─Unfold: 2-1                       [2, 1, 21, 495]           [2, 63, 165]              [21, 3]                   --                        --
├─Linear: 1-2                            [2, 165, 63]              [2, 165, 64]              --                        4,096                     8,192
├─PositionalEncoding: 1-3                [2, 165, 64]              [2, 165, 64]              --                        --                        --
├─TransformerEncoderLayer: 1-4           [2, 165, 64]              [2, 165, 64]              --                        --                        --
│    └─MultiheadAttention: 2-2           [2, 165, 64]              [2, 165, 64]              --                        16,640                    --
│    └─Dropout: 2-3                      [2, 165, 64]              [2, 165, 64]              --                        --                        --
│    └─LayerNorm: 2-4                    [2, 165, 64]              [2, 165, 64]              --                        128                       256
│    └─Linear: 2-5                       [2, 165, 64]              [2, 165, 2048]            --                        133,120                   266,240
│    └─Dropout: 2-6                      [2, 165, 2048]            [2, 165, 2048]            --                        --                        --
│    └─Linear: 2-7                       [2, 165, 2048]            [2, 165, 64]              --                        131,136                   262,272
│    └─Dropout: 2-8                      [2, 165, 64]              [2, 165, 64]              --                        --                        --
│    └─LayerNorm: 2-9                    [2, 165, 64]              [2, 165, 64]              --                        128                       256
├─Sequential: 1-5                        [2, 64]                   [2, 3]                    --                        --                        --
│    └─Linear: 2-10                      [2, 64]                   [2, 64]                   --                        4,160                     8,320
│    └─ReLU: 2-11                        [2, 64]                   [2, 64]                   --                        --                        --
│    └─Linear: 2-12                      [2, 64]                   [2, 32]                   --                        2,080                     4,160
│    └─ReLU: 2-13                        [2, 32]                   [2, 32]                   --                        --                        --
│    └─Linear: 2-14                      [2, 32]                   [2, 3]                    --                        99                        198
=====================================================================================================================================================================
Total params: 291,587
Trainable params: 291,587
Non-trainable params: 0
Total mult-adds (Units.MEGABYTES): 0.55
=====================================================================================================================================================================
Input size (MB): 0.08
Forward/backward pass size (MB): 6.08
Params size (MB): 1.10
Estimated Total Size (MB): 7.27
=====================================================================================================================================================================
Total Trainable Parameters:  291587
Total Parameters:  291587
Epoch 0: 
BAS Score on Validation Data (Training Time 1.557597):  0.3333333333333333
Epoch 1: 
BAS Score on Validation Data (Training Time 1.556444):  0.40872688809936064
Epoch 2: 
BAS Score on Validation Data (Training Time 1.557062):  0.5654266569030351
Epoch 3: 
BAS Score on Validation Data (Training Time 1.557374):  0.6162183342159618
Epoch 4: 
BAS Score on Validation Data (Training Time 1.556906):  0.713381772885595
Epoch 5: 
BAS Score on Validation Data (Training Time 1.556749):  0.6511288133968542
Epoch 6: 
BAS Score on Validation Data (Training Time 1.556614):  0.8693636161742507
Epoch 7: 
BAS Score on Validation Data (Training Time 1.556936):  0.8897247297288818
Epoch 8: 
BAS Score on Validation Data (Training Time 1.557085):  0.906626477258177
Epoch 9: 
BAS Score on Validation Data (Training Time 1.558486):  0.911595955448233
Epoch 10: 
BAS Score on Validation Data (Training Time 1.563277):  0.9124865137966346
Epoch 11: 
BAS Score on Validation Data (Training Time 1.557751):  0.9096776449718748
Epoch 12: 
BAS Score on Validation Data (Training Time 1.563538):  0.8987523581785588
Epoch 13: 
BAS Score on Validation Data (Training Time 1.558940):  0.9198648635735377
Epoch 14: 
BAS Score on Validation Data (Training Time 1.556951):  0.9165874032459197
Epoch 15: 
BAS Score on Validation Data (Training Time 1.557675):  0.9145048605926064
Epoch 16: 
BAS Score on Validation Data (Training Time 1.557506):  0.9201778060532985
Epoch 17: 
BAS Score on Validation Data (Training Time 1.557173):  0.9226523528052408
Epoch 18: 
BAS Score on Validation Data (Training Time 1.557148):  0.9237440357779264
Epoch 19: 
BAS Score on Validation Data (Training Time 1.557069):  0.921118372563282
Epoch 20: 
BAS Score on Validation Data (Training Time 1.557018):  0.9070791362676666
Epoch 21: 
BAS Score on Validation Data (Training Time 1.557479):  0.9107254139754124
Epoch 22: 
BAS Score on Validation Data (Training Time 1.557253):  0.9268470673141853
Epoch 23: 
BAS Score on Validation Data (Training Time 1.558450):  0.9229775217060756
Epoch 24: 
BAS Score on Validation Data (Training Time 1.559417):  0.929325770273297
Epoch 25: 
BAS Score on Validation Data (Training Time 1.557382):  0.9358322391493251
Epoch 26: 
BAS Score on Validation Data (Training Time 1.557643):  0.9383358108194679
Epoch 27: 
BAS Score on Validation Data (Training Time 1.559474):  0.9398372970217013
Epoch 28: 
BAS Score on Validation Data (Training Time 1.557243):  0.9319355585499864
Epoch 29: 
BAS Score on Validation Data (Training Time 1.565302):  0.9171515413166244
Epoch 30: 
BAS Score on Validation Data (Training Time 1.561904):  0.9420148733029081
Epoch 31: 
BAS Score on Validation Data (Training Time 1.558249):  0.940795719740775
Epoch 32: 
BAS Score on Validation Data (Training Time 1.560612):  0.9226903086914398
Epoch 33: 
BAS Score on Validation Data (Training Time 1.560889):  0.9430927449330597
Epoch 34: 
BAS Score on Validation Data (Training Time 1.557901):  0.94041329370289
Epoch 35: 
BAS Score on Validation Data (Training Time 1.558317):  0.9337611444872774
Epoch 36: 
BAS Score on Validation Data (Training Time 1.559574):  0.9424862582954597
Epoch 37: 
BAS Score on Validation Data (Training Time 1.558217):  0.9438991618962523
Epoch 38: 
BAS Score on Validation Data (Training Time 1.565404):  0.94014371469336
Epoch 39: 
BAS Score on Validation Data (Training Time 1.557882):  0.9465489696545616
Epoch 40: 
BAS Score on Validation Data (Training Time 1.563178):  0.9450156365053483
Epoch 41: 
BAS Score on Validation Data (Training Time 1.560821):  0.9462815941201512
Epoch 42: 
BAS Score on Validation Data (Training Time 1.558552):  0.9465056061843309
Epoch 43: 
BAS Score on Validation Data (Training Time 1.561294):  0.9507773582323797
Epoch 44: 
BAS Score on Validation Data (Training Time 1.562072):  0.9450971923353051
Epoch 45: 
BAS Score on Validation Data (Training Time 1.573097):  0.9511955937595155
Epoch 46: 
BAS Score on Validation Data (Training Time 1.572865):  0.9484925594611694
Epoch 47: 
BAS Score on Validation Data (Training Time 1.578915):  0.9408281852414148
Epoch 48: 
BAS Score on Validation Data (Training Time 1.577465):  0.9530619633386915
Epoch 49: 
BAS Score on Validation Data (Training Time 1.565240):  0.9482920391210025
Epoch 50: 
BAS Score on Validation Data (Training Time 1.561216):  0.9530272743664826
Epoch 51: 
BAS Score on Validation Data (Training Time 1.559878):  0.938215937019629
Epoch 52: 
BAS Score on Validation Data (Training Time 1.561577):  0.9380569672973419
Epoch 53: 
BAS Score on Validation Data (Training Time 1.559028):  0.9446343847697047
Epoch 54: 
BAS Score on Validation Data (Training Time 1.558044):  0.9506821452091306
Epoch 55: 
BAS Score on Validation Data (Training Time 1.558867):  0.945963529065421
Epoch 56: 
BAS Score on Validation Data (Training Time 1.564446):  0.9500394584595112
Epoch 57: 
BAS Score on Validation Data (Training Time 1.560668):  0.9148161438920156
Epoch 58: 
BAS Score on Validation Data (Training Time 1.564810):  0.9432652067228259
Epoch 59: 
BAS Score on Validation Data (Training Time 1.560992):  0.9468289589398435
Epoch 60: 
BAS Score on Validation Data (Training Time 1.559703):  0.9460517295867291
Epoch 61: 
BAS Score on Validation Data (Training Time 1.561670):  0.9488762996809946
Epoch 62: 
BAS Score on Validation Data (Training Time 1.560085):  0.9402203844218745
Epoch 63: 
BAS Score on Validation Data (Training Time 1.558698):  0.9393861796478008
Epoch 64: 
BAS Score on Validation Data (Training Time 1.559926):  0.9532547755486367
Epoch 65: 
BAS Score on Validation Data (Training Time 1.558782):  0.9506442378584669
Epoch 66: 
BAS Score on Validation Data (Training Time 1.566689):  0.9503094480882597
Epoch 67: 
BAS Score on Validation Data (Training Time 1.568466):  0.9445731793599269
Epoch 68: 
BAS Score on Validation Data (Training Time 1.559115):  0.9475968928073409
Epoch 69: 
BAS Score on Validation Data (Training Time 1.561417):  0.94915311339645
Epoch 70: 
BAS Score on Validation Data (Training Time 1.560641):  0.921766780445081
Epoch 71: 
BAS Score on Validation Data (Training Time 1.558995):  0.947296370413553
Epoch 72: 
BAS Score on Validation Data (Training Time 1.558673):  0.9541325659969253
Epoch 73: 
BAS Score on Validation Data (Training Time 1.560243):  0.9575419866657575
Epoch 74: 
BAS Score on Validation Data (Training Time 1.559229):  0.9582106593504783
Epoch 75: 
BAS Score on Validation Data (Training Time 1.566048):  0.9563649109310005
Epoch 76: 
BAS Score on Validation Data (Training Time 1.564462):  0.9589574130167243
Epoch 77: 
BAS Score on Validation Data (Training Time 1.567307):  0.9499130598515705
Epoch 78: 
BAS Score on Validation Data (Training Time 1.561484):  0.9514840438814708
Epoch 79: 
BAS Score on Validation Data (Training Time 1.561232):  0.9515758591309093
Epoch 80: 
BAS Score on Validation Data (Training Time 1.558883):  0.956405084561862
Epoch 81: 
BAS Score on Validation Data (Training Time 1.558844):  0.9592936678251421
Epoch 82: 
BAS Score on Validation Data (Training Time 1.560676):  0.9504456502539002
Epoch 83: 
BAS Score on Validation Data (Training Time 1.583680):  0.9612604643467004
Epoch 84: 
BAS Score on Validation Data (Training Time 1.565615):  0.9532086043191694
Epoch 85: 
BAS Score on Validation Data (Training Time 1.584248):  0.9631411867474494
Epoch 86: 
BAS Score on Validation Data (Training Time 1.571680):  0.9610698698814177
Epoch 87: 
BAS Score on Validation Data (Training Time 1.576238):  0.9642433228045153
Epoch 88: 
BAS Score on Validation Data (Training Time 1.579352):  0.950755736438889
Epoch 89: 
BAS Score on Validation Data (Training Time 1.581759):  0.9551690554279816
Epoch 90: 
BAS Score on Validation Data (Training Time 1.566718):  0.9567616612513729
Epoch 91: 
BAS Score on Validation Data (Training Time 1.559103):  0.9502618856022312
Epoch 92: 
BAS Score on Validation Data (Training Time 1.559774):  0.9514244091236098
Epoch 93: 
BAS Score on Validation Data (Training Time 1.566017):  0.9599512060667449
Epoch 94: 
BAS Score on Validation Data (Training Time 1.560028):  0.964308365146408
Epoch 95: 
BAS Score on Validation Data (Training Time 1.565276):  0.9520188234893773
Epoch 96: 
BAS Score on Validation Data (Training Time 1.562225):  0.9624540821086072
Epoch 97: 
BAS Score on Validation Data (Training Time 1.559514):  0.9606323131069813
Epoch 98: 
BAS Score on Validation Data (Training Time 1.561034):  0.9565503970908565
Epoch 99: 
BAS Score on Validation Data (Training Time 1.559776):  0.9531092065496654
Epoch 100: 
BAS Score on Validation Data (Training Time 1.559124):  0.910287950979075
Epoch 101: 
BAS Score on Validation Data (Training Time 1.560432):  0.9527528720605883
Epoch 102: 
BAS Score on Validation Data (Training Time 1.565494):  0.9658203957771853
Epoch 103: 
BAS Score on Validation Data (Training Time 1.561110):  0.956884733433217
Epoch 104: 
BAS Score on Validation Data (Training Time 1.565278):  0.9577988605802524
Epoch 105: 
BAS Score on Validation Data (Training Time 1.561411):  0.9649260775712897
Epoch 106: 
BAS Score on Validation Data (Training Time 1.560444):  0.9578562433274587
Epoch 107: 
BAS Score on Validation Data (Training Time 1.562438):  0.9568222909161194
Epoch 108: 
BAS Score on Validation Data (Training Time 1.560042):  0.9583690247886484
Epoch 109: 
BAS Score on Validation Data (Training Time 1.560285):  0.9622791261077522
Epoch 110: 
BAS Score on Validation Data (Training Time 1.561809):  0.9398829067756799
Epoch 111: 
BAS Score on Validation Data (Training Time 1.559591):  0.9647157369699452
Epoch 112: 
BAS Score on Validation Data (Training Time 1.566296):  0.9525376796237938
Epoch 113: 
BAS Score on Validation Data (Training Time 1.564565):  0.9605162477001715
Epoch 114: 
BAS Score on Validation Data (Training Time 1.560908):  0.9596248000585904
Epoch 115: 
BAS Score on Validation Data (Training Time 1.562682):  0.9667217550241075
Epoch 116: 
BAS Score on Validation Data (Training Time 1.561430):  0.9581845049965924
Epoch 117: 
BAS Score on Validation Data (Training Time 1.559862):  0.963758913441874
Epoch 118: 
BAS Score on Validation Data (Training Time 1.558933):  0.9466738832278422
Epoch 119: 
BAS Score on Validation Data (Training Time 1.559629):  0.9508644272600747
Epoch 120: 
BAS Score on Validation Data (Training Time 1.560194):  0.9592668949175964
Epoch 121: 
BAS Score on Validation Data (Training Time 1.565701):  0.9596681149932859
Epoch 122: 
BAS Score on Validation Data (Training Time 1.564278):  0.9655819680863545
Epoch 123: 
BAS Score on Validation Data (Training Time 1.559507):  0.9576649675034381
Epoch 124: 
BAS Score on Validation Data (Training Time 1.561739):  0.953539117998958
Epoch 125: 
BAS Score on Validation Data (Training Time 1.561654):  0.9648919928831977
Epoch 126: 
BAS Score on Validation Data (Training Time 1.559584):  0.9447748454632495
Epoch 127: 
BAS Score on Validation Data (Training Time 1.559420):  0.960072949797106
Epoch 128: 
BAS Score on Validation Data (Training Time 1.560036):  0.9632281358918952
Epoch 129: 
BAS Score on Validation Data (Training Time 1.559372):  0.9496609121623694
Epoch 130: 
BAS Score on Validation Data (Training Time 1.566549):  0.9657177938987691
Epoch 131: 
BAS Score on Validation Data (Training Time 1.560268):  0.9618042034616909
Epoch 132: 
BAS Score on Validation Data (Training Time 1.565034):  0.9672999123717876
Epoch 133: 
BAS Score on Validation Data (Training Time 1.561671):  0.9594182821198177
Epoch 134: 
BAS Score on Validation Data (Training Time 1.560233):  0.954232964400222
Epoch 135: 
BAS Score on Validation Data (Training Time 1.562492):  0.9674455584453797
Epoch 136: 
BAS Score on Validation Data (Training Time 1.559999):  0.9669728878099734
Epoch 137: 
BAS Score on Validation Data (Training Time 1.559260):  0.9637977871603378
Epoch 138: 
BAS Score on Validation Data (Training Time 1.560121):  0.9648690426382238
Epoch 139: 
BAS Score on Validation Data (Training Time 1.565227):  0.9666408034782679
Epoch 140: 
BAS Score on Validation Data (Training Time 1.559793):  0.9640872379160857
Epoch 141: 
BAS Score on Validation Data (Training Time 1.565089):  0.9494683992310292
Epoch 142: 
BAS Score on Validation Data (Training Time 1.561753):  0.9615065516322177
Epoch 143: 
BAS Score on Validation Data (Training Time 1.560366):  0.96774963276222
Epoch 144: 
BAS Score on Validation Data (Training Time 1.562601):  0.9677371984067045
Epoch 145: 
BAS Score on Validation Data (Training Time 1.559407):  0.9575451422391343
Epoch 146: 
BAS Score on Validation Data (Training Time 1.559530):  0.9417335665427146
Epoch 147: 
BAS Score on Validation Data (Training Time 1.561402):  0.9658449309436191
Epoch 148: 
BAS Score on Validation Data (Training Time 1.563170):  0.9641452392169517
Epoch 149: 
BAS Score on Validation Data (Training Time 1.563579):  0.9632164885088238
High Quality
0.9654330118452578 0.9731377886965576 0.9819244338769729 0.9654330118452578 0.9674176816378268
              precision    recall  f1-score   support

           0       0.99      0.99      0.99     19588
           1       0.98      1.00      0.99      5531
           2       0.98      0.90      0.94      3100

    accuracy                           0.98     28219
   macro avg       0.98      0.97      0.97     28219
weighted avg       0.98      0.98      0.98     28219

Low Quality
0.5858368665455279 0.5064381865099078 0.49601701671415205 0.5858368665455279 0.3576823768873101
              precision    recall  f1-score   support

           0       0.97      0.79      0.87       635
           1       0.22      0.62      0.33        65
           2       0.29      0.35      0.32        20

    accuracy                           0.76       720
   macro avg       0.50      0.59      0.51       720
weighted avg       0.89      0.76      0.81       720

Emb Dim: 128
Transformer-MHA-128
=====================================================================================================================================================================
Layer (type:depth-idx)                   Input Shape               Output Shape              Kernel Shape              Param #                   Mult-Adds
=====================================================================================================================================================================
TransfomerBlock                          [2, 21, 495]              [2, 3]                    --                        --                        --
├─MakePatches: 1-1                       [2, 21, 495]              [2, 165, 63]              --                        --                        --
│    └─Unfold: 2-1                       [2, 1, 21, 495]           [2, 63, 165]              [21, 3]                   --                        --
├─Linear: 1-2                            [2, 165, 63]              [2, 165, 128]             --                        8,192                     16,384
├─PositionalEncoding: 1-3                [2, 165, 128]             [2, 165, 128]             --                        --                        --
├─TransformerEncoderLayer: 1-4           [2, 165, 128]             [2, 165, 128]             --                        --                        --
│    └─MultiheadAttention: 2-2           [2, 165, 128]             [2, 165, 128]             --                        66,048                    --
│    └─Dropout: 2-3                      [2, 165, 128]             [2, 165, 128]             --                        --                        --
│    └─LayerNorm: 2-4                    [2, 165, 128]             [2, 165, 128]             --                        256                       512
│    └─Linear: 2-5                       [2, 165, 128]             [2, 165, 2048]            --                        264,192                   528,384
│    └─Dropout: 2-6                      [2, 165, 2048]            [2, 165, 2048]            --                        --                        --
│    └─Linear: 2-7                       [2, 165, 2048]            [2, 165, 128]             --                        262,272                   524,544
│    └─Dropout: 2-8                      [2, 165, 128]             [2, 165, 128]             --                        --                        --
│    └─LayerNorm: 2-9                    [2, 165, 128]             [2, 165, 128]             --                        256                       512
├─Sequential: 1-5                        [2, 128]                  [2, 3]                    --                        --                        --
│    └─Linear: 2-10                      [2, 128]                  [2, 64]                   --                        8,256                     16,512
│    └─ReLU: 2-11                        [2, 64]                   [2, 64]                   --                        --                        --
│    └─Linear: 2-12                      [2, 64]                   [2, 32]                   --                        2,080                     4,160
│    └─ReLU: 2-13                        [2, 32]                   [2, 32]                   --                        --                        --
│    └─Linear: 2-14                      [2, 32]                   [2, 3]                    --                        99                        198
=====================================================================================================================================================================
Total params: 611,651
Trainable params: 611,651
Non-trainable params: 0
Total mult-adds (Units.MEGABYTES): 1.09
=====================================================================================================================================================================
Input size (MB): 0.08
Forward/backward pass size (MB): 6.76
Params size (MB): 2.18
Estimated Total Size (MB): 9.03
=====================================================================================================================================================================
Total Trainable Parameters:  611651
Total Parameters:  611651
Epoch 0: 
BAS Score on Validation Data (Training Time 1.712150):  0.3333333333333333
Epoch 1: 
BAS Score on Validation Data (Training Time 1.708692):  0.5830172286226666
Epoch 2: 
BAS Score on Validation Data (Training Time 1.708451):  0.6130100867069488
Epoch 3: 
BAS Score on Validation Data (Training Time 1.710075):  0.6315758796427805
Epoch 4: 
BAS Score on Validation Data (Training Time 1.709125):  0.621819882902137
Epoch 5: 
BAS Score on Validation Data (Training Time 1.709221):  0.8433144263847886
Epoch 6: 
BAS Score on Validation Data (Training Time 1.708847):  0.8952151081295675
Epoch 7: 
BAS Score on Validation Data (Training Time 1.709011):  0.9061133622523897
Epoch 8: 
BAS Score on Validation Data (Training Time 1.710345):  0.8967742958768196
Epoch 9: 
BAS Score on Validation Data (Training Time 1.709545):  0.7417121781684005
Epoch 10: 
BAS Score on Validation Data (Training Time 1.711863):  0.901477921126089
Epoch 11: 
BAS Score on Validation Data (Training Time 1.708874):  0.9240203222838858
Epoch 12: 
BAS Score on Validation Data (Training Time 1.709052):  0.9170290476955407
Epoch 13: 
BAS Score on Validation Data (Training Time 1.709250):  0.9267000585231174
Epoch 14: 
BAS Score on Validation Data (Training Time 1.720695):  0.9307325849313202
Epoch 15: 
BAS Score on Validation Data (Training Time 1.708361):  0.900521547255651
Epoch 16: 
BAS Score on Validation Data (Training Time 1.708862):  0.9312696793549594
Epoch 17: 
BAS Score on Validation Data (Training Time 1.709226):  0.9333684790263602
Epoch 18: 
BAS Score on Validation Data (Training Time 1.709765):  0.9331366960268809
Epoch 19: 
BAS Score on Validation Data (Training Time 1.709851):  0.9176828318065565
Epoch 20: 
BAS Score on Validation Data (Training Time 1.715754):  0.932941090327242
Epoch 21: 
BAS Score on Validation Data (Training Time 1.714749):  0.9395663410251528
Epoch 22: 
BAS Score on Validation Data (Training Time 1.711777):  0.940557790720355
Epoch 23: 
BAS Score on Validation Data (Training Time 1.711038):  0.9426809604323766
Epoch 24: 
BAS Score on Validation Data (Training Time 1.712355):  0.9421876543677291
Epoch 25: 
BAS Score on Validation Data (Training Time 1.709945):  0.9141213116037442
Epoch 26: 
BAS Score on Validation Data (Training Time 1.710132):  0.918718098399836
Epoch 27: 
BAS Score on Validation Data (Training Time 1.711422):  0.9470971499857838
Epoch 28: 
BAS Score on Validation Data (Training Time 1.716467):  0.9230449954539789
Epoch 29: 
BAS Score on Validation Data (Training Time 1.716340):  0.9330764769813525
Epoch 30: 
BAS Score on Validation Data (Training Time 1.711460):  0.9531636273883933
Epoch 31: 
BAS Score on Validation Data (Training Time 1.713555):  0.9521125286657875
Epoch 32: 
BAS Score on Validation Data (Training Time 1.711554):  0.9367398324683802
Epoch 33: 
BAS Score on Validation Data (Training Time 1.710964):  0.9510712644739021
Epoch 34: 
BAS Score on Validation Data (Training Time 1.710963):  0.9501941696538941
Epoch 35: 
BAS Score on Validation Data (Training Time 1.714316):  0.9302357212167135
Epoch 36: 
BAS Score on Validation Data (Training Time 1.716200):  0.9434684434780659
Epoch 37: 
BAS Score on Validation Data (Training Time 1.710726):  0.9302478762900735
Epoch 38: 
BAS Score on Validation Data (Training Time 1.717055):  0.9486346678812518
Epoch 39: 
BAS Score on Validation Data (Training Time 1.713757):  0.9511764804466561
Epoch 40: 
BAS Score on Validation Data (Training Time 1.712981):  0.9526359030910564
Epoch 41: 
BAS Score on Validation Data (Training Time 1.717135):  0.9577366745331316
Epoch 42: 
BAS Score on Validation Data (Training Time 1.710095):  0.949080537070027
Epoch 43: 
BAS Score on Validation Data (Training Time 1.714257):  0.9557800460868912
Epoch 44: 
BAS Score on Validation Data (Training Time 1.714617):  0.9454299237597561
Epoch 45: 
BAS Score on Validation Data (Training Time 1.714563):  0.879333113862038
Epoch 46: 
BAS Score on Validation Data (Training Time 1.717630):  0.9571489533942504
Epoch 47: 
BAS Score on Validation Data (Training Time 1.713256):  0.9594131452753055
Epoch 48: 
BAS Score on Validation Data (Training Time 1.710611):  0.9595696550524964
Epoch 49: 
BAS Score on Validation Data (Training Time 1.713944):  0.9291145974569445
Epoch 50: 
BAS Score on Validation Data (Training Time 1.711817):  0.9536589004546334
Epoch 51: 
BAS Score on Validation Data (Training Time 1.713458):  0.9470824008145353
Epoch 52: 
BAS Score on Validation Data (Training Time 1.712125):  0.9437865427987884
Epoch 53: 
BAS Score on Validation Data (Training Time 1.717541):  0.9565417568588271
Epoch 54: 
BAS Score on Validation Data (Training Time 1.716903):  0.9502400216083066
Epoch 55: 
BAS Score on Validation Data (Training Time 1.711127):  0.9462871525604531
Epoch 56: 
BAS Score on Validation Data (Training Time 1.714829):  0.9458920356970758
Epoch 57: 
BAS Score on Validation Data (Training Time 1.713997):  0.9497762962104415
Epoch 58: 
BAS Score on Validation Data (Training Time 1.712029):  0.9558357811075595
Epoch 59: 
BAS Score on Validation Data (Training Time 1.711140):  0.9558090995441774
Epoch 60: 
BAS Score on Validation Data (Training Time 1.711150):  0.9546548684406878
Epoch 61: 
BAS Score on Validation Data (Training Time 1.716311):  0.9594230568806469
Epoch 62: 
BAS Score on Validation Data (Training Time 1.714295):  0.9492398831455401
Epoch 63: 
BAS Score on Validation Data (Training Time 1.713625):  0.9537603223039012
Epoch 64: 
BAS Score on Validation Data (Training Time 1.712506):  0.960402149294954
Epoch 65: 
BAS Score on Validation Data (Training Time 1.711279):  0.962241475227065
Epoch 66: 
BAS Score on Validation Data (Training Time 1.710055):  0.9534671116906596
Epoch 67: 
BAS Score on Validation Data (Training Time 1.713576):  0.9362820561335857
Epoch 68: 
BAS Score on Validation Data (Training Time 1.712106):  0.9156552005015391
Epoch 69: 
BAS Score on Validation Data (Training Time 1.716330):  0.9409118589292343
Epoch 70: 
BAS Score on Validation Data (Training Time 1.714240):  0.9528815797573552
Epoch 71: 
BAS Score on Validation Data (Training Time 1.716206):  0.9633315247427556
Epoch 72: 
BAS Score on Validation Data (Training Time 1.713871):  0.9514559710615275
Epoch 73: 
BAS Score on Validation Data (Training Time 1.710520):  0.9570846209501812
Epoch 74: 
BAS Score on Validation Data (Training Time 1.716025):  0.9537610036626388
Epoch 75: 
BAS Score on Validation Data (Training Time 1.710444):  0.8641589782095629
Epoch 76: 
BAS Score on Validation Data (Training Time 1.712033):  0.9551664127945582
Epoch 77: 
BAS Score on Validation Data (Training Time 1.710759):  0.9387658445859453
Epoch 78: 
BAS Score on Validation Data (Training Time 1.716698):  0.9566297779847793
Epoch 79: 
BAS Score on Validation Data (Training Time 1.716019):  0.9553548751324352
Epoch 80: 
BAS Score on Validation Data (Training Time 1.712951):  0.9551556689742088
Epoch 81: 
BAS Score on Validation Data (Training Time 1.712006):  0.953460418463773
Epoch 82: 
BAS Score on Validation Data (Training Time 1.712782):  0.9596557434428483
Epoch 83: 
BAS Score on Validation Data (Training Time 1.711410):  0.944172577837897
Epoch 84: 
BAS Score on Validation Data (Training Time 1.710940):  0.959120886760321
Epoch 85: 
BAS Score on Validation Data (Training Time 1.711925):  0.9471500429812231
Epoch 86: 
BAS Score on Validation Data (Training Time 1.716406):  0.9549058361007406
Epoch 87: 
BAS Score on Validation Data (Training Time 1.715579):  0.9617242040141084
Epoch 88: 
BAS Score on Validation Data (Training Time 1.711505):  0.9525389795361914
Epoch 89: 
BAS Score on Validation Data (Training Time 1.714361):  0.948105914411037
Epoch 90: 
BAS Score on Validation Data (Training Time 1.712903):  0.9644792277451718
Epoch 91: 
BAS Score on Validation Data (Training Time 1.711390):  0.9441501690719621
Epoch 92: 
BAS Score on Validation Data (Training Time 1.711509):  0.9637155985071785
Epoch 93: 
BAS Score on Validation Data (Training Time 1.712564):  0.9637076053678945
Epoch 94: 
BAS Score on Validation Data (Training Time 1.720645):  0.96418601713193
Epoch 95: 
BAS Score on Validation Data (Training Time 1.711029):  0.9643651436094972
Epoch 96: 
BAS Score on Validation Data (Training Time 1.716237):  0.9575440702576278
Epoch 97: 
BAS Score on Validation Data (Training Time 1.713480):  0.964100895109378
Epoch 98: 
BAS Score on Validation Data (Training Time 1.712006):  0.958270849856921
Epoch 99: 
BAS Score on Validation Data (Training Time 1.712063):  0.9635839574410189
Epoch 100: 
BAS Score on Validation Data (Training Time 1.710860):  0.962511117041673
Epoch 101: 
BAS Score on Validation Data (Training Time 1.711251):  0.9619160070476251
Epoch 102: 
BAS Score on Validation Data (Training Time 1.710729):  0.9195566782920919
Epoch 103: 
BAS Score on Validation Data (Training Time 1.720176):  0.9651367659867746
Epoch 104: 
BAS Score on Validation Data (Training Time 1.716913):  0.9511782019548435
Epoch 105: 
BAS Score on Validation Data (Training Time 1.713931):  0.9616310603131867
Epoch 106: 
BAS Score on Validation Data (Training Time 1.711079):  0.9640116796847348
Epoch 107: 
BAS Score on Validation Data (Training Time 1.713025):  0.9635163923489519
Epoch 108: 
BAS Score on Validation Data (Training Time 1.711137):  0.9599465964317287
Epoch 109: 
BAS Score on Validation Data (Training Time 1.712023):  0.9626258340005501
Epoch 110: 
BAS Score on Validation Data (Training Time 1.711407):  0.9556949526034249
Epoch 111: 
BAS Score on Validation Data (Training Time 1.718412):  0.9568522679325772
Epoch 112: 
BAS Score on Validation Data (Training Time 1.716082):  0.9596996769312036
Epoch 113: 
BAS Score on Validation Data (Training Time 1.712100):  0.9497916011302717
Epoch 114: 
BAS Score on Validation Data (Training Time 1.715015):  0.9658548282794176
Epoch 115: 
BAS Score on Validation Data (Training Time 1.712570):  0.9647829542478717
Epoch 116: 
BAS Score on Validation Data (Training Time 1.710945):  0.9620811570568453
Epoch 117: 
BAS Score on Validation Data (Training Time 1.710330):  0.9634640408325515
Epoch 118: 
BAS Score on Validation Data (Training Time 1.712275):  0.9643067944944911
Epoch 119: 
BAS Score on Validation Data (Training Time 1.719011):  0.9603938854161508
Epoch 120: 
BAS Score on Validation Data (Training Time 1.712850):  0.9477444573469905
Epoch 121: 
BAS Score on Validation Data (Training Time 1.718156):  0.9482301808915722
Epoch 122: 
BAS Score on Validation Data (Training Time 1.714473):  0.9655201441229169
Epoch 123: 
BAS Score on Validation Data (Training Time 1.713272):  0.9580763128458173
Epoch 124: 
BAS Score on Validation Data (Training Time 1.712101):  0.9657576197154901
Epoch 125: 
BAS Score on Validation Data (Training Time 1.710624):  0.9645531525195277
Epoch 126: 
BAS Score on Validation Data (Training Time 1.714037):  0.9662634229407313
Epoch 127: 
BAS Score on Validation Data (Training Time 1.713810):  0.9618762097699896
Epoch 128: 
BAS Score on Validation Data (Training Time 1.714820):  0.9622032343318038
Epoch 129: 
BAS Score on Validation Data (Training Time 1.716685):  0.9622956681349019
Epoch 130: 
BAS Score on Validation Data (Training Time 1.713181):  0.9617783826524025
Epoch 131: 
BAS Score on Validation Data (Training Time 1.711059):  0.9663960303746909
Epoch 132: 
BAS Score on Validation Data (Training Time 1.713140):  0.9599310635810077
Epoch 133: 
BAS Score on Validation Data (Training Time 1.711923):  0.9546430383692891
Epoch 134: 
BAS Score on Validation Data (Training Time 1.711780):  0.9471153849820352
Epoch 135: 
BAS Score on Validation Data (Training Time 1.710682):  0.9537369814361586
Epoch 136: 
BAS Score on Validation Data (Training Time 1.716685):  0.9656693563891041
Epoch 137: 
BAS Score on Validation Data (Training Time 1.716870):  0.9549755903983844
Epoch 138: 
BAS Score on Validation Data (Training Time 1.710792):  0.9541217650984049
Epoch 139: 
BAS Score on Validation Data (Training Time 1.713804):  0.9675414670969095
Epoch 140: 
BAS Score on Validation Data (Training Time 1.711959):  0.9588869288248075
Epoch 141: 
BAS Score on Validation Data (Training Time 1.710918):  0.9628094016943489
Epoch 142: 
BAS Score on Validation Data (Training Time 1.712143):  0.9677833839057145
Epoch 143: 
BAS Score on Validation Data (Training Time 1.712554):  0.9667462759209986
Epoch 144: 
BAS Score on Validation Data (Training Time 1.718486):  0.9647154034253477
Epoch 145: 
BAS Score on Validation Data (Training Time 1.714149):  0.9149338570253632
Epoch 146: 
BAS Score on Validation Data (Training Time 1.717698):  0.9530467012274898
Epoch 147: 
BAS Score on Validation Data (Training Time 1.714034):  0.9655450271034908
Epoch 148: 
BAS Score on Validation Data (Training Time 1.714022):  0.9591521294231841
Epoch 149: 
BAS Score on Validation Data (Training Time 1.710910):  0.9669445299809677
High Quality
0.9720113859684741 0.9733772311124724 0.9749706468720367 0.9720113859684741 0.9672371807301526
              precision    recall  f1-score   support

           0       0.99      0.99      0.99     19588
           1       0.98      1.00      0.99      5531
           2       0.96      0.93      0.94      3100

    accuracy                           0.98     28219
   macro avg       0.97      0.97      0.97     28219
weighted avg       0.98      0.98      0.98     28219

Low Quality
0.7842014940440137 0.8104544260572629 0.8901820798051912 0.7842014940440137 0.8121455539350515
              precision    recall  f1-score   support

           0       0.98      0.98      0.98       635
           1       0.79      0.92      0.85        65
           2       0.90      0.45      0.60        20

    accuracy                           0.96       720
   macro avg       0.89      0.78      0.81       720
weighted avg       0.96      0.96      0.96       720


High Quality Post 2020
                          mean       std       sem  count
Model                                                    
Transformer-FNET-128  0.970398  0.000279  0.000161      3
Transformer-FNET-64   0.968732  0.001277  0.000737      3
Transformer-MHA-128   0.974636  0.001424  0.000822      3
Transformer-MHA-64    0.971990  0.001335  0.000771      3
                          mean       std       sem  count
Model                                                    
Transformer-FNET-128  0.960623  0.000372  0.000215      3
Transformer-FNET-64   0.961567  0.000500  0.000289      3
Transformer-MHA-128   0.969681  0.002726  0.001574      3
Transformer-MHA-64    0.963235  0.002422  0.001398      3
                          mean       std       sem  count
Model                                                    
Transformer-FNET-128  0.964245  0.000362  0.000209      3
Transformer-FNET-64   0.962316  0.002009  0.001160      3
Transformer-MHA-128   0.968959  0.001859  0.001073      3
Transformer-MHA-64    0.966040  0.001603  0.000926      3

Low Quality Post 2020
                          mean       std       sem  count
Model                                                    
Transformer-FNET-128  0.753120  0.053932  0.031138      3
Transformer-FNET-64   0.630455  0.155228  0.089621      3
Transformer-MHA-128   0.692435  0.128209  0.074022      3
Transformer-MHA-64    0.654404  0.129538  0.074789      3
                          mean       std       sem  count
Model                                                    
Transformer-FNET-128  0.692886  0.043789  0.025281      3
Transformer-FNET-64   0.629184  0.111212  0.064208      3
Transformer-MHA-128   0.730069  0.071611  0.041345      3
Transformer-MHA-64    0.653513  0.059143  0.034146      3
                          mean       std       sem  count
Model                                                    
Transformer-FNET-128  0.734713  0.086918  0.050182      3
Transformer-FNET-64   0.513847  0.239962  0.138542      3
Transformer-MHA-128   0.593122  0.220738  0.127443      3
Transformer-MHA-64    0.608653  0.217860  0.125782      3
Saving Results
************Fold: 3
Data Shape Before Sampling:  (59972, 21, 495) (59972,)
Subtype/Host: 0 ,count:  34602 ,index count: (array([False,  True]), array([25370, 34602])) ,downsampling:  (16000, 21, 495) (16000,)
Subtype/Host: 1 ,count:  16398 ,index count: (array([False,  True]), array([43574, 16398])) ,downsampling:  (16000, 21, 495) (16000,)
Subtype/Host: 2 ,count:  8972 ,index count: (array([False,  True]), array([51000,  8972])) ,keep:  (8972, 21, 495) (8972,)
Emb Dim: 64
Transformer-FNET-64
=====================================================================================================================================================================
Layer (type:depth-idx)                   Input Shape               Output Shape              Kernel Shape              Param #                   Mult-Adds
=====================================================================================================================================================================
TransfomerBlock                          [2, 21, 495]              [2, 3]                    --                        --                        --
├─MakePatches: 1-1                       [2, 21, 495]              [2, 165, 63]              --                        --                        --
│    └─Unfold: 2-1                       [2, 1, 21, 495]           [2, 63, 165]              [21, 3]                   --                        --
├─Linear: 1-2                            [2, 165, 63]              [2, 165, 64]              --                        4,096                     8,192
├─PositionalEncoding: 1-3                [2, 165, 64]              [2, 165, 64]              --                        --                        --
├─FNET: 1-4                              [2, 165, 64]              [2, 165, 64]              --                        --                        --
│    └─LayerNorm: 2-2                    [2, 165, 64]              [2, 165, 64]              --                        128                       256
│    └─Sequential: 2-3                   [2, 165, 64]              [2, 165, 64]              --                        --                        --
│    │    └─Linear: 3-1                  [2, 165, 64]              [2, 165, 64]              --                        4,160                     8,320
│    │    └─ReLU: 3-2                    [2, 165, 64]              [2, 165, 64]              --                        --                        --
│    │    └─Dropout: 3-3                 [2, 165, 64]              [2, 165, 64]              --                        --                        --
│    │    └─Linear: 3-4                  [2, 165, 64]              [2, 165, 64]              --                        4,160                     8,320
│    └─LayerNorm: 2-4                    [2, 165, 64]              [2, 165, 64]              --                        128                       256
├─Sequential: 1-5                        [2, 64]                   [2, 3]                    --                        --                        --
│    └─Linear: 2-5                       [2, 64]                   [2, 64]                   --                        4,160                     8,320
│    └─ReLU: 2-6                         [2, 64]                   [2, 64]                   --                        --                        --
│    └─Linear: 2-7                       [2, 64]                   [2, 32]                   --                        2,080                     4,160
│    └─ReLU: 2-8                         [2, 32]                   [2, 32]                   --                        --                        --
│    └─Linear: 2-9                       [2, 32]                   [2, 3]                    --                        99                        198
=====================================================================================================================================================================
Total params: 19,011
Trainable params: 19,011
Non-trainable params: 0
Total mult-adds (Units.MEGABYTES): 0.04
=====================================================================================================================================================================
Input size (MB): 0.08
Forward/backward pass size (MB): 0.85
Params size (MB): 0.08
Estimated Total Size (MB): 1.01
=====================================================================================================================================================================
Total Trainable Parameters:  19011
Total Parameters:  19011
Epoch 0: 
BAS Score on Validation Data (Training Time 1.089459):  0.3333333333333333
Epoch 1: 
BAS Score on Validation Data (Training Time 1.064798):  0.3333333333333333
Epoch 2: 
BAS Score on Validation Data (Training Time 1.069674):  0.5092535627501276
Epoch 3: 
BAS Score on Validation Data (Training Time 1.066340):  0.5898634756910791
Epoch 4: 
BAS Score on Validation Data (Training Time 1.067196):  0.49341245110452264
Epoch 5: 
BAS Score on Validation Data (Training Time 1.065472):  0.5971718775054397
Epoch 6: 
BAS Score on Validation Data (Training Time 1.064849):  0.6143601514409683
Epoch 7: 
BAS Score on Validation Data (Training Time 1.065986):  0.6142638949752982
Epoch 8: 
BAS Score on Validation Data (Training Time 1.065806):  0.6208018487146231
Epoch 9: 
BAS Score on Validation Data (Training Time 1.066505):  0.6514954163252912
Epoch 10: 
BAS Score on Validation Data (Training Time 1.065032):  0.715842160480863
Epoch 11: 
BAS Score on Validation Data (Training Time 1.065665):  0.7551389725591963
Epoch 12: 
BAS Score on Validation Data (Training Time 1.065777):  0.7616358005694024
Epoch 13: 
BAS Score on Validation Data (Training Time 1.065459):  0.7883505274666582
Epoch 14: 
BAS Score on Validation Data (Training Time 1.065819):  0.8460063205131098
Epoch 15: 
BAS Score on Validation Data (Training Time 1.067011):  0.877375379645541
Epoch 16: 
BAS Score on Validation Data (Training Time 1.066892):  0.8849500792858987
Epoch 17: 
BAS Score on Validation Data (Training Time 1.065960):  0.8881615309038239
Epoch 18: 
BAS Score on Validation Data (Training Time 1.067472):  0.8912069089533573
Epoch 19: 
BAS Score on Validation Data (Training Time 1.065587):  0.8997960856085118
Epoch 20: 
BAS Score on Validation Data (Training Time 1.068702):  0.9025236550732917
Epoch 21: 
BAS Score on Validation Data (Training Time 1.066750):  0.9058874459916955
Epoch 22: 
BAS Score on Validation Data (Training Time 1.066323):  0.9096266989815783
Epoch 23: 
BAS Score on Validation Data (Training Time 1.065917):  0.9108993640928104
Epoch 24: 
BAS Score on Validation Data (Training Time 1.065960):  0.9111062298457234
Epoch 25: 
BAS Score on Validation Data (Training Time 1.067804):  0.9129774369908067
Epoch 26: 
BAS Score on Validation Data (Training Time 1.067070):  0.912098452243827
Epoch 27: 
BAS Score on Validation Data (Training Time 1.066322):  0.9183319553130854
Epoch 28: 
BAS Score on Validation Data (Training Time 1.066653):  0.9201572905073067
Epoch 29: 
BAS Score on Validation Data (Training Time 1.066390):  0.9209476926528456
Epoch 30: 
BAS Score on Validation Data (Training Time 1.066438):  0.9156973468609001
Epoch 31: 
BAS Score on Validation Data (Training Time 1.066546):  0.9218959187575159
Epoch 32: 
BAS Score on Validation Data (Training Time 1.067440):  0.9219548864261818
Epoch 33: 
BAS Score on Validation Data (Training Time 1.067184):  0.921796805997074
Epoch 34: 
BAS Score on Validation Data (Training Time 1.066404):  0.9241585399866539
Epoch 35: 
BAS Score on Validation Data (Training Time 1.066457):  0.9264644618809443
Epoch 36: 
BAS Score on Validation Data (Training Time 1.067559):  0.9254407546195441
Epoch 37: 
BAS Score on Validation Data (Training Time 1.066727):  0.9250805974678952
Epoch 38: 
BAS Score on Validation Data (Training Time 1.066763):  0.9230430032062723
Epoch 39: 
BAS Score on Validation Data (Training Time 1.066759):  0.9262554211919974
Epoch 40: 
BAS Score on Validation Data (Training Time 1.067098):  0.9263825439673045
Epoch 41: 
BAS Score on Validation Data (Training Time 1.067141):  0.9264692366417736
Epoch 42: 
BAS Score on Validation Data (Training Time 1.066588):  0.9289492395132828
Epoch 43: 
BAS Score on Validation Data (Training Time 1.066412):  0.9303898053148005
Epoch 44: 
BAS Score on Validation Data (Training Time 1.067058):  0.9290709832436438
Epoch 45: 
BAS Score on Validation Data (Training Time 1.067249):  0.9259287301747808
Epoch 46: 
BAS Score on Validation Data (Training Time 1.066932):  0.9295806091314568
Epoch 47: 
BAS Score on Validation Data (Training Time 1.067399):  0.9287178671330216
Epoch 48: 
BAS Score on Validation Data (Training Time 1.067169):  0.9273055820858889
Epoch 49: 
BAS Score on Validation Data (Training Time 1.068400):  0.9306936231616639
Epoch 50: 
BAS Score on Validation Data (Training Time 1.067303):  0.9301252860751618
Epoch 51: 
BAS Score on Validation Data (Training Time 1.067752):  0.9302808437540954
Epoch 52: 
BAS Score on Validation Data (Training Time 1.074542):  0.9326263349951304
Epoch 53: 
BAS Score on Validation Data (Training Time 1.067672):  0.9322661778434814
Epoch 54: 
BAS Score on Validation Data (Training Time 1.073087):  0.9274358947005652
Epoch 55: 
BAS Score on Validation Data (Training Time 1.067231):  0.9269545210280513
Epoch 56: 
BAS Score on Validation Data (Training Time 1.070717):  0.9331011948361136
Epoch 57: 
BAS Score on Validation Data (Training Time 1.067575):  0.9314664541071753
Epoch 58: 
BAS Score on Validation Data (Training Time 1.070632):  0.9347531304118538
Epoch 59: 
BAS Score on Validation Data (Training Time 1.067143):  0.9307981292365947
Epoch 60: 
BAS Score on Validation Data (Training Time 1.068792):  0.9320035770699001
Epoch 61: 
BAS Score on Validation Data (Training Time 1.067215):  0.9323694753501782
Epoch 62: 
BAS Score on Validation Data (Training Time 1.073832):  0.9308727496392312
Epoch 63: 
BAS Score on Validation Data (Training Time 1.068017):  0.9347496555634223
Epoch 64: 
BAS Score on Validation Data (Training Time 1.067153):  0.93438878851395
Epoch 65: 
BAS Score on Validation Data (Training Time 1.072315):  0.9361488248963017
Epoch 66: 
BAS Score on Validation Data (Training Time 1.067501):  0.9333736929454934
Epoch 67: 
BAS Score on Validation Data (Training Time 1.069506):  0.9363330739488384
Epoch 68: 
BAS Score on Validation Data (Training Time 1.067527):  0.9324386110941623
Epoch 69: 
BAS Score on Validation Data (Training Time 1.069893):  0.936258815629885
Epoch 70: 
BAS Score on Validation Data (Training Time 1.067163):  0.934188707332087
Epoch 71: 
BAS Score on Validation Data (Training Time 1.068042):  0.9375206027679757
Epoch 72: 
BAS Score on Validation Data (Training Time 1.067705):  0.9387668142467168
Epoch 73: 
BAS Score on Validation Data (Training Time 1.071647):  0.9327838111401213
Epoch 74: 
BAS Score on Validation Data (Training Time 1.071171):  0.930619712656851
Epoch 75: 
BAS Score on Validation Data (Training Time 1.067372):  0.9391881140030657
Epoch 76: 
BAS Score on Validation Data (Training Time 1.072612):  0.9380057077588977
Epoch 77: 
BAS Score on Validation Data (Training Time 1.067953):  0.9222019400794991
Epoch 78: 
BAS Score on Validation Data (Training Time 1.070113):  0.939178279472345
Epoch 79: 
BAS Score on Validation Data (Training Time 1.067088):  0.9353358060503864
Epoch 80: 
BAS Score on Validation Data (Training Time 1.070156):  0.9387916829577478
Epoch 81: 
BAS Score on Validation Data (Training Time 1.067246):  0.9381258808373416
Epoch 82: 
BAS Score on Validation Data (Training Time 1.068156):  0.9392808813507613
Epoch 83: 
BAS Score on Validation Data (Training Time 1.067770):  0.9371824437630433
Epoch 84: 
BAS Score on Validation Data (Training Time 1.072550):  0.9396678256794987
Epoch 85: 
BAS Score on Validation Data (Training Time 1.068537):  0.9362705686266629
Epoch 86: 
BAS Score on Validation Data (Training Time 1.067371):  0.9395498275370887
Epoch 87: 
BAS Score on Validation Data (Training Time 1.073040):  0.9372771295767963
Epoch 88: 
BAS Score on Validation Data (Training Time 1.067725):  0.9397819098151733
Epoch 89: 
BAS Score on Validation Data (Training Time 1.069906):  0.9360484750285405
Epoch 90: 
BAS Score on Validation Data (Training Time 1.083076):  0.9362578635316278
Epoch 91: 
BAS Score on Validation Data (Training Time 1.071771):  0.9395817515586895
Epoch 92: 
BAS Score on Validation Data (Training Time 1.067304):  0.9372675657855954
Epoch 93: 
BAS Score on Validation Data (Training Time 1.068876):  0.9392707132754433
Epoch 94: 
BAS Score on Validation Data (Training Time 1.067671):  0.940516576940044
Epoch 95: 
BAS Score on Validation Data (Training Time 1.072529):  0.9402017159942259
Epoch 96: 
BAS Score on Validation Data (Training Time 1.067913):  0.9413365454828225
Epoch 97: 
BAS Score on Validation Data (Training Time 1.089764):  0.942825021584509
Epoch 98: 
BAS Score on Validation Data (Training Time 1.084636):  0.9423701643495642
Epoch 99: 
BAS Score on Validation Data (Training Time 1.080509):  0.9414262000657697
Epoch 100: 
BAS Score on Validation Data (Training Time 1.086956):  0.9411349079185855
Epoch 101: 
BAS Score on Validation Data (Training Time 1.067803):  0.941114466154243
Epoch 102: 
BAS Score on Validation Data (Training Time 1.070787):  0.9412901177833787
Epoch 103: 
BAS Score on Validation Data (Training Time 1.067260):  0.9390950759158505
Epoch 104: 
BAS Score on Validation Data (Training Time 1.067914):  0.9311313307923705
Epoch 105: 
BAS Score on Validation Data (Training Time 1.067396):  0.9318085413883858
Epoch 106: 
BAS Score on Validation Data (Training Time 1.073323):  0.9370683596273688
Epoch 107: 
BAS Score on Validation Data (Training Time 1.069412):  0.94467965243645
Epoch 108: 
BAS Score on Validation Data (Training Time 1.072312):  0.9354062417067678
Epoch 109: 
BAS Score on Validation Data (Training Time 1.068837):  0.9399658253231123
Epoch 110: 
BAS Score on Validation Data (Training Time 1.067677):  0.9419438333624095
Epoch 111: 
BAS Score on Validation Data (Training Time 1.069516):  0.9425809441092127
Epoch 112: 
BAS Score on Validation Data (Training Time 1.067866):  0.9403397167426745
Epoch 113: 
BAS Score on Validation Data (Training Time 1.070096):  0.9404168456259425
Epoch 114: 
BAS Score on Validation Data (Training Time 1.067266):  0.9439096777857107
Epoch 115: 
BAS Score on Validation Data (Training Time 1.068856):  0.9417748892297032
Epoch 116: 
BAS Score on Validation Data (Training Time 1.067763):  0.9411737816370492
Epoch 117: 
BAS Score on Validation Data (Training Time 1.073136):  0.9421312237187802
Epoch 118: 
BAS Score on Validation Data (Training Time 1.068140):  0.9393080163419901
Epoch 119: 
BAS Score on Validation Data (Training Time 1.071328):  0.9438520242989851
Epoch 120: 
BAS Score on Validation Data (Training Time 1.068269):  0.9397937398865719
Epoch 121: 
BAS Score on Validation Data (Training Time 1.067481):  0.945443977302724
Epoch 122: 
BAS Score on Validation Data (Training Time 1.069324):  0.9461642916060219
Epoch 123: 
BAS Score on Validation Data (Training Time 1.067170):  0.944916857289504
Epoch 124: 
BAS Score on Validation Data (Training Time 1.071888):  0.9454768391530392
Epoch 125: 
BAS Score on Validation Data (Training Time 1.066932):  0.9444958282726746
Epoch 126: 
BAS Score on Validation Data (Training Time 1.068446):  0.9432304892115315
Epoch 127: 
BAS Score on Validation Data (Training Time 1.066900):  0.9433503144758353
Epoch 128: 
BAS Score on Validation Data (Training Time 1.074829):  0.9454054513984004
Epoch 129: 
BAS Score on Validation Data (Training Time 1.083372):  0.9465110623038978
Epoch 130: 
BAS Score on Validation Data (Training Time 1.081963):  0.947223654207431
Epoch 131: 
BAS Score on Validation Data (Training Time 1.073457):  0.9471609552203568
Epoch 132: 
BAS Score on Validation Data (Training Time 1.088876):  0.9463988966342806
Epoch 133: 
BAS Score on Validation Data (Training Time 1.086168):  0.9438233329253819
Epoch 134: 
BAS Score on Validation Data (Training Time 1.067387):  0.9451893696684266
Epoch 135: 
BAS Score on Validation Data (Training Time 1.070078):  0.9446860891933598
Epoch 136: 
BAS Score on Validation Data (Training Time 1.067830):  0.9469684422890169
Epoch 137: 
BAS Score on Validation Data (Training Time 1.068093):  0.9478857107398864
Epoch 138: 
BAS Score on Validation Data (Training Time 1.067562):  0.9468486170247131
Epoch 139: 
BAS Score on Validation Data (Training Time 1.074337): /gpfs/fs7/grdi/genarcc/common/conda/miniconda3/envs/hai_pytorch/lib/python3.12/site-packages/sklearn/metrics/_classification.py:1531: UndefinedMetricWarning: Precision is ill-defined and being set to 0.0 in labels with no predicted samples. Use `zero_division` parameter to control this behavior.
  _warn_prf(average, modifier, f"{metric.capitalize()} is", len(result))
 0.9464400223633992
Epoch 140: 
BAS Score on Validation Data (Training Time 1.067323):  0.9447712112159118
Epoch 141: 
BAS Score on Validation Data (Training Time 1.073252):  0.9498971221085376
Epoch 142: 
BAS Score on Validation Data (Training Time 1.071047):  0.9417188063948946
Epoch 143: 
BAS Score on Validation Data (Training Time 1.069259):  0.9476562425561396
Epoch 144: 
BAS Score on Validation Data (Training Time 1.068169):  0.9474130401044798
Epoch 145: 
BAS Score on Validation Data (Training Time 1.068300):  0.9462615144394918
Epoch 146: 
BAS Score on Validation Data (Training Time 1.070870):  0.9478009365314746
Epoch 147: 
BAS Score on Validation Data (Training Time 1.067348):  0.9463010695166935
Epoch 148: 
BAS Score on Validation Data (Training Time 1.068413):  0.9468706151714298
Epoch 149: 
BAS Score on Validation Data (Training Time 1.067953):  0.9502040669896926
High Quality
0.9652211419490517 0.9697936016848009 0.9749101008247288 0.9652211419490517 0.9632713282010429
              precision    recall  f1-score   support

           0       0.99      0.99      0.99     19588
           1       0.98      1.00      0.99      5531
           2       0.96      0.91      0.93      3100

    accuracy                           0.98     28219
   macro avg       0.97      0.97      0.97     28219
weighted avg       0.98      0.98      0.98     28219

Low Quality
0.6816272965879264 0.694033399915753 0.844836811128946 0.6816272965879264 0.6211240133543017
              precision    recall  f1-score   support

           0       0.96      0.94      0.95       635
           1       0.57      0.80      0.67        65
           2       1.00      0.30      0.46        20

    accuracy                           0.91       720
   macro avg       0.84      0.68      0.69       720
weighted avg       0.93      0.91      0.91       720

Emb Dim: 128
Transformer-FNET-128
=====================================================================================================================================================================
Layer (type:depth-idx)                   Input Shape               Output Shape              Kernel Shape              Param #                   Mult-Adds
=====================================================================================================================================================================
TransfomerBlock                          [2, 21, 495]              [2, 3]                    --                        --                        --
├─MakePatches: 1-1                       [2, 21, 495]              [2, 165, 63]              --                        --                        --
│    └─Unfold: 2-1                       [2, 1, 21, 495]           [2, 63, 165]              [21, 3]                   --                        --
├─Linear: 1-2                            [2, 165, 63]              [2, 165, 128]             --                        8,192                     16,384
├─PositionalEncoding: 1-3                [2, 165, 128]             [2, 165, 128]             --                        --                        --
├─FNET: 1-4                              [2, 165, 128]             [2, 165, 128]             --                        --                        --
│    └─LayerNorm: 2-2                    [2, 165, 128]             [2, 165, 128]             --                        256                       512
│    └─Sequential: 2-3                   [2, 165, 128]             [2, 165, 128]             --                        --                        --
│    │    └─Linear: 3-1                  [2, 165, 128]             [2, 165, 128]             --                        16,512                    33,024
│    │    └─ReLU: 3-2                    [2, 165, 128]             [2, 165, 128]             --                        --                        --
│    │    └─Dropout: 3-3                 [2, 165, 128]             [2, 165, 128]             --                        --                        --
│    │    └─Linear: 3-4                  [2, 165, 128]             [2, 165, 128]             --                        16,512                    33,024
│    └─LayerNorm: 2-4                    [2, 165, 128]             [2, 165, 128]             --                        256                       512
├─Sequential: 1-5                        [2, 128]                  [2, 3]                    --                        --                        --
│    └─Linear: 2-5                       [2, 128]                  [2, 64]                   --                        8,256                     16,512
│    └─ReLU: 2-6                         [2, 64]                   [2, 64]                   --                        --                        --
│    └─Linear: 2-7                       [2, 64]                   [2, 32]                   --                        2,080                     4,160
│    └─ReLU: 2-8                         [2, 32]                   [2, 32]                   --                        --                        --
│    └─Linear: 2-9                       [2, 32]                   [2, 3]                    --                        99                        198
=====================================================================================================================================================================
Total params: 52,163
Trainable params: 52,163
Non-trainable params: 0
Total mult-adds (Units.MEGABYTES): 0.10
=====================================================================================================================================================================
Input size (MB): 0.08
Forward/backward pass size (MB): 1.69
Params size (MB): 0.21
Estimated Total Size (MB): 1.98
=====================================================================================================================================================================
Total Trainable Parameters:  52163
Total Parameters:  52163
Epoch 0: 
BAS Score on Validation Data (Training Time 1.212568):  0.3333333333333333
Epoch 1: 
BAS Score on Validation Data (Training Time 1.207053):  0.5047219910576173
Epoch 2: 
BAS Score on Validation Data (Training Time 1.207659):  0.5233094809525917
Epoch 3: 
BAS Score on Validation Data (Training Time 1.208004):  0.5668705038880856
Epoch 4: 
BAS Score on Validation Data (Training Time 1.206983):  0.5845298778071036
Epoch 5: 
BAS Score on Validation Data (Training Time 1.208100):  0.6149873648519729
Epoch 6: 
BAS Score on Validation Data (Training Time 1.207149):  0.6227795232093228
Epoch 7: 
BAS Score on Validation Data (Training Time 1.206917):  0.6259578422374132
Epoch 8: 
BAS Score on Validation Data (Training Time 1.206870):  0.6417362049764063
Epoch 9: 
BAS Score on Validation Data (Training Time 1.206437):  0.7829359442480927
Epoch 10: 
BAS Score on Validation Data (Training Time 1.207046):  0.8175953139325403
Epoch 11: 
BAS Score on Validation Data (Training Time 1.206773):  0.8189673768132764
Epoch 12: 
BAS Score on Validation Data (Training Time 1.206812):  0.8473786541333655
Epoch 13: 
BAS Score on Validation Data (Training Time 1.208821):  0.8699131592229484
Epoch 14: 
BAS Score on Validation Data (Training Time 1.208182):  0.9023244346455224
Epoch 15: 
BAS Score on Validation Data (Training Time 1.207334):  0.9029220531202019
Epoch 16: 
BAS Score on Validation Data (Training Time 1.207986):  0.905138411775709
Epoch 17: 
BAS Score on Validation Data (Training Time 1.208806):  0.9010138136480913
Epoch 18: 
BAS Score on Validation Data (Training Time 1.206734):  0.9073105033982632
Epoch 19: 
BAS Score on Validation Data (Training Time 1.207227):  0.9086602345876854
Epoch 20: 
BAS Score on Validation Data (Training Time 1.208821):  0.9074281051909977
Epoch 21: 
BAS Score on Validation Data (Training Time 1.207231):  0.9140412265389047
Epoch 22: 
BAS Score on Validation Data (Training Time 1.207006):  0.9135086361365751
Epoch 23: 
BAS Score on Validation Data (Training Time 1.207905):  0.9152300552704397
Epoch 24: 
BAS Score on Validation Data (Training Time 1.219336):  0.9187318612068348
Epoch 25: 
BAS Score on Validation Data (Training Time 1.207301):  0.9168619111655206
Epoch 26: 
BAS Score on Validation Data (Training Time 1.207550):  0.9218840116114965
Epoch 27: 
BAS Score on Validation Data (Training Time 1.209096):  0.9151372736532012
Epoch 28: 
BAS Score on Validation Data (Training Time 1.210750):  0.9220156669471987
Epoch 29: 
BAS Score on Validation Data (Training Time 1.218176):  0.9202260784371502
Epoch 30: 
BAS Score on Validation Data (Training Time 1.207591):  0.9190760948849936
Epoch 31: 
BAS Score on Validation Data (Training Time 1.213414):  0.9207108213443892
Epoch 32: 
BAS Score on Validation Data (Training Time 1.208200):  0.9232813538224821
Epoch 33: 
BAS Score on Validation Data (Training Time 1.210676):  0.9263601980064476
Epoch 34: 
BAS Score on Validation Data (Training Time 1.207960):  0.924141573070743
Epoch 35: 
BAS Score on Validation Data (Training Time 1.211685):  0.9246540980619562
Epoch 36: 
BAS Score on Validation Data (Training Time 1.208077):  0.9282375369029287
Epoch 37: 
BAS Score on Validation Data (Training Time 1.208122):  0.9314986345987527
Epoch 38: 
BAS Score on Validation Data (Training Time 1.211142):  0.9316564585578838
Epoch 39: 
BAS Score on Validation Data (Training Time 1.213126):  0.9291366441391963
Epoch 40: 
BAS Score on Validation Data (Training Time 1.211686):  0.9322402514204865
Epoch 41: 
BAS Score on Validation Data (Training Time 1.209082):  0.9312741976458119
Epoch 42: 
BAS Score on Validation Data (Training Time 1.211610):  0.9326709498422234
Epoch 43: 
BAS Score on Validation Data (Training Time 1.208504):  0.9340959399843914
Epoch 44: 
BAS Score on Validation Data (Training Time 1.210693):  0.9346420819663069
Epoch 45: 
BAS Score on Validation Data (Training Time 1.208282):  0.9330164206277018
Epoch 46: 
BAS Score on Validation Data (Training Time 1.210811):  0.939100363616633
Epoch 47: 
BAS Score on Validation Data (Training Time 1.208109):  0.9367116773241514
Epoch 48: 
BAS Score on Validation Data (Training Time 1.216591):  0.9385062970650058
Epoch 49: 
BAS Score on Validation Data (Training Time 1.209326):  0.9385113425653543
Epoch 50: 
BAS Score on Validation Data (Training Time 1.214045):  0.9379861410181918
Epoch 51: 
BAS Score on Validation Data (Training Time 1.208141):  0.9379607593672071
Epoch 52: 
BAS Score on Validation Data (Training Time 1.211310):  0.9393522691054
Epoch 53: 
BAS Score on Validation Data (Training Time 1.208080):  0.9358814350923486
Epoch 54: 
BAS Score on Validation Data (Training Time 1.212101):  0.9364619325018756
Epoch 55: 
BAS Score on Validation Data (Training Time 1.208901):  0.9370855687437136
Epoch 56: 
BAS Score on Validation Data (Training Time 1.209464):  0.9409464741197938
Epoch 57: 
BAS Score on Validation Data (Training Time 1.208575):  0.9399514725015394
Epoch 58: 
BAS Score on Validation Data (Training Time 1.215526):  0.9411055209167017
Epoch 59: 
BAS Score on Validation Data (Training Time 1.212339):  0.9430863995203135
Epoch 60: 
BAS Score on Validation Data (Training Time 1.211503):  0.9421967790006263
Epoch 61: 
BAS Score on Validation Data (Training Time 1.210721):  0.9431721400965253
Epoch 62: 
BAS Score on Validation Data (Training Time 1.208884):  0.9445655683007755
Epoch 63: 
BAS Score on Validation Data (Training Time 1.209986):  0.9451379845198263
Epoch 64: 
BAS Score on Validation Data (Training Time 1.209324):  0.9463115083315311
Epoch 65: 
BAS Score on Validation Data (Training Time 1.208949):  0.932677038784993
Epoch 66: 
BAS Score on Validation Data (Training Time 1.208184):  0.9438293305239878
Epoch 67: 
BAS Score on Validation Data (Training Time 1.214570):  0.9372873119216573
Epoch 68: 
BAS Score on Validation Data (Training Time 1.208655):  0.9456058803944036
Epoch 69: 
BAS Score on Validation Data (Training Time 1.213722):  0.9390523795348146
Epoch 70: 
BAS Score on Validation Data (Training Time 1.209378):  0.9458595216609008
Epoch 71: 
BAS Score on Validation Data (Training Time 1.212003):  0.9408394452946888
Epoch 72: 
BAS Score on Validation Data (Training Time 1.209653):  0.941249157180073
Epoch 73: 
BAS Score on Validation Data (Training Time 1.211597):  0.940924567317241
Epoch 74: 
BAS Score on Validation Data (Training Time 1.208863):  0.9400346903275768
Epoch 75: 
BAS Score on Validation Data (Training Time 1.209639):  0.9468475735822922
Epoch 76: 
BAS Score on Validation Data (Training Time 1.208121):  0.9454484042494128
Epoch 77: 
BAS Score on Validation Data (Training Time 1.215863):  0.9478378917838812
Epoch 78: 
BAS Score on Validation Data (Training Time 1.209826):  0.9406415390488599
Epoch 79: 
BAS Score on Validation Data (Training Time 1.214150):  0.9432113616291294
Epoch 80: 
BAS Score on Validation Data (Training Time 1.209888):  0.9431906633948103
Epoch 81: 
BAS Score on Validation Data (Training Time 1.209302):  0.9351400890101341
Epoch 82: 
BAS Score on Validation Data (Training Time 1.211958):  0.9488099431571616
Epoch 83: 
BAS Score on Validation Data (Training Time 1.213999):  0.9488355074964735
Epoch 84: 
BAS Score on Validation Data (Training Time 1.213435):  0.9486116890971926
Epoch 85: 
BAS Score on Validation Data (Training Time 1.209201):  0.9500048608314661
Epoch 86: 
BAS Score on Validation Data (Training Time 1.218069):  0.9491354113366017
Epoch 87: 
BAS Score on Validation Data (Training Time 1.210075):  0.9101701355249924
Epoch 88: 
BAS Score on Validation Data (Training Time 1.215085):  0.949714520782539
Epoch 89: 
BAS Score on Validation Data (Training Time 1.209135):  0.9507267457866808
Epoch 90: 
BAS Score on Validation Data (Training Time 1.211251):  0.9401245243058799
Epoch 91: 
BAS Score on Validation Data (Training Time 1.211014):  0.9504051916139765
Epoch 92: 
BAS Score on Validation Data (Training Time 1.212424):  0.9408853600541794
Epoch 93: 
BAS Score on Validation Data (Training Time 1.209240):  0.9500676368931611
Epoch 94: 
BAS Score on Validation Data (Training Time 1.214083):  0.9503028462055368
Epoch 95: 
BAS Score on Validation Data (Training Time 1.209973):  0.9493365359608855
Epoch 96: 
BAS Score on Validation Data (Training Time 1.217630):  0.9490117634097262
Epoch 97: 
BAS Score on Validation Data (Training Time 1.209373):  0.9412235190591117
Epoch 98: 
BAS Score on Validation Data (Training Time 1.213603):  0.9475685977834134
Epoch 99: 
BAS Score on Validation Data (Training Time 1.209610):  0.936280480232004
Epoch 100: 
BAS Score on Validation Data (Training Time 1.216445):  0.9343703850989141
Epoch 101: 
BAS Score on Validation Data (Training Time 1.212309):  0.9512535950603813
Epoch 102: 
BAS Score on Validation Data (Training Time 1.209898):  0.943087713702254
Epoch 103: 
BAS Score on Validation Data (Training Time 1.210018):  0.9413184756123841
Epoch 104: 
BAS Score on Validation Data (Training Time 1.208980):  0.9518604437816643
Epoch 105: 
BAS Score on Validation Data (Training Time 1.216168):  0.9498537300992215
Epoch 106: 
BAS Score on Validation Data (Training Time 1.209802):  0.9506158800294613
Epoch 107: 
BAS Score on Validation Data (Training Time 1.213861):  0.9489988898959066
Epoch 108: 
BAS Score on Validation Data (Training Time 1.209224):  0.9528998037770352
Epoch 109: 
BAS Score on Validation Data (Training Time 1.213541):  0.9513734203246851
Epoch 110: 
BAS Score on Validation Data (Training Time 1.208623):  0.9528006767470506
Epoch 111: 
BAS Score on Validation Data (Training Time 1.211707):  0.9524672925029475
Epoch 112: 
BAS Score on Validation Data (Training Time 1.209291):  0.9532685726216279
Epoch 113: 
BAS Score on Validation Data (Training Time 1.209989):  0.951169772950227
Epoch 114: 
BAS Score on Validation Data (Training Time 1.209692):  0.9386166641518149
Epoch 115: 
BAS Score on Validation Data (Training Time 1.217318):  0.9391702235279831
Epoch 116: 
BAS Score on Validation Data (Training Time 1.210399):  0.9429710297417843
Epoch 117: 
BAS Score on Validation Data (Training Time 1.215032):  0.9523059936953847
Epoch 118: 
BAS Score on Validation Data (Training Time 1.209099):  0.9537389912463795
Epoch 119: 
BAS Score on Validation Data (Training Time 1.210837):  0.9506891862501573
Epoch 120: 
BAS Score on Validation Data (Training Time 1.209421):  0.9537762943129264
Epoch 121: 
BAS Score on Validation Data (Training Time 1.211386):  0.9541820184099256
Epoch 122: 
BAS Score on Validation Data (Training Time 1.210105):  0.949728873604112
Epoch 123: 
BAS Score on Validation Data (Training Time 1.209651):  0.9545383528990027
Epoch 124: 
BAS Score on Validation Data (Training Time 1.215532):  0.9391725526132587
Epoch 125: 
BAS Score on Validation Data (Training Time 1.215758):  0.944865215670927
Epoch 126: 
BAS Score on Validation Data (Training Time 1.212911):  0.9533217848921218
Epoch 127: 
BAS Score on Validation Data (Training Time 1.209656):  0.9537734237486117
Epoch 128: 
BAS Score on Validation Data (Training Time 1.210857):  0.9527551098017003
Epoch 129: 
BAS Score on Validation Data (Training Time 1.209721):  0.9512807300516103
Epoch 130: 
BAS Score on Validation Data (Training Time 1.211550):  0.9540924551711419
Epoch 131: 
BAS Score on Validation Data (Training Time 1.209208):  0.9327302653250298
Epoch 132: 
BAS Score on Validation Data (Training Time 1.210297):  0.947378955416388
Epoch 133: 
BAS Score on Validation Data (Training Time 1.209018):  0.952494683964153
Epoch 134: 
BAS Score on Validation Data (Training Time 1.215537):  0.941788440809289
Epoch 135: 
BAS Score on Validation Data (Training Time 1.208966):  0.9547984309224096
Epoch 136: 
BAS Score on Validation Data (Training Time 1.213287):  0.9535847334798436
Epoch 137: 
BAS Score on Validation Data (Training Time 1.209351):  0.9547213020391417
Epoch 138: 
BAS Score on Validation Data (Training Time 1.212364):  0.9437261243614546
Epoch 139: 
BAS Score on Validation Data (Training Time 1.209106):  0.9513884687745385
Epoch 140: 
BAS Score on Validation Data (Training Time 1.212090):  0.9532841340114349
Epoch 141: 
BAS Score on Validation Data (Training Time 1.210379):  0.955123203473569
Epoch 142: 
BAS Score on Validation Data (Training Time 1.208972):  0.9501416387421378
Epoch 143: 
BAS Score on Validation Data (Training Time 1.213795):  0.9546126112179559
Epoch 144: 
BAS Score on Validation Data (Training Time 1.211408):  0.9524666882188305
Epoch 145: 
BAS Score on Validation Data (Training Time 1.213120):  0.9549718162713475
Epoch 146: 
BAS Score on Validation Data (Training Time 1.210501):  0.9510664897130731
Epoch 147: 
BAS Score on Validation Data (Training Time 1.211143):  0.9554919723181617
Epoch 148: 
BAS Score on Validation Data (Training Time 1.209986):  0.9549498181246309
Epoch 149: 
BAS Score on Validation Data (Training Time 1.214859):  0.9541574975130347
High Quality
0.9623071499554614 0.9708379694266425 0.9806268536576935 0.9623071499554614 0.9647403108509925
              precision    recall  f1-score   support

           0       0.99      0.99      0.99     19588
           1       0.98      1.00      0.99      5531
           2       0.98      0.90      0.93      3100

    accuracy                           0.98     28219
   macro avg       0.98      0.96      0.97     28219
weighted avg       0.98      0.98      0.98     28219

Low Quality
0.5071673733091057 0.5429101331984488 0.6157255351984489 0.5071673733091057 0.6000077530836856
              precision    recall  f1-score   support

           0       0.93      1.00      0.96       635
           1       0.92      0.52      0.67        65
           2        nan      0.00      0.00        20

    accuracy                           0.93       720
   macro avg       0.92      0.51      0.54       720
weighted avg       0.93      0.93      0.91       720

Emb Dim: 64
Transformer-MHA-64
=====================================================================================================================================================================
Layer (type:depth-idx)                   Input Shape               Output Shape              Kernel Shape              Param #                   Mult-Adds
=====================================================================================================================================================================
TransfomerBlock                          [2, 21, 495]              [2, 3]                    --                        --                        --
├─MakePatches: 1-1                       [2, 21, 495]              [2, 165, 63]              --                        --                        --
│    └─Unfold: 2-1                       [2, 1, 21, 495]           [2, 63, 165]              [21, 3]                   --                        --
├─Linear: 1-2                            [2, 165, 63]              [2, 165, 64]              --                        4,096                     8,192
├─PositionalEncoding: 1-3                [2, 165, 64]              [2, 165, 64]              --                        --                        --
├─TransformerEncoderLayer: 1-4           [2, 165, 64]              [2, 165, 64]              --                        --                        --
│    └─MultiheadAttention: 2-2           [2, 165, 64]              [2, 165, 64]              --                        16,640                    --
│    └─Dropout: 2-3                      [2, 165, 64]              [2, 165, 64]              --                        --                        --
│    └─LayerNorm: 2-4                    [2, 165, 64]              [2, 165, 64]              --                        128                       256
│    └─Linear: 2-5                       [2, 165, 64]              [2, 165, 2048]            --                        133,120                   266,240
│    └─Dropout: 2-6                      [2, 165, 2048]            [2, 165, 2048]            --                        --                        --
│    └─Linear: 2-7                       [2, 165, 2048]            [2, 165, 64]              --                        131,136                   262,272
│    └─Dropout: 2-8                      [2, 165, 64]              [2, 165, 64]              --                        --                        --
│    └─LayerNorm: 2-9                    [2, 165, 64]              [2, 165, 64]              --                        128                       256
├─Sequential: 1-5                        [2, 64]                   [2, 3]                    --                        --                        --
│    └─Linear: 2-10                      [2, 64]                   [2, 64]                   --                        4,160                     8,320
│    └─ReLU: 2-11                        [2, 64]                   [2, 64]                   --                        --                        --
│    └─Linear: 2-12                      [2, 64]                   [2, 32]                   --                        2,080                     4,160
│    └─ReLU: 2-13                        [2, 32]                   [2, 32]                   --                        --                        --
│    └─Linear: 2-14                      [2, 32]                   [2, 3]                    --                        99                        198
=====================================================================================================================================================================
Total params: 291,587
Trainable params: 291,587
Non-trainable params: 0
Total mult-adds (Units.MEGABYTES): 0.55
=====================================================================================================================================================================
Input size (MB): 0.08
Forward/backward pass size (MB): 6.08
Params size (MB): 1.10
Estimated Total Size (MB): 7.27
=====================================================================================================================================================================
Total Trainable Parameters:  291587
Total Parameters:  291587
Epoch 0: 
BAS Score on Validation Data (Training Time 1.559721):  0.6065195555739535
Epoch 1: 
BAS Score on Validation Data (Training Time 1.566995):  0.3333333333333333
Epoch 2: 
BAS Score on Validation Data (Training Time 1.558358):  0.6098323862325181
Epoch 3: 
BAS Score on Validation Data (Training Time 1.562492):  0.6127703733732633
Epoch 4: 
BAS Score on Validation Data (Training Time 1.560173):  0.6954655340719603
Epoch 5: 
BAS Score on Validation Data (Training Time 1.558600):  0.8584795807202096
Epoch 6: 
BAS Score on Validation Data (Training Time 1.559456):  0.8846781083860152
Epoch 7: 
BAS Score on Validation Data (Training Time 1.559440):  0.8890647030030973
Epoch 8: 
BAS Score on Validation Data (Training Time 1.558354):  0.8990139330722334
Epoch 9: 
BAS Score on Validation Data (Training Time 1.558766):  0.8988047039680523
Epoch 10: 
BAS Score on Validation Data (Training Time 1.558772):  0.9123239921512951
Epoch 11: 
BAS Score on Validation Data (Training Time 1.559406):  0.9060242919571099
Epoch 12: 
BAS Score on Validation Data (Training Time 1.558622):  0.9139656340415615
Epoch 13: 
BAS Score on Validation Data (Training Time 1.559955):  0.9181929396613017
Epoch 14: 
BAS Score on Validation Data (Training Time 1.559070):  0.9244633979829668
Epoch 15: 
BAS Score on Validation Data (Training Time 1.560763):  0.9233029128108948
Epoch 16: 
BAS Score on Validation Data (Training Time 1.561699):  0.9245106269243979
Epoch 17: 
BAS Score on Validation Data (Training Time 1.561788):  0.9273419045150928
Epoch 18: 
BAS Score on Validation Data (Training Time 1.559101):  0.9280975263442593
Epoch 19: 
BAS Score on Validation Data (Training Time 1.558688):  0.9304553605966465
Epoch 20: 
BAS Score on Validation Data (Training Time 1.558389):  0.9347933040427153
Epoch 21: 
BAS Score on Validation Data (Training Time 1.559472):  0.9260880762502937
Epoch 22: 
BAS Score on Validation Data (Training Time 1.558257):  0.9348439164884143
Epoch 23: 
BAS Score on Validation Data (Training Time 1.558620):  0.9358536958170026
Epoch 24: 
BAS Score on Validation Data (Training Time 1.559322):  0.9360809262596373
Epoch 25: 
BAS Score on Validation Data (Training Time 1.559142):  0.9394988815467924
Epoch 26: 
BAS Score on Validation Data (Training Time 1.566301):  0.9291933597972074
Epoch 27: 
BAS Score on Validation Data (Training Time 1.562837):  0.9395275729203955
Epoch 28: 
BAS Score on Validation Data (Training Time 1.559418):  0.9296950696203572
Epoch 29: 
BAS Score on Validation Data (Training Time 1.561838):  0.9385035321143976
Epoch 30: 
BAS Score on Validation Data (Training Time 1.561155):  0.9357086540275276
Epoch 31: 
BAS Score on Validation Data (Training Time 1.559345):  0.9425818191328492
Epoch 32: 
BAS Score on Validation Data (Training Time 1.559510):  0.9324843288957828
Epoch 33: 
BAS Score on Validation Data (Training Time 1.566600):  0.9428447677205707
Epoch 34: 
BAS Score on Validation Data (Training Time 1.559757):  0.9405726740443954
Epoch 35: 
BAS Score on Validation Data (Training Time 1.563654):  0.9389543697289003
Epoch 36: 
BAS Score on Validation Data (Training Time 1.563146):  0.9392887488798891
Epoch 37: 
BAS Score on Validation Data (Training Time 1.578963):  0.9426395496941957
Epoch 38: 
BAS Score on Validation Data (Training Time 1.561769):  0.9242179149815667
Epoch 39: 
BAS Score on Validation Data (Training Time 1.561672):  0.9447707863271507
Epoch 40: 
BAS Score on Validation Data (Training Time 1.559493):  0.9263581881962266
Epoch 41: 
BAS Score on Validation Data (Training Time 1.568149):  0.9457065780763053
Epoch 42: 
BAS Score on Validation Data (Training Time 1.560802):  0.942305227621378
Epoch 43: 
BAS Score on Validation Data (Training Time 1.564432):  0.938770545565125
Epoch 44: 
BAS Score on Validation Data (Training Time 1.562085):  0.9376876427041676
Epoch 45: 
BAS Score on Validation Data (Training Time 1.560485):  0.9439813505494117
Epoch 46: 
BAS Score on Validation Data (Training Time 1.585371):  0.9440332343684226
Epoch 47: 
BAS Score on Validation Data (Training Time 1.581534):  0.9482212841895663
Epoch 48: 
BAS Score on Validation Data (Training Time 1.559527):  0.9467627993738805
Epoch 49: 
BAS Score on Validation Data (Training Time 1.566821):  0.9415074080815863
Epoch 50: 
BAS Score on Validation Data (Training Time 1.565274):  0.9341245828224594
Epoch 51: 
BAS Score on Validation Data (Training Time 1.561152):  0.9470515687708906
Epoch 52: 
BAS Score on Validation Data (Training Time 1.564119):  0.9477075506301191
Epoch 53: 
BAS Score on Validation Data (Training Time 1.562626):  0.944565476956612
Epoch 54: 
BAS Score on Validation Data (Training Time 1.560547):  0.9496020072987813
Epoch 55: 
BAS Score on Validation Data (Training Time 1.561028):  0.946302306624013
Epoch 56: 
BAS Score on Validation Data (Training Time 1.566562):  0.9428368659254504
Epoch 57: 
BAS Score on Validation Data (Training Time 1.561109):  0.9500752964878476
Epoch 58: 
BAS Score on Validation Data (Training Time 1.565461):  0.9434628422291356
Epoch 59: 
BAS Score on Validation Data (Training Time 1.562025):  0.9434885574247175
Epoch 60: 
BAS Score on Validation Data (Training Time 1.559993):  0.9451111973427379
Epoch 61: 
BAS Score on Validation Data (Training Time 1.562461):  0.9418698600525185
Epoch 62: 
BAS Score on Validation Data (Training Time 1.561297):  0.9306168563620792
Epoch 63: 
BAS Score on Validation Data (Training Time 1.560091):  0.9436884877503102
Epoch 64: 
BAS Score on Validation Data (Training Time 1.567188):  0.9477477242609805
Epoch 65: 
BAS Score on Validation Data (Training Time 1.560959):  0.9503946757245182
Epoch 66: 
BAS Score on Validation Data (Training Time 1.563690):  0.9342703512132361
Epoch 67: 
BAS Score on Validation Data (Training Time 1.561907):  0.9510269974409494
Epoch 68: 
BAS Score on Validation Data (Training Time 1.560126):  0.9483532730698662
Epoch 69: 
BAS Score on Validation Data (Training Time 1.562600):  0.9520539230808045
Epoch 70: 
BAS Score on Validation Data (Training Time 1.560048):  0.9393794183661718
Epoch 71: 
BAS Score on Validation Data (Training Time 1.559989):  0.9478844250970315
Epoch 72: 
BAS Score on Validation Data (Training Time 1.566897):  0.9431399596049479
Epoch 73: 
BAS Score on Validation Data (Training Time 1.564297):  0.946969394387274
Epoch 74: 
BAS Score on Validation Data (Training Time 1.560321):  0.9508042224840891
Epoch 75: 
BAS Score on Validation Data (Training Time 1.561852):  0.949126799643658
Epoch 76: 
BAS Score on Validation Data (Training Time 1.562429):  0.9517549713389336
Epoch 77: 
BAS Score on Validation Data (Training Time 1.560777):  0.9431026850774867
Epoch 78: 
BAS Score on Validation Data (Training Time 1.561097):  0.9511550865840567
Epoch 79: 
BAS Score on Validation Data (Training Time 1.565799):  0.941347588581777
Epoch 80: 
BAS Score on Validation Data (Training Time 1.566791):  0.9482171907874749
Epoch 81: 
BAS Score on Validation Data (Training Time 1.564776):  0.9475890252782131
Epoch 82: 
BAS Score on Validation Data (Training Time 1.561855):  0.95254729195053
Epoch 83: 
BAS Score on Validation Data (Training Time 1.561496):  0.9477320857965529
Epoch 84: 
BAS Score on Validation Data (Training Time 1.562920):  0.9478130373423928
Epoch 85: 
BAS Score on Validation Data (Training Time 1.560231):  0.9486417089222788
Epoch 86: 
BAS Score on Validation Data (Training Time 1.560060):  0.9371617597982671
Epoch 87: 
BAS Score on Validation Data (Training Time 1.566717):  0.9495083506579065
Epoch 88: 
BAS Score on Validation Data (Training Time 1.560641):  0.9372028855273857
Epoch 89: 
BAS Score on Validation Data (Training Time 1.565467):  0.9449640091563142
Epoch 90: 
BAS Score on Validation Data (Training Time 1.562789):  0.9456427443026465
Epoch 91: 
BAS Score on Validation Data (Training Time 1.562814):  0.9480195552811654
Epoch 92: 
BAS Score on Validation Data (Training Time 1.566832):  0.928558546303623
Epoch 93: 
BAS Score on Validation Data (Training Time 1.561152):  0.949873553309904
Epoch 94: 
BAS Score on Validation Data (Training Time 1.560662):  0.9494200245264425
Epoch 95: 
BAS Score on Validation Data (Training Time 1.566778):  0.9523034852147534
Epoch 96: 
BAS Score on Validation Data (Training Time 1.563579):  0.941397730896151
Epoch 97: 
BAS Score on Validation Data (Training Time 1.560095):  0.95166540810015
Epoch 98: 
BAS Score on Validation Data (Training Time 1.561909):  0.9462961120675372
Epoch 99: 
BAS Score on Validation Data (Training Time 1.563021):  0.9473977494541925
Epoch 100: 
BAS Score on Validation Data (Training Time 1.562613):  0.9524347156616946
Epoch 101: 
BAS Score on Validation Data (Training Time 1.561817):  0.9469891547928787
Epoch 102: 
BAS Score on Validation Data (Training Time 1.567212):  0.9513636000635074
Epoch 103: 
BAS Score on Validation Data (Training Time 1.561220):  0.9494347108926129
Epoch 104: 
BAS Score on Validation Data (Training Time 1.564352):  0.9528574552101398
Epoch 105: 
BAS Score on Validation Data (Training Time 1.561623):  0.9510557030840953
Epoch 106: 
BAS Score on Validation Data (Training Time 1.560996):  0.9521859119611045
Epoch 107: 
BAS Score on Validation Data (Training Time 1.563068):  0.94746019197129
Epoch 108: 
BAS Score on Validation Data (Training Time 1.560740):  0.9261642530353044
Epoch 109: 
BAS Score on Validation Data (Training Time 1.561126):  0.9486028352038147
Epoch 110: 
BAS Score on Validation Data (Training Time 1.567548):  0.9473939267916207
Epoch 111: 
BAS Score on Validation Data (Training Time 1.560853):  0.9487637861972372
Epoch 112: 
BAS Score on Validation Data (Training Time 1.564845):  0.948408133066898
Epoch 113: 
BAS Score on Validation Data (Training Time 1.562445):  0.9539318519918599
Epoch 114: 
BAS Score on Validation Data (Training Time 1.560302):  0.9481228527878622
Epoch 115: 
BAS Score on Validation Data (Training Time 1.563810):  0.8865378665853481
Epoch 116: 
BAS Score on Validation Data (Training Time 1.560856):  0.9513084693269561
Epoch 117: 
BAS Score on Validation Data (Training Time 1.561721):  0.9490429918030463
Epoch 118: 
BAS Score on Validation Data (Training Time 1.567306):  0.9545070474310616
Epoch 119: 
BAS Score on Validation Data (Training Time 1.564673):  0.9549406021475703
Epoch 120: 
BAS Score on Validation Data (Training Time 1.561038):  0.9551821568726923
Epoch 121: 
BAS Score on Validation Data (Training Time 1.562200):  0.9532169167335081
Epoch 122: 
BAS Score on Validation Data (Training Time 1.564874):  0.9510315157318018
Epoch 123: 
BAS Score on Validation Data (Training Time 1.560428):  0.9510630148646415
Epoch 124: 
BAS Score on Validation Data (Training Time 1.561904):  0.949007607202557
Epoch 125: 
BAS Score on Validation Data (Training Time 1.567208):  0.952989714829959
Epoch 126: 
BAS Score on Validation Data (Training Time 1.561344):  0.9363892338582679
Epoch 127: 
BAS Score on Validation Data (Training Time 1.565822):  0.9540860184142321
Epoch 128: 
BAS Score on Validation Data (Training Time 1.562463):  0.9569160103620723
Epoch 129: 
BAS Score on Validation Data (Training Time 1.562240):  0.9513612424391461
Epoch 130: 
BAS Score on Validation Data (Training Time 1.562547):  0.9504039059711217
Epoch 131: 
BAS Score on Validation Data (Training Time 1.562492):  0.9477572252471035
Epoch 132: 
BAS Score on Validation Data (Training Time 1.560101):  0.9569242742408758
Epoch 133: 
BAS Score on Validation Data (Training Time 1.567086):  0.9542508834143901
Epoch 134: 
BAS Score on Validation Data (Training Time 1.560661):  0.9544430485315899
Epoch 135: 
BAS Score on Validation Data (Training Time 1.566172):  0.954535482334688
Epoch 136: 
BAS Score on Validation Data (Training Time 1.562736):  0.9576589413657466
Epoch 137: 
BAS Score on Validation Data (Training Time 1.561933):  0.9566804532355563
Epoch 138: 
BAS Score on Validation Data (Training Time 1.563343):  0.9528563632321837
Epoch 139: 
BAS Score on Validation Data (Training Time 1.562149):  0.9550272948220392
Epoch 140: 
BAS Score on Validation Data (Training Time 1.561443):  0.9572197368647725
Epoch 141: 
BAS Score on Validation Data (Training Time 1.568449):  0.9549635523925443
Epoch 142: 
BAS Score on Validation Data (Training Time 1.564661):  0.9501642554425143
Epoch 143: 
BAS Score on Validation Data (Training Time 1.562159):  0.9533623063371236
Epoch 144: 
BAS Score on Validation Data (Training Time 1.563272):  0.9557769190526
Epoch 145: 
BAS Score on Validation Data (Training Time 1.563244):  0.9575228590833554
Epoch 146: 
BAS Score on Validation Data (Training Time 1.560458):  0.9521578391411611
Epoch 147: 
BAS Score on Validation Data (Training Time 1.561648):  0.9407352099592776
Epoch 148: 
BAS Score on Validation Data (Training Time 1.566027):  0.9554313083874226
Epoch 149: 
BAS Score on Validation Data (Training Time 1.562418):  0.952757376081898
High Quality
0.963389029264631 0.9717578009106661 0.9813405220924842 0.963389029264631 0.9658862043667377
              precision    recall  f1-score   support

           0       0.99      0.99      0.99     19588
           1       0.98      1.00      0.99      5531
           2       0.98      0.90      0.94      3100

    accuracy                           0.98     28219
   macro avg       0.98      0.96      0.97     28219
weighted avg       0.98      0.98      0.98     28219

Low Quality
0.6672622652937613 0.575708901293781 0.7266113624116138 0.6672622652937613 0.34825004564119943
              precision    recall  f1-score   support

           0       0.98      0.64      0.78       635
           1       0.20      0.91      0.33        65
           2       1.00      0.45      0.62        20

    accuracy                           0.66       720
   macro avg       0.73      0.67      0.58       720
weighted avg       0.91      0.66      0.73       720

Emb Dim: 128
Transformer-MHA-128
=====================================================================================================================================================================
Layer (type:depth-idx)                   Input Shape               Output Shape              Kernel Shape              Param #                   Mult-Adds
=====================================================================================================================================================================
TransfomerBlock                          [2, 21, 495]              [2, 3]                    --                        --                        --
├─MakePatches: 1-1                       [2, 21, 495]              [2, 165, 63]              --                        --                        --
│    └─Unfold: 2-1                       [2, 1, 21, 495]           [2, 63, 165]              [21, 3]                   --                        --
├─Linear: 1-2                            [2, 165, 63]              [2, 165, 128]             --                        8,192                     16,384
├─PositionalEncoding: 1-3                [2, 165, 128]             [2, 165, 128]             --                        --                        --
├─TransformerEncoderLayer: 1-4           [2, 165, 128]             [2, 165, 128]             --                        --                        --
│    └─MultiheadAttention: 2-2           [2, 165, 128]             [2, 165, 128]             --                        66,048                    --
│    └─Dropout: 2-3                      [2, 165, 128]             [2, 165, 128]             --                        --                        --
│    └─LayerNorm: 2-4                    [2, 165, 128]             [2, 165, 128]             --                        256                       512
│    └─Linear: 2-5                       [2, 165, 128]             [2, 165, 2048]            --                        264,192                   528,384
│    └─Dropout: 2-6                      [2, 165, 2048]            [2, 165, 2048]            --                        --                        --
│    └─Linear: 2-7                       [2, 165, 2048]            [2, 165, 128]             --                        262,272                   524,544
│    └─Dropout: 2-8                      [2, 165, 128]             [2, 165, 128]             --                        --                        --
│    └─LayerNorm: 2-9                    [2, 165, 128]             [2, 165, 128]             --                        256                       512
├─Sequential: 1-5                        [2, 128]                  [2, 3]                    --                        --                        --
│    └─Linear: 2-10                      [2, 128]                  [2, 64]                   --                        8,256                     16,512
│    └─ReLU: 2-11                        [2, 64]                   [2, 64]                   --                        --                        --
│    └─Linear: 2-12                      [2, 64]                   [2, 32]                   --                        2,080                     4,160
│    └─ReLU: 2-13                        [2, 32]                   [2, 32]                   --                        --                        --
│    └─Linear: 2-14                      [2, 32]                   [2, 3]                    --                        99                        198
=====================================================================================================================================================================
Total params: 611,651
Trainable params: 611,651
Non-trainable params: 0
Total mult-adds (Units.MEGABYTES): 1.09
=====================================================================================================================================================================
Input size (MB): 0.08
Forward/backward pass size (MB): 6.76
Params size (MB): 2.18
Estimated Total Size (MB): 9.03
=====================================================================================================================================================================
Total Trainable Parameters:  611651
Total Parameters:  611651
Epoch 0: 
BAS Score on Validation Data (Training Time 1.712434):  0.3333333333333333
Epoch 1: 
BAS Score on Validation Data (Training Time 1.709955):  0.42167316861725185
Epoch 2: 
BAS Score on Validation Data (Training Time 1.709445):  0.6124236026753874
Epoch 3: 
BAS Score on Validation Data (Training Time 1.710460):  0.6122856499852317
Epoch 4: 
BAS Score on Validation Data (Training Time 1.709870):  0.6963205051350957
Epoch 5: 
BAS Score on Validation Data (Training Time 1.709915):  0.7524369584138499
Epoch 6: 
BAS Score on Validation Data (Training Time 1.710049):  0.7786496562129012
Epoch 7: 
BAS Score on Validation Data (Training Time 1.709290):  0.8631926236768322
Epoch 8: 
BAS Score on Validation Data (Training Time 1.710600):  0.903020116711316
Epoch 9: 
BAS Score on Validation Data (Training Time 1.710032):  0.8311192855324485
Epoch 10: 
BAS Score on Validation Data (Training Time 1.710318):  0.8980035209204423
Epoch 11: 
BAS Score on Validation Data (Training Time 1.711601):  0.9174862825512963
Epoch 12: 
BAS Score on Validation Data (Training Time 1.710598):  0.9183200767061517
Epoch 13: 
BAS Score on Validation Data (Training Time 1.709016):  0.9125595350082684
Epoch 14: 
BAS Score on Validation Data (Training Time 1.709719):  0.9250917319110132
Epoch 15: 
BAS Score on Validation Data (Training Time 1.711176):  0.9260720471630973
Epoch 16: 
BAS Score on Validation Data (Training Time 1.710871):  0.9280579569975149
Epoch 17: 
BAS Score on Validation Data (Training Time 1.710960):  0.9231520703806838
Epoch 18: 
BAS Score on Validation Data (Training Time 1.711010):  0.9336455096961355
Epoch 19: 
BAS Score on Validation Data (Training Time 1.713483):  0.9284016920052632
Epoch 20: 
BAS Score on Validation Data (Training Time 1.715373):  0.9294238428842894
Epoch 21: 
BAS Score on Validation Data (Training Time 1.715836):  0.9017470324382296
Epoch 22: 
BAS Score on Validation Data (Training Time 1.712696):  0.934782426069574
Epoch 23: 
BAS Score on Validation Data (Training Time 1.711523):  0.9257169783204252
Epoch 24: 
BAS Score on Validation Data (Training Time 1.714682):  0.9361628156341917
Epoch 25: 
BAS Score on Validation Data (Training Time 1.710944):  0.933509518757908
Epoch 26: 
BAS Score on Validation Data (Training Time 1.716123):  0.8931441153110128
Epoch 27: 
BAS Score on Validation Data (Training Time 1.711968):  0.9336551791010429
Epoch 28: 
BAS Score on Validation Data (Training Time 1.717097):  0.9361953296703666
Epoch 29: 
BAS Score on Validation Data (Training Time 1.712287):  0.9334081539868112
Epoch 30: 
BAS Score on Validation Data (Training Time 1.710628):  0.9349109543709849
Epoch 31: 
BAS Score on Validation Data (Training Time 1.714588):  0.9421665169751061
Epoch 32: 
BAS Score on Validation Data (Training Time 1.711286):  0.9336915895814392
Epoch 33: 
BAS Score on Validation Data (Training Time 1.717193):  0.9333053408809823
Epoch 34: 
BAS Score on Validation Data (Training Time 1.711339):  0.9332045066123532
Epoch 35: 
BAS Score on Validation Data (Training Time 1.716208):  0.9444788756263066
Epoch 36: 
BAS Score on Validation Data (Training Time 1.714244):  0.906823205908793
Epoch 37: 
BAS Score on Validation Data (Training Time 1.718637):  0.9404557050748634
Epoch 38: 
BAS Score on Validation Data (Training Time 1.711846):  0.937032022928622
Epoch 39: 
BAS Score on Validation Data (Training Time 1.713067):  0.9065152579599102
Epoch 40: 
BAS Score on Validation Data (Training Time 1.717524):  0.9356086034383712
Epoch 41: 
BAS Score on Validation Data (Training Time 1.722389):  0.935138455553139
Epoch 42: 
BAS Score on Validation Data (Training Time 1.717515):  0.9209302556056098
Epoch 43: 
BAS Score on Validation Data (Training Time 1.713829):  0.938189608997294
Epoch 44: 
BAS Score on Validation Data (Training Time 1.731278):  0.9442529108300771
Epoch 45: 
BAS Score on Validation Data (Training Time 1.711774):  0.9269073148987993
Epoch 46: 
BAS Score on Validation Data (Training Time 1.712887):  0.9387454489232026
Epoch 47: 
BAS Score on Validation Data (Training Time 1.720052):  0.9408352890875195
Epoch 48: 
BAS Score on Validation Data (Training Time 1.713591):  0.9417412261374011
Epoch 49: 
BAS Score on Validation Data (Training Time 1.718763):  0.9476645207044859
Epoch 50: 
BAS Score on Validation Data (Training Time 1.713854):  0.935494790042216
Epoch 51: 
BAS Score on Validation Data (Training Time 1.714224):  0.9449228834271954
Epoch 52: 
BAS Score on Validation Data (Training Time 1.712951):  0.9503615431346835
Epoch 53: 
BAS Score on Validation Data (Training Time 1.712696):  0.8768665117138447
Epoch 54: 
BAS Score on Validation Data (Training Time 1.718518):  0.9492504475705336
Epoch 55: 
BAS Score on Validation Data (Training Time 1.715746):  0.935597468995253
Epoch 56: 
BAS Score on Validation Data (Training Time 1.713487):  0.9325926033708433
Epoch 57: 
BAS Score on Validation Data (Training Time 1.715373):  0.9506375303620377
Epoch 58: 
BAS Score on Validation Data (Training Time 1.731157):  0.9404754026753901
Epoch 59: 
BAS Score on Validation Data (Training Time 1.712587):  0.9381252137481467
Epoch 60: 
BAS Score on Validation Data (Training Time 1.713191):  0.9461522193341892
Epoch 61: 
BAS Score on Validation Data (Training Time 1.719413):  0.9525026913729797
Epoch 62: 
BAS Score on Validation Data (Training Time 1.717783):  0.9367563064407873
Epoch 63: 
BAS Score on Validation Data (Training Time 1.712900):  0.9538243840084509
Epoch 64: 
BAS Score on Validation Data (Training Time 1.715058):  0.9522353015690266
Epoch 65: 
BAS Score on Validation Data (Training Time 1.715107):  0.952775474491422
Epoch 66: 
BAS Score on Validation Data (Training Time 1.712543):  0.943851898688829
Epoch 67: 
BAS Score on Validation Data (Training Time 1.711865):  0.9517817585160223
Epoch 68: 
BAS Score on Validation Data (Training Time 1.720797):  0.8847348953917403
Epoch 69: 
BAS Score on Validation Data (Training Time 1.716450):  0.9526856405131188
Epoch 70: 
BAS Score on Validation Data (Training Time 1.711924):  0.9542680154561141
Epoch 71: 
BAS Score on Validation Data (Training Time 1.715022):  0.9538049856865295
Epoch 72: 
BAS Score on Validation Data (Training Time 1.714129):  0.9120874824492796
Epoch 73: 
BAS Score on Validation Data (Training Time 1.713306):  0.9538582122265663
Epoch 74: 
BAS Score on Validation Data (Training Time 1.712503):  0.9462978026027034
Epoch 75: 
BAS Score on Validation Data (Training Time 1.719720):  0.9428330432628785
Epoch 76: 
BAS Score on Validation Data (Training Time 1.717331):  0.9487220276449161
Epoch 77: 
BAS Score on Validation Data (Training Time 1.720246):  0.9468023829901678
Epoch 78: 
BAS Score on Validation Data (Training Time 1.712785):  0.9501311228526795
Epoch 79: 
BAS Score on Validation Data (Training Time 1.713556):  0.9385035463839405
Epoch 80: 
BAS Score on Validation Data (Training Time 1.712537):  0.9448059287272064
Epoch 81: 
BAS Score on Validation Data (Training Time 1.711612):  0.931913076002402
Epoch 82: 
BAS Score on Validation Data (Training Time 1.719859):  0.9551722595368938
Epoch 83: 
BAS Score on Validation Data (Training Time 1.739286):  0.9475617218681996
Epoch 84: 
BAS Score on Validation Data (Training Time 1.734559):  0.9526320804284846
Epoch 85: 
BAS Score on Validation Data (Training Time 1.713048):  0.9481699903851295
Epoch 86: 
BAS Score on Validation Data (Training Time 1.716069):  0.9513383978078788
Epoch 87: 
BAS Score on Validation Data (Training Time 1.713207):  0.9542470607518182
Epoch 88: 
BAS Score on Validation Data (Training Time 1.732487):  0.9427096660755224
Epoch 89: 
BAS Score on Validation Data (Training Time 1.738007):  0.9490876066501394
Epoch 90: 
BAS Score on Validation Data (Training Time 1.745173):  0.9431622570302696
Epoch 91: 
BAS Score on Validation Data (Training Time 1.733106):  0.9550986825766782
Epoch 92: 
BAS Score on Validation Data (Training Time 1.730311):  0.9473661875162748
Epoch 93: 
BAS Score on Validation Data (Training Time 1.730584):  0.9394303158209328
Epoch 94: 
BAS Score on Validation Data (Training Time 1.724623):  0.944983755292376
Epoch 95: 
BAS Score on Validation Data (Training Time 1.737642):  0.9520858328328625
Epoch 96: 
BAS Score on Validation Data (Training Time 1.714034):  0.9556366662934966
Epoch 97: 
BAS Score on Validation Data (Training Time 1.718665):  0.9549032990810234
Epoch 98: 
BAS Score on Validation Data (Training Time 1.714434):  0.9445974295172982
Epoch 99: 
BAS Score on Validation Data (Training Time 1.712096):  0.9378187475409527
Epoch 100: 
BAS Score on Validation Data (Training Time 1.714953):  0.9515140351674715
Epoch 101: 
BAS Score on Validation Data (Training Time 1.713499):  0.957931105930529
Epoch 102: 
BAS Score on Validation Data (Training Time 1.718127):  0.9537253340530872
Epoch 103: 
BAS Score on Validation Data (Training Time 1.713949):  0.958374133094075
Epoch 104: 
BAS Score on Validation Data (Training Time 1.719171):  0.9553813773004615
Epoch 105: 
BAS Score on Validation Data (Training Time 1.714463):  0.9564404691623514
Epoch 106: 
BAS Score on Validation Data (Training Time 1.714185):  0.8463913150686994
Epoch 107: 
BAS Score on Validation Data (Training Time 1.712418):  0.9541849032437829
Epoch 108: 
BAS Score on Validation Data (Training Time 1.712377):  0.9529462314764793
Epoch 109: 
BAS Score on Validation Data (Training Time 1.718234):  0.9577768481639929
Epoch 110: 
BAS Score on Validation Data (Training Time 1.712858):  0.9569724410110213
Epoch 111: 
BAS Score on Validation Data (Training Time 1.716751):  0.9531924101061601
Epoch 112: 
BAS Score on Validation Data (Training Time 1.713923):  0.9371119505512483
Epoch 113: 
BAS Score on Validation Data (Training Time 1.716032):  0.9524676545866306
Epoch 114: 
BAS Score on Validation Data (Training Time 1.712342):  0.9535079524107158
Epoch 115: 
BAS Score on Validation Data (Training Time 1.713335):  0.9539563871582936
Epoch 116: 
BAS Score on Validation Data (Training Time 1.719140):  0.947709135551579
Epoch 117: 
BAS Score on Validation Data (Training Time 1.714870):  0.9552006801709774
Epoch 118: 
BAS Score on Validation Data (Training Time 1.715978):  0.9568949643136131
Epoch 119: 
BAS Score on Validation Data (Training Time 1.714887):  0.95330459004532
Epoch 120: 
BAS Score on Validation Data (Training Time 1.714656):  0.956104562168074
Epoch 121: 
BAS Score on Validation Data (Training Time 1.711971):  0.9517943579973509
Epoch 122: 
BAS Score on Validation Data (Training Time 1.714363):  0.9525170441945527
Epoch 123: 
BAS Score on Validation Data (Training Time 1.718376):  0.9592952384770591
Epoch 124: 
BAS Score on Validation Data (Training Time 1.716141):  0.9522200109187392
Epoch 125: 
BAS Score on Validation Data (Training Time 1.715216):  0.9514487220860594
Epoch 126: 
BAS Score on Validation Data (Training Time 1.714729):  0.954851991007044
Epoch 127: 
BAS Score on Validation Data (Training Time 1.714579):  0.9577912009855659
Epoch 128: 
BAS Score on Validation Data (Training Time 1.712182):  0.9490449102691038
Epoch 129: 
BAS Score on Validation Data (Training Time 1.713229):  0.9564385649658368
Epoch 130: 
BAS Score on Validation Data (Training Time 1.719081):  0.9546944663265178
Epoch 131: 
BAS Score on Validation Data (Training Time 1.716712):  0.9526674792985168
Epoch 132: 
BAS Score on Validation Data (Training Time 1.712959):  0.950538765415736
Epoch 133: 
BAS Score on Validation Data (Training Time 1.714192):  0.9583613509244192
Epoch 134: 
BAS Score on Validation Data (Training Time 1.714305):  0.9577274585560708
Epoch 135: 
BAS Score on Validation Data (Training Time 1.712806):  0.9596028019118737
Epoch 136: 
BAS Score on Validation Data (Training Time 1.710299):  0.9408294851538123
Epoch 137: 
BAS Score on Validation Data (Training Time 1.719331):  0.9522148883437698
Epoch 138: 
BAS Score on Validation Data (Training Time 1.716111):  0.9459723486928063
Epoch 139: 
BAS Score on Validation Data (Training Time 1.711698):  0.9600668608543366
Epoch 140: 
BAS Score on Validation Data (Training Time 1.715294):  0.9410847113417694
Epoch 141: 
BAS Score on Validation Data (Training Time 1.716483):  0.9561289917208012
Epoch 142: 
BAS Score on Validation Data (Training Time 1.712161):  0.9556956339621626
Epoch 143: 
BAS Score on Validation Data (Training Time 1.711531):  0.9574399890714583
Epoch 144: 
BAS Score on Validation Data (Training Time 1.719610):  0.9575572915855877
Epoch 145: 
BAS Score on Validation Data (Training Time 1.717403):  0.9590562065021114
Epoch 146: 
BAS Score on Validation Data (Training Time 1.711718):  0.9586409186139112
Epoch 147: 
BAS Score on Validation Data (Training Time 1.714020):  0.9573137555893303
Epoch 148: 
BAS Score on Validation Data (Training Time 1.714094):  0.9591629788572398
Epoch 149: 
BAS Score on Validation Data (Training Time 1.712390):  0.9510098025941475
High Quality
0.9646086787384255 0.9731624168918951 0.9828841143241681 0.9646086787384255 0.9670196825941195
              precision    recall  f1-score   support

           0       0.99      0.99      0.99     19588
           1       0.98      1.00      0.99      5531
           2       0.98      0.90      0.94      3100

    accuracy                           0.98     28219
   macro avg       0.98      0.96      0.97     28219
weighted avg       0.98      0.98      0.98     28219

Low Quality
0.6107207752877044 0.6489474517252295 0.7173500394377852 0.6107207752877044 0.6522546419906455
              precision    recall  f1-score   support

           0       0.95      0.99      0.97       635
           1       0.90      0.54      0.67        65
           2       0.30      0.30      0.30        20

    accuracy                           0.93       720
   macro avg       0.72      0.61      0.65       720
weighted avg       0.93      0.93      0.93       720


High Quality Post 2020
                          mean       std       sem  count
Model                                                    
Transformer-FNET-128  0.970508  0.000316  0.000158      4
Transformer-FNET-64   0.968997  0.001170  0.000585      4
Transformer-MHA-128   0.974268  0.001377  0.000688      4
Transformer-MHA-64    0.971932  0.001096  0.000548      4
                          mean       std       sem  count
Model                                                    
Transformer-FNET-128  0.961044  0.000895  0.000448      4
Transformer-FNET-64   0.962481  0.001872  0.000936      4
Transformer-MHA-128   0.968413  0.003374  0.001687      4
Transformer-MHA-64    0.963274  0.001979  0.000989      4
                          mean       std       sem  count
Model                                                    
Transformer-FNET-128  0.964368  0.000386  0.000193      4
Transformer-FNET-64   0.962555  0.001708  0.000854      4
Transformer-MHA-128   0.968474  0.001801  0.000901      4
Transformer-MHA-64    0.966001  0.001311  0.000656      4

Low Quality Post 2020
                          mean       std       sem  count
Model                                                    
Transformer-FNET-128  0.700568  0.113957  0.056979      4
Transformer-FNET-64   0.646350  0.130669  0.065334      4
Transformer-MHA-128   0.681563  0.106917  0.053458      4
Transformer-MHA-64    0.634730  0.112849  0.056425      4
                          mean       std       sem  count
Model                                                    
Transformer-FNET-128  0.646457  0.099505  0.049752      4
Transformer-FNET-64   0.642295  0.094514  0.047257      4
Transformer-MHA-128   0.700232  0.083545  0.041773      4
Transformer-MHA-64    0.656950  0.048777  0.024388      4
                          mean       std       sem  count
Model                                                    
Transformer-FNET-128  0.701036  0.097841  0.048920      4
Transformer-FNET-64   0.540666  0.203138  0.101569      4
Transformer-MHA-128   0.607905  0.182641  0.091321      4
Transformer-MHA-64    0.543552  0.220442  0.110221      4
Saving Results
************Fold: 4
Data Shape Before Sampling:  (59972, 21, 495) (59972,)
Subtype/Host: 0 ,count:  34602 ,index count: (array([False,  True]), array([25370, 34602])) ,downsampling:  (16000, 21, 495) (16000,)
Subtype/Host: 1 ,count:  16398 ,index count: (array([False,  True]), array([43574, 16398])) ,downsampling:  (16000, 21, 495) (16000,)
Subtype/Host: 2 ,count:  8972 ,index count: (array([False,  True]), array([51000,  8972])) ,keep:  (8972, 21, 495) (8972,)
Emb Dim: 64
Transformer-FNET-64
=====================================================================================================================================================================
Layer (type:depth-idx)                   Input Shape               Output Shape              Kernel Shape              Param #                   Mult-Adds
=====================================================================================================================================================================
TransfomerBlock                          [2, 21, 495]              [2, 3]                    --                        --                        --
├─MakePatches: 1-1                       [2, 21, 495]              [2, 165, 63]              --                        --                        --
│    └─Unfold: 2-1                       [2, 1, 21, 495]           [2, 63, 165]              [21, 3]                   --                        --
├─Linear: 1-2                            [2, 165, 63]              [2, 165, 64]              --                        4,096                     8,192
├─PositionalEncoding: 1-3                [2, 165, 64]              [2, 165, 64]              --                        --                        --
├─FNET: 1-4                              [2, 165, 64]              [2, 165, 64]              --                        --                        --
│    └─LayerNorm: 2-2                    [2, 165, 64]              [2, 165, 64]              --                        128                       256
│    └─Sequential: 2-3                   [2, 165, 64]              [2, 165, 64]              --                        --                        --
│    │    └─Linear: 3-1                  [2, 165, 64]              [2, 165, 64]              --                        4,160                     8,320
│    │    └─ReLU: 3-2                    [2, 165, 64]              [2, 165, 64]              --                        --                        --
│    │    └─Dropout: 3-3                 [2, 165, 64]              [2, 165, 64]              --                        --                        --
│    │    └─Linear: 3-4                  [2, 165, 64]              [2, 165, 64]              --                        4,160                     8,320
│    └─LayerNorm: 2-4                    [2, 165, 64]              [2, 165, 64]              --                        128                       256
├─Sequential: 1-5                        [2, 64]                   [2, 3]                    --                        --                        --
│    └─Linear: 2-5                       [2, 64]                   [2, 64]                   --                        4,160                     8,320
│    └─ReLU: 2-6                         [2, 64]                   [2, 64]                   --                        --                        --
│    └─Linear: 2-7                       [2, 64]                   [2, 32]                   --                        2,080                     4,160
│    └─ReLU: 2-8                         [2, 32]                   [2, 32]                   --                        --                        --
│    └─Linear: 2-9                       [2, 32]                   [2, 3]                    --                        99                        198
=====================================================================================================================================================================
Total params: 19,011
Trainable params: 19,011
Non-trainable params: 0
Total mult-adds (Units.MEGABYTES): 0.04
=====================================================================================================================================================================
Input size (MB): 0.08
Forward/backward pass size (MB): 0.85
Params size (MB): 0.08
Estimated Total Size (MB): 1.01
=====================================================================================================================================================================
Total Trainable Parameters:  19011
Total Parameters:  19011
Epoch 0: 
BAS Score on Validation Data (Training Time 1.116432):  0.3333333333333333
Epoch 1: 
BAS Score on Validation Data (Training Time 1.066155):  0.3336992316136114
Epoch 2: 
BAS Score on Validation Data (Training Time 1.066879):  0.4601625749342073
Epoch 3: 
BAS Score on Validation Data (Training Time 1.065516):  0.5893241920618629
Epoch 4: 
BAS Score on Validation Data (Training Time 1.065798):  0.6070039306706025
Epoch 5: 
BAS Score on Validation Data (Training Time 1.065841):  0.6143607699946281
Epoch 6: 
BAS Score on Validation Data (Training Time 1.066821):  0.6149963100895143
Epoch 7: 
BAS Score on Validation Data (Training Time 1.066005):  0.614139565689685
Epoch 8: 
BAS Score on Validation Data (Training Time 1.065950):  0.6205841335276543
Epoch 9: 
BAS Score on Validation Data (Training Time 1.065753):  0.6209787231815355
Epoch 10: 
BAS Score on Validation Data (Training Time 1.066180):  0.6255836172732537
Epoch 11: 
BAS Score on Validation Data (Training Time 1.066415):  0.6348924268729682
Epoch 12: 
BAS Score on Validation Data (Training Time 1.065879):  0.676812273802065
Epoch 13: 
BAS Score on Validation Data (Training Time 1.066506):  0.7351019449473221
Epoch 14: 
BAS Score on Validation Data (Training Time 1.066289):  0.7452986645351082
Epoch 15: 
BAS Score on Validation Data (Training Time 1.067576):  0.801380463107646
Epoch 16: 
BAS Score on Validation Data (Training Time 1.066847):  0.7522409168488785
Epoch 17: 
BAS Score on Validation Data (Training Time 1.066336):  0.8047814457519834
Epoch 18: 
BAS Score on Validation Data (Training Time 1.069234):  0.845324261374616
Epoch 19: 
BAS Score on Validation Data (Training Time 1.065874):  0.8802211266480868
Epoch 20: 
BAS Score on Validation Data (Training Time 1.066683):  0.8377252630413518
Epoch 21: 
BAS Score on Validation Data (Training Time 1.066155):  0.8834287698729829
Epoch 22: 
BAS Score on Validation Data (Training Time 1.066018):  0.8997621803157757
Epoch 23: 
BAS Score on Validation Data (Training Time 1.067094):  0.9046663596939624
Epoch 24: 
BAS Score on Validation Data (Training Time 1.066781):  0.9091239457160075
Epoch 25: 
BAS Score on Validation Data (Training Time 1.066254):  0.8991291915101495
Epoch 26: 
BAS Score on Validation Data (Training Time 1.066540):  0.9122387930541224
Epoch 27: 
BAS Score on Validation Data (Training Time 1.066291):  0.9144631591184562
Epoch 28: 
BAS Score on Validation Data (Training Time 1.066190):  0.9140398780909721
Epoch 29: 
BAS Score on Validation Data (Training Time 1.066366):  0.9142410027152558
Epoch 30: 
BAS Score on Validation Data (Training Time 1.066610):  0.9192538586450852
Epoch 31: 
BAS Score on Validation Data (Training Time 1.066939):  0.9175703611314274
Epoch 32: 
BAS Score on Validation Data (Training Time 1.066252):  0.9204771056093096
Epoch 33: 
BAS Score on Validation Data (Training Time 1.066829):  0.9241557717430743
Epoch 34: 
BAS Score on Validation Data (Training Time 1.066555):  0.9253535457121503
Epoch 35: 
BAS Score on Validation Data (Training Time 1.066777):  0.9234258936485754
Epoch 36: 
BAS Score on Validation Data (Training Time 1.066334):  0.9239983098676262
Epoch 37: 
BAS Score on Validation Data (Training Time 1.067003):  0.9264231677330413
Epoch 38: 
BAS Score on Validation Data (Training Time 1.069988):  0.9282271090646628
Epoch 39: 
BAS Score on Validation Data (Training Time 1.067008):  0.9267718426274318
Epoch 40: 
BAS Score on Validation Data (Training Time 1.067156):  0.9294991413526922
Epoch 41: 
BAS Score on Validation Data (Training Time 1.067408):  0.9266937759154494
Epoch 42: 
BAS Score on Validation Data (Training Time 1.066405):  0.9299147770550328
Epoch 43: 
BAS Score on Validation Data (Training Time 1.067090):  0.9304843227097689
Epoch 44: 
BAS Score on Validation Data (Training Time 1.067023):  0.9238702349940618
Epoch 45: 
BAS Score on Validation Data (Training Time 1.066581):  0.9338783899232356
Epoch 46: 
BAS Score on Validation Data (Training Time 1.066835):  0.9346213209269099
Epoch 47: 
BAS Score on Validation Data (Training Time 1.067401):  0.9334385811381445
Epoch 48: 
BAS Score on Validation Data (Training Time 1.067916):  0.9344511396868839
Epoch 49: 
BAS Score on Validation Data (Training Time 1.067475):  0.9299986277042728
Epoch 50: 
BAS Score on Validation Data (Training Time 1.066658):  0.9376013858950311
Epoch 51: 
BAS Score on Validation Data (Training Time 1.067027):  0.9403717288154674
Epoch 52: 
BAS Score on Validation Data (Training Time 1.067291):  0.9395554915910971
Epoch 53: 
BAS Score on Validation Data (Training Time 1.067631):  0.9425432161539047
Epoch 54: 
BAS Score on Validation Data (Training Time 1.066813):  0.9432023250474245
Epoch 55: 
BAS Score on Validation Data (Training Time 1.074442):  0.9341085822743485
Epoch 56: 
BAS Score on Validation Data (Training Time 1.068600):  0.9444887101570271
Epoch 57: 
BAS Score on Validation Data (Training Time 1.072551):  0.9442133272137898
Epoch 58: 
BAS Score on Validation Data (Training Time 1.066891):  0.945573637097748
Epoch 59: 
BAS Score on Validation Data (Training Time 1.071572):  0.944586537274614
Epoch 60: 
BAS Score on Validation Data (Training Time 1.067185):  0.9459755385321755
Epoch 61: 
BAS Score on Validation Data (Training Time 1.068691):  0.9394467865003686
Epoch 62: 
BAS Score on Validation Data (Training Time 1.067116):  0.9461890832424321
Epoch 63: 
BAS Score on Validation Data (Training Time 1.067199):  0.9463624685913702
Epoch 64: 
BAS Score on Validation Data (Training Time 1.067222):  0.9461023905679632
Epoch 65: 
BAS Score on Validation Data (Training Time 1.069139):  0.9432507768266323
Epoch 66: 
BAS Score on Validation Data (Training Time 1.067967):  0.9469932339254271
Epoch 67: 
BAS Score on Validation Data (Training Time 1.067265):  0.94307486872752
Epoch 68: 
BAS Score on Validation Data (Training Time 1.073705):  0.9468405468108082
Epoch 69: 
BAS Score on Validation Data (Training Time 1.067200):  0.9468730608469832
Epoch 70: 
BAS Score on Validation Data (Training Time 1.071587):  0.9474607819858641
Epoch 71: 
BAS Score on Validation Data (Training Time 1.067382):  0.9451124201805144
Epoch 72: 
BAS Score on Validation Data (Training Time 1.069211):  0.9484383180177972
Epoch 73: 
BAS Score on Validation Data (Training Time 1.067535):  0.9443762109428123
Epoch 74: 
BAS Score on Validation Data (Training Time 1.067737):  0.9455124316879702
Epoch 75: 
BAS Score on Validation Data (Training Time 1.069647):  0.9495044509207138
Epoch 76: 
BAS Score on Validation Data (Training Time 1.067322):  0.9481055523273539
Epoch 77: 
BAS Score on Validation Data (Training Time 1.067497):  0.9480519779731768
Epoch 78: 
BAS Score on Validation Data (Training Time 1.067724):  0.9490983790095743
Epoch 79: 
BAS Score on Validation Data (Training Time 1.068790):  0.9472299996201771
Epoch 80: 
BAS Score on Validation Data (Training Time 1.067530):  0.9496061007008727
Epoch 81: 
BAS Score on Validation Data (Training Time 1.074747):  0.9449610615173788
Epoch 82: 
BAS Score on Validation Data (Training Time 1.067633):  0.9507990999091197
Epoch 83: 
BAS Score on Validation Data (Training Time 1.070717):  0.9497779153978937
Epoch 84: 
BAS Score on Validation Data (Training Time 1.067643):  0.9499863518027238
Epoch 85: 
BAS Score on Validation Data (Training Time 1.067520):  0.950835103063269
Epoch 86: 
BAS Score on Validation Data (Training Time 1.071307):  0.947123589348732
Epoch 87: 
BAS Score on Validation Data (Training Time 1.066846):  0.9507292828063981
Epoch 88: 
BAS Score on Validation Data (Training Time 1.070912):  0.9477068692713814
Epoch 89: 
BAS Score on Validation Data (Training Time 1.067764):  0.9512781302268151
Epoch 90: 
BAS Score on Validation Data (Training Time 1.067623):  0.9465569142583105
Epoch 91: 
BAS Score on Validation Data (Training Time 1.067248):  0.9507997184627794
Epoch 92: 
BAS Score on Validation Data (Training Time 1.069185):  0.9521173176961594
Epoch 93: 
BAS Score on Validation Data (Training Time 1.067847):  0.9500746151291098
Epoch 94: 
BAS Score on Validation Data (Training Time 1.074844):  0.9521087060032155
Epoch 95: 
BAS Score on Validation Data (Training Time 1.068227):  0.9507350239350272
Epoch 96: 
BAS Score on Validation Data (Training Time 1.068419):  0.949834254702679
Epoch 97: 
BAS Score on Validation Data (Training Time 1.071599):  0.9520755734133809
Epoch 98: 
BAS Score on Validation Data (Training Time 1.067365):  0.9526412964055453
Epoch 99: 
BAS Score on Validation Data (Training Time 1.069244):  0.9513514364475113
Epoch 100: 
BAS Score on Validation Data (Training Time 1.067628):  0.951961141463566
Epoch 101: 
BAS Score on Validation Data (Training Time 1.069495):  0.9523050415971275
Epoch 102: 
BAS Score on Validation Data (Training Time 1.067912):  0.9520727028490663
Epoch 103: 
BAS Score on Validation Data (Training Time 1.067058):  0.953064243888432
Epoch 104: 
BAS Score on Validation Data (Training Time 1.067248):  0.9536513464736532
Epoch 105: 
BAS Score on Validation Data (Training Time 1.069110):  0.9524793933138657
Epoch 106: 
BAS Score on Validation Data (Training Time 1.067970):  0.9542017645459874
Epoch 107: 
BAS Score on Validation Data (Training Time 1.070372):  0.9499140119498276
Epoch 108: 
BAS Score on Validation Data (Training Time 1.072113):  0.9533698745876465
Epoch 109: 
BAS Score on Validation Data (Training Time 1.067729):  0.9535709992119304
Epoch 110: 
BAS Score on Validation Data (Training Time 1.072867):  0.9520694987401542
Epoch 111: 
BAS Score on Validation Data (Training Time 1.067475):  0.9538272545727655
Epoch 112: 
BAS Score on Validation Data (Training Time 1.070476):  0.953747255125183
Epoch 113: 
BAS Score on Validation Data (Training Time 1.067945):  0.9542741043988835
Epoch 114: 
BAS Score on Validation Data (Training Time 1.069267):  0.9524793933138657
Epoch 115: 
BAS Score on Validation Data (Training Time 1.067557):  0.9533545696678164
Epoch 116: 
BAS Score on Validation Data (Training Time 1.067341):  0.9537003882674351
Epoch 117: 
BAS Score on Validation Data (Training Time 1.067286):  0.950945712350512
Epoch 118: 
BAS Score on Validation Data (Training Time 1.067979):  0.9541300289772083
Epoch 119: 
BAS Score on Validation Data (Training Time 1.067459):  0.9544589720050798
Epoch 120: 
BAS Score on Validation Data (Training Time 1.067882):  0.9542693296380543
Epoch 121: 
BAS Score on Validation Data (Training Time 1.074910):  0.9542836681900845
Epoch 122: 
BAS Score on Validation Data (Training Time 1.068871):  0.9551623336620095
Epoch 123: 
BAS Score on Validation Data (Training Time 1.072209):  0.9544965315416034
Epoch 124: 
BAS Score on Validation Data (Training Time 1.067890):  0.955658316626073
Epoch 125: 
BAS Score on Validation Data (Training Time 1.070382):  0.956351858021825
Epoch 126: 
BAS Score on Validation Data (Training Time 1.068617):  0.9552392060753009
Epoch 127: 
BAS Score on Validation Data (Training Time 1.069881):  0.9553115459281969
Epoch 128: 
BAS Score on Validation Data (Training Time 1.067540):  0.9556704031674483
Epoch 129: 
BAS Score on Validation Data (Training Time 1.067653):  0.9551381605792589
Epoch 130: 
BAS Score on Validation Data (Training Time 1.067389):  0.9542502020556523
Epoch 131: 
BAS Score on Validation Data (Training Time 1.067912):  0.9550371293527599
Epoch 132: 
BAS Score on Validation Data (Training Time 1.067699):  0.9557077062339951
Epoch 133: 
BAS Score on Validation Data (Training Time 1.067670):  0.9555843147770963
Epoch 134: 
BAS Score on Validation Data (Training Time 1.075051):  0.9551381605792589
Epoch 135: 
BAS Score on Validation Data (Training Time 1.068138):  0.9548790489236519
Epoch 136: 
BAS Score on Validation Data (Training Time 1.071918):  0.9569462723875924
Epoch 137: 
BAS Score on Validation Data (Training Time 1.067541):  0.9504121698499252
Epoch 138: 
BAS Score on Validation Data (Training Time 1.070050):  0.9549010470703686
Epoch 139: 
BAS Score on Validation Data (Training Time 1.067914):  0.9560764750785878
Epoch 140: 
BAS Score on Validation Data (Training Time 1.069467):  0.9566728079104125
Epoch 141: 
BAS Score on Validation Data (Training Time 1.067681):  0.9567623711491962
Epoch 142: 
BAS Score on Validation Data (Training Time 1.067764):  0.9566948060571292
Epoch 143: 
BAS Score on Validation Data (Training Time 1.068716):  0.9573832106083691
Epoch 144: 
BAS Score on Validation Data (Training Time 1.067513):  0.9553153828603116
Epoch 145: 
BAS Score on Validation Data (Training Time 1.068791):  0.9482069456375362
Epoch 146: 
BAS Score on Validation Data (Training Time 1.067217):  0.9571043528167004
Epoch 147: 
BAS Score on Validation Data (Training Time 1.075160):  0.956173697912058
Epoch 148: 
BAS Score on Validation Data (Training Time 1.068026):  0.9570664454660366
Epoch 149: 
BAS Score on Validation Data (Training Time 1.071926):  0.9571196577365306
High Quality
0.9604791069695033 0.9679710546871759 0.9764807676357378 0.9604791069695033 0.961539133384511
              precision    recall  f1-score   support

           0       0.99      0.99      0.99     19588
           1       0.98      1.00      0.99      5531
           2       0.97      0.89      0.93      3100

    accuracy                           0.98     28219
   macro avg       0.98      0.96      0.97     28219
weighted avg       0.98      0.98      0.98     28219

Low Quality
0.729941449626489 0.7427325899592144 0.8072980918890874 0.729941449626489 0.6941804705698299
              precision    recall  f1-score   support

           0       0.97      0.96      0.97       635
           1       0.65      0.83      0.73        65
           2       0.80      0.40      0.53        20

    accuracy                           0.93       720
   macro avg       0.81      0.73      0.74       720
weighted avg       0.94      0.93      0.93       720

Emb Dim: 128
Transformer-FNET-128
=====================================================================================================================================================================
Layer (type:depth-idx)                   Input Shape               Output Shape              Kernel Shape              Param #                   Mult-Adds
=====================================================================================================================================================================
TransfomerBlock                          [2, 21, 495]              [2, 3]                    --                        --                        --
├─MakePatches: 1-1                       [2, 21, 495]              [2, 165, 63]              --                        --                        --
│    └─Unfold: 2-1                       [2, 1, 21, 495]           [2, 63, 165]              [21, 3]                   --                        --
├─Linear: 1-2                            [2, 165, 63]              [2, 165, 128]             --                        8,192                     16,384
├─PositionalEncoding: 1-3                [2, 165, 128]             [2, 165, 128]             --                        --                        --
├─FNET: 1-4                              [2, 165, 128]             [2, 165, 128]             --                        --                        --
│    └─LayerNorm: 2-2                    [2, 165, 128]             [2, 165, 128]             --                        256                       512
│    └─Sequential: 2-3                   [2, 165, 128]             [2, 165, 128]             --                        --                        --
│    │    └─Linear: 3-1                  [2, 165, 128]             [2, 165, 128]             --                        16,512                    33,024
│    │    └─ReLU: 3-2                    [2, 165, 128]             [2, 165, 128]             --                        --                        --
│    │    └─Dropout: 3-3                 [2, 165, 128]             [2, 165, 128]             --                        --                        --
│    │    └─Linear: 3-4                  [2, 165, 128]             [2, 165, 128]             --                        16,512                    33,024
│    └─LayerNorm: 2-4                    [2, 165, 128]             [2, 165, 128]             --                        256                       512
├─Sequential: 1-5                        [2, 128]                  [2, 3]                    --                        --                        --
│    └─Linear: 2-5                       [2, 128]                  [2, 64]                   --                        8,256                     16,512
│    └─ReLU: 2-6                         [2, 64]                   [2, 64]                   --                        --                        --
│    └─Linear: 2-7                       [2, 64]                   [2, 32]                   --                        2,080                     4,160
│    └─ReLU: 2-8                         [2, 32]                   [2, 32]                   --                        --                        --
│    └─Linear: 2-9                       [2, 32]                   [2, 3]                    --                        99                        198
=====================================================================================================================================================================
Total params: 52,163
Trainable params: 52,163
Non-trainable params: 0
Total mult-adds (Units.MEGABYTES): 0.10
=====================================================================================================================================================================
Input size (MB): 0.08
Forward/backward pass size (MB): 1.69
Params size (MB): 0.21
Estimated Total Size (MB): 1.98
=====================================================================================================================================================================
Total Trainable Parameters:  52163
Total Parameters:  52163
Epoch 0: 
BAS Score on Validation Data (Training Time 1.208177):  0.5700744215214802
Epoch 1: 
BAS Score on Validation Data (Training Time 1.207046):  0.4692073044525871
Epoch 2: 
BAS Score on Validation Data (Training Time 1.207735):  0.576874705294867
Epoch 3: 
BAS Score on Validation Data (Training Time 1.207363):  0.611913628973434
Epoch 4: 
BAS Score on Validation Data (Training Time 1.207812):  0.6127531014518406
Epoch 5: 
BAS Score on Validation Data (Training Time 1.207415):  0.6334724536920633
Epoch 6: 
BAS Score on Validation Data (Training Time 1.207306):  0.7491470099455168
Epoch 7: 
BAS Score on Validation Data (Training Time 1.207467):  0.8334999301501108
Epoch 8: 
BAS Score on Validation Data (Training Time 1.207116):  0.80294867316706
Epoch 9: 
BAS Score on Validation Data (Training Time 1.206804):  0.8724687598414657
Epoch 10: 
BAS Score on Validation Data (Training Time 1.207936):  0.8618767207055255
Epoch 11: 
BAS Score on Validation Data (Training Time 1.209346):  0.89785619285432
Epoch 12: 
BAS Score on Validation Data (Training Time 1.207258):  0.9048371452181052
Epoch 13: 
BAS Score on Validation Data (Training Time 1.211111):  0.9005592756882012
Epoch 14: 
BAS Score on Validation Data (Training Time 1.207993):  0.9108284407425896
Epoch 15: 
BAS Score on Validation Data (Training Time 1.208940):  0.9170899680962564
Epoch 16: 
BAS Score on Validation Data (Training Time 1.208583):  0.9129077650174482
Epoch 17: 
BAS Score on Validation Data (Training Time 1.207428):  0.9163282573243204
Epoch 18: 
BAS Score on Validation Data (Training Time 1.207829):  0.9141985913432823
Epoch 19: 
BAS Score on Validation Data (Training Time 1.207996):  0.9185488207225321
Epoch 20: 
BAS Score on Validation Data (Training Time 1.207859):  0.9137074744842116
Epoch 21: 
BAS Score on Validation Data (Training Time 1.207834):  0.9305747752417317
Epoch 22: 
BAS Score on Validation Data (Training Time 1.208643):  0.9308638924528821
Epoch 23: 
BAS Score on Validation Data (Training Time 1.207746):  0.9308973585873144
Epoch 24: 
BAS Score on Validation Data (Training Time 1.208781):  0.9321617455502001
Epoch 25: 
BAS Score on Validation Data (Training Time 1.208010):  0.9258491323265382
Epoch 26: 
BAS Score on Validation Data (Training Time 1.215774):  0.9342407362804613
Epoch 27: 
BAS Score on Validation Data (Training Time 1.208470):  0.9281592589635336
Epoch 28: 
BAS Score on Validation Data (Training Time 1.212626):  0.9349556429997273
Epoch 29: 
BAS Score on Validation Data (Training Time 1.209477):  0.9365878467089487
Epoch 30: 
BAS Score on Validation Data (Training Time 1.210219):  0.9365575846834285
Epoch 31: 
BAS Score on Validation Data (Training Time 1.208973):  0.9381479670352505
Epoch 32: 
BAS Score on Validation Data (Training Time 1.210270):  0.9348690273998793
Epoch 33: 
BAS Score on Validation Data (Training Time 1.208466):  0.9388985576336113
Epoch 34: 
BAS Score on Validation Data (Training Time 1.208835):  0.9398952212479464
Epoch 35: 
BAS Score on Validation Data (Training Time 1.208849):  0.9403637214066406
Epoch 36: 
BAS Score on Validation Data (Training Time 1.209785):  0.9395899098237864
Epoch 37: 
BAS Score on Validation Data (Training Time 1.208524):  0.9397426112079482
Epoch 38: 
BAS Score on Validation Data (Training Time 1.216347):  0.931456707627647
Epoch 39: 
BAS Score on Validation Data (Training Time 1.208452):  0.9396020106347046
Epoch 40: 
BAS Score on Validation Data (Training Time 1.212727):  0.9384428396445729
Epoch 41: 
BAS Score on Validation Data (Training Time 1.208650):  0.9411816063575489
Epoch 42: 
BAS Score on Validation Data (Training Time 1.211649):  0.9414015107500945
Epoch 43: 
BAS Score on Validation Data (Training Time 1.210450):  0.9414299456537208
Epoch 44: 
BAS Score on Validation Data (Training Time 1.208767):  0.9405817844077498
Epoch 45: 
BAS Score on Validation Data (Training Time 1.208828):  0.9465549815227102
Epoch 46: 
BAS Score on Validation Data (Training Time 1.208909):  0.9436830030916576
Epoch 47: 
BAS Score on Validation Data (Training Time 1.209954):  0.9428599670266945
Epoch 48: 
BAS Score on Validation Data (Training Time 1.209031):  0.9481518006314421
Epoch 49: 
BAS Score on Validation Data (Training Time 1.215469):  0.9500647663288465
Epoch 50: 
BAS Score on Validation Data (Training Time 1.209637):  0.9442001829604507
Epoch 51: 
BAS Score on Validation Data (Training Time 1.214287):  0.9498467804023583
Epoch 52: 
BAS Score on Validation Data (Training Time 1.208959):  0.9478700722754586
Epoch 53: 
BAS Score on Validation Data (Training Time 1.211210):  0.9535719513101877
Epoch 54: 
BAS Score on Validation Data (Training Time 1.208752):  0.9532669248950901
Epoch 55: 
BAS Score on Validation Data (Training Time 1.210882):  0.9537348207696673
Epoch 56: 
BAS Score on Validation Data (Training Time 1.209104):  0.949308115326802
Epoch 57: 
BAS Score on Validation Data (Training Time 1.215520):  0.9547831260025795
Epoch 58: 
BAS Score on Validation Data (Training Time 1.209245):  0.946213014124749
Epoch 59: 
BAS Score on Validation Data (Training Time 1.210321):  0.9430854616915991
Epoch 60: 
BAS Score on Validation Data (Training Time 1.210587):  0.9544478375619617
Epoch 61: 
BAS Score on Validation Data (Training Time 1.219475):  0.9540143741896167
Epoch 62: 
BAS Score on Validation Data (Training Time 1.210473):  0.9560611701587577
Epoch 63: 
BAS Score on Validation Data (Training Time 1.213218):  0.9511355969179713
Epoch 64: 
BAS Score on Validation Data (Training Time 1.211249):  0.95173992288908
Epoch 65: 
BAS Score on Validation Data (Training Time 1.208808):  0.9568825299580973
Epoch 66: 
BAS Score on Validation Data (Training Time 1.210847):  0.9536149327002855
Epoch 67: 
BAS Score on Validation Data (Training Time 1.208997):  0.9559776958627436
Epoch 68: 
BAS Score on Validation Data (Training Time 1.208808):  0.9554651080664524
Epoch 69: 
BAS Score on Validation Data (Training Time 1.208630):  0.9543793203716376
Epoch 70: 
BAS Score on Validation Data (Training Time 1.209411):  0.9553383331052855
Epoch 71: 
BAS Score on Validation Data (Training Time 1.224218):  0.9568101901052013
Epoch 72: 
BAS Score on Validation Data (Training Time 1.229494):  0.9571387853189325
Epoch 73: 
BAS Score on Validation Data (Training Time 1.225001):  0.9574794670740392
Epoch 74: 
BAS Score on Validation Data (Training Time 1.214210):  0.9569414833572205
Epoch 75: 
BAS Score on Validation Data (Training Time 1.209404):  0.9581083139420388
Epoch 76: 
BAS Score on Validation Data (Training Time 1.211758):  0.9576751983838342
Epoch 77: 
BAS Score on Validation Data (Training Time 1.208935):  0.9577169426666124
Epoch 78: 
BAS Score on Validation Data (Training Time 1.213441):  0.9577580683957313
Epoch 79: 
BAS Score on Validation Data (Training Time 1.209142):  0.9541487944759273
Epoch 80: 
BAS Score on Validation Data (Training Time 1.209738):  0.954833467708759
Epoch 81: 
BAS Score on Validation Data (Training Time 1.209097):  0.9593440095313216
Epoch 82: 
BAS Score on Validation Data (Training Time 1.210012):  0.9563683715098891
Epoch 83: 
BAS Score on Validation Data (Training Time 1.213349):  0.9587486430672968
Epoch 84: 
BAS Score on Validation Data (Training Time 1.212587):  0.9553947637542345
Epoch 85: 
BAS Score on Validation Data (Training Time 1.213298):  0.9582380508116839
Epoch 86: 
BAS Score on Validation Data (Training Time 1.210572):  0.9592659285497963
Epoch 87: 
BAS Score on Validation Data (Training Time 1.211654):  0.9591706241823835
Epoch 88: 
BAS Score on Validation Data (Training Time 1.209790):  0.9570967074915565
Epoch 89: 
BAS Score on Validation Data (Training Time 1.211475):  0.9602440688658463
Epoch 90: 
BAS Score on Validation Data (Training Time 1.209275):  0.9587486430672968
Epoch 91: 
BAS Score on Validation Data (Training Time 1.209345):  0.9590087210907039
Epoch 92: 
BAS Score on Validation Data (Training Time 1.209459):  0.9590619333611978
Epoch 93: 
BAS Score on Validation Data (Training Time 1.210052):  0.9594335727701052
Epoch 94: 
BAS Score on Validation Data (Training Time 1.208994):  0.9527286847082949
Epoch 95: 
BAS Score on Validation Data (Training Time 1.216509):  0.9589417602827539
Epoch 96: 
BAS Score on Validation Data (Training Time 1.209422):  0.9580818888486333
Epoch 97: 
BAS Score on Validation Data (Training Time 1.213362):  0.9593191408202904
Epoch 98: 
BAS Score on Validation Data (Training Time 1.209539):  0.959798518952126
Epoch 99: 
BAS Score on Validation Data (Training Time 1.213414):  0.9595629618256099
Epoch 100: 
BAS Score on Validation Data (Training Time 1.209697):  0.9582810036626962
Epoch 101: 
BAS Score on Validation Data (Training Time 1.211537):  0.9202473071739369
Epoch 102: 
BAS Score on Validation Data (Training Time 1.209000):  0.9519804341717811
Epoch 103: 
BAS Score on Validation Data (Training Time 1.208997):  0.9599355533327744
Epoch 104: 
BAS Score on Validation Data (Training Time 1.210089):  0.9557664031631417
Epoch 105: 
BAS Score on Validation Data (Training Time 1.209349):  0.9597146968419715
Epoch 106: 
BAS Score on Validation Data (Training Time 1.215553):  0.9562616904989244
Epoch 107: 
BAS Score on Validation Data (Training Time 1.211323):  0.9600375509270735
Epoch 108: 
BAS Score on Validation Data (Training Time 1.213991):  0.960368668890979
Epoch 109: 
BAS Score on Validation Data (Training Time 1.210500):  0.951752115044162
Epoch 110: 
BAS Score on Validation Data (Training Time 1.212049):  0.9613375932299685
Epoch 111: 
BAS Score on Validation Data (Training Time 1.209221):  0.9612821146792768
Epoch 112: 
BAS Score on Validation Data (Training Time 1.212550):  0.9606430997359591
Epoch 113: 
BAS Score on Validation Data (Training Time 1.209624):  0.9606472702126713
Epoch 114: 
BAS Score on Validation Data (Training Time 1.209200):  0.9607986574148927
Epoch 115: 
BAS Score on Validation Data (Training Time 1.210235):  0.9609930888122901
Epoch 116: 
BAS Score on Validation Data (Training Time 1.210815):  0.9597424361173174
Epoch 117: 
BAS Score on Validation Data (Training Time 1.210553):  0.9620158297058903
Epoch 118: 
BAS Score on Validation Data (Training Time 1.216773):  0.9608926618699077
Epoch 119: 
BAS Score on Validation Data (Training Time 1.210933):  0.9621025223803592
Epoch 120: 
BAS Score on Validation Data (Training Time 1.215422):  0.9585497847232106
Epoch 121: 
BAS Score on Validation Data (Training Time 1.209841):  0.9610118685805519
Epoch 122: 
BAS Score on Validation Data (Training Time 1.213087):  0.9616690590080142
Epoch 123: 
BAS Score on Validation Data (Training Time 1.209409):  0.9521967128596249
Epoch 124: 
BAS Score on Validation Data (Training Time 1.212182):  0.9612977674132472
Epoch 125: 
BAS Score on Validation Data (Training Time 1.209563):  0.9619281849331641
Epoch 126: 
BAS Score on Validation Data (Training Time 1.209461):  0.9578839826028044
Epoch 127: 
BAS Score on Validation Data (Training Time 1.210479):  0.9613054270079338
Epoch 128: 
BAS Score on Validation Data (Training Time 1.209060):  0.9624018219363705
Epoch 129: 
BAS Score on Validation Data (Training Time 1.216775):  0.9613102017687628
Epoch 130: 
BAS Score on Validation Data (Training Time 1.210692):  0.9609389101739959
Epoch 131: 
BAS Score on Validation Data (Training Time 1.213928):  0.9622048677887988
Epoch 132: 
BAS Score on Validation Data (Training Time 1.209410):  0.961562286652886
Epoch 133: 
BAS Score on Validation Data (Training Time 1.211788):  0.9622019972244842
Epoch 134: 
BAS Score on Validation Data (Training Time 1.209628):  0.9619903567107421
Epoch 135: 
BAS Score on Validation Data (Training Time 1.210972):  0.9617714044164538
Epoch 136: 
BAS Score on Validation Data (Training Time 1.209450):  0.955704579199704
Epoch 137: 
BAS Score on Validation Data (Training Time 1.210772):  0.9629072773474713
Epoch 138: 
BAS Score on Validation Data (Training Time 1.209410):  0.9606806592724827
Epoch 139: 
BAS Score on Validation Data (Training Time 1.209641):  0.9593745280268183
Epoch 140: 
BAS Score on Validation Data (Training Time 1.209804):  0.9626258968056282
Epoch 141: 
BAS Score on Validation Data (Training Time 1.216278):  0.9625258176773862
Epoch 142: 
BAS Score on Validation Data (Training Time 1.209791):  0.9619342738759334
Epoch 143: 
BAS Score on Validation Data (Training Time 1.213876):  0.9619170504900459
Epoch 144: 
BAS Score on Validation Data (Training Time 1.211985):  0.9622019972244842
Epoch 145: 
BAS Score on Validation Data (Training Time 1.211509):  0.9623648666839638
Epoch 146: 
BAS Score on Validation Data (Training Time 1.211648):  0.9601663356984614
Epoch 147: 
BAS Score on Validation Data (Training Time 1.209740):  0.9632451798824269
Epoch 148: 
BAS Score on Validation Data (Training Time 1.209419):  0.9628337146567985
Epoch 149: 
BAS Score on Validation Data (Training Time 1.209900):  0.9627677202166485
High Quality
0.963243016214841 0.9719327441610885 0.9819131299445633 0.963243016214841 0.9661143100670478
              precision    recall  f1-score   support

           0       0.99      0.99      0.99     19588
           1       0.98      1.00      0.99      5531
           2       0.98      0.90      0.94      3100

    accuracy                           0.98     28219
   macro avg       0.98      0.96      0.97     28219
weighted avg       0.98      0.98      0.98     28219

Low Quality
0.6981324449828387 0.7693721176706482 0.9489453808602745 0.6981324449828387 0.7509373138883245
              precision    recall  f1-score   support

           0       0.96      0.99      0.97       635
           1       0.89      0.75      0.82        65
           2       1.00      0.35      0.52        20

    accuracy                           0.95       720
   macro avg       0.95      0.70      0.77       720
weighted avg       0.95      0.95      0.95       720

Emb Dim: 64
Transformer-MHA-64
=====================================================================================================================================================================
Layer (type:depth-idx)                   Input Shape               Output Shape              Kernel Shape              Param #                   Mult-Adds
=====================================================================================================================================================================
TransfomerBlock                          [2, 21, 495]              [2, 3]                    --                        --                        --
├─MakePatches: 1-1                       [2, 21, 495]              [2, 165, 63]              --                        --                        --
│    └─Unfold: 2-1                       [2, 1, 21, 495]           [2, 63, 165]              [21, 3]                   --                        --
├─Linear: 1-2                            [2, 165, 63]              [2, 165, 64]              --                        4,096                     8,192
├─PositionalEncoding: 1-3                [2, 165, 64]              [2, 165, 64]              --                        --                        --
├─TransformerEncoderLayer: 1-4           [2, 165, 64]              [2, 165, 64]              --                        --                        --
│    └─MultiheadAttention: 2-2           [2, 165, 64]              [2, 165, 64]              --                        16,640                    --
│    └─Dropout: 2-3                      [2, 165, 64]              [2, 165, 64]              --                        --                        --
│    └─LayerNorm: 2-4                    [2, 165, 64]              [2, 165, 64]              --                        128                       256
│    └─Linear: 2-5                       [2, 165, 64]              [2, 165, 2048]            --                        133,120                   266,240
│    └─Dropout: 2-6                      [2, 165, 2048]            [2, 165, 2048]            --                        --                        --
│    └─Linear: 2-7                       [2, 165, 2048]            [2, 165, 64]              --                        131,136                   262,272
│    └─Dropout: 2-8                      [2, 165, 64]              [2, 165, 64]              --                        --                        --
│    └─LayerNorm: 2-9                    [2, 165, 64]              [2, 165, 64]              --                        128                       256
├─Sequential: 1-5                        [2, 64]                   [2, 3]                    --                        --                        --
│    └─Linear: 2-10                      [2, 64]                   [2, 64]                   --                        4,160                     8,320
│    └─ReLU: 2-11                        [2, 64]                   [2, 64]                   --                        --                        --
│    └─Linear: 2-12                      [2, 64]                   [2, 32]                   --                        2,080                     4,160
│    └─ReLU: 2-13                        [2, 32]                   [2, 32]                   --                        --                        --
│    └─Linear: 2-14                      [2, 32]                   [2, 3]                    --                        99                        198
=====================================================================================================================================================================
Total params: 291,587
Trainable params: 291,587
Non-trainable params: 0
Total mult-adds (Units.MEGABYTES): 0.55
=====================================================================================================================================================================
Input size (MB): 0.08
Forward/backward pass size (MB): 6.08
Params size (MB): 1.10
Estimated Total Size (MB): 7.27
=====================================================================================================================================================================
Total Trainable Parameters:  291587
Total Parameters:  291587
Epoch 0: 
BAS Score on Validation Data (Training Time 1.565567):  0.3333333333333333
Epoch 1: 
BAS Score on Validation Data (Training Time 1.557412):  0.45431990738824285
Epoch 2: 
BAS Score on Validation Data (Training Time 1.562442):  0.6076459417883909
Epoch 3: 
BAS Score on Validation Data (Training Time 1.558695):  0.6073207728875559
Epoch 4: 
BAS Score on Validation Data (Training Time 1.558706):  0.6155738488835344
Epoch 5: 
BAS Score on Validation Data (Training Time 1.558316):  0.6426458138325892
Epoch 6: 
BAS Score on Validation Data (Training Time 1.559596):  0.8032580642010106
Epoch 7: 
BAS Score on Validation Data (Training Time 1.557808):  0.8923851932563482
Epoch 8: 
BAS Score on Validation Data (Training Time 1.557704):  0.8978278978303923
Epoch 9: 
BAS Score on Validation Data (Training Time 1.557577):  0.8998757229724114
Epoch 10: 
BAS Score on Validation Data (Training Time 1.557859):  0.9123993476978693
Epoch 11: 
BAS Score on Validation Data (Training Time 1.557832):  0.9018090390899948
Epoch 12: 
BAS Score on Validation Data (Training Time 1.559039):  0.9244563712114829
Epoch 13: 
BAS Score on Validation Data (Training Time 1.559664):  0.9298007214584438
Epoch 14: 
BAS Score on Validation Data (Training Time 1.560444):  0.9271219515870119
Epoch 15: 
BAS Score on Validation Data (Training Time 1.558424):  0.9358023106684024
Epoch 16: 
BAS Score on Validation Data (Training Time 1.558417):  0.9284683787807223
Epoch 17: 
BAS Score on Validation Data (Training Time 1.557972):  0.936928919086824
Epoch 18: 
BAS Score on Validation Data (Training Time 1.559451):  0.9390005409583676
Epoch 19: 
BAS Score on Validation Data (Training Time 1.558678):  0.9195136373898872
Epoch 20: 
BAS Score on Validation Data (Training Time 1.558570):  0.9424134935538024
Epoch 21: 
BAS Score on Validation Data (Training Time 1.558063):  0.9430076229105078
Epoch 22: 
BAS Score on Validation Data (Training Time 1.558259):  0.9396894902816179
Epoch 23: 
BAS Score on Validation Data (Training Time 1.560781):  0.9465406429706801
Epoch 24: 
BAS Score on Validation Data (Training Time 1.559064):  0.934650075105591
Epoch 25: 
BAS Score on Validation Data (Training Time 1.565571):  0.9431091613500534
Epoch 26: 
BAS Score on Validation Data (Training Time 1.560840):  0.9477951183282246
Epoch 27: 
BAS Score on Validation Data (Training Time 1.560714):  0.9474831279467212
Epoch 28: 
BAS Score on Validation Data (Training Time 1.560965):  0.9453531141515428
Epoch 29: 
BAS Score on Validation Data (Training Time 1.559614):  0.9473470456643299
Epoch 30: 
BAS Score on Validation Data (Training Time 1.561069):  0.9474706022470419
Epoch 31: 
BAS Score on Validation Data (Training Time 1.559254):  0.9463972003722075
Epoch 32: 
BAS Score on Validation Data (Training Time 1.559660):  0.9445212527322875
Epoch 33: 
BAS Score on Validation Data (Training Time 1.559938):  0.9410415957988794
Epoch 34: 
BAS Score on Validation Data (Training Time 1.565607):  0.9415172854209352
Epoch 35: 
BAS Score on Validation Data (Training Time 1.559628):  0.9414565358729393
Epoch 36: 
BAS Score on Validation Data (Training Time 1.563123):  0.9524660068600928
Epoch 37: 
BAS Score on Validation Data (Training Time 1.563796):  0.9475562514790901
Epoch 38: 
BAS Score on Validation Data (Training Time 1.559741):  0.935736760636221
Epoch 39: 
BAS Score on Validation Data (Training Time 1.560825):  0.9519356684684178
Epoch 40: 
BAS Score on Validation Data (Training Time 1.560335):  0.8925771785009499
Epoch 41: 
BAS Score on Validation Data (Training Time 1.560445):  0.9542651591613422
Epoch 42: 
BAS Score on Validation Data (Training Time 1.567711):  0.9537303795534359
Epoch 43: 
BAS Score on Validation Data (Training Time 1.566424):  0.9493032777608947
Epoch 44: 
BAS Score on Validation Data (Training Time 1.560405):  0.9550999054144548
Epoch 45: 
BAS Score on Validation Data (Training Time 1.564983):  0.9536369936520802
Epoch 46: 
BAS Score on Validation Data (Training Time 1.561077):  0.953419007725592
Epoch 47: 
BAS Score on Validation Data (Training Time 1.561629):  0.9545020162002559
Epoch 48: 
BAS Score on Validation Data (Training Time 1.561873):  0.9520130823607481
Epoch 49: 
BAS Score on Validation Data (Training Time 1.560648):  0.9531138756967881
Epoch 50: 
BAS Score on Validation Data (Training Time 1.560064):  0.954224729060504
Epoch 51: 
BAS Score on Validation Data (Training Time 1.560302):  0.9544602719174774
Epoch 52: 
BAS Score on Validation Data (Training Time 1.559269):  0.9565277661209373
Epoch 53: 
BAS Score on Validation Data (Training Time 1.566422):  0.9556883079120736
Epoch 54: 
BAS Score on Validation Data (Training Time 1.563859):  0.9573376579325615
Epoch 55: 
BAS Score on Validation Data (Training Time 1.560057):  0.9574791192598987
Epoch 56: 
BAS Score on Validation Data (Training Time 1.562566):  0.9584499620649454
Epoch 57: 
BAS Score on Validation Data (Training Time 1.561478):  0.9579100741516123
Epoch 58: 
BAS Score on Validation Data (Training Time 1.559497):  0.9538948339343754
Epoch 59: 
BAS Score on Validation Data (Training Time 1.559687):  0.9385921114228669
Epoch 60: 
BAS Score on Validation Data (Training Time 1.560381):  0.9579050143817209
Epoch 61: 
BAS Score on Validation Data (Training Time 1.560431):  0.9556003295947498
Epoch 62: 
BAS Score on Validation Data (Training Time 1.567471):  0.9550730268932027
Epoch 63: 
BAS Score on Validation Data (Training Time 1.564129):  0.9527917457790521
Epoch 64: 
BAS Score on Validation Data (Training Time 1.560809):  0.9592496715317088
Epoch 65: 
BAS Score on Validation Data (Training Time 1.561729):  0.9530409600988605
Epoch 66: 
BAS Score on Validation Data (Training Time 1.561234):  0.9593089727449723
Epoch 67: 
BAS Score on Validation Data (Training Time 1.558860):  0.9471816049191407
Epoch 68: 
BAS Score on Validation Data (Training Time 1.560203):  0.9581360674869274
Epoch 69: 
BAS Score on Validation Data (Training Time 1.560597):  0.960965001722804
Epoch 70: 
BAS Score on Validation Data (Training Time 1.561059):  0.9627001551245815
Epoch 71: 
BAS Score on Validation Data (Training Time 1.566429):  0.9529447036331905
Epoch 72: 
BAS Score on Validation Data (Training Time 1.559577):  0.9595279250392608
Epoch 73: 
BAS Score on Validation Data (Training Time 1.563261):  0.9602844989666844
Epoch 74: 
BAS Score on Validation Data (Training Time 1.561843):  0.9619447897653918
Epoch 75: 
BAS Score on Validation Data (Training Time 1.559497):  0.9567575963883671
Epoch 76: 
BAS Score on Validation Data (Training Time 1.562891):  0.960765524825058
Epoch 77: 
BAS Score on Validation Data (Training Time 1.558645):  0.9574903450471806
Epoch 78: 
BAS Score on Validation Data (Training Time 1.558939):  0.9609560422157198
Epoch 79: 
BAS Score on Validation Data (Training Time 1.558984):  0.9586227431297664
Epoch 80: 
BAS Score on Validation Data (Training Time 1.566287):  0.9588576817026229
Epoch 81: 
BAS Score on Validation Data (Training Time 1.559294):  0.9588988074317415
Epoch 82: 
BAS Score on Validation Data (Training Time 1.565948):  0.9546919435763436
Epoch 83: 
BAS Score on Validation Data (Training Time 1.561904):  0.9600356467305592
Epoch 84: 
BAS Score on Validation Data (Training Time 1.559407):  0.9594428030167087
Epoch 85: 
BAS Score on Validation Data (Training Time 1.561236):  0.9586131793385654
Epoch 86: 
BAS Score on Validation Data (Training Time 1.559833):  0.9581512667930512
Epoch 87: 
BAS Score on Validation Data (Training Time 1.558592):  0.9605956285940942
Epoch 88: 
BAS Score on Validation Data (Training Time 1.561375):  0.9619323554098762
Epoch 89: 
BAS Score on Validation Data (Training Time 1.563306):  0.9619195732402201
Epoch 90: 
BAS Score on Validation Data (Training Time 1.562530):  0.957975116493505
Epoch 91: 
BAS Score on Validation Data (Training Time 1.564159):  0.9629656264624775
Epoch 92: 
BAS Score on Validation Data (Training Time 1.559854):  0.96089683234662
Epoch 93: 
BAS Score on Validation Data (Training Time 1.562993):  0.9552143516338125
Epoch 94: 
BAS Score on Validation Data (Training Time 1.562017):  0.9595416593071738
Epoch 95: 
BAS Score on Validation Data (Training Time 1.560440):  0.94134294797374
Epoch 96: 
BAS Score on Validation Data (Training Time 1.559177):  0.9596050539225286
Epoch 97: 
BAS Score on Validation Data (Training Time 1.559966):  0.9611333415713933
Epoch 98: 
BAS Score on Validation Data (Training Time 1.558581):  0.9569273099310034
Epoch 99: 
BAS Score on Validation Data (Training Time 1.566308):  0.9616868866780188
Epoch 100: 
BAS Score on Validation Data (Training Time 1.564628):  0.961528201964794
Epoch 101: 
BAS Score on Validation Data (Training Time 1.559712):  0.9621857402063968
Epoch 102: 
BAS Score on Validation Data (Training Time 1.562163):  0.9578315397422403
Epoch 103: 
BAS Score on Validation Data (Training Time 1.561103):  0.9526292241337128
Epoch 104: 
BAS Score on Validation Data (Training Time 1.559912):  0.9568505288618758
Epoch 105: 
BAS Score on Validation Data (Training Time 1.559471):  0.9618389695085208
Epoch 106: 
BAS Score on Validation Data (Training Time 1.560821):  0.9635367427691307
Epoch 107: 
BAS Score on Validation Data (Training Time 1.559801):  0.9640425459943719
Epoch 108: 
BAS Score on Validation Data (Training Time 1.565886):  0.9610179575233212
Epoch 109: 
BAS Score on Validation Data (Training Time 1.562880):  0.9558757125379871
Epoch 110: 
BAS Score on Validation Data (Training Time 1.561854):  0.9632451798824269
Epoch 111: 
BAS Score on Validation Data (Training Time 1.562968):  0.962201045126227
Epoch 112: 
BAS Score on Validation Data (Training Time 1.561858):  0.9638092551480534
Epoch 113: 
BAS Score on Validation Data (Training Time 1.560265):  0.9579110405194124
Epoch 114: 
BAS Score on Validation Data (Training Time 1.559435):  0.9629053731509568
Epoch 115: 
BAS Score on Validation Data (Training Time 1.559918):  0.9623979992737987
Epoch 116: 
BAS Score on Validation Data (Training Time 1.561177):  0.9569242885104187
Epoch 117: 
BAS Score on Validation Data (Training Time 1.566510):  0.9626179036663443
Epoch 118: 
BAS Score on Validation Data (Training Time 1.561256):  0.9564677978184789
Epoch 119: 
BAS Score on Validation Data (Training Time 1.570529):  0.9604190391362443
Epoch 120: 
BAS Score on Validation Data (Training Time 1.562564):  0.9598959069114091
Epoch 121: 
BAS Score on Validation Data (Training Time 1.559312):  0.9611364828752275
Epoch 122: 
BAS Score on Validation Data (Training Time 1.561446):  0.9640115883405711
Epoch 123: 
BAS Score on Validation Data (Training Time 1.560441):  0.9623453912874216
Epoch 124: 
BAS Score on Validation Data (Training Time 1.560066):  0.9629895430752514
Epoch 125: 
BAS Score on Validation Data (Training Time 1.560246):  0.9619616653371391
Epoch 126: 
BAS Score on Validation Data (Training Time 1.566913):  0.9629809313823078
Epoch 127: 
BAS Score on Validation Data (Training Time 1.561428):  0.959374015086865
Epoch 128: 
BAS Score on Validation Data (Training Time 1.564625):  0.9627619790880194
Epoch 129: 
BAS Score on Validation Data (Training Time 1.561886):  0.9633870032934473
Epoch 130: 
BAS Score on Validation Data (Training Time 1.559546):  0.9619342738759334
Epoch 131: 
BAS Score on Validation Data (Training Time 1.562375):  0.9631543167312456
Epoch 132: 
BAS Score on Validation Data (Training Time 1.552938):  0.9638513329754294
Epoch 133: 
BAS Score on Validation Data (Training Time 1.552367):  0.9569249070640784
Epoch 134: 
BAS Score on Validation Data (Training Time 1.553811):  0.963371698373617
Epoch 135: 
BAS Score on Validation Data (Training Time 1.552917):  0.9564621337644704
Epoch 136: 
BAS Score on Validation Data (Training Time 1.559317):  0.9620225372023196
Epoch 137: 
BAS Score on Validation Data (Training Time 1.556266):  0.9649410346769796
Epoch 138: 
BAS Score on Validation Data (Training Time 1.552732):  0.9634762187180906
Epoch 139: 
BAS Score on Validation Data (Training Time 1.555588):  0.9561048471771363
Epoch 140: 
BAS Score on Validation Data (Training Time 1.555582):  0.9634832597591173
Epoch 141: 
BAS Score on Validation Data (Training Time 1.552662):  0.9577112158075262
Epoch 142: 
BAS Score on Validation Data (Training Time 1.552374):  0.9612560374000116
Epoch 143: 
BAS Score on Validation Data (Training Time 1.553148):  0.9649165137800887
Epoch 144: 
BAS Score on Validation Data (Training Time 1.552723):  0.9628174576387111
Epoch 145: 
BAS Score on Validation Data (Training Time 1.560902):  0.9653993667603559
Epoch 146: 
BAS Score on Validation Data (Training Time 1.564138):  0.9641879355979873
Epoch 147: 
BAS Score on Validation Data (Training Time 1.560727):  0.9634185652313648
Epoch 148: 
BAS Score on Validation Data (Training Time 1.562212):  0.9625972054320252
Epoch 149: 
BAS Score on Validation Data (Training Time 1.561417):  0.9619342738759334
High Quality
0.9622610763899425 0.9714124138687382 0.9819650691874271 0.9622610763899425 0.9655026693476549
              precision    recall  f1-score   support

           0       0.99      0.99      0.99     19588
           1       0.98      1.00      0.99      5531
           2       0.98      0.90      0.94      3100

    accuracy                           0.98     28219
   macro avg       0.98      0.96      0.97     28219
weighted avg       0.98      0.98      0.98     28219

Low Quality
0.7395013123359581 0.7642564812091236 0.8271822324188255 0.7395013123359581 0.7144472960924775
              precision    recall  f1-score   support

           0       0.97      0.97      0.97       635
           1       0.69      0.80      0.74        65
           2       0.82      0.45      0.58        20

    accuracy                           0.94       720
   macro avg       0.83      0.74      0.76       720
weighted avg       0.94      0.94      0.94       720

Emb Dim: 128
Transformer-MHA-128
=====================================================================================================================================================================
Layer (type:depth-idx)                   Input Shape               Output Shape              Kernel Shape              Param #                   Mult-Adds
=====================================================================================================================================================================
TransfomerBlock                          [2, 21, 495]              [2, 3]                    --                        --                        --
├─MakePatches: 1-1                       [2, 21, 495]              [2, 165, 63]              --                        --                        --
│    └─Unfold: 2-1                       [2, 1, 21, 495]           [2, 63, 165]              [21, 3]                   --                        --
├─Linear: 1-2                            [2, 165, 63]              [2, 165, 128]             --                        8,192                     16,384
├─PositionalEncoding: 1-3                [2, 165, 128]             [2, 165, 128]             --                        --                        --
├─TransformerEncoderLayer: 1-4           [2, 165, 128]             [2, 165, 128]             --                        --                        --
│    └─MultiheadAttention: 2-2           [2, 165, 128]             [2, 165, 128]             --                        66,048                    --
│    └─Dropout: 2-3                      [2, 165, 128]             [2, 165, 128]             --                        --                        --
│    └─LayerNorm: 2-4                    [2, 165, 128]             [2, 165, 128]             --                        256                       512
│    └─Linear: 2-5                       [2, 165, 128]             [2, 165, 2048]            --                        264,192                   528,384
│    └─Dropout: 2-6                      [2, 165, 2048]            [2, 165, 2048]            --                        --                        --
│    └─Linear: 2-7                       [2, 165, 2048]            [2, 165, 128]             --                        262,272                   524,544
│    └─Dropout: 2-8                      [2, 165, 128]             [2, 165, 128]             --                        --                        --
│    └─LayerNorm: 2-9                    [2, 165, 128]             [2, 165, 128]             --                        256                       512
├─Sequential: 1-5                        [2, 128]                  [2, 3]                    --                        --                        --
│    └─Linear: 2-10                      [2, 128]                  [2, 64]                   --                        8,256                     16,512
│    └─ReLU: 2-11                        [2, 64]                   [2, 64]                   --                        --                        --
│    └─Linear: 2-12                      [2, 64]                   [2, 32]                   --                        2,080                     4,160
│    └─ReLU: 2-13                        [2, 32]                   [2, 32]                   --                        --                        --
│    └─Linear: 2-14                      [2, 32]                   [2, 3]                    --                        99                        198
=====================================================================================================================================================================
Total params: 611,651
Trainable params: 611,651
Non-trainable params: 0
Total mult-adds (Units.MEGABYTES): 1.09
=====================================================================================================================================================================
Input size (MB): 0.08
Forward/backward pass size (MB): 6.76
Params size (MB): 2.18
Estimated Total Size (MB): 9.03
=====================================================================================================================================================================
Total Trainable Parameters:  611651
Total Parameters:  611651
Epoch 0: 
BAS Score on Validation Data (Training Time 1.722720):  0.45581095477563877
Epoch 1: 
BAS Score on Validation Data (Training Time 1.710052):  0.5563748378080933
Epoch 2: 
BAS Score on Validation Data (Training Time 1.715092):  0.6136666100452163
Epoch 3: 
BAS Score on Validation Data (Training Time 1.710874):  0.7739529273525373
Epoch 4: 
BAS Score on Validation Data (Training Time 1.714473):  0.8840761652853818
Epoch 5: 
BAS Score on Validation Data (Training Time 1.710882):  0.8911179409788125
Epoch 6: 
BAS Score on Validation Data (Training Time 1.710518):  0.90733872134757
Epoch 7: 
BAS Score on Validation Data (Training Time 1.709665):  0.77223254789088
Epoch 8: 
BAS Score on Validation Data (Training Time 1.709387):  0.9161067537407721
Epoch 9: 
BAS Score on Validation Data (Training Time 1.709420):  0.9059558432987703
Epoch 10: 
BAS Score on Validation Data (Training Time 1.710443):  0.9211432412743134
Epoch 11: 
BAS Score on Validation Data (Training Time 1.710769):  0.9228675309724924
Epoch 12: 
BAS Score on Validation Data (Training Time 1.709965):  0.9224461541415226
Epoch 13: 
BAS Score on Validation Data (Training Time 1.710107):  0.9226383192587225
Epoch 14: 
BAS Score on Validation Data (Training Time 1.704004):  0.9227104026416418
Epoch 15: 
BAS Score on Validation Data (Training Time 1.706857):  0.9168869450023648
Epoch 16: 
BAS Score on Validation Data (Training Time 1.704129):  0.9259498785439751
Epoch 17: 
BAS Score on Validation Data (Training Time 1.704942):  0.9215840021576618
Epoch 18: 
BAS Score on Validation Data (Training Time 1.704573):  0.924174488706258
Epoch 19: 
BAS Score on Validation Data (Training Time 1.704456):  0.9305860781036343
Epoch 20: 
BAS Score on Validation Data (Training Time 1.704393):  0.9211658094391545
Epoch 21: 
BAS Score on Validation Data (Training Time 1.703815):  0.9292514348797227
Epoch 22: 
BAS Score on Validation Data (Training Time 1.705228):  0.9418796032390753
Epoch 23: 
BAS Score on Validation Data (Training Time 1.710916):  0.9424671164435149
Epoch 24: 
BAS Score on Validation Data (Training Time 1.714003):  0.9398268096713286
Epoch 25: 
BAS Score on Validation Data (Training Time 1.713269):  0.9474910440113843
Epoch 26: 
BAS Score on Validation Data (Training Time 1.714799):  0.938106898384303
Epoch 27: 
BAS Score on Validation Data (Training Time 1.712533):  0.9491723037839302
Epoch 28: 
BAS Score on Validation Data (Training Time 1.711009):  0.9459538596605136
Epoch 29: 
BAS Score on Validation Data (Training Time 1.712055):  0.9423344176653915
Epoch 30: 
BAS Score on Validation Data (Training Time 1.709934):  0.9538081269903635
Epoch 31: 
BAS Score on Validation Data (Training Time 1.711342):  0.7538309782075737
Epoch 32: 
BAS Score on Validation Data (Training Time 1.710237):  0.94626876341496
Epoch 33: 
BAS Score on Validation Data (Training Time 1.718074):  0.9478691201772014
Epoch 34: 
BAS Score on Validation Data (Training Time 1.717030):  0.956646020733324
Epoch 35: 
BAS Score on Validation Data (Training Time 1.710921):  0.95063526408184
Epoch 36: 
BAS Score on Validation Data (Training Time 1.713088):  0.9563901131866291
Epoch 37: 
BAS Score on Validation Data (Training Time 1.713056):  0.9483694672828755
Epoch 38: 
BAS Score on Validation Data (Training Time 1.710629):  0.9486544625528491
Epoch 39: 
BAS Score on Validation Data (Training Time 1.710302):  0.9431008346661719
Epoch 40: 
BAS Score on Validation Data (Training Time 1.711767):  0.9563607404542882
Epoch 41: 
BAS Score on Validation Data (Training Time 1.716976):  0.9550215536934101
Epoch 42: 
BAS Score on Validation Data (Training Time 1.713970):  0.948056447728494
Epoch 43: 
BAS Score on Validation Data (Training Time 1.713323):  0.9261388248054777
Epoch 44: 
BAS Score on Validation Data (Training Time 1.713451):  0.955710861807372
Epoch 45: 
BAS Score on Validation Data (Training Time 1.712481):  0.9592741924285998
Epoch 46: 
BAS Score on Validation Data (Training Time 1.711225):  0.9599897319710685
Epoch 47: 
BAS Score on Validation Data (Training Time 1.711404):  0.953203544549278
Epoch 48: 
BAS Score on Validation Data (Training Time 1.706060):  0.9366943425976507
Epoch 49: 
BAS Score on Validation Data (Training Time 1.710772):  0.9575668553767888
Epoch 50: 
BAS Score on Validation Data (Training Time 1.707784):  0.948041960754129
Epoch 51: 
BAS Score on Validation Data (Training Time 1.710688):  0.9507480140391246
Epoch 52: 
BAS Score on Validation Data (Training Time 1.707886):  0.953840370287019
Epoch 53: 
BAS Score on Validation Data (Training Time 1.711329):  0.9558473547089815
Epoch 54: 
BAS Score on Validation Data (Training Time 1.715454):  0.9512528651661084
Epoch 55: 
BAS Score on Validation Data (Training Time 1.711878):  0.9523929856484589
Epoch 56: 
BAS Score on Validation Data (Training Time 1.712479):  0.9608397831440113
Epoch 57: 
BAS Score on Validation Data (Training Time 1.712321):  0.9538604014321429
Epoch 58: 
BAS Score on Validation Data (Training Time 1.718700):  0.9594520189937694
Epoch 59: 
BAS Score on Validation Data (Training Time 1.721139):  0.9604576278456457
Epoch 60: 
BAS Score on Validation Data (Training Time 1.713286):  0.9530313534990311
Epoch 61: 
BAS Score on Validation Data (Training Time 1.713738):  0.9614026355718611
Epoch 62: 
BAS Score on Validation Data (Training Time 1.714251):  0.9477431574345929
Epoch 63: 
BAS Score on Validation Data (Training Time 1.711671):  0.9565695246732586
Epoch 64: 
BAS Score on Validation Data (Training Time 1.712290):  0.9604123316398149
Epoch 65: 
BAS Score on Validation Data (Training Time 1.713385):  0.9616432381987258
Epoch 66: 
BAS Score on Validation Data (Training Time 1.720161):  0.9538247175530484
Epoch 67: 
BAS Score on Validation Data (Training Time 1.716015):  0.9610245594060441
Epoch 68: 
BAS Score on Validation Data (Training Time 1.714073):  0.9564570739945791
Epoch 69: 
BAS Score on Validation Data (Training Time 1.715222):  0.9577255543595563
Epoch 70: 
BAS Score on Validation Data (Training Time 1.713790):  0.9586564657341753
Epoch 71: 
BAS Score on Validation Data (Training Time 1.711830):  0.9592636765391415
Epoch 72: 
BAS Score on Validation Data (Training Time 1.711481):  0.9587145583792048
Epoch 73: 
BAS Score on Validation Data (Training Time 1.711711):  0.9492929612632418
Epoch 74: 
BAS Score on Validation Data (Training Time 1.717360):  0.9584824903706631
Epoch 75: 
BAS Score on Validation Data (Training Time 1.712152):  0.9606558819056149
Epoch 76: 
BAS Score on Validation Data (Training Time 1.717191):  0.9570759464521594
Epoch 77: 
BAS Score on Validation Data (Training Time 1.714398):  0.9625350336544471
Epoch 78: 
BAS Score on Validation Data (Training Time 1.712587):  0.9403234421620726
Epoch 79: 
BAS Score on Validation Data (Training Time 1.714550):  0.9635845617251358
Epoch 80: 
BAS Score on Validation Data (Training Time 1.713966):  0.950777343962837
Epoch 81: 
BAS Score on Validation Data (Training Time 1.714265):  0.9611696154650621
Epoch 82: 
BAS Score on Validation Data (Training Time 1.713645):  0.9624903417327331
Epoch 83: 
BAS Score on Validation Data (Training Time 1.722223):  0.9629713675911068
Epoch 84: 
BAS Score on Validation Data (Training Time 1.719584):  0.9570045586975207
Epoch 85: 
BAS Score on Validation Data (Training Time 1.715731):  0.9633990898348226
Epoch 86: 
BAS Score on Validation Data (Training Time 1.713931):  0.9622695623165511
Epoch 87: 
BAS Score on Validation Data (Training Time 1.714588):  0.9639453374304446
Epoch 88: 
BAS Score on Validation Data (Training Time 1.712535):  0.9631323185845292
Epoch 89: 
BAS Score on Validation Data (Training Time 1.713281):  0.9585982222328756
Epoch 90: 
BAS Score on Validation Data (Training Time 1.712853):  0.9639810698450743
Epoch 91: 
BAS Score on Validation Data (Training Time 1.719920):  0.9545793872839576
Epoch 92: 
BAS Score on Validation Data (Training Time 1.717453):  0.9597070515168279
Epoch 93: 
BAS Score on Validation Data (Training Time 1.712724):  0.9624789508196384
Epoch 94: 
BAS Score on Validation Data (Training Time 1.715175):  0.9614513438210454
Epoch 95: 
BAS Score on Validation Data (Training Time 1.715268):  0.9571049856399029
Epoch 96: 
BAS Score on Validation Data (Training Time 1.713738):  0.9581318342051373
Epoch 97: 
BAS Score on Validation Data (Training Time 1.713378):  0.9640059385561056
Epoch 98: 
BAS Score on Validation Data (Training Time 1.713540):  0.9604815444584197
Epoch 99: 
BAS Score on Validation Data (Training Time 1.719506):  0.9618969708093866
Epoch 100: 
BAS Score on Validation Data (Training Time 1.714692):  0.9644591480645125
Epoch 101: 
BAS Score on Validation Data (Training Time 1.718812):  0.9649031273263158
Epoch 102: 
BAS Score on Validation Data (Training Time 1.717202):  0.9631943990179436
Epoch 103: 
BAS Score on Validation Data (Training Time 1.714888):  0.9651469483316353
Epoch 104: 
BAS Score on Validation Data (Training Time 1.740913):  0.946285716061328
Epoch 105: 
BAS Score on Validation Data (Training Time 1.713538):  0.9617496627397139
Epoch 106: 
BAS Score on Validation Data (Training Time 1.713089):  0.963820723135769
Epoch 107: 
BAS Score on Validation Data (Training Time 1.714153):  0.9499901259297604
Epoch 108: 
BAS Score on Validation Data (Training Time 1.720725):  0.9630188530025143
Epoch 109: 
BAS Score on Validation Data (Training Time 1.718237):  0.9646981800394601
Epoch 110: 
BAS Score on Validation Data (Training Time 1.714700):  0.9649662512021511
Epoch 111: 
BAS Score on Validation Data (Training Time 1.713191):  0.9606819877239658
Epoch 112: 
BAS Score on Validation Data (Training Time 1.714995):  0.9657381443189479
Epoch 113: 
BAS Score on Validation Data (Training Time 1.713981):  0.9635715230855033
Epoch 114: 
BAS Score on Validation Data (Training Time 1.713489):  0.9653358950703802
Epoch 115: 
BAS Score on Validation Data (Training Time 1.712935):  0.9638344716732249
Epoch 116: 
BAS Score on Validation Data (Training Time 1.720853):  0.9653878987726404
Epoch 117: 
BAS Score on Validation Data (Training Time 1.717590):  0.9641012429235184
Epoch 118: 
BAS Score on Validation Data (Training Time 1.714531):  0.9650755605769965
Epoch 119: 
BAS Score on Validation Data (Training Time 1.715794):  0.964967821854068
Epoch 120: 
BAS Score on Validation Data (Training Time 1.714516):  0.9640450687445462
Epoch 121: 
BAS Score on Validation Data (Training Time 1.712682):  0.960274963714569
Epoch 122: 
BAS Score on Validation Data (Training Time 1.712732):  0.9278510879516304
Epoch 123: 
BAS Score on Validation Data (Training Time 1.714405):  0.9644027031460207
Epoch 124: 
BAS Score on Validation Data (Training Time 1.720086):  0.9648744359527126
Epoch 125: 
BAS Score on Validation Data (Training Time 1.713062):  0.9646022713879304
Epoch 126: 
BAS Score on Validation Data (Training Time 1.718462):  0.9642739326441757
Epoch 127: 
BAS Score on Validation Data (Training Time 1.715095):  0.9623132250653871
Epoch 128: 
BAS Score on Validation Data (Training Time 1.714304):  0.9658563989313347
Epoch 129: 
BAS Score on Validation Data (Training Time 1.713590):  0.9609156263844246
Epoch 130: 
BAS Score on Validation Data (Training Time 1.713051):  0.957260814058356
Epoch 131: 
BAS Score on Validation Data (Training Time 1.714188):  0.9641633376264757
Epoch 132: 
BAS Score on Validation Data (Training Time 1.713699):  0.9678078905330626
Epoch 133: 
BAS Score on Validation Data (Training Time 1.718688):  0.9217801040937759
Epoch 134: 
BAS Score on Validation Data (Training Time 1.719322):  0.9651412072030062
Epoch 135: 
BAS Score on Validation Data (Training Time 1.714358):  0.9655498018643199
Epoch 136: 
BAS Score on Validation Data (Training Time 1.712729):  0.9607642391822031
Epoch 137: 
BAS Score on Validation Data (Training Time 1.714291):  0.9660823922666496
Epoch 138: 
BAS Score on Validation Data (Training Time 1.712748):  0.9646440156707089
Epoch 139: 
BAS Score on Validation Data (Training Time 1.713721):  0.9652033789805842
Epoch 140: 
BAS Score on Validation Data (Training Time 1.713456):  0.9649221635645543
Epoch 141: 
BAS Score on Validation Data (Training Time 1.718876):  0.9554251709091179
Epoch 142: 
BAS Score on Validation Data (Training Time 1.716687):  0.9654156380479861
Epoch 143: 
BAS Score on Validation Data (Training Time 1.713402):  0.9653289453735172
Epoch 144: 
BAS Score on Validation Data (Training Time 1.724597):  0.9657509264886038
Epoch 145: 
BAS Score on Validation Data (Training Time 1.716812):  0.965548231212403
Epoch 146: 
BAS Score on Validation Data (Training Time 1.712935):  0.9654535453986499
Epoch 147: 
BAS Score on Validation Data (Training Time 1.712139):  0.9638695227291169
Epoch 148: 
BAS Score on Validation Data (Training Time 1.713207):  0.9581013014400975
Epoch 149: 
BAS Score on Validation Data (Training Time 1.719164):  0.9669138430666866
High Quality
0.9690133913183168 0.9657152975114295 0.9624971075908676 0.9690133913183168 0.9579126233233685
              precision    recall  f1-score   support

           0       0.99      0.98      0.99     19588
           1       0.98      1.00      0.99      5531
           2       0.92      0.93      0.92      3100

    accuracy                           0.98     28219
   macro avg       0.96      0.97      0.97     28219
weighted avg       0.98      0.98      0.98     28219

Low Quality
0.5706137694326671 0.47578193639079247 0.47095788508508235 0.5706137694326671 0.32652377698696133
              precision    recall  f1-score   support

           0       0.98      0.75      0.85       635
           1       0.19      0.62      0.30        65
           2       0.24      0.35      0.29        20

    accuracy                           0.72       720
   macro avg       0.47      0.57      0.48       720
weighted avg       0.89      0.72      0.78       720


High Quality Post 2020
                          mean       std       sem  count
Model                                                    
Transformer-FNET-128  0.970793  0.000693  0.000310      5
Transformer-FNET-64   0.968792  0.001112  0.000497      5
Transformer-MHA-128   0.972557  0.004006  0.001792      5
Transformer-MHA-64    0.971828  0.000977  0.000437      5
                          mean       std       sem  count
Model                                                    
Transformer-FNET-128  0.961484  0.001252  0.000560      5
Transformer-FNET-64   0.962081  0.001852  0.000828      5
Transformer-MHA-128   0.968533  0.002935  0.001312      5
Transformer-MHA-64    0.963071  0.001772  0.000793      5
                          mean       std       sem  count
Model                                                    
Transformer-FNET-128  0.964718  0.000849  0.000380      5
Transformer-FNET-64   0.962352  0.001548  0.000692      5
Transformer-MHA-128   0.966362  0.004974  0.002225      5
Transformer-MHA-64    0.965902  0.001157  0.000518      5

Low Quality Post 2020
                          mean       std       sem  count
Model                                                    
Transformer-FNET-128  0.714329  0.103375  0.046231      5
Transformer-FNET-64   0.665626  0.121094  0.054155      5
Transformer-MHA-128   0.640407  0.130547  0.058382      5
Transformer-MHA-64    0.660635  0.113607  0.050807      5
                          mean       std       sem  count
Model                                                    
Transformer-FNET-128  0.656792  0.089219  0.039900      5
Transformer-FNET-64   0.659824  0.090753  0.040586      5
Transformer-MHA-128   0.674308  0.092709  0.041461      5
Transformer-MHA-64    0.673461  0.056101  0.025089      5
                          mean       std       sem  count
Model                                                    
Transformer-FNET-128  0.711017  0.087622  0.039186      5
Transformer-FNET-64   0.571369  0.188844  0.084454      5
Transformer-MHA-128   0.551629  0.202122  0.090392      5
Transformer-MHA-64    0.577731  0.205638  0.091964      5
Saving Results
************Fold: 5
Data Shape Before Sampling:  (59972, 21, 495) (59972,)
Subtype/Host: 0 ,count:  34602 ,index count: (array([False,  True]), array([25370, 34602])) ,downsampling:  (16000, 21, 495) (16000,)
Subtype/Host: 1 ,count:  16398 ,index count: (array([False,  True]), array([43574, 16398])) ,downsampling:  (16000, 21, 495) (16000,)
Subtype/Host: 2 ,count:  8972 ,index count: (array([False,  True]), array([51000,  8972])) ,keep:  (8972, 21, 495) (8972,)
Emb Dim: 64
Transformer-FNET-64
=====================================================================================================================================================================
Layer (type:depth-idx)                   Input Shape               Output Shape              Kernel Shape              Param #                   Mult-Adds
=====================================================================================================================================================================
TransfomerBlock                          [2, 21, 495]              [2, 3]                    --                        --                        --
├─MakePatches: 1-1                       [2, 21, 495]              [2, 165, 63]              --                        --                        --
│    └─Unfold: 2-1                       [2, 1, 21, 495]           [2, 63, 165]              [21, 3]                   --                        --
├─Linear: 1-2                            [2, 165, 63]              [2, 165, 64]              --                        4,096                     8,192
├─PositionalEncoding: 1-3                [2, 165, 64]              [2, 165, 64]              --                        --                        --
├─FNET: 1-4                              [2, 165, 64]              [2, 165, 64]              --                        --                        --
│    └─LayerNorm: 2-2                    [2, 165, 64]              [2, 165, 64]              --                        128                       256
│    └─Sequential: 2-3                   [2, 165, 64]              [2, 165, 64]              --                        --                        --
│    │    └─Linear: 3-1                  [2, 165, 64]              [2, 165, 64]              --                        4,160                     8,320
│    │    └─ReLU: 3-2                    [2, 165, 64]              [2, 165, 64]              --                        --                        --
│    │    └─Dropout: 3-3                 [2, 165, 64]              [2, 165, 64]              --                        --                        --
│    │    └─Linear: 3-4                  [2, 165, 64]              [2, 165, 64]              --                        4,160                     8,320
│    └─LayerNorm: 2-4                    [2, 165, 64]              [2, 165, 64]              --                        128                       256
├─Sequential: 1-5                        [2, 64]                   [2, 3]                    --                        --                        --
│    └─Linear: 2-5                       [2, 64]                   [2, 64]                   --                        4,160                     8,320
│    └─ReLU: 2-6                         [2, 64]                   [2, 64]                   --                        --                        --
│    └─Linear: 2-7                       [2, 64]                   [2, 32]                   --                        2,080                     4,160
│    └─ReLU: 2-8                         [2, 32]                   [2, 32]                   --                        --                        --
│    └─Linear: 2-9                       [2, 32]                   [2, 3]                    --                        99                        198
=====================================================================================================================================================================
Total params: 19,011
Trainable params: 19,011
Non-trainable params: 0
Total mult-adds (Units.MEGABYTES): 0.04
=====================================================================================================================================================================
Input size (MB): 0.08
Forward/backward pass size (MB): 0.85
Params size (MB): 0.08
Estimated Total Size (MB): 1.01
=====================================================================================================================================================================
Total Trainable Parameters:  19011
Total Parameters:  19011
Epoch 0: 
BAS Score on Validation Data (Training Time 1.091458):  0.3333333333333333
Epoch 1: 
BAS Score on Validation Data (Training Time 1.065510):  0.3786430074649911
Epoch 2: 
BAS Score on Validation Data (Training Time 1.065524):  0.5723882880195196
Epoch 3: 
BAS Score on Validation Data (Training Time 1.066072):  0.5503190071547626
Epoch 4: 
BAS Score on Validation Data (Training Time 1.067454):  0.5526202170933021
Epoch 5: 
BAS Score on Validation Data (Training Time 1.065961):  0.6179037501956771
Epoch 6: 
BAS Score on Validation Data (Training Time 1.065533):  0.6189536260805062
Epoch 7: 
BAS Score on Validation Data (Training Time 1.065392):  0.618664856683496
Epoch 8: 
BAS Score on Validation Data (Training Time 1.065845):  0.6215837162418393
Epoch 9: 
BAS Score on Validation Data (Training Time 1.065310):  0.6248296003619966
Epoch 10: 
BAS Score on Validation Data (Training Time 1.065748):  0.6837879727310602
Epoch 11: 
BAS Score on Validation Data (Training Time 1.065247):  0.7218642542602421
Epoch 12: 
BAS Score on Validation Data (Training Time 1.065455):  0.7713754056619243
Epoch 13: 
BAS Score on Validation Data (Training Time 1.066166):  0.7953879247489352
Epoch 14: 
BAS Score on Validation Data (Training Time 1.066569):  0.8296767327328888
Epoch 15: 
BAS Score on Validation Data (Training Time 1.068027):  0.8591770932008682
Epoch 16: 
BAS Score on Validation Data (Training Time 1.072980):  0.8879874641961482
Epoch 17: 
BAS Score on Validation Data (Training Time 1.066410):  0.8773176776232803
Epoch 18: 
BAS Score on Validation Data (Training Time 1.069078):  0.8986530945618467
Epoch 19: 
BAS Score on Validation Data (Training Time 1.065845):  0.8936201589513578
Epoch 20: 
BAS Score on Validation Data (Training Time 1.065872):  0.8957795169397916
Epoch 21: 
BAS Score on Validation Data (Training Time 1.066967):  0.9052110509072101
Epoch 22: 
BAS Score on Validation Data (Training Time 1.065742):  0.9088036914557006
Epoch 23: 
BAS Score on Validation Data (Training Time 1.066442):  0.9093662103389529
Epoch 24: 
BAS Score on Validation Data (Training Time 1.066296):  0.9133598002236137
Epoch 25: 
BAS Score on Validation Data (Training Time 1.065763):  0.9060078612705733
Epoch 26: 
BAS Score on Validation Data (Training Time 1.065932):  0.903712768813889
Epoch 27: 
BAS Score on Validation Data (Training Time 1.066216):  0.9180156403056282
Epoch 28: 
BAS Score on Validation Data (Training Time 1.066054):  0.91598284934392
Epoch 29: 
BAS Score on Validation Data (Training Time 1.067441):  0.9189083878596068
Epoch 30: 
BAS Score on Validation Data (Training Time 1.066069):  0.9166939334006142
Epoch 31: 
BAS Score on Validation Data (Training Time 1.066565):  0.9199251311546012
Epoch 32: 
BAS Score on Validation Data (Training Time 1.066887):  0.9209769255054877
Epoch 33: 
BAS Score on Validation Data (Training Time 1.066227):  0.9220615046320685
Epoch 34: 
BAS Score on Validation Data (Training Time 1.065835):  0.9221791406907953
Epoch 35: 
BAS Score on Validation Data (Training Time 1.066138):  0.9205976265018939
Epoch 36: 
BAS Score on Validation Data (Training Time 1.066580):  0.9239474266824078
Epoch 37: 
BAS Score on Validation Data (Training Time 1.057825):  0.9220640901873208
Epoch 38: 
BAS Score on Validation Data (Training Time 1.057138):  0.9241122146079448
Epoch 39: 
BAS Score on Validation Data (Training Time 1.057284):  0.925067467484099
Epoch 40: 
BAS Score on Validation Data (Training Time 1.057244):  0.9219295642873039
Epoch 41: 
BAS Score on Validation Data (Training Time 1.057831):  0.9269830615453842
Epoch 42: 
BAS Score on Validation Data (Training Time 1.058252):  0.9278208434886245
Epoch 43: 
BAS Score on Validation Data (Training Time 1.058405):  0.9288978543646825
Epoch 44: 
BAS Score on Validation Data (Training Time 1.058341):  0.9296765177829865
Epoch 45: 
BAS Score on Validation Data (Training Time 1.058553):  0.930486757408751
Epoch 46: 
BAS Score on Validation Data (Training Time 1.058439):  0.9323738252222462
Epoch 47: 
BAS Score on Validation Data (Training Time 1.058522):  0.9311563821917291
Epoch 48: 
BAS Score on Validation Data (Training Time 1.059278):  0.9348334776735766
Epoch 49: 
BAS Score on Validation Data (Training Time 1.057520):  0.932865366970078
Epoch 50: 
BAS Score on Validation Data (Training Time 1.057275):  0.9341954148285163
Epoch 51: 
BAS Score on Validation Data (Training Time 1.057945):  0.9336302961204689
Epoch 52: 
BAS Score on Validation Data (Training Time 1.057478):  0.9371502632714659
Epoch 53: 
BAS Score on Validation Data (Training Time 1.066722):  0.9364318531646827
Epoch 54: 
BAS Score on Validation Data (Training Time 1.067968):  0.932343640271347
Epoch 55: 
BAS Score on Validation Data (Training Time 1.071155):  0.9358565663813172
Epoch 56: 
BAS Score on Validation Data (Training Time 1.066809):  0.9283362105050667
Epoch 57: 
BAS Score on Validation Data (Training Time 1.069875):  0.9376302456874185
Epoch 58: 
BAS Score on Validation Data (Training Time 1.068082):  0.9365654126968995
Epoch 59: 
BAS Score on Validation Data (Training Time 1.067633):  0.9377010291579403
Epoch 60: 
BAS Score on Validation Data (Training Time 1.068016):  0.937549641955719
Epoch 61: 
BAS Score on Validation Data (Training Time 1.066630):  0.9378744145068785
Epoch 62: 
BAS Score on Validation Data (Training Time 1.067511):  0.9422924311821793
Epoch 63: 
BAS Score on Validation Data (Training Time 1.066906):  0.9394689673354125
Epoch 64: 
BAS Score on Validation Data (Training Time 1.075538):  0.9393108869063047
Epoch 65: 
BAS Score on Validation Data (Training Time 1.067565):  0.9385223889572801
Epoch 66: 
BAS Score on Validation Data (Training Time 1.071576):  0.9403498848179924
Epoch 67: 
BAS Score on Validation Data (Training Time 1.067703):  0.9437263808314312
Epoch 68: 
BAS Score on Validation Data (Training Time 1.069623):  0.9434475230397625
Epoch 69: 
BAS Score on Validation Data (Training Time 1.067880):  0.9344194754282312
Epoch 70: 
BAS Score on Validation Data (Training Time 1.070114):  0.940198497615771
Epoch 71: 
BAS Score on Validation Data (Training Time 1.066929):  0.9413455963340702
Epoch 72: 
BAS Score on Validation Data (Training Time 1.066562):  0.9457576154107653
Epoch 73: 
BAS Score on Validation Data (Training Time 1.067433):  0.9411970796961636
Epoch 74: 
BAS Score on Validation Data (Training Time 1.066467):  0.9437394194710639
Epoch 75: 
BAS Score on Validation Data (Training Time 1.074065):  0.9424352980356204
Epoch 76: 
BAS Score on Validation Data (Training Time 1.067090):  0.9414902903094052
Epoch 77: 
BAS Score on Validation Data (Training Time 1.070739):  0.9390256694323469
Epoch 78: 
BAS Score on Validation Data (Training Time 1.066299):  0.9453123219670218
Epoch 79: 
BAS Score on Validation Data (Training Time 1.068585):  0.9390281293774433
Epoch 80: 
BAS Score on Validation Data (Training Time 1.067108):  0.9450522439436145
Epoch 81: 
BAS Score on Validation Data (Training Time 1.068958):  0.9443406184078814
Epoch 82: 
BAS Score on Validation Data (Training Time 1.067059):  0.9484240422708451
Epoch 83: 
BAS Score on Validation Data (Training Time 1.066507):  0.948250656921907
Epoch 84: 
BAS Score on Validation Data (Training Time 1.066987):  0.9476811112671709
Epoch 85: 
BAS Score on Validation Data (Training Time 1.067567):  0.9477429352306087
Epoch 86: 
BAS Score on Validation Data (Training Time 1.074836):  0.9487057706268285
Epoch 87: 
BAS Score on Validation Data (Training Time 1.067778):  0.9454456250292619
Epoch 88: 
BAS Score on Validation Data (Training Time 1.073569):  0.9492785346600195
Epoch 89: 
BAS Score on Validation Data (Training Time 1.067043):  0.9475297240649496
Epoch 90: 
BAS Score on Validation Data (Training Time 1.069585):  0.948374652662923
Epoch 91: 
BAS Score on Validation Data (Training Time 1.067370):  0.9472686939432853
Epoch 92: 
BAS Score on Validation Data (Training Time 1.069935):  0.9393054935918158
Epoch 93: 
BAS Score on Validation Data (Training Time 1.066890):  0.9485356036563454
Epoch 94: 
BAS Score on Validation Data (Training Time 1.066872):  0.9440273281139803
Epoch 95: 
BAS Score on Validation Data (Training Time 1.067451):  0.9491491456045149
Epoch 96: 
BAS Score on Validation Data (Training Time 1.067172):  0.9486108140735561
Epoch 97: 
BAS Score on Validation Data (Training Time 1.075954):  0.9478175413637023
Epoch 98: 
BAS Score on Validation Data (Training Time 1.067111):  0.9479813629214394
Epoch 99: 
BAS Score on Validation Data (Training Time 1.072190):  0.949352792978973
Epoch 100: 
BAS Score on Validation Data (Training Time 1.067195):  0.9477145003269823
Epoch 101: 
BAS Score on Validation Data (Training Time 1.069613):  0.9498232116037245
Epoch 102: 
BAS Score on Validation Data (Training Time 1.066812):  0.9478299757192179
Epoch 103: 
BAS Score on Validation Data (Training Time 1.069528):  0.9484747317911649
Epoch 104: 
BAS Score on Validation Data (Training Time 1.067707):  0.9468961024361207
Epoch 105: 
BAS Score on Validation Data (Training Time 1.067623):  0.9435540389249142
Epoch 106: 
BAS Score on Validation Data (Training Time 1.066883):  0.9503567541043115
Epoch 107: 
BAS Score on Validation Data (Training Time 1.066867):  0.9490875923805966
Epoch 108: 
BAS Score on Validation Data (Training Time 1.074249):  0.9495112212222211
Epoch 109: 
BAS Score on Validation Data (Training Time 1.067411):  0.9500463343747251
Epoch 110: 
BAS Score on Validation Data (Training Time 1.070549):  0.9504549290360389
Epoch 111: 
BAS Score on Validation Data (Training Time 1.058448):  0.9499816398469726
Epoch 112: 
BAS Score on Validation Data (Training Time 1.060736):  0.9508759580528682
Epoch 113: 
BAS Score on Validation Data (Training Time 1.058968):  0.9422969637425744
Epoch 114: 
BAS Score on Validation Data (Training Time 1.060725):  0.9501425908403952
Epoch 115: 
BAS Score on Validation Data (Training Time 1.058229):  0.9505017958937868
Epoch 116: 
BAS Score on Validation Data (Training Time 1.059082):  0.9496721722156435
Epoch 117: 
BAS Score on Validation Data (Training Time 1.059041):  0.9469289642864359
Epoch 118: 
BAS Score on Validation Data (Training Time 1.058293):  0.9514489785560359
Epoch 119: 
BAS Score on Validation Data (Training Time 1.065500):  0.9518171431165117
Epoch 120: 
BAS Score on Validation Data (Training Time 1.058629):  0.9513103735234706
Epoch 121: 
BAS Score on Validation Data (Training Time 1.063994):  0.9485786478515214
Epoch 122: 
BAS Score on Validation Data (Training Time 1.058998):  0.9514397625789753
Epoch 123: 
BAS Score on Validation Data (Training Time 1.069286):  0.9500096355922952
Epoch 124: 
BAS Score on Validation Data (Training Time 1.067351):  0.9480530071460548
Epoch 125: 
BAS Score on Validation Data (Training Time 1.069618):  0.9508485665916627
Epoch 126: 
BAS Score on Validation Data (Training Time 1.067065):  0.9515019343565534
Epoch 127: 
BAS Score on Validation Data (Training Time 1.066933):  0.9509999537938841
Epoch 128: 
BAS Score on Validation Data (Training Time 1.067457):  0.951808531423568
Epoch 129: 
BAS Score on Validation Data (Training Time 1.068206):  0.9517744467354761
Epoch 130: 
BAS Score on Validation Data (Training Time 1.075791):  0.9491054971252219
Epoch 131: 
BAS Score on Validation Data (Training Time 1.067720):  0.9515334962944711
Epoch 132: 
BAS Score on Validation Data (Training Time 1.072162):  0.9511609047873065
Epoch 133: 
BAS Score on Validation Data (Training Time 1.067474):  0.9511182084062707
Epoch 134: 
BAS Score on Validation Data (Training Time 1.069445):  0.9528421502903096
Epoch 135: 
BAS Score on Validation Data (Training Time 1.067327):  0.9527621508427271
Epoch 136: 
BAS Score on Validation Data (Training Time 1.069538):  0.9513425540150481
Epoch 137: 
BAS Score on Validation Data (Training Time 1.067271):  0.9515421079874148
Epoch 138: 
BAS Score on Validation Data (Training Time 1.068059):  0.9508654421634101
Epoch 139: 
BAS Score on Validation Data (Training Time 1.067434):  0.9515421079874148
Epoch 140: 
BAS Score on Validation Data (Training Time 1.067667):  0.9515421079874148
Epoch 141: 
BAS Score on Validation Data (Training Time 1.075631):  0.9526069409779337
Epoch 142: 
BAS Score on Validation Data (Training Time 1.067595):  0.9476196351178734
Epoch 143: 
BAS Score on Validation Data (Training Time 1.072391):  0.9513591588472758
Epoch 144: 
BAS Score on Validation Data (Training Time 1.067547):  0.950118688497164
Epoch 145: 
BAS Score on Validation Data (Training Time 1.069378):  0.9505958003488019
Epoch 146: 
BAS Score on Validation Data (Training Time 1.067694):  0.9508998746656422
Epoch 147: 
BAS Score on Validation Data (Training Time 1.069780):  0.9513467244917603
Epoch 148: 
BAS Score on Validation Data (Training Time 1.066990):  0.9539289814275453
Epoch 149: 
BAS Score on Validation Data (Training Time 1.059453):  0.9539165470720296
High Quality
0.9636245903018662 0.9701520492242605 0.9775476074434986 0.9636245903018662 0.9637706617863966
              precision    recall  f1-score   support

           0       0.99      0.99      0.99     19588
           1       0.98      1.00      0.99      5531
           2       0.97      0.90      0.93      3100

    accuracy                           0.98     28219
   macro avg       0.98      0.96      0.97     28219
weighted avg       0.98      0.98      0.98     28219

Low Quality
0.6782152230971129 0.6342192398432781 0.7249611496724352 0.6782152230971129 0.4569831116536986
              precision    recall  f1-score   support

           0       0.97      0.83      0.90       635
           1       0.32      0.80      0.45        65
           2       0.89      0.40      0.55        20

    accuracy                           0.82       720
   macro avg       0.72      0.68      0.63       720
weighted avg       0.91      0.82      0.85       720

Emb Dim: 128
Transformer-FNET-128
=====================================================================================================================================================================
Layer (type:depth-idx)                   Input Shape               Output Shape              Kernel Shape              Param #                   Mult-Adds
=====================================================================================================================================================================
TransfomerBlock                          [2, 21, 495]              [2, 3]                    --                        --                        --
├─MakePatches: 1-1                       [2, 21, 495]              [2, 165, 63]              --                        --                        --
│    └─Unfold: 2-1                       [2, 1, 21, 495]           [2, 63, 165]              [21, 3]                   --                        --
├─Linear: 1-2                            [2, 165, 63]              [2, 165, 128]             --                        8,192                     16,384
├─PositionalEncoding: 1-3                [2, 165, 128]             [2, 165, 128]             --                        --                        --
├─FNET: 1-4                              [2, 165, 128]             [2, 165, 128]             --                        --                        --
│    └─LayerNorm: 2-2                    [2, 165, 128]             [2, 165, 128]             --                        256                       512
│    └─Sequential: 2-3                   [2, 165, 128]             [2, 165, 128]             --                        --                        --
│    │    └─Linear: 3-1                  [2, 165, 128]             [2, 165, 128]             --                        16,512                    33,024
│    │    └─ReLU: 3-2                    [2, 165, 128]             [2, 165, 128]             --                        --                        --
│    │    └─Dropout: 3-3                 [2, 165, 128]             [2, 165, 128]             --                        --                        --
│    │    └─Linear: 3-4                  [2, 165, 128]             [2, 165, 128]             --                        16,512                    33,024
│    └─LayerNorm: 2-4                    [2, 165, 128]             [2, 165, 128]             --                        256                       512
├─Sequential: 1-5                        [2, 128]                  [2, 3]                    --                        --                        --
│    └─Linear: 2-5                       [2, 128]                  [2, 64]                   --                        8,256                     16,512
│    └─ReLU: 2-6                         [2, 64]                   [2, 64]                   --                        --                        --
│    └─Linear: 2-7                       [2, 64]                   [2, 32]                   --                        2,080                     4,160
│    └─ReLU: 2-8                         [2, 32]                   [2, 32]                   --                        --                        --
│    └─Linear: 2-9                       [2, 32]                   [2, 3]                    --                        99                        198
=====================================================================================================================================================================
Total params: 52,163
Trainable params: 52,163
Non-trainable params: 0
Total mult-adds (Units.MEGABYTES): 0.10
=====================================================================================================================================================================
Input size (MB): 0.08
Forward/backward pass size (MB): 1.69
Params size (MB): 0.21
Estimated Total Size (MB): 1.98
=====================================================================================================================================================================
Total Trainable Parameters:  52163
Total Parameters:  52163
Epoch 0: 
BAS Score on Validation Data (Training Time 1.214589):  0.39074819774875014
Epoch 1: 
BAS Score on Validation Data (Training Time 1.206962):  0.5650123211130921
Epoch 2: 
BAS Score on Validation Data (Training Time 1.213439):  0.5781266579022372
Epoch 3: 
BAS Score on Validation Data (Training Time 1.208277):  0.6098826794031623
Epoch 4: 
BAS Score on Validation Data (Training Time 1.207963):  0.6187611131491662
Epoch 5: 
BAS Score on Validation Data (Training Time 1.206944):  0.6239598030529919
Epoch 6: 
BAS Score on Validation Data (Training Time 1.206726):  0.7112295044737232
Epoch 7: 
BAS Score on Validation Data (Training Time 1.207542):  0.8101592963993688
Epoch 8: 
BAS Score on Validation Data (Training Time 1.207412):  0.8593316417033735
Epoch 9: 
BAS Score on Validation Data (Training Time 1.207081):  0.8762081527110474
Epoch 10: 
BAS Score on Validation Data (Training Time 1.207518):  0.8830966570021918
Epoch 11: 
BAS Score on Validation Data (Training Time 1.208076):  0.8881162204284503
Epoch 12: 
BAS Score on Validation Data (Training Time 1.208060):  0.8912590435154378
Epoch 13: 
BAS Score on Validation Data (Training Time 1.208529):  0.9006315955446477
Epoch 14: 
BAS Score on Validation Data (Training Time 1.208392):  0.8985441187315989
Epoch 15: 
BAS Score on Validation Data (Training Time 1.207198):  0.8947158867905997
Epoch 16: 
BAS Score on Validation Data (Training Time 1.208117):  0.9119600123370745
Epoch 17: 
BAS Score on Validation Data (Training Time 1.208926):  0.9134079527242163
Epoch 18: 
BAS Score on Validation Data (Training Time 1.206941):  0.9168883647980116
Epoch 19: 
BAS Score on Validation Data (Training Time 1.210029):  0.915610654186431
Epoch 20: 
BAS Score on Validation Data (Training Time 1.207212):  0.919238012246216
Epoch 21: 
BAS Score on Validation Data (Training Time 1.208014):  0.9196338390074169
Epoch 22: 
BAS Score on Validation Data (Training Time 1.208075):  0.9221616465653883
Epoch 23: 
BAS Score on Validation Data (Training Time 1.207335):  0.9210237923632355
Epoch 24: 
BAS Score on Validation Data (Training Time 1.208409):  0.9245619207288346
Epoch 25: 
BAS Score on Validation Data (Training Time 1.208031):  0.9248242507628964
Epoch 26: 
BAS Score on Validation Data (Training Time 1.208037):  0.9247837293178947
Epoch 27: 
BAS Score on Validation Data (Training Time 1.207585):  0.9263703803513085
Epoch 28: 
BAS Score on Validation Data (Training Time 1.209087):  0.9223605049094745
Epoch 29: 
BAS Score on Validation Data (Training Time 1.208151):  0.9252210153528115
Epoch 30: 
BAS Score on Validation Data (Training Time 1.214072):  0.9293319220211446
Epoch 31: 
BAS Score on Validation Data (Training Time 1.219090):  0.9251685129801409
Epoch 32: 
BAS Score on Validation Data (Training Time 1.214458):  0.9284749068817958
Epoch 33: 
BAS Score on Validation Data (Training Time 1.208989):  0.9309019539527877
Epoch 34: 
BAS Score on Validation Data (Training Time 1.210626):  0.9307961336959166
Epoch 35: 
BAS Score on Validation Data (Training Time 1.208151):  0.9310316908224326
Epoch 36: 
BAS Score on Validation Data (Training Time 1.211703):  0.9321899097143072
Epoch 37: 
BAS Score on Validation Data (Training Time 1.209116):  0.9319805354807627
Epoch 38: 
BAS Score on Validation Data (Training Time 1.209459):  0.9340786252543403
Epoch 39: 
BAS Score on Validation Data (Training Time 1.209376):  0.9350972870153921
Epoch 40: 
BAS Score on Validation Data (Training Time 1.214931):  0.9366947104082407
Epoch 41: 
BAS Score on Validation Data (Training Time 1.208955):  0.9389679388710005
Epoch 42: 
BAS Score on Validation Data (Training Time 1.213509):  0.9366239269377189
Epoch 43: 
BAS Score on Validation Data (Training Time 1.209095):  0.9358137786561179
Epoch 44: 
BAS Score on Validation Data (Training Time 1.210393):  0.9254443945937888
Epoch 45: 
BAS Score on Validation Data (Training Time 1.210131):  0.9389287316079392
Epoch 46: 
BAS Score on Validation Data (Training Time 1.208982):  0.9157823775392884
Epoch 47: 
BAS Score on Validation Data (Training Time 1.208407):  0.9418013143231087
Epoch 48: 
BAS Score on Validation Data (Training Time 1.208530):  0.9412235190591117
Epoch 49: 
BAS Score on Validation Data (Training Time 1.211523):  0.9409605704713901
Epoch 50: 
BAS Score on Validation Data (Training Time 1.211679):  0.9381270894055755
Epoch 51: 
BAS Score on Validation Data (Training Time 1.212110):  0.9436132630635568
Epoch 52: 
BAS Score on Validation Data (Training Time 1.210316):  0.9442287092082408
Epoch 53: 
BAS Score on Validation Data (Training Time 1.210158):  0.944702964765107
Epoch 54: 
BAS Score on Validation Data (Training Time 1.208606):  0.9401949314231759
Epoch 55: 
BAS Score on Validation Data (Training Time 1.211024):  0.9355003970180533
Epoch 56: 
BAS Score on Validation Data (Training Time 1.208884):  0.9458879565645274
Epoch 57: 
BAS Score on Validation Data (Training Time 1.208663):  0.9321163755627199
Epoch 58: 
BAS Score on Validation Data (Training Time 1.208426):  0.9434277769037007
Epoch 59: 
BAS Score on Validation Data (Training Time 1.217148):  0.9454031993877455
Epoch 60: 
BAS Score on Validation Data (Training Time 1.209037):  0.9469547080211037
Epoch 61: 
BAS Score on Validation Data (Training Time 1.213075):  0.9440569087807625
Epoch 62: 
BAS Score on Validation Data (Training Time 1.208742):  0.9438349803084533
Epoch 63: 
BAS Score on Validation Data (Training Time 1.210236):  0.9492010579626114
Epoch 64: 
BAS Score on Validation Data (Training Time 1.208292):  0.9461996904760541
Epoch 65: 
BAS Score on Validation Data (Training Time 1.210275):  0.9489151591299159
Epoch 66: 
BAS Score on Validation Data (Training Time 1.208183):  0.9486525583563346
Epoch 67: 
BAS Score on Validation Data (Training Time 1.208631):  0.9462848124986061
Epoch 68: 
BAS Score on Validation Data (Training Time 1.208577):  0.9427319977668365
Epoch 69: 
BAS Score on Validation Data (Training Time 1.216147):  0.9461436076412454
Epoch 70: 
BAS Score on Validation Data (Training Time 1.212039):  0.9470019226929919
Epoch 71: 
BAS Score on Validation Data (Training Time 1.211396):  0.9419845199332243
Epoch 72: 
BAS Score on Validation Data (Training Time 1.210997):  0.9513215079665885
Epoch 73: 
BAS Score on Validation Data (Training Time 1.209607):  0.9504421468663828
Epoch 74: 
BAS Score on Validation Data (Training Time 1.212255):  0.9506030978598053
Epoch 75: 
BAS Score on Validation Data (Training Time 1.209090):  0.9438025718859847
Epoch 76: 
BAS Score on Validation Data (Training Time 1.210483):  0.9514948933155266
Epoch 77: 
BAS Score on Validation Data (Training Time 1.209037):  0.9460709199742091
Epoch 78: 
BAS Score on Validation Data (Training Time 1.215052):  0.949482529848618
Epoch 79: 
BAS Score on Validation Data (Training Time 1.209159):  0.9505724880201449
Epoch 80: 
BAS Score on Validation Data (Training Time 1.214577):  0.9488278621713299
Epoch 81: 
BAS Score on Validation Data (Training Time 1.208900):  0.9469445399457856
Epoch 82: 
BAS Score on Validation Data (Training Time 1.211149):  0.952565815248815
Epoch 83: 
BAS Score on Validation Data (Training Time 1.208407):  0.9493407064375977
Epoch 84: 
BAS Score on Validation Data (Training Time 1.210898):  0.9534489990115927
Epoch 85: 
BAS Score on Validation Data (Training Time 1.208504):  0.9523815661962786
Epoch 86: 
BAS Score on Validation Data (Training Time 1.208584):  0.9529007558752925
Epoch 87: 
BAS Score on Validation Data (Training Time 1.208806):  0.9541670613042358
Epoch 88: 
BAS Score on Validation Data (Training Time 1.215086):  0.9530639731489124
Epoch 89: 
BAS Score on Validation Data (Training Time 1.208787):  0.9505103162425669
Epoch 90: 
BAS Score on Validation Data (Training Time 1.213652):  0.9525262459020706
Epoch 91: 
BAS Score on Validation Data (Training Time 1.212379):  0.9520434071913463
Epoch 92: 
BAS Score on Validation Data (Training Time 1.209582):  0.954959381915832
Epoch 93: 
BAS Score on Validation Data (Training Time 1.211080):  0.954054547820478
Epoch 94: 
BAS Score on Validation Data (Training Time 1.208255):  0.9493700163648605
Epoch 95: 
BAS Score on Validation Data (Training Time 1.210038):  0.9533189143278075
Epoch 96: 
BAS Score on Validation Data (Training Time 1.208477):  0.9555853582195172
Epoch 97: 
BAS Score on Validation Data (Training Time 1.214565):  0.9547926897937805
Epoch 98: 
BAS Score on Validation Data (Training Time 1.210722):  0.9511018600440196
Epoch 99: 
BAS Score on Validation Data (Training Time 1.213973):  0.9515174957463602
Epoch 100: 
BAS Score on Validation Data (Training Time 1.209605):  0.9498034797372056
Epoch 101: 
BAS Score on Validation Data (Training Time 1.212109):  0.9546719124312196
Epoch 102: 
BAS Score on Validation Data (Training Time 1.208983):  0.9494471452481285
Epoch 103: 
BAS Score on Validation Data (Training Time 1.210796):  0.9549281677920547
Epoch 104: 
BAS Score on Validation Data (Training Time 1.209071):  0.9533224805204026
Epoch 105: 
BAS Score on Validation Data (Training Time 1.209870):  0.9531821364171357
Epoch 106: 
BAS Score on Validation Data (Training Time 1.208693):  0.953485002165742
Epoch 107: 
BAS Score on Validation Data (Training Time 1.216443):  0.9501776418962872
Epoch 108: 
BAS Score on Validation Data (Training Time 1.208816):  0.9499519963751123
Epoch 109: 
BAS Score on Validation Data (Training Time 1.213825):  0.9494420226731591
Epoch 110: 
BAS Score on Validation Data (Training Time 1.209078):  0.9570591336854903
Epoch 111: 
BAS Score on Validation Data (Training Time 1.213716):  0.9473521825088422
Epoch 112: 
BAS Score on Validation Data (Training Time 1.210315):  0.9529469271047598
Epoch 113: 
BAS Score on Validation Data (Training Time 1.208842):  0.9562291621932067
Epoch 114: 
BAS Score on Validation Data (Training Time 1.210151):  0.9573067773533817
Epoch 115: 
BAS Score on Validation Data (Training Time 1.208748):  0.9566396753205778
Epoch 116: 
BAS Score on Validation Data (Training Time 1.214354):  0.9543614927016332
Epoch 117: 
BAS Score on Validation Data (Training Time 1.209602):  0.9570093962634277
Epoch 118: 
BAS Score on Validation Data (Training Time 1.214787):  0.956885400522412
Epoch 119: 
BAS Score on Validation Data (Training Time 1.209238):  0.9557829166512057
Epoch 120: 
BAS Score on Validation Data (Training Time 1.211346):  0.9504597180664107
Epoch 121: 
BAS Score on Validation Data (Training Time 1.213102):  0.9574922492436951
Epoch 122: 
BAS Score on Validation Data (Training Time 1.211716):  0.9471452111422227
Epoch 123: 
BAS Score on Validation Data (Training Time 1.209159):  0.9553370189233452
Epoch 124: 
BAS Score on Validation Data (Training Time 1.222476):  0.9575668553767888
Epoch 125: 
BAS Score on Validation Data (Training Time 1.214051):  0.957588505709365
Epoch 126: 
BAS Score on Validation Data (Training Time 1.217955):  0.956576280705223
Epoch 127: 
BAS Score on Validation Data (Training Time 1.211742):  0.9584707373738853
Epoch 128: 
BAS Score on Validation Data (Training Time 1.217603):  0.9576656345926331
Epoch 129: 
BAS Score on Validation Data (Training Time 1.210684):  0.9569067943850116
Epoch 130: 
BAS Score on Validation Data (Training Time 1.212360):  0.9528096362541346
Epoch 131: 
BAS Score on Validation Data (Training Time 1.211422):  0.9576564186155722
Epoch 132: 
BAS Score on Validation Data (Training Time 1.211675):  0.9536405598446756
Epoch 133: 
BAS Score on Validation Data (Training Time 1.210686):  0.95565892091019
Epoch 134: 
BAS Score on Validation Data (Training Time 1.210844):  0.9489014391315455
Epoch 135: 
BAS Score on Validation Data (Training Time 1.215897):  0.9526831177629446
Epoch 136: 
BAS Score on Validation Data (Training Time 1.211403):  0.9494184538745255
Epoch 137: 
BAS Score on Validation Data (Training Time 1.214546):  0.9576535480512578
Epoch 138: 
BAS Score on Validation Data (Training Time 1.209919):  0.9583069158161482
Epoch 139: 
BAS Score on Validation Data (Training Time 1.212684):  0.9540213238864799
Epoch 140: 
BAS Score on Validation Data (Training Time 1.210387):  0.9505925962398898
Epoch 141: 
BAS Score on Validation Data (Training Time 1.212432):  0.9445209819927681
Epoch 142: 
BAS Score on Validation Data (Training Time 1.209626):  0.9576251131476313
Epoch 143: 
BAS Score on Validation Data (Training Time 1.210854):  0.9508751710804241
Epoch 144: 
BAS Score on Validation Data (Training Time 1.209769):  0.952233397372512
Epoch 145: 
BAS Score on Validation Data (Training Time 1.216675):  0.9574023381907711
Epoch 146: 
BAS Score on Validation Data (Training Time 1.210390):  0.9511107282069401
Epoch 147: 
BAS Score on Validation Data (Training Time 1.216641):  0.9560854345856719
Epoch 148: 
BAS Score on Validation Data (Training Time 1.210222):  0.9544481853761021
Epoch 149: 
BAS Score on Validation Data (Training Time 1.212181):  0.9581957022447884
High Quality
0.9639540876241242 0.9721186618362662 0.9814853136931149 0.9639540876241242 0.9660448603547713
              precision    recall  f1-score   support

           0       0.99      0.99      0.99     19588
           1       0.98      1.00      0.99      5531
           2       0.98      0.90      0.94      3100

    accuracy                           0.98     28219
   macro avg       0.98      0.96      0.97     28219
weighted avg       0.98      0.98      0.98     28219

Low Quality
0.6963860286694933 0.7686307332024814 0.8978977844914402 0.6963860286694933 0.7575084999682404
              precision    recall  f1-score   support

           0       0.96      1.00      0.98       635
           1       0.94      0.69      0.80        65
           2       0.80      0.40      0.53        20

    accuracy                           0.95       720
   macro avg       0.90      0.70      0.77       720
weighted avg       0.95      0.95      0.95       720

Emb Dim: 64
Transformer-MHA-64
=====================================================================================================================================================================
Layer (type:depth-idx)                   Input Shape               Output Shape              Kernel Shape              Param #                   Mult-Adds
=====================================================================================================================================================================
TransfomerBlock                          [2, 21, 495]              [2, 3]                    --                        --                        --
├─MakePatches: 1-1                       [2, 21, 495]              [2, 165, 63]              --                        --                        --
│    └─Unfold: 2-1                       [2, 1, 21, 495]           [2, 63, 165]              [21, 3]                   --                        --
├─Linear: 1-2                            [2, 165, 63]              [2, 165, 64]              --                        4,096                     8,192
├─PositionalEncoding: 1-3                [2, 165, 64]              [2, 165, 64]              --                        --                        --
├─TransformerEncoderLayer: 1-4           [2, 165, 64]              [2, 165, 64]              --                        --                        --
│    └─MultiheadAttention: 2-2           [2, 165, 64]              [2, 165, 64]              --                        16,640                    --
│    └─Dropout: 2-3                      [2, 165, 64]              [2, 165, 64]              --                        --                        --
│    └─LayerNorm: 2-4                    [2, 165, 64]              [2, 165, 64]              --                        128                       256
│    └─Linear: 2-5                       [2, 165, 64]              [2, 165, 2048]            --                        133,120                   266,240
│    └─Dropout: 2-6                      [2, 165, 2048]            [2, 165, 2048]            --                        --                        --
│    └─Linear: 2-7                       [2, 165, 2048]            [2, 165, 64]              --                        131,136                   262,272
│    └─Dropout: 2-8                      [2, 165, 64]              [2, 165, 64]              --                        --                        --
│    └─LayerNorm: 2-9                    [2, 165, 64]              [2, 165, 64]              --                        128                       256
├─Sequential: 1-5                        [2, 64]                   [2, 3]                    --                        --                        --
│    └─Linear: 2-10                      [2, 64]                   [2, 64]                   --                        4,160                     8,320
│    └─ReLU: 2-11                        [2, 64]                   [2, 64]                   --                        --                        --
│    └─Linear: 2-12                      [2, 64]                   [2, 32]                   --                        2,080                     4,160
│    └─ReLU: 2-13                        [2, 32]                   [2, 32]                   --                        --                        --
│    └─Linear: 2-14                      [2, 32]                   [2, 3]                    --                        99                        198
=====================================================================================================================================================================
Total params: 291,587
Trainable params: 291,587
Non-trainable params: 0
Total mult-adds (Units.MEGABYTES): 0.55
=====================================================================================================================================================================
Input size (MB): 0.08
Forward/backward pass size (MB): 6.08
Params size (MB): 1.10
Estimated Total Size (MB): 7.27
=====================================================================================================================================================================
Total Trainable Parameters:  291587
Total Parameters:  291587
Epoch 0: 
BAS Score on Validation Data (Training Time 1.559713):  0.3333333333333333
Epoch 1: 
BAS Score on Validation Data (Training Time 1.558598):  0.3333333333333333
Epoch 2: 
BAS Score on Validation Data (Training Time 1.557986):  0.5979616753668618
Epoch 3: 
BAS Score on Validation Data (Training Time 1.558812):  0.6263086097435524
Epoch 4: 
BAS Score on Validation Data (Training Time 1.557878):  0.765159430984065
Epoch 5: 
BAS Score on Validation Data (Training Time 1.558902):  0.694918083157769
Epoch 6: 
BAS Score on Validation Data (Training Time 1.558374):  0.880492096914178
Epoch 7: 
BAS Score on Validation Data (Training Time 1.559404):  0.9047211568859161
Epoch 8: 
BAS Score on Validation Data (Training Time 1.566269):  0.9060063048881991
Epoch 9: 
BAS Score on Validation Data (Training Time 1.560498):  0.908113450762689
Epoch 10: 
BAS Score on Validation Data (Training Time 1.563195):  0.8785581674925994
Epoch 11: 
BAS Score on Validation Data (Training Time 1.560588):  0.8878421854559037
Epoch 12: 
BAS Score on Validation Data (Training Time 1.560002):  0.9226237385062586
Epoch 13: 
BAS Score on Validation Data (Training Time 1.559055):  0.9037866307831667
Epoch 14: 
BAS Score on Validation Data (Training Time 1.559452):  0.859874684712841
Epoch 15: 
BAS Score on Validation Data (Training Time 1.558432):  0.928963438185614
Epoch 16: 
BAS Score on Validation Data (Training Time 1.558993):  0.9237020207556284
Epoch 17: 
BAS Score on Validation Data (Training Time 1.559393):  0.931242649977437
Epoch 18: 
BAS Score on Validation Data (Training Time 1.558441):  0.9329647504700392
Epoch 19: 
BAS Score on Validation Data (Training Time 1.558667):  0.9354137956877479
Epoch 20: 
BAS Score on Validation Data (Training Time 1.558987):  0.9357423909014791
Epoch 21: 
BAS Score on Validation Data (Training Time 1.558288):  0.9231754222249977
Epoch 22: 
BAS Score on Validation Data (Training Time 1.559773):  0.936654565316465
Epoch 23: 
BAS Score on Validation Data (Training Time 1.558658):  0.9384098612039798
Epoch 24: 
BAS Score on Validation Data (Training Time 1.562638):  0.9436222083010981
Epoch 25: 
BAS Score on Validation Data (Training Time 1.559615):  0.9392455738248926
Epoch 26: 
BAS Score on Validation Data (Training Time 1.558896):  0.937392180080271
Epoch 27: 
BAS Score on Validation Data (Training Time 1.566137):  0.9200580664062515
Epoch 28: 
BAS Score on Validation Data (Training Time 1.564662):  0.9406959884266736
Epoch 29: 
BAS Score on Validation Data (Training Time 1.560127):  0.9404650123960878
Epoch 30: 
BAS Score on Validation Data (Training Time 1.561929):  0.9438353566616792
Epoch 31: 
BAS Score on Validation Data (Training Time 1.562718):  0.9376477112737399
Epoch 32: 
BAS Score on Validation Data (Training Time 1.559826):  0.9397158668394882
Epoch 33: 
BAS Score on Validation Data (Training Time 1.560040):  0.9480680555959083
Epoch 34: 
BAS Score on Validation Data (Training Time 1.563965):  0.943770120654888
Epoch 35: 
BAS Score on Validation Data (Training Time 1.563409):  0.9461464782055601
Epoch 36: 
BAS Score on Validation Data (Training Time 1.564212):  0.9321536786292667
Epoch 37: 
BAS Score on Validation Data (Training Time 1.559351):  0.9489101136295672
Epoch 38: 
BAS Score on Validation Data (Training Time 1.560696):  0.9340503245035059
Epoch 39: 
BAS Score on Validation Data (Training Time 1.561997):  0.9472671232913683
Epoch 40: 
BAS Score on Validation Data (Training Time 1.559809):  0.938455379613795
Epoch 41: 
BAS Score on Validation Data (Training Time 1.560007):  0.946818354999193
Epoch 42: 
BAS Score on Validation Data (Training Time 1.566803):  0.9461060338351791
Epoch 43: 
BAS Score on Validation Data (Training Time 1.560368):  0.9496046071235765
Epoch 44: 
BAS Score on Validation Data (Training Time 1.564150):  0.9412130031696534
Epoch 45: 
BAS Score on Validation Data (Training Time 1.562049):  0.9492253223895256
Epoch 46: 
BAS Score on Validation Data (Training Time 1.559775):  0.9489601217911492
Epoch 47: 
BAS Score on Validation Data (Training Time 1.562797):  0.9503095394324234
Epoch 48: 
BAS Score on Validation Data (Training Time 1.560972):  0.9415186481384108
Epoch 49: 
BAS Score on Validation Data (Training Time 1.560010):  0.9511274243833315
Epoch 50: 
BAS Score on Validation Data (Training Time 1.569130):  0.9315594721979408
Epoch 51: 
BAS Score on Validation Data (Training Time 1.564332):  0.9469151672134447
Epoch 52: 
BAS Score on Validation Data (Training Time 1.560388):  0.9471966248299086
Epoch 53: 
BAS Score on Validation Data (Training Time 1.563111):  0.9521307812245531
Epoch 54: 
BAS Score on Validation Data (Training Time 1.562407):  0.9532851774538558
Epoch 55: 
BAS Score on Validation Data (Training Time 1.560940):  0.9377513223285846
Epoch 56: 
BAS Score on Validation Data (Training Time 1.560243):  0.9527554576158407
Epoch 57: 
BAS Score on Validation Data (Training Time 1.561850):  0.9530404043502788
Epoch 58: 
BAS Score on Validation Data (Training Time 1.565660):  0.9516294049460008
Epoch 59: 
BAS Score on Validation Data (Training Time 1.564540):  0.9516208075225997
Epoch 60: 
BAS Score on Validation Data (Training Time 1.560287):  0.9454564259277823
Epoch 61: 
BAS Score on Validation Data (Training Time 1.561777):  0.9406296604419261
Epoch 62: 
BAS Score on Validation Data (Training Time 1.562029):  0.9473825073394403
Epoch 63: 
BAS Score on Validation Data (Training Time 1.563282):  0.9393914421024689
Epoch 64: 
BAS Score on Validation Data (Training Time 1.561135):  0.9520880848435174
Epoch 65: 
BAS Score on Validation Data (Training Time 1.566876):  0.9554521465014406
Epoch 66: 
BAS Score on Validation Data (Training Time 1.560694):  0.9193255884869576
Epoch 67: 
BAS Score on Validation Data (Training Time 1.564556):  0.9481876101206925
Epoch 68: 
BAS Score on Validation Data (Training Time 1.562887):  0.9532641314053962
Epoch 69: 
BAS Score on Validation Data (Training Time 1.559998):  0.9534005615019278
Epoch 70: 
BAS Score on Validation Data (Training Time 1.564306):  0.9526572826841132
Epoch 71: 
BAS Score on Validation Data (Training Time 1.560357):  0.9488421093791963
Epoch 72: 
BAS Score on Validation Data (Training Time 1.559785):  0.9446432101239969
Epoch 73: 
BAS Score on Validation Data (Training Time 1.567471):  0.952582420081043
Epoch 74: 
BAS Score on Validation Data (Training Time 1.564804):  0.9519137473963221
Epoch 75: 
BAS Score on Validation Data (Training Time 1.561439):  0.9483956359063043
Epoch 76: 
BAS Score on Validation Data (Training Time 1.562173):  0.9522527956944336
Epoch 77: 
BAS Score on Validation Data (Training Time 1.562857):  0.9562862113958155
Epoch 78: 
BAS Score on Validation Data (Training Time 1.560400):  0.9537036837205108
Epoch 79: 
BAS Score on Validation Data (Training Time 1.560665):  0.9471532470901352
Epoch 80: 
BAS Score on Validation Data (Training Time 1.560177):  0.9312075789250954
Epoch 81: 
BAS Score on Validation Data (Training Time 1.566946):  0.957635372567113
Epoch 82: 
BAS Score on Validation Data (Training Time 1.564241):  0.9513157811075023
Epoch 83: 
BAS Score on Validation Data (Training Time 1.560540):  0.9255078748264004
Epoch 84: 
BAS Score on Validation Data (Training Time 1.562841):  0.9556297023270908
Epoch 85: 
BAS Score on Validation Data (Training Time 1.563158):  0.9553571899481681
Epoch 86: 
BAS Score on Validation Data (Training Time 1.560387):  0.9416495450407546
Epoch 87: 
BAS Score on Validation Data (Training Time 1.562023):  0.9568675728524075
Epoch 88: 
BAS Score on Validation Data (Training Time 1.567993):  0.9495124583295406
Epoch 89: 
BAS Score on Validation Data (Training Time 1.560859):  0.9523716403213944
Epoch 90: 
BAS Score on Validation Data (Training Time 1.564915):  0.9569915685934234
Epoch 91: 
BAS Score on Validation Data (Training Time 1.562226):  0.9532150896116144
Epoch 92: 
BAS Score on Validation Data (Training Time 1.561477):  0.9561985666230891
Epoch 93: 
BAS Score on Validation Data (Training Time 1.563829):  0.9577791144441906
Epoch 94: 
BAS Score on Validation Data (Training Time 1.561448):  0.9511241574693413
Epoch 95: 
BAS Score on Validation Data (Training Time 1.560510):  0.9482111161142482
Epoch 96: 
BAS Score on Validation Data (Training Time 1.569166):  0.9467775142791366
Epoch 97: 
BAS Score on Validation Data (Training Time 1.563349):  0.9361610708365834
Epoch 98: 
BAS Score on Validation Data (Training Time 1.562710):  0.9524861636153729
Epoch 99: 
BAS Score on Validation Data (Training Time 1.562169):  0.9355747894897987
Epoch 100: 
BAS Score on Validation Data (Training Time 1.562254):  0.9585848215095599
Epoch 101: 
BAS Score on Validation Data (Training Time 1.561636):  0.9515656139809705
Epoch 102: 
BAS Score on Validation Data (Training Time 1.561903):  0.9566718415426125
Epoch 103: 
BAS Score on Validation Data (Training Time 1.560883):  0.9400158477542372
Epoch 104: 
BAS Score on Validation Data (Training Time 1.570699):  0.943657133746834
Epoch 105: 
BAS Score on Validation Data (Training Time 1.564595):  0.9563056867923577
Epoch 106: 
BAS Score on Validation Data (Training Time 1.560494):  0.9240832862835725
Epoch 107: 
BAS Score on Validation Data (Training Time 1.562821):  0.9561143824292516
Epoch 108: 
BAS Score on Validation Data (Training Time 1.563407):  0.9469086105732858
Epoch 109: 
BAS Score on Validation Data (Training Time 1.561119):  0.9553067568978251
Epoch 110: 
BAS Score on Validation Data (Training Time 1.560746):  0.9520984323141911
Epoch 111: 
BAS Score on Validation Data (Training Time 1.565987):  0.9451602819451481
Epoch 112: 
BAS Score on Validation Data (Training Time 1.560764):  0.9471095986108421
Epoch 113: 
BAS Score on Validation Data (Training Time 1.564215):  0.956869414243844
Epoch 114: 
BAS Score on Validation Data (Training Time 1.561796):  0.9571604499210516
Epoch 115: 
BAS Score on Validation Data (Training Time 1.559498):  0.9575483320785035
Epoch 116: 
BAS Score on Validation Data (Training Time 1.555875):  0.9471602881311618
Epoch 117: 
BAS Score on Validation Data (Training Time 1.554655):  0.9550865960353029
Epoch 118: 
BAS Score on Validation Data (Training Time 1.553223):  0.9566004680575165
Epoch 119: 
BAS Score on Validation Data (Training Time 1.561277):  0.9488673544434535
Epoch 120: 
BAS Score on Validation Data (Training Time 1.563962):  0.9594829623780273
Epoch 121: 
BAS Score on Validation Data (Training Time 1.562616):  0.9431367069605004
Epoch 122: 
BAS Score on Validation Data (Training Time 1.555325):  0.9602017202989508
Epoch 123: 
BAS Score on Validation Data (Training Time 1.554014):  0.9483162550123815
Epoch 124: 
BAS Score on Validation Data (Training Time 1.556631):  0.9585271680228341
Epoch 125: 
BAS Score on Validation Data (Training Time 1.553955):  0.9598673839565904
Epoch 126: 
BAS Score on Validation Data (Training Time 1.553401):  0.9592232321687605
Epoch 127: 
BAS Score on Validation Data (Training Time 1.562539):  0.9462579767859823
Epoch 128: 
BAS Score on Validation Data (Training Time 1.557642):  0.9491274324668605
Epoch 129: 
BAS Score on Validation Data (Training Time 1.554380):  0.9498409907381938
Epoch 130: 
BAS Score on Validation Data (Training Time 1.555522):  0.943756671396037
Epoch 131: 
BAS Score on Validation Data (Training Time 1.556907):  0.9455717471707764
Epoch 132: 
BAS Score on Validation Data (Training Time 1.553773):  0.9512737032801263
Epoch 133: 
BAS Score on Validation Data (Training Time 1.554276):  0.956864098003976
Epoch 134: 
BAS Score on Validation Data (Training Time 1.560304):  0.9608579586281562
Epoch 135: 
BAS Score on Validation Data (Training Time 1.562068):  0.9490400584336536
Epoch 136: 
BAS Score on Validation Data (Training Time 1.564652):  0.9599996435764098
Epoch 137: 
BAS Score on Validation Data (Training Time 1.562006):  0.9534457949026806
Epoch 138: 
BAS Score on Validation Data (Training Time 1.560990):  0.9532055258204135
Epoch 139: 
BAS Score on Validation Data (Training Time 1.557030):  0.9581050955635839
Epoch 140: 
BAS Score on Validation Data (Training Time 1.553455):  0.9567722827545375
Epoch 141: 
BAS Score on Validation Data (Training Time 1.554053):  0.943384350628392
Epoch 142: 
BAS Score on Validation Data (Training Time 1.560086):  0.9464013708489197
Epoch 143: 
BAS Score on Validation Data (Training Time 1.553817):  0.9547489499703238
Epoch 144: 
BAS Score on Validation Data (Training Time 1.557583):  0.9581898983110811
Epoch 145: 
BAS Score on Validation Data (Training Time 1.556165):  0.9572175619287385
Epoch 146: 
BAS Score on Validation Data (Training Time 1.553906):  0.9491458786905248
Epoch 147: 
BAS Score on Validation Data (Training Time 1.557018):  0.9567805323637981
Epoch 148: 
BAS Score on Validation Data (Training Time 1.554774):  0.9612043815118918
Epoch 149: 
BAS Score on Validation Data (Training Time 1.554989):  0.9583099943149044
High Quality
0.964463455368061 0.970796337576383 0.9777502299154066 0.964463455368061 0.9653359222806316
              precision    recall  f1-score   support

           0       0.99      0.99      0.99     19588
           1       0.98      0.99      0.98      5531
           2       0.97      0.91      0.94      3100

    accuracy                           0.98     28219
   macro avg       0.98      0.96      0.97     28219
weighted avg       0.98      0.98      0.98     28219

Low Quality
0.6450232182515646 0.5453271575851527 0.5785924502626786 0.6450232182515646 0.3727986756272677
              precision    recall  f1-score   support

           0       0.98      0.72      0.83       635
           1       0.22      0.82      0.35        65
           2       0.53      0.40      0.46        20

    accuracy                           0.72       720
   macro avg       0.58      0.65      0.55       720
weighted avg       0.90      0.72      0.78       720

Emb Dim: 128
Transformer-MHA-128
=====================================================================================================================================================================
Layer (type:depth-idx)                   Input Shape               Output Shape              Kernel Shape              Param #                   Mult-Adds
=====================================================================================================================================================================
TransfomerBlock                          [2, 21, 495]              [2, 3]                    --                        --                        --
├─MakePatches: 1-1                       [2, 21, 495]              [2, 165, 63]              --                        --                        --
│    └─Unfold: 2-1                       [2, 1, 21, 495]           [2, 63, 165]              [21, 3]                   --                        --
├─Linear: 1-2                            [2, 165, 63]              [2, 165, 128]             --                        8,192                     16,384
├─PositionalEncoding: 1-3                [2, 165, 128]             [2, 165, 128]             --                        --                        --
├─TransformerEncoderLayer: 1-4           [2, 165, 128]             [2, 165, 128]             --                        --                        --
│    └─MultiheadAttention: 2-2           [2, 165, 128]             [2, 165, 128]             --                        66,048                    --
│    └─Dropout: 2-3                      [2, 165, 128]             [2, 165, 128]             --                        --                        --
│    └─LayerNorm: 2-4                    [2, 165, 128]             [2, 165, 128]             --                        256                       512
│    └─Linear: 2-5                       [2, 165, 128]             [2, 165, 2048]            --                        264,192                   528,384
│    └─Dropout: 2-6                      [2, 165, 2048]            [2, 165, 2048]            --                        --                        --
│    └─Linear: 2-7                       [2, 165, 2048]            [2, 165, 128]             --                        262,272                   524,544
│    └─Dropout: 2-8                      [2, 165, 128]             [2, 165, 128]             --                        --                        --
│    └─LayerNorm: 2-9                    [2, 165, 128]             [2, 165, 128]             --                        256                       512
├─Sequential: 1-5                        [2, 128]                  [2, 3]                    --                        --                        --
│    └─Linear: 2-10                      [2, 128]                  [2, 64]                   --                        8,256                     16,512
│    └─ReLU: 2-11                        [2, 64]                   [2, 64]                   --                        --                        --
│    └─Linear: 2-12                      [2, 64]                   [2, 32]                   --                        2,080                     4,160
│    └─ReLU: 2-13                        [2, 32]                   [2, 32]                   --                        --                        --
│    └─Linear: 2-14                      [2, 32]                   [2, 3]                    --                        99                        198
=====================================================================================================================================================================
Total params: 611,651
Trainable params: 611,651
Non-trainable params: 0
Total mult-adds (Units.MEGABYTES): 1.09
=====================================================================================================================================================================
Input size (MB): 0.08
Forward/backward pass size (MB): 6.76
Params size (MB): 2.18
Estimated Total Size (MB): 9.03
=====================================================================================================================================================================
Total Trainable Parameters:  611651
Total Parameters:  611651
Epoch 0: 
BAS Score on Validation Data (Training Time 1.716996):  0.3590693051310929
Epoch 1: 
BAS Score on Validation Data (Training Time 1.709899):  0.503927054442714
Epoch 2: 
BAS Score on Validation Data (Training Time 1.709143):  0.6153788617375553
Epoch 3: 
BAS Score on Validation Data (Training Time 1.708596):  0.7404072673265775
Epoch 4: 
BAS Score on Validation Data (Training Time 1.708898):  0.853335691301309
Epoch 5: 
BAS Score on Validation Data (Training Time 1.709532):  0.8180496206685678
Epoch 6: 
BAS Score on Validation Data (Training Time 1.708468):  0.8945124958861183
Epoch 7: 
BAS Score on Validation Data (Training Time 1.709098):  0.8512095967625308
Epoch 8: 
BAS Score on Validation Data (Training Time 1.709284):  0.8969581633264657
Epoch 9: 
BAS Score on Validation Data (Training Time 1.708636):  0.9179448711046492
Epoch 10: 
BAS Score on Validation Data (Training Time 1.709526):  0.9171478242677589
Epoch 11: 
BAS Score on Validation Data (Training Time 1.710476):  0.9146463304625795
Epoch 12: 
BAS Score on Validation Data (Training Time 1.712127):  0.9257864048003784
Epoch 13: 
BAS Score on Validation Data (Training Time 1.709546):  0.9260595985380388
Epoch 14: 
BAS Score on Validation Data (Training Time 1.709090):  0.9203143417635363
Epoch 15: 
BAS Score on Validation Data (Training Time 1.709493):  0.9136870469894122
Epoch 16: 
BAS Score on Validation Data (Training Time 1.709503):  0.91614975512732
Epoch 17: 
BAS Score on Validation Data (Training Time 1.709872):  0.9228312228128313
Epoch 18: 
BAS Score on Validation Data (Training Time 1.710363):  0.9044481943721182
Epoch 19: 
BAS Score on Validation Data (Training Time 1.711451):  0.924410775727047
Epoch 20: 
BAS Score on Validation Data (Training Time 1.710436):  0.9351686747700308
Epoch 21: 
BAS Score on Validation Data (Training Time 1.718198):  0.9347657298931825
Epoch 22: 
BAS Score on Validation Data (Training Time 1.714930):  0.9380322241964668
Epoch 23: 
BAS Score on Validation Data (Training Time 1.711855):  0.9145057189127646
Epoch 24: 
BAS Score on Validation Data (Training Time 1.710562):  0.930009659826656
Epoch 25: 
BAS Score on Validation Data (Training Time 1.712237):  0.9290244156645011
Epoch 26: 
BAS Score on Validation Data (Training Time 1.711219):  0.9458182165364263
Epoch 27: 
BAS Score on Validation Data (Training Time 1.710841):  0.9420177581367654
Epoch 28: 
BAS Score on Validation Data (Training Time 1.716562):  0.9480099772204215
Epoch 29: 
BAS Score on Validation Data (Training Time 1.734881):  0.9182051460859263
Epoch 30: 
BAS Score on Validation Data (Training Time 1.715714):  0.9454810096297512
Epoch 31: 
BAS Score on Validation Data (Training Time 1.714608):  0.9500249405121254
Epoch 32: 
BAS Score on Validation Data (Training Time 1.714796):  0.9341096885218474
Epoch 33: 
BAS Score on Validation Data (Training Time 1.714111):  0.9438001119408885
Epoch 34: 
BAS Score on Validation Data (Training Time 1.713050):  0.9484119557294698
Epoch 35: 
BAS Score on Validation Data (Training Time 1.720386):  0.9461933307937652
Epoch 36: 
BAS Score on Validation Data (Training Time 1.716663):  0.9446314713967618
Epoch 37: 
BAS Score on Validation Data (Training Time 1.715142):  0.9462647328179467
Epoch 38: 
BAS Score on Validation Data (Training Time 1.713064):  0.9387023419229487
Epoch 39: 
BAS Score on Validation Data (Training Time 1.715999):  0.9392356136840161
Epoch 40: 
BAS Score on Validation Data (Training Time 1.712867):  0.9501371975259062
Epoch 41: 
BAS Score on Validation Data (Training Time 1.717736):  0.9460189020024062
Epoch 42: 
BAS Score on Validation Data (Training Time 1.717100):  0.954405745465043
Epoch 43: 
BAS Score on Validation Data (Training Time 1.717547):  0.947023650100189
Epoch 44: 
BAS Score on Validation Data (Training Time 1.713463):  0.9459603877615869
Epoch 45: 
BAS Score on Validation Data (Training Time 1.712183):  0.9544895675751975
Epoch 46: 
BAS Score on Validation Data (Training Time 1.715979):  0.9369895344820277
Epoch 47: 
BAS Score on Validation Data (Training Time 1.713604):  0.9486902092370216
Epoch 48: 
BAS Score on Validation Data (Training Time 1.716999):  0.9552204120374963
Epoch 49: 
BAS Score on Validation Data (Training Time 1.713768):  0.9511710728626245
Epoch 50: 
BAS Score on Validation Data (Training Time 1.716628):  0.9485248170273676
Epoch 51: 
BAS Score on Validation Data (Training Time 1.715412):  0.9500820039842769
Epoch 52: 
BAS Score on Validation Data (Training Time 1.711766):  0.9349634995522841
Epoch 53: 
BAS Score on Validation Data (Training Time 1.715616):  0.9421719530982234
Epoch 54: 
BAS Score on Validation Data (Training Time 1.713260):  0.9567674937241657
Epoch 55: 
BAS Score on Validation Data (Training Time 1.718802):  0.951122378882983
Epoch 56: 
BAS Score on Validation Data (Training Time 1.748864):  0.9538713279408196
Epoch 57: 
BAS Score on Validation Data (Training Time 1.717191):  0.9388917135504546
Epoch 58: 
BAS Score on Validation Data (Training Time 1.714319):  0.9545275662700249
Epoch 59: 
BAS Score on Validation Data (Training Time 1.715027):  0.9487873549958709
Epoch 60: 
BAS Score on Validation Data (Training Time 1.712489):  0.9515185391887812
Epoch 61: 
BAS Score on Validation Data (Training Time 1.712864):  0.9553896411792651
Epoch 62: 
BAS Score on Validation Data (Training Time 1.717266):  0.9541314059642266
Epoch 63: 
BAS Score on Validation Data (Training Time 1.712556):  0.9532386584102482
Epoch 64: 
BAS Score on Validation Data (Training Time 1.715628):  0.9179277100465976
Epoch 65: 
BAS Score on Validation Data (Training Time 1.712847):  0.9533017822860835
Epoch 66: 
BAS Score on Validation Data (Training Time 1.713764):  0.9445885470848351
Epoch 67: 
BAS Score on Validation Data (Training Time 1.710936):  0.9512446355532974
Epoch 68: 
BAS Score on Validation Data (Training Time 1.711783):  0.9462777857271222
Epoch 69: 
BAS Score on Validation Data (Training Time 1.717759):  0.955676839924358
Epoch 70: 
BAS Score on Validation Data (Training Time 1.711435):  0.9482238212092833
Epoch 71: 
BAS Score on Validation Data (Training Time 1.716264):  0.9595604390754356
Epoch 72: 
BAS Score on Validation Data (Training Time 1.713115):  0.9508871695706071
Epoch 73: 
BAS Score on Validation Data (Training Time 1.714664):  0.9562036891980585
Epoch 74: 
BAS Score on Validation Data (Training Time 1.713215):  0.9548857278809956
Epoch 75: 
BAS Score on Validation Data (Training Time 1.711572):  0.9575859829591908
Epoch 76: 
BAS Score on Validation Data (Training Time 1.717868):  0.9445974295172982
Epoch 77: 
BAS Score on Validation Data (Training Time 1.714469):  0.8944266687381651
Epoch 78: 
BAS Score on Validation Data (Training Time 1.715186):  0.9563755038950795
Epoch 79: 
BAS Score on Validation Data (Training Time 1.714876):  0.9521246922817835
Epoch 80: 
BAS Score on Validation Data (Training Time 1.715199):  0.9578833640491445
Epoch 81: 
BAS Score on Validation Data (Training Time 1.711792):  0.9115924658530162
Epoch 82: 
BAS Score on Validation Data (Training Time 1.713980):  0.954852957374844
Epoch 83: 
BAS Score on Validation Data (Training Time 1.719707):  0.9475740053674451
Epoch 84: 
BAS Score on Validation Data (Training Time 1.716404):  0.949890380346116
Epoch 85: 
BAS Score on Validation Data (Training Time 1.713241):  0.9595053083388843
Epoch 86: 
BAS Score on Validation Data (Training Time 1.714547):  0.9576041584433356
Epoch 87: 
BAS Score on Validation Data (Training Time 1.714321):  0.9560631656994358
Epoch 88: 
BAS Score on Validation Data (Training Time 1.711286):  0.9572889496833771
Epoch 89: 
BAS Score on Validation Data (Training Time 1.712346):  0.9576225903974569
Epoch 90: 
BAS Score on Validation Data (Training Time 1.719491):  0.9550410290899526
Epoch 91: 
BAS Score on Validation Data (Training Time 1.716651):  0.9599263373557138
Epoch 92: 
BAS Score on Validation Data (Training Time 1.715182):  0.959446354939761
Epoch 93: 
BAS Score on Validation Data (Training Time 1.706821):  0.9435692810396663
Epoch 94: 
BAS Score on Validation Data (Training Time 1.707901):  0.951546278464127
Epoch 95: 
BAS Score on Validation Data (Training Time 1.707663):  0.9597682569266058
Epoch 96: 
BAS Score on Validation Data (Training Time 1.712182):  0.9581310077170361
Epoch 97: 
BAS Score on Validation Data (Training Time 1.718546):  0.9603349320170275
Epoch 98: 
BAS Score on Validation Data (Training Time 1.716727):  0.9597615636997193
Epoch 99: 
BAS Score on Validation Data (Training Time 1.712511):  0.9530011970872175
Epoch 100: 
BAS Score on Validation Data (Training Time 1.713943):  0.9586183019135349
Epoch 101: 
BAS Score on Validation Data (Training Time 1.715232):  0.957634329124692
Epoch 102: 
BAS Score on Validation Data (Training Time 1.712571):  0.9581338782813505
Epoch 103: 
BAS Score on Validation Data (Training Time 1.711515):  0.9581676151553022
Epoch 104: 
BAS Score on Validation Data (Training Time 1.719049):  0.9561108162366564
Epoch 105: 
BAS Score on Validation Data (Training Time 1.717091):  0.9592059317082522
Epoch 106: 
BAS Score on Validation Data (Training Time 1.712896):  0.9597284311098847
Epoch 107: 
BAS Score on Validation Data (Training Time 1.713902):  0.9584710851880257
Epoch 108: 
BAS Score on Validation Data (Training Time 1.715849):  0.9616722773864691
Epoch 109: 
BAS Score on Validation Data (Training Time 1.713457):  0.9611894244062019
Epoch 110: 
BAS Score on Validation Data (Training Time 1.711630):  0.9576357203812532
Epoch 111: 
BAS Score on Validation Data (Training Time 1.720816):  0.955974221014312
Epoch 112: 
BAS Score on Validation Data (Training Time 1.716063):  0.9610036047017484
Epoch 113: 
BAS Score on Validation Data (Training Time 1.714198):  0.9473021115421822
Epoch 114: 
BAS Score on Validation Data (Training Time 1.713342):  0.9500473007425251
Epoch 115: 
BAS Score on Validation Data (Training Time 1.715073):  0.9590626289894786
Epoch 116: 
BAS Score on Validation Data (Training Time 1.713961):  0.9606970076347338
Epoch 117: 
BAS Score on Validation Data (Training Time 1.714036):  0.9565988974055996
Epoch 118: 
BAS Score on Validation Data (Training Time 1.719606):  0.9608330899171249
Epoch 119: 
BAS Score on Validation Data (Training Time 1.717579):  0.9600126822160423
Epoch 120: 
BAS Score on Validation Data (Training Time 1.714800):  0.9601424190856874
Epoch 121: 
BAS Score on Validation Data (Training Time 1.713321):  0.9431431294478675
Epoch 122: 
BAS Score on Validation Data (Training Time 1.715839):  0.9572015756501705
Epoch 123: 
BAS Score on Validation Data (Training Time 1.714077):  0.9606323131069813
Epoch 124: 
BAS Score on Validation Data (Training Time 1.711513):  0.9581587469923819
Epoch 125: 
BAS Score on Validation Data (Training Time 1.718738):  0.9599253852574564
Epoch 126: 
BAS Score on Validation Data (Training Time 1.715754):  0.9579111033244905
Epoch 127: 
BAS Score on Validation Data (Training Time 1.713421):  0.9606625751325014
Epoch 128: 
BAS Score on Validation Data (Training Time 1.711690):  0.9598893821033071
Epoch 129: 
BAS Score on Validation Data (Training Time 1.714692):  0.9454957783202071
Epoch 130: 
BAS Score on Validation Data (Training Time 1.712417):  0.96136280975514
Epoch 131: 
BAS Score on Validation Data (Training Time 1.716733):  0.9580200648851956
Epoch 132: 
BAS Score on Validation Data (Training Time 1.713490):  0.953479608851253
Epoch 133: 
BAS Score on Validation Data (Training Time 1.717026):  0.9608952616947031
Epoch 134: 
BAS Score on Validation Data (Training Time 1.706423):  0.9601245914156827
Epoch 135: 
BAS Score on Validation Data (Training Time 1.705167):  0.9599252939132926
Epoch 136: 
BAS Score on Validation Data (Training Time 1.708198):  0.9604331069487548
Epoch 137: 
BAS Score on Validation Data (Training Time 1.706411):  0.9619074866988448
Epoch 138: 
BAS Score on Validation Data (Training Time 1.713614):  0.9609695200136564
Epoch 139: 
BAS Score on Validation Data (Training Time 1.706341):  0.9617710566023135
Epoch 140: 
BAS Score on Validation Data (Training Time 1.710978):  0.9607110126421663
Epoch 141: 
BAS Score on Validation Data (Training Time 1.707646):  0.9567200225823008
Epoch 142: 
BAS Score on Validation Data (Training Time 1.704904):  0.960606492297693
Epoch 143: 
BAS Score on Validation Data (Training Time 1.713539):  0.9598893821033071
Epoch 144: 
BAS Score on Validation Data (Training Time 1.712822):  0.9622666917522366
Epoch 145: 
BAS Score on Validation Data (Training Time 1.718768):  0.9582330053113353
Epoch 146: 
BAS Score on Validation Data (Training Time 1.713003):  0.9619074866988448
Epoch 147: 
BAS Score on Validation Data (Training Time 1.717516):  0.9596930465093951
Epoch 148: 
BAS Score on Validation Data (Training Time 1.712867):  0.9512695328034141
Epoch 149: 
BAS Score on Validation Data (Training Time 1.713707):  0.9539889011944686
High Quality
0.9622130642460922 0.9711118838554346 0.9812562455015295 0.9622130642460922 0.9651843554301989
              precision    recall  f1-score   support

           0       0.99      0.99      0.99     19588
           1       0.98      0.99      0.99      5531
           2       0.98      0.90      0.94      3100

    accuracy                           0.98     28219
   macro avg       0.98      0.96      0.97     28219
weighted avg       0.98      0.98      0.98     28219

Low Quality
0.4795376539471028 0.47100498418153053 0.5039728682170542 0.4795376539471028 0.4397856967658064
              precision    recall  f1-score   support

           0       0.96      0.97      0.97       635
           1       0.44      0.22      0.29        65
           2       0.12      0.25      0.16        20

    accuracy                           0.88       720
   macro avg       0.50      0.48      0.47       720
weighted avg       0.89      0.88      0.88       720


High Quality Post 2020
                          mean       std       sem  count
Model                                                    
Transformer-FNET-128  0.971014  0.000823  0.000336      6
Transformer-FNET-64   0.969019  0.001139  0.000465      6
Transformer-MHA-128   0.972317  0.003632  0.001483      6
Transformer-MHA-64    0.971656  0.000970  0.000396      6
                          mean       std       sem  count
Model                                                    
Transformer-FNET-128  0.961896  0.001507  0.000615      6
Transformer-FNET-64   0.962338  0.001772  0.000724      6
Transformer-MHA-128   0.967480  0.003681  0.001503      6
Transformer-MHA-64    0.963303  0.001684  0.000688      6
                          mean       std       sem  count
Model                                                    
Transformer-FNET-128  0.964939  0.000933  0.000381      6
Transformer-FNET-64   0.962588  0.001501  0.000613      6
Transformer-MHA-128   0.966166  0.004475  0.001827      6
Transformer-MHA-64    0.965807  0.001061  0.000433      6

Low Quality Post 2020
                          mean       std       sem  count
Model                                                    
Transformer-FNET-128  0.723379  0.095082  0.038817      6
Transformer-FNET-64   0.660392  0.109066  0.044526      6
Transformer-MHA-128   0.612173  0.135709  0.055403      6
Transformer-MHA-64    0.641417  0.111988  0.045719      6
                          mean       std       sem  count
Model                                                    
Transformer-FNET-128  0.663391  0.081420  0.033240      6
Transformer-FNET-64   0.662889  0.081518  0.033280      6
Transformer-MHA-128   0.641847  0.114885  0.046902      6
Transformer-MHA-64    0.668721  0.051504  0.021026      6
                          mean       std       sem  count
Model                                                    
Transformer-FNET-128  0.718765  0.080637  0.032920      6
Transformer-FNET-64   0.552305  0.175244  0.071543      6
Transformer-MHA-128   0.532988  0.186461  0.076122      6
Transformer-MHA-64    0.543576  0.202062  0.082491      6
Saving Results
************Fold: 6
Data Shape Before Sampling:  (59973, 21, 495) (59973,)
Subtype/Host: 0 ,count:  34603 ,index count: (array([False,  True]), array([25370, 34603])) ,downsampling:  (16000, 21, 495) (16000,)
Subtype/Host: 1 ,count:  16398 ,index count: (array([False,  True]), array([43575, 16398])) ,downsampling:  (16000, 21, 495) (16000,)
Subtype/Host: 2 ,count:  8972 ,index count: (array([False,  True]), array([51001,  8972])) ,keep:  (8972, 21, 495) (8972,)
Emb Dim: 64
Transformer-FNET-64
=====================================================================================================================================================================
Layer (type:depth-idx)                   Input Shape               Output Shape              Kernel Shape              Param #                   Mult-Adds
=====================================================================================================================================================================
TransfomerBlock                          [2, 21, 495]              [2, 3]                    --                        --                        --
├─MakePatches: 1-1                       [2, 21, 495]              [2, 165, 63]              --                        --                        --
│    └─Unfold: 2-1                       [2, 1, 21, 495]           [2, 63, 165]              [21, 3]                   --                        --
├─Linear: 1-2                            [2, 165, 63]              [2, 165, 64]              --                        4,096                     8,192
├─PositionalEncoding: 1-3                [2, 165, 64]              [2, 165, 64]              --                        --                        --
├─FNET: 1-4                              [2, 165, 64]              [2, 165, 64]              --                        --                        --
│    └─LayerNorm: 2-2                    [2, 165, 64]              [2, 165, 64]              --                        128                       256
│    └─Sequential: 2-3                   [2, 165, 64]              [2, 165, 64]              --                        --                        --
│    │    └─Linear: 3-1                  [2, 165, 64]              [2, 165, 64]              --                        4,160                     8,320
│    │    └─ReLU: 3-2                    [2, 165, 64]              [2, 165, 64]              --                        --                        --
│    │    └─Dropout: 3-3                 [2, 165, 64]              [2, 165, 64]              --                        --                        --
│    │    └─Linear: 3-4                  [2, 165, 64]              [2, 165, 64]              --                        4,160                     8,320
│    └─LayerNorm: 2-4                    [2, 165, 64]              [2, 165, 64]              --                        128                       256
├─Sequential: 1-5                        [2, 64]                   [2, 3]                    --                        --                        --
│    └─Linear: 2-5                       [2, 64]                   [2, 64]                   --                        4,160                     8,320
│    └─ReLU: 2-6                         [2, 64]                   [2, 64]                   --                        --                        --
│    └─Linear: 2-7                       [2, 64]                   [2, 32]                   --                        2,080                     4,160
│    └─ReLU: 2-8                         [2, 32]                   [2, 32]                   --                        --                        --
│    └─Linear: 2-9                       [2, 32]                   [2, 3]                    --                        99                        198
=====================================================================================================================================================================
Total params: 19,011
Trainable params: 19,011
Non-trainable params: 0
Total mult-adds (Units.MEGABYTES): 0.04
=====================================================================================================================================================================
Input size (MB): 0.08
Forward/backward pass size (MB): 0.85
Params size (MB): 0.08
Estimated Total Size (MB): 1.01
=====================================================================================================================================================================
Total Trainable Parameters:  19011
Total Parameters:  19011
Epoch 0: 
BAS Score on Validation Data (Training Time 1.105621):  0.3333333333333333
Epoch 1: 
BAS Score on Validation Data (Training Time 1.064815):  0.33432632263090384
Epoch 2: 
BAS Score on Validation Data (Training Time 1.065199):  0.5616064571718157
Epoch 3: 
BAS Score on Validation Data (Training Time 1.064129):  0.5074679800930014
Epoch 4: 
BAS Score on Validation Data (Training Time 1.065314):  0.5849562692539215
Epoch 5: 
BAS Score on Validation Data (Training Time 1.065231):  0.6184835553281224
Epoch 6: 
BAS Score on Validation Data (Training Time 1.065071):  0.619880517648976
Epoch 7: 
BAS Score on Validation Data (Training Time 1.066196):  0.621980720473132
Epoch 8: 
BAS Score on Validation Data (Training Time 1.065680):  0.6469215471764926
Epoch 9: 
BAS Score on Validation Data (Training Time 1.064986):  0.7235920509103567
Epoch 10: 
BAS Score on Validation Data (Training Time 1.064948):  0.7766508317705819
Epoch 11: 
BAS Score on Validation Data (Training Time 1.065428):  0.8567270965386649
Epoch 12: 
BAS Score on Validation Data (Training Time 1.065936):  0.8613937322842101
Epoch 13: 
BAS Score on Validation Data (Training Time 1.065078):  0.8726327807121216
Epoch 14: 
BAS Score on Validation Data (Training Time 1.064962):  0.8866636150848543
Epoch 15: 
BAS Score on Validation Data (Training Time 1.064946):  0.89202966400096
Epoch 16: 
BAS Score on Validation Data (Training Time 1.072105):  0.8948758263689998
Epoch 17: 
BAS Score on Validation Data (Training Time 1.065851):  0.902740725919554
Epoch 18: 
BAS Score on Validation Data (Training Time 1.071139):  0.9043201816865939
Epoch 19: 
BAS Score on Validation Data (Training Time 1.065518):  0.9065402097750536
Epoch 20: 
BAS Score on Validation Data (Training Time 1.067639):  0.9115597185725955
Epoch 21: 
BAS Score on Validation Data (Training Time 1.066529):  0.9108290140353855
Epoch 22: 
BAS Score on Validation Data (Training Time 1.065903):  0.9157797529538899
Epoch 23: 
BAS Score on Validation Data (Training Time 1.066094):  0.9166474512375018
Epoch 24: 
BAS Score on Validation Data (Training Time 1.066225):  0.9201662039407251
Epoch 25: 
BAS Score on Validation Data (Training Time 1.066503):  0.9201892942483242
Epoch 26: 
BAS Score on Validation Data (Training Time 1.066016):  0.9202428994384082
Epoch 27: 
BAS Score on Validation Data (Training Time 1.066209):  0.9109125884781747
Epoch 28: 
BAS Score on Validation Data (Training Time 1.065491):  0.9176910402263857
Epoch 29: 
BAS Score on Validation Data (Training Time 1.066178):  0.9217671565663652
Epoch 30: 
BAS Score on Validation Data (Training Time 1.065703):  0.9222563870353704
Epoch 31: 
BAS Score on Validation Data (Training Time 1.066412):  0.9242056587331509
Epoch 32: 
BAS Score on Validation Data (Training Time 1.073432):  0.9269064456602972
Epoch 33: 
BAS Score on Validation Data (Training Time 1.066629):  0.92725981937416
Epoch 34: 
BAS Score on Validation Data (Training Time 1.065718):  0.92546990546516
Epoch 35: 
BAS Score on Validation Data (Training Time 1.068166):  0.9211210285594634
Epoch 36: 
BAS Score on Validation Data (Training Time 1.067333):  0.9269169664335674
Epoch 37: 
BAS Score on Validation Data (Training Time 1.067590):  0.9272001121050278
Epoch 38: 
BAS Score on Validation Data (Training Time 1.065916):  0.9272091747149331
Epoch 39: 
BAS Score on Validation Data (Training Time 1.065768):  0.9287851235575495
Epoch 40: 
BAS Score on Validation Data (Training Time 1.065454):  0.9335203039606714
Epoch 41: 
BAS Score on Validation Data (Training Time 1.065854):  0.9338481274979444
Epoch 42: 
BAS Score on Validation Data (Training Time 1.065839):  0.9254593401058693
Epoch 43: 
BAS Score on Validation Data (Training Time 1.065782):  0.9330386333521862
Epoch 44: 
BAS Score on Validation Data (Training Time 1.065940):  0.9343032911921275
Epoch 45: 
BAS Score on Validation Data (Training Time 1.065901):  0.9348600638492971
Epoch 46: 
BAS Score on Validation Data (Training Time 1.065770):  0.9363738455537903
Epoch 47: 
BAS Score on Validation Data (Training Time 1.065940):  0.9357417898306029
Epoch 48: 
BAS Score on Validation Data (Training Time 1.066524):  0.9354565950161908
Epoch 49: 
BAS Score on Validation Data (Training Time 1.066495):  0.9366465158017873
Epoch 50: 
BAS Score on Validation Data (Training Time 1.066872):  0.9377943992260026
Epoch 51: 
BAS Score on Validation Data (Training Time 1.066877):  0.9375718272436665
Epoch 52: 
BAS Score on Validation Data (Training Time 1.066617):  0.9362680476052873
Epoch 53: 
BAS Score on Validation Data (Training Time 1.066658):  0.9374615206651139
Epoch 54: 
BAS Score on Validation Data (Training Time 1.067001):  0.9377647507635093
Epoch 55: 
BAS Score on Validation Data (Training Time 1.066422):  0.9390851532542069
Epoch 56: 
BAS Score on Validation Data (Training Time 1.066283):  0.9384860719006021
Epoch 57: 
BAS Score on Validation Data (Training Time 1.066529):  0.9379728393541992
Epoch 58: 
BAS Score on Validation Data (Training Time 1.066067):  0.9406114141753088
Epoch 59: 
BAS Score on Validation Data (Training Time 1.066487):  0.9326906346883644
Epoch 60: 
BAS Score on Validation Data (Training Time 1.068564):  0.9367221642440379
Epoch 61: 
BAS Score on Validation Data (Training Time 1.066501):  0.9394900376653955
Epoch 62: 
BAS Score on Validation Data (Training Time 1.073632):  0.9402475200700687
Epoch 63: 
BAS Score on Validation Data (Training Time 1.067648):  0.9399426511728676
Epoch 64: 
BAS Score on Validation Data (Training Time 1.072507):  0.942821377566344
Epoch 65: 
BAS Score on Validation Data (Training Time 1.066243):  0.9401286061936706
Epoch 66: 
BAS Score on Validation Data (Training Time 1.069993):  0.9331603267421076
Epoch 67: 
BAS Score on Validation Data (Training Time 1.066352):  0.9424378996960353
Epoch 68: 
BAS Score on Validation Data (Training Time 1.067620):  0.9426003990330069
Epoch 69: 
BAS Score on Validation Data (Training Time 1.066383):  0.945888563817528
Epoch 70: 
BAS Score on Validation Data (Training Time 1.066640):  0.9429155623363376
Epoch 71: 
BAS Score on Validation Data (Training Time 1.066522):  0.9379958393440778
Epoch 72: 
BAS Score on Validation Data (Training Time 1.066495):  0.9412498923858633
Epoch 73: 
BAS Score on Validation Data (Training Time 1.066643):  0.9463697333822537
Epoch 74: 
BAS Score on Validation Data (Training Time 1.066474):  0.9434279284627486
Epoch 75: 
BAS Score on Validation Data (Training Time 1.072843):  0.9458098191768931
Epoch 76: 
BAS Score on Validation Data (Training Time 1.074652):  0.946169204652084
Epoch 77: 
BAS Score on Validation Data (Training Time 1.073112):  0.9433667634121444
Epoch 78: 
BAS Score on Validation Data (Training Time 1.067502):  0.9455336420044729
Epoch 79: 
BAS Score on Validation Data (Training Time 1.070692):  0.9454910132816119
Epoch 80: 
BAS Score on Validation Data (Training Time 1.068419):  0.9457567150305685
Epoch 81: 
BAS Score on Validation Data (Training Time 1.068174):  0.9480855015983886
Epoch 82: 
BAS Score on Validation Data (Training Time 1.069443):  0.9446388904129925
Epoch 83: 
BAS Score on Validation Data (Training Time 1.067735):  0.9461246171039915
Epoch 84: 
BAS Score on Validation Data (Training Time 1.067060):  0.9457557582928563
Epoch 85: 
BAS Score on Validation Data (Training Time 1.067180):  0.9468835119403298
Epoch 86: 
BAS Score on Validation Data (Training Time 1.068588):  0.9410080083554058
Epoch 87: 
BAS Score on Validation Data (Training Time 1.067750):  0.9467982544946075
Epoch 88: 
BAS Score on Validation Data (Training Time 1.073776):  0.9482744624998555
Epoch 89: 
BAS Score on Validation Data (Training Time 1.067920):  0.9469406240548373
Epoch 90: 
BAS Score on Validation Data (Training Time 1.096185):  0.9482744624998555
Epoch 91: 
BAS Score on Validation Data (Training Time 1.066743):  0.9463832146863812
Epoch 92: 
BAS Score on Validation Data (Training Time 1.069132):  0.9460534776736834
Epoch 93: 
BAS Score on Validation Data (Training Time 1.067117):  0.9480493856806148
Epoch 94: 
BAS Score on Validation Data (Training Time 1.066937):  0.9495220867614393
Epoch 95: 
BAS Score on Validation Data (Training Time 1.069247):  0.9484168320600851
Epoch 96: 
BAS Score on Validation Data (Training Time 1.067005):  0.9493236071742212
Epoch 97: 
BAS Score on Validation Data (Training Time 1.066648):  0.9491627012862486
Epoch 98: 
BAS Score on Validation Data (Training Time 1.067031):  0.9478543676680135
Epoch 99: 
BAS Score on Validation Data (Training Time 1.068570):  0.9488754573288848
Epoch 100: 
BAS Score on Validation Data (Training Time 1.066503):  0.9496609493972455
Epoch 101: 
BAS Score on Validation Data (Training Time 1.072939):  0.9486463725414614
Epoch 102: 
BAS Score on Validation Data (Training Time 1.068236):  0.9466082915056218
Epoch 103: 
BAS Score on Validation Data (Training Time 1.067936):  0.9477827271939457
Epoch 104: 
BAS Score on Validation Data (Training Time 1.070534):  0.9489651784367427
Epoch 105: 
BAS Score on Validation Data (Training Time 1.067675):  0.9497356411017838
Epoch 106: 
BAS Score on Validation Data (Training Time 1.072939):  0.9490208327697784
Epoch 107: 
BAS Score on Validation Data (Training Time 1.066639):  0.9494288587291582
Epoch 108: 
BAS Score on Validation Data (Training Time 1.069035):  0.949698523096491
Epoch 109: 
BAS Score on Validation Data (Training Time 1.067581):  0.9496514307114943
Epoch 110: 
BAS Score on Validation Data (Training Time 1.067595):  0.9483446451924512
Epoch 111: 
BAS Score on Validation Data (Training Time 1.067863):  0.9461828669735451
Epoch 112: 
BAS Score on Validation Data (Training Time 1.069097):  0.9493180511068462
Epoch 113: 
BAS Score on Validation Data (Training Time 1.067487):  0.947977198812981
Epoch 114: 
BAS Score on Validation Data (Training Time 1.071430):  0.948825814757177
Epoch 115: 
BAS Score on Validation Data (Training Time 1.071132):  0.9492378486847395
Epoch 116: 
BAS Score on Validation Data (Training Time 1.067220):  0.9494629255039801
Epoch 117: 
BAS Score on Validation Data (Training Time 1.072516):  0.9499581677343132
Epoch 118: 
BAS Score on Validation Data (Training Time 1.072507):  0.9517571896030255
Epoch 119: 
BAS Score on Validation Data (Training Time 1.069745):  0.9495626663413487
Epoch 120: 
BAS Score on Validation Data (Training Time 1.067636):  0.9485260462333982
Epoch 121: 
BAS Score on Validation Data (Training Time 1.069032):  0.9514098276504903
Epoch 122: 
BAS Score on Validation Data (Training Time 1.067480):  0.9503606829761245
Epoch 123: 
BAS Score on Validation Data (Training Time 1.071524):  0.9497546331234795
Epoch 124: 
BAS Score on Validation Data (Training Time 1.069550):  0.9515501480677683
Epoch 125: 
BAS Score on Validation Data (Training Time 1.070494):  0.9522709681611013
Epoch 126: 
BAS Score on Validation Data (Training Time 1.070663):  0.9497131421556646
Epoch 127: 
BAS Score on Validation Data (Training Time 1.070249):  0.9504238068519598
Epoch 128: 
BAS Score on Validation Data (Training Time 1.075552):  0.9511993245406165
Epoch 129: 
BAS Score on Validation Data (Training Time 1.070490):  0.9511947252109536
Epoch 130: 
BAS Score on Validation Data (Training Time 1.075088):  0.9500924763902634
Epoch 131: 
BAS Score on Validation Data (Training Time 1.069239):  0.9518429480925069
Epoch 132: 
BAS Score on Validation Data (Training Time 1.071336):  0.9515621715904238
Epoch 133: 
BAS Score on Validation Data (Training Time 1.069531):  0.9510920238427278
Epoch 134: 
BAS Score on Validation Data (Training Time 1.073927):  0.9512930082668504
Epoch 135: 
BAS Score on Validation Data (Training Time 1.068321):  0.9486535220578354
Epoch 136: 
BAS Score on Validation Data (Training Time 1.068181):  0.9532739771881826
Epoch 137: 
BAS Score on Validation Data (Training Time 1.069937):  0.9508112473406448
Epoch 138: 
BAS Score on Validation Data (Training Time 1.068247):  0.9505225456018094
Epoch 139: 
BAS Score on Validation Data (Training Time 1.068482):  0.9507861982078145
Epoch 140: 
BAS Score on Validation Data (Training Time 1.068534):  0.9524784653903113
Epoch 141: 
BAS Score on Validation Data (Training Time 1.074949):  0.952630353636292
Epoch 142: 
BAS Score on Validation Data (Training Time 1.069641):  0.9533075882690519
Epoch 143: 
BAS Score on Validation Data (Training Time 1.074029):  0.9520483961787652
Epoch 144: 
BAS Score on Validation Data (Training Time 1.068554):  0.9527101003644459
Epoch 145: 
BAS Score on Validation Data (Training Time 1.072412):  0.9531506449994555
Epoch 146: 
BAS Score on Validation Data (Training Time 1.068116):  0.9530639297722616
Epoch 147: 
BAS Score on Validation Data (Training Time 1.069935):  0.9535647280699697
Epoch 148: 
BAS Score on Validation Data (Training Time 1.068113):  0.95359674570184
Epoch 149: 
BAS Score on Validation Data (Training Time 1.067981):  0.9538684592121247
High Quality
0.9620652569647717 0.9673314626306656 0.9732332219505014 0.9620652569647717 0.9604371257138041
              precision    recall  f1-score   support

           0       0.99      0.99      0.99     19588
           1       0.98      1.00      0.99      5531
           2       0.96      0.90      0.93      3100

    accuracy                           0.98     28219
   macro avg       0.97      0.96      0.97     28219
weighted avg       0.98      0.98      0.98     28219

Low Quality
0.7438724005653139 0.7767465686507496 0.8991171558100692 0.7438724005653139 0.7391875002467503
              precision    recall  f1-score   support

           0       0.97      0.97      0.97       635
           1       0.73      0.86      0.79        65
           2       1.00      0.40      0.57        20

    accuracy                           0.94       720
   macro avg       0.90      0.74      0.78       720
weighted avg       0.95      0.94      0.94       720

Emb Dim: 128
Transformer-FNET-128
=====================================================================================================================================================================
Layer (type:depth-idx)                   Input Shape               Output Shape              Kernel Shape              Param #                   Mult-Adds
=====================================================================================================================================================================
TransfomerBlock                          [2, 21, 495]              [2, 3]                    --                        --                        --
├─MakePatches: 1-1                       [2, 21, 495]              [2, 165, 63]              --                        --                        --
│    └─Unfold: 2-1                       [2, 1, 21, 495]           [2, 63, 165]              [21, 3]                   --                        --
├─Linear: 1-2                            [2, 165, 63]              [2, 165, 128]             --                        8,192                     16,384
├─PositionalEncoding: 1-3                [2, 165, 128]             [2, 165, 128]             --                        --                        --
├─FNET: 1-4                              [2, 165, 128]             [2, 165, 128]             --                        --                        --
│    └─LayerNorm: 2-2                    [2, 165, 128]             [2, 165, 128]             --                        256                       512
│    └─Sequential: 2-3                   [2, 165, 128]             [2, 165, 128]             --                        --                        --
│    │    └─Linear: 3-1                  [2, 165, 128]             [2, 165, 128]             --                        16,512                    33,024
│    │    └─ReLU: 3-2                    [2, 165, 128]             [2, 165, 128]             --                        --                        --
│    │    └─Dropout: 3-3                 [2, 165, 128]             [2, 165, 128]             --                        --                        --
│    │    └─Linear: 3-4                  [2, 165, 128]             [2, 165, 128]             --                        16,512                    33,024
│    └─LayerNorm: 2-4                    [2, 165, 128]             [2, 165, 128]             --                        256                       512
├─Sequential: 1-5                        [2, 128]                  [2, 3]                    --                        --                        --
│    └─Linear: 2-5                       [2, 128]                  [2, 64]                   --                        8,256                     16,512
│    └─ReLU: 2-6                         [2, 64]                   [2, 64]                   --                        --                        --
│    └─Linear: 2-7                       [2, 64]                   [2, 32]                   --                        2,080                     4,160
│    └─ReLU: 2-8                         [2, 32]                   [2, 32]                   --                        --                        --
│    └─Linear: 2-9                       [2, 32]                   [2, 3]                    --                        99                        198
=====================================================================================================================================================================
Total params: 52,163
Trainable params: 52,163
Non-trainable params: 0
Total mult-adds (Units.MEGABYTES): 0.10
=====================================================================================================================================================================
Input size (MB): 0.08
Forward/backward pass size (MB): 1.69
Params size (MB): 0.21
Estimated Total Size (MB): 1.98
=====================================================================================================================================================================
Total Trainable Parameters:  52163
Total Parameters:  52163
Epoch 0: 
BAS Score on Validation Data (Training Time 1.209284):  0.3333333333333333
Epoch 1: 
BAS Score on Validation Data (Training Time 1.207651):  0.5236207138785866
Epoch 2: 
BAS Score on Validation Data (Training Time 1.214672):  0.6151016614675605
Epoch 3: 
BAS Score on Validation Data (Training Time 1.208081):  0.599139586957573
Epoch 4: 
BAS Score on Validation Data (Training Time 1.213880):  0.620602795523781
Epoch 5: 
BAS Score on Validation Data (Training Time 1.208007):  0.635163299408764
Epoch 6: 
BAS Score on Validation Data (Training Time 1.211748):  0.7537514577418504
Epoch 7: 
BAS Score on Validation Data (Training Time 1.231575):  0.7727896368528051
Epoch 8: 
BAS Score on Validation Data (Training Time 1.208167):  0.7619757828663718
Epoch 9: 
BAS Score on Validation Data (Training Time 1.208429):  0.8864656815093093
Epoch 10: 
BAS Score on Validation Data (Training Time 1.207992):  0.8955813011379385
Epoch 11: 
BAS Score on Validation Data (Training Time 1.208593):  0.9065418028421593
Epoch 12: 
BAS Score on Validation Data (Training Time 1.208866):  0.9035065442870187
Epoch 13: 
BAS Score on Validation Data (Training Time 1.208488):  0.8967363333147417
Epoch 14: 
BAS Score on Validation Data (Training Time 1.208657):  0.9026771909357865
Epoch 15: 
BAS Score on Validation Data (Training Time 1.208065):  0.9219857209624115
Epoch 16: 
BAS Score on Validation Data (Training Time 1.208311):  0.9222176759629718
Epoch 17: 
BAS Score on Validation Data (Training Time 1.209311):  0.9247249480087952
Epoch 18: 
BAS Score on Validation Data (Training Time 1.208198):  0.9134153960980761
Epoch 19: 
BAS Score on Validation Data (Training Time 1.210547):  0.9259641459898672
Epoch 20: 
BAS Score on Validation Data (Training Time 1.208377):  0.9284722844556824
Epoch 21: 
BAS Score on Validation Data (Training Time 1.207712):  0.9282135965555726
Epoch 22: 
BAS Score on Validation Data (Training Time 1.207863):  0.928749964377488
Epoch 23: 
BAS Score on Validation Data (Training Time 1.208148):  0.9220579531798521
Epoch 24: 
BAS Score on Validation Data (Training Time 1.208755):  0.9285820450225617
Epoch 25: 
BAS Score on Validation Data (Training Time 1.208638):  0.9289729924356701
Epoch 26: 
BAS Score on Validation Data (Training Time 1.208193):  0.9367899777672563
Epoch 27: 
BAS Score on Validation Data (Training Time 1.208275):  0.9365463646202726
Epoch 28: 
BAS Score on Validation Data (Training Time 1.209901):  0.9323654973872227
Epoch 29: 
BAS Score on Validation Data (Training Time 1.208863):  0.9370405144453664
Epoch 30: 
BAS Score on Validation Data (Training Time 1.208444):  0.9396625113820711
Epoch 31: 
BAS Score on Validation Data (Training Time 1.209171):  0.9397261363016659
Epoch 32: 
BAS Score on Validation Data (Training Time 1.208279):  0.9407126127941491
Epoch 33: 
BAS Score on Validation Data (Training Time 1.215571):  0.9398449594784507
Epoch 34: 
BAS Score on Validation Data (Training Time 1.213432):  0.9419396515850383
Epoch 35: 
BAS Score on Validation Data (Training Time 1.210072):  0.9417552446634274
Epoch 36: 
BAS Score on Validation Data (Training Time 1.212289):  0.9409381003394288
Epoch 37: 
BAS Score on Validation Data (Training Time 1.209030):  0.9419296772053344
Epoch 38: 
BAS Score on Validation Data (Training Time 1.210726):  0.9404781529566844
Epoch 39: 
BAS Score on Validation Data (Training Time 1.209426):  0.939671939750102
Epoch 40: 
BAS Score on Validation Data (Training Time 1.208627):  0.9403552311121032
Epoch 41: 
BAS Score on Validation Data (Training Time 1.208749):  0.9423757779077189
Epoch 42: 
BAS Score on Validation Data (Training Time 1.209740):  0.9420238619753278
Epoch 43: 
BAS Score on Validation Data (Training Time 1.209684):  0.9416099595402544
Epoch 44: 
BAS Score on Validation Data (Training Time 1.214423):  0.9376917432075835
Epoch 45: 
BAS Score on Validation Data (Training Time 1.209574):  0.9314395035023572
Epoch 46: 
BAS Score on Validation Data (Training Time 1.214411):  0.9426529567857651
Epoch 47: 
BAS Score on Validation Data (Training Time 1.208672):  0.9452023115427765
Epoch 48: 
BAS Score on Validation Data (Training Time 1.212126):  0.9380775898653765
Epoch 49: 
BAS Score on Validation Data (Training Time 1.211784):  0.9430549260159032
Epoch 50: 
BAS Score on Validation Data (Training Time 1.214373):  0.9428188727294398
Epoch 51: 
BAS Score on Validation Data (Training Time 1.212033):  0.9460293852785654
Epoch 52: 
BAS Score on Validation Data (Training Time 1.211873):  0.9469716849489954
Epoch 53: 
BAS Score on Validation Data (Training Time 1.210783):  0.9427792498872426
Epoch 54: 
BAS Score on Validation Data (Training Time 1.211346):  0.9460233281674308
Epoch 55: 
BAS Score on Validation Data (Training Time 1.214602):  0.9449326925252501
Epoch 56: 
BAS Score on Validation Data (Training Time 1.213715):  0.9426669391336521
Epoch 57: 
BAS Score on Validation Data (Training Time 1.214058):  0.9456037343793483
Epoch 58: 
BAS Score on Validation Data (Training Time 1.211055):  0.9465747257745591
Epoch 59: 
BAS Score on Validation Data (Training Time 1.211806):  0.9451872367896502
Epoch 60: 
BAS Score on Validation Data (Training Time 1.210292):  0.9458007561850947
Epoch 61: 
BAS Score on Validation Data (Training Time 1.212110):  0.9457912374993435
Epoch 62: 
BAS Score on Validation Data (Training Time 1.210130):  0.9453626260692691
Epoch 63: 
BAS Score on Validation Data (Training Time 1.209487):  0.9479957804905309
Epoch 64: 
BAS Score on Validation Data (Training Time 1.209903):  0.9448158731416104
Epoch 65: 
BAS Score on Validation Data (Training Time 1.211455):  0.9472232686825381
Epoch 66: 
BAS Score on Validation Data (Training Time 1.209897):  0.9481731735632947
Epoch 67: 
BAS Score on Validation Data (Training Time 1.215993):  0.9489832590705328
Epoch 68: 
BAS Score on Validation Data (Training Time 1.211722):  0.9484047631876226
Epoch 69: 
BAS Score on Validation Data (Training Time 1.215554):  0.9450168122159263
Epoch 70: 
BAS Score on Validation Data (Training Time 1.210740):  0.9430181246954715
Epoch 71: 
BAS Score on Validation Data (Training Time 1.212500):  0.9335337848829056
Epoch 72: 
BAS Score on Validation Data (Training Time 1.209658):  0.9439101904327137
Epoch 73: 
BAS Score on Validation Data (Training Time 1.211655):  0.9393122342484856
Epoch 74: 
BAS Score on Validation Data (Training Time 1.225906):  0.9495075130520725
Epoch 75: 
BAS Score on Validation Data (Training Time 1.252569):  0.9374068680377041
Epoch 76: 
BAS Score on Validation Data (Training Time 1.210985):  0.9469536946329256
Epoch 77: 
BAS Score on Validation Data (Training Time 1.209002):  0.9341391047468721
Epoch 78: 
BAS Score on Validation Data (Training Time 1.214154):  0.9478288174914237
Epoch 79: 
BAS Score on Validation Data (Training Time 1.216669):  0.9501631601266186
Epoch 80: 
BAS Score on Validation Data (Training Time 1.212449):  0.9495807016253323
Epoch 81: 
BAS Score on Validation Data (Training Time 1.210013):  0.9487651507503324
Epoch 82: 
BAS Score on Validation Data (Training Time 1.211059):  0.9490514379699838
Epoch 83: 
BAS Score on Validation Data (Training Time 1.229333):  0.9505480957783993
Epoch 84: 
BAS Score on Validation Data (Training Time 1.210631):  0.9464219261406727
Epoch 85: 
BAS Score on Validation Data (Training Time 1.208315):  0.9512429100011898
Epoch 86: 
BAS Score on Validation Data (Training Time 1.208589):  0.9500669262136735
Epoch 87: 
BAS Score on Validation Data (Training Time 1.208503):  0.9516348141520106
Epoch 88: 
BAS Score on Validation Data (Training Time 1.209435):  0.949978161843528
Epoch 89: 
BAS Score on Validation Data (Training Time 1.209413):  0.9517862013542319
Epoch 90: 
BAS Score on Validation Data (Training Time 1.216375):  0.9505671331499017
Epoch 91: 
BAS Score on Validation Data (Training Time 1.209690):  0.9501235372844216
Epoch 92: 
BAS Score on Validation Data (Training Time 1.214254):  0.9507621058126964
Epoch 93: 
BAS Score on Validation Data (Training Time 1.208837):  0.9504388362552795
Epoch 94: 
BAS Score on Validation Data (Training Time 1.211569):  0.9481962638708938
Epoch 95: 
BAS Score on Validation Data (Training Time 1.209585):  0.9514233089546177
Epoch 96: 
BAS Score on Validation Data (Training Time 1.211622):  0.9520433411551497
Epoch 97: 
BAS Score on Validation Data (Training Time 1.208732):  0.9509340784856125
Epoch 98: 
BAS Score on Validation Data (Training Time 1.209780):  0.9411607172896786
Epoch 99: 
BAS Score on Validation Data (Training Time 1.210486):  0.9480414604438625
Epoch 100: 
BAS Score on Validation Data (Training Time 1.209017):  0.9457862727934483
Epoch 101: 
BAS Score on Validation Data (Training Time 1.214053):  0.9501471286357801
Epoch 102: 
BAS Score on Validation Data (Training Time 1.210098):  0.9488679424362786
Epoch 103: 
BAS Score on Validation Data (Training Time 1.224276):  0.951399717603259
Epoch 104: 
BAS Score on Validation Data (Training Time 1.209571):  0.951997205507865
Epoch 105: 
BAS Score on Validation Data (Training Time 1.212086):  0.9522874553458928
Epoch 106: 
BAS Score on Validation Data (Training Time 1.209392):  0.9520382861315341
Epoch 107: 
BAS Score on Validation Data (Training Time 1.211001):  0.9484143272231806
Epoch 108: 
BAS Score on Validation Data (Training Time 1.209202):  0.9518523311107311
Epoch 109: 
BAS Score on Validation Data (Training Time 1.208921):  0.9506739328040309
Epoch 110: 
BAS Score on Validation Data (Training Time 1.209411):  0.9461471160501107
Epoch 111: 
BAS Score on Validation Data (Training Time 1.210348):  0.9529656467163647
Epoch 112: 
BAS Score on Validation Data (Training Time 1.209301):  0.9505776988910856
Epoch 113: 
BAS Score on Validation Data (Training Time 1.218185):  0.9514483580874479
Epoch 114: 
BAS Score on Validation Data (Training Time 1.210153):  0.9527857034568896
Epoch 115: 
BAS Score on Validation Data (Training Time 1.214454):  0.9519686494506113
Epoch 116: 
BAS Score on Validation Data (Training Time 1.210262):  0.9532383169643617
Epoch 117: 
BAS Score on Validation Data (Training Time 1.211337):  0.9521075120864175
Epoch 118: 
BAS Score on Validation Data (Training Time 1.210920):  0.9504418421359434
Epoch 119: 
BAS Score on Validation Data (Training Time 1.209528):  0.9515786587752153
Epoch 120: 
BAS Score on Validation Data (Training Time 1.210118):  0.950473404073861
Epoch 121: 
BAS Score on Validation Data (Training Time 1.208799):  0.9540683965808147
Epoch 122: 
BAS Score on Validation Data (Training Time 1.209879):  0.9521060543049459
Epoch 123: 
BAS Score on Validation Data (Training Time 1.209272):  0.9524659408238961
Epoch 124: 
BAS Score on Validation Data (Training Time 1.216209):  0.9530889789050919
Epoch 125: 
BAS Score on Validation Data (Training Time 1.209536):  0.9514734072202783
Epoch 126: 
BAS Score on Validation Data (Training Time 1.214479):  0.9509370843662763
Epoch 127: 
BAS Score on Validation Data (Training Time 1.210380):  0.951524507573458
Epoch 128: 
BAS Score on Validation Data (Training Time 1.223289):  0.9532132678315314
Epoch 129: 
BAS Score on Validation Data (Training Time 1.210134):  0.9545726564531395
Epoch 130: 
BAS Score on Validation Data (Training Time 1.211495):  0.9540473100663606
Epoch 131: 
BAS Score on Validation Data (Training Time 1.208991):  0.9544373007417565
Epoch 132: 
BAS Score on Validation Data (Training Time 1.209102):  0.9551140343307569
Epoch 133: 
BAS Score on Validation Data (Training Time 1.209893):  0.9496769355382774
Epoch 134: 
BAS Score on Validation Data (Training Time 1.212124):  0.9537004491575849
Epoch 135: 
BAS Score on Validation Data (Training Time 1.209990):  0.9513350905961452
Epoch 136: 
BAS Score on Validation Data (Training Time 1.216630):  0.9381054147882724
Epoch 137: 
BAS Score on Validation Data (Training Time 1.211612):  0.953347075443722
Epoch 138: 
BAS Score on Validation Data (Training Time 1.212274):  0.9504638853881097
Epoch 139: 
BAS Score on Validation Data (Training Time 1.211823):  0.9511541002812375
Epoch 140: 
BAS Score on Validation Data (Training Time 1.209939):  0.9539260270205849
Epoch 141: 
BAS Score on Validation Data (Training Time 1.210695):  0.9501105116742469
Epoch 142: 
BAS Score on Validation Data (Training Time 1.209035):  0.9517912110280408
Epoch 143: 
BAS Score on Validation Data (Training Time 1.209776):  0.9534242719851647
Epoch 144: 
BAS Score on Validation Data (Training Time 1.208814):  0.9505546535514001
Epoch 145: 
BAS Score on Validation Data (Training Time 1.209892):  0.9545235149251909
Epoch 146: 
BAS Score on Validation Data (Training Time 1.209355):  0.9540825145962287
Epoch 147: 
BAS Score on Validation Data (Training Time 1.215271):  0.9544337938173332
Epoch 148: 
BAS Score on Validation Data (Training Time 1.209365):  0.9539415574676641
Epoch 149: 
BAS Score on Validation Data (Training Time 1.213894):  0.9509496089326915
High Quality
0.962076706286247 0.9707905810203442 0.9807212376933895 0.962076706286247 0.9648044118328036
              precision    recall  f1-score   support

           0       0.99      0.99      0.99     19588
           1       0.98      1.00      0.99      5531
           2       0.98      0.90      0.94      3100

    accuracy                           0.98     28219
   macro avg       0.98      0.96      0.97     28219
weighted avg       0.98      0.98      0.98     28219

Low Quality
0.7404401372905309 0.788695033680599 0.870073090751057 0.7404401372905309 0.7990587884061068
              precision    recall  f1-score   support

           0       0.97      0.99      0.98       635
           1       0.92      0.83      0.87        65
           2       0.73      0.40      0.52        20

    accuracy                           0.96       720
   macro avg       0.87      0.74      0.79       720
weighted avg       0.96      0.96      0.96       720

Emb Dim: 64
Transformer-MHA-64
=====================================================================================================================================================================
Layer (type:depth-idx)                   Input Shape               Output Shape              Kernel Shape              Param #                   Mult-Adds
=====================================================================================================================================================================
TransfomerBlock                          [2, 21, 495]              [2, 3]                    --                        --                        --
├─MakePatches: 1-1                       [2, 21, 495]              [2, 165, 63]              --                        --                        --
│    └─Unfold: 2-1                       [2, 1, 21, 495]           [2, 63, 165]              [21, 3]                   --                        --
├─Linear: 1-2                            [2, 165, 63]              [2, 165, 64]              --                        4,096                     8,192
├─PositionalEncoding: 1-3                [2, 165, 64]              [2, 165, 64]              --                        --                        --
├─TransformerEncoderLayer: 1-4           [2, 165, 64]              [2, 165, 64]              --                        --                        --
│    └─MultiheadAttention: 2-2           [2, 165, 64]              [2, 165, 64]              --                        16,640                    --
│    └─Dropout: 2-3                      [2, 165, 64]              [2, 165, 64]              --                        --                        --
│    └─LayerNorm: 2-4                    [2, 165, 64]              [2, 165, 64]              --                        128                       256
│    └─Linear: 2-5                       [2, 165, 64]              [2, 165, 2048]            --                        133,120                   266,240
│    └─Dropout: 2-6                      [2, 165, 2048]            [2, 165, 2048]            --                        --                        --
│    └─Linear: 2-7                       [2, 165, 2048]            [2, 165, 64]              --                        131,136                   262,272
│    └─Dropout: 2-8                      [2, 165, 64]              [2, 165, 64]              --                        --                        --
│    └─LayerNorm: 2-9                    [2, 165, 64]              [2, 165, 64]              --                        128                       256
├─Sequential: 1-5                        [2, 64]                   [2, 3]                    --                        --                        --
│    └─Linear: 2-10                      [2, 64]                   [2, 64]                   --                        4,160                     8,320
│    └─ReLU: 2-11                        [2, 64]                   [2, 64]                   --                        --                        --
│    └─Linear: 2-12                      [2, 64]                   [2, 32]                   --                        2,080                     4,160
│    └─ReLU: 2-13                        [2, 32]                   [2, 32]                   --                        --                        --
│    └─Linear: 2-14                      [2, 32]                   [2, 3]                    --                        99                        198
=====================================================================================================================================================================
Total params: 291,587
Trainable params: 291,587
Non-trainable params: 0
Total mult-adds (Units.MEGABYTES): 0.55
=====================================================================================================================================================================
Input size (MB): 0.08
Forward/backward pass size (MB): 6.08
Params size (MB): 1.10
Estimated Total Size (MB): 7.27
=====================================================================================================================================================================
Total Trainable Parameters:  291587
Total Parameters:  291587
Epoch 0: 
BAS Score on Validation Data (Training Time 1.558063):  0.3333333333333333
Epoch 1: 
BAS Score on Validation Data (Training Time 1.558568):  0.583452507278939
Epoch 2: 
BAS Score on Validation Data (Training Time 1.557514):  0.6121522966875355
Epoch 3: 
BAS Score on Validation Data (Training Time 1.558181):  0.6192153518886786
Epoch 4: 
BAS Score on Validation Data (Training Time 1.558377):  0.6910672454186471
Epoch 5: 
BAS Score on Validation Data (Training Time 1.557972):  0.7363498910984635
Epoch 6: 
BAS Score on Validation Data (Training Time 1.558760):  0.812998536320953
Epoch 7: 
BAS Score on Validation Data (Training Time 1.557982):  0.8900373577234165
Epoch 8: 
BAS Score on Validation Data (Training Time 1.558216):  0.8968091565117691
Epoch 9: 
BAS Score on Validation Data (Training Time 1.559201):  0.903164232488962
Epoch 10: 
BAS Score on Validation Data (Training Time 1.561057):  0.8962054717231503
Epoch 11: 
BAS Score on Validation Data (Training Time 1.558214):  0.9201712589643406
Epoch 12: 
BAS Score on Validation Data (Training Time 1.579558):  0.9189443101092788
Epoch 13: 
BAS Score on Validation Data (Training Time 1.558065):  0.9140705829914255
Epoch 14: 
BAS Score on Validation Data (Training Time 1.558692):  0.9256893362811983
Epoch 15: 
BAS Score on Validation Data (Training Time 1.558387):  0.929402650921177
Epoch 16: 
BAS Score on Validation Data (Training Time 1.558558):  0.9019110521600031
Epoch 17: 
BAS Score on Validation Data (Training Time 1.558028):  0.9306738215662058
Epoch 18: 
BAS Score on Validation Data (Training Time 1.558331):  0.9338236247586803
Epoch 19: 
BAS Score on Validation Data (Training Time 1.559979):  0.9254391192476209
Epoch 20: 
BAS Score on Validation Data (Training Time 1.558482):  0.936242588128311
Epoch 21: 
BAS Score on Validation Data (Training Time 1.565591):  0.9340953828549855
Epoch 22: 
BAS Score on Validation Data (Training Time 1.563866):  0.9298257066657695
Epoch 23: 
BAS Score on Validation Data (Training Time 1.560243):  0.9236901477169841
Epoch 24: 
BAS Score on Validation Data (Training Time 1.561259):  0.9351713095021653
Epoch 25: 
BAS Score on Validation Data (Training Time 1.560073):  0.9358038662691124
Epoch 26: 
BAS Score on Validation Data (Training Time 1.558114):  0.9403087754383931
Epoch 27: 
BAS Score on Validation Data (Training Time 1.558715):  0.9383672487238174
Epoch 28: 
BAS Score on Validation Data (Training Time 1.558855):  0.9384796040634283
Epoch 29: 
BAS Score on Validation Data (Training Time 1.559422):  0.9384724549289475
Epoch 30: 
BAS Score on Validation Data (Training Time 1.564976):  0.9352003212533718
Epoch 31: 
BAS Score on Validation Data (Training Time 1.559330):  0.938072399556127
Epoch 32: 
BAS Score on Validation Data (Training Time 1.565820):  0.9366088514029283
Epoch 33: 
BAS Score on Validation Data (Training Time 1.561648):  0.9068720416624028
Epoch 34: 
BAS Score on Validation Data (Training Time 1.559382):  0.9371811061976986
Epoch 35: 
BAS Score on Validation Data (Training Time 1.561253):  0.9400734982542011
Epoch 36: 
BAS Score on Validation Data (Training Time 1.559388):  0.935267588383024
Epoch 37: 
BAS Score on Validation Data (Training Time 1.558804):  0.9432291280853186
Epoch 38: 
BAS Score on Validation Data (Training Time 1.559428):  0.9427626270349241
Epoch 39: 
BAS Score on Validation Data (Training Time 1.564887):  0.9344361413028198
Epoch 40: 
BAS Score on Validation Data (Training Time 1.560397):  0.9250682109116407
Epoch 41: 
BAS Score on Validation Data (Training Time 1.565473):  0.9440644024982651
Epoch 42: 
BAS Score on Validation Data (Training Time 1.562910):  0.9397969099738486
Epoch 43: 
BAS Score on Validation Data (Training Time 1.560576):  0.9329645775951483
Epoch 44: 
BAS Score on Validation Data (Training Time 1.563456):  0.9478203008931914
Epoch 45: 
BAS Score on Validation Data (Training Time 1.560649):  0.9488965438433391
Epoch 46: 
BAS Score on Validation Data (Training Time 1.560549):  0.9514650259076801
Epoch 47: 
BAS Score on Validation Data (Training Time 1.561235):  0.942201936345399
Epoch 48: 
BAS Score on Validation Data (Training Time 1.559814):  0.9415963875365135
Epoch 49: 
BAS Score on Validation Data (Training Time 1.566084):  0.9533541796102892
Epoch 50: 
BAS Score on Validation Data (Training Time 1.565407):  0.9474252551941796
Epoch 51: 
BAS Score on Validation Data (Training Time 1.560346):  0.9450093876410403
Epoch 52: 
BAS Score on Validation Data (Training Time 1.563010):  0.9361550057173389
Epoch 53: 
BAS Score on Validation Data (Training Time 1.562219):  0.938047711312285
Epoch 54: 
BAS Score on Validation Data (Training Time 1.560836):  0.9375341628448074
Epoch 55: 
BAS Score on Validation Data (Training Time 1.560252):  0.9538118481413767
Epoch 56: 
BAS Score on Validation Data (Training Time 1.560787):  0.949297966679911
Epoch 57: 
BAS Score on Validation Data (Training Time 1.560445):  0.9494989511040335
Epoch 58: 
BAS Score on Validation Data (Training Time 1.565723):  0.9443159862318078
Epoch 59: 
BAS Score on Validation Data (Training Time 1.566362):  0.9473652724846423
Epoch 60: 
BAS Score on Validation Data (Training Time 1.560905):  0.9471918420302544
Epoch 61: 
BAS Score on Validation Data (Training Time 1.563362):  0.9437963311980379
Epoch 62: 
BAS Score on Validation Data (Training Time 1.561766):  0.944621992884055
Epoch 63: 
BAS Score on Validation Data (Training Time 1.560260):  0.9543731747784022
Epoch 64: 
BAS Score on Validation Data (Training Time 1.560071):  0.9524714968912712
Epoch 65: 
BAS Score on Validation Data (Training Time 1.562003):  0.9424680937883084
Epoch 66: 
BAS Score on Validation Data (Training Time 1.559584):  0.9549871952176064
Epoch 67: 
BAS Score on Validation Data (Training Time 1.567733):  0.9470214174565306
Epoch 68: 
BAS Score on Validation Data (Training Time 1.563956):  0.9522925557193149
Epoch 69: 
BAS Score on Validation Data (Training Time 1.563029):  0.9522758875171898
Epoch 70: 
BAS Score on Validation Data (Training Time 1.562425):  0.9532378159206022
Epoch 71: 
BAS Score on Validation Data (Training Time 1.560920):  0.9465858824953298
Epoch 72: 
BAS Score on Validation Data (Training Time 1.562805):  0.9544443595585171
Epoch 73: 
BAS Score on Validation Data (Training Time 1.560390):  0.9451953426618432
Epoch 74: 
BAS Score on Validation Data (Training Time 1.560672):  0.9446334696312514
Epoch 75: 
BAS Score on Validation Data (Training Time 1.561705):  0.9497246642526677
Epoch 76: 
BAS Score on Validation Data (Training Time 1.566072):  0.9548709671954465
Epoch 77: 
BAS Score on Validation Data (Training Time 1.564013):  0.948669507816974
Epoch 78: 
BAS Score on Validation Data (Training Time 1.582479):  0.9452660263981985
Epoch 79: 
BAS Score on Validation Data (Training Time 1.563611):  0.9523476183089779
Epoch 80: 
BAS Score on Validation Data (Training Time 1.561315):  0.9456555160298351
Epoch 81: 
BAS Score on Validation Data (Training Time 1.561915):  0.9541360744365059
Epoch 82: 
BAS Score on Validation Data (Training Time 1.559705):  0.9472424413396746
Epoch 83: 
BAS Score on Validation Data (Training Time 1.559872):  0.9425627796020614
Epoch 84: 
BAS Score on Validation Data (Training Time 1.561033):  0.9508634397171708
Epoch 85: 
BAS Score on Validation Data (Training Time 1.566004):  0.9462785541110309
Epoch 86: 
BAS Score on Validation Data (Training Time 1.561704):  0.9529926996423401
Epoch 87: 
BAS Score on Validation Data (Training Time 1.566349):  0.9388139853737024
Epoch 88: 
BAS Score on Validation Data (Training Time 1.562533):  0.9560112907591417
Epoch 89: 
BAS Score on Validation Data (Training Time 1.561036):  0.9368597943198335
Epoch 90: 
BAS Score on Validation Data (Training Time 1.562106):  0.9540343298059925
Epoch 91: 
BAS Score on Validation Data (Training Time 1.560038):  0.9571615887025411
Epoch 92: 
BAS Score on Validation Data (Training Time 1.560200):  0.9536724391120043
Epoch 93: 
BAS Score on Validation Data (Training Time 1.561683):  0.9515731930255605
Epoch 94: 
BAS Score on Validation Data (Training Time 1.560197):  0.9566990008153651
Epoch 95: 
BAS Score on Validation Data (Training Time 1.566581):  0.952391659845397
Epoch 96: 
BAS Score on Validation Data (Training Time 1.566512):  0.9563596094493891
Epoch 97: 
BAS Score on Validation Data (Training Time 1.560518):  0.9460023769386107
Epoch 98: 
BAS Score on Validation Data (Training Time 1.563657):  0.8793771672130829
Epoch 99: 
BAS Score on Validation Data (Training Time 1.561599):  0.9568358143082197
Epoch 100: 
BAS Score on Validation Data (Training Time 1.559924):  0.9568578575603861
Epoch 101: 
BAS Score on Validation Data (Training Time 1.560373):  0.9569125551557095
Epoch 102: 
BAS Score on Validation Data (Training Time 1.560446):  0.9544959156056495
Epoch 103: 
BAS Score on Validation Data (Training Time 1.562274):  0.9532228314851962
Epoch 104: 
BAS Score on Validation Data (Training Time 1.566634):  0.9541896796265901
Epoch 105: 
BAS Score on Validation Data (Training Time 1.565094):  0.9567606215599219
Epoch 106: 
BAS Score on Validation Data (Training Time 1.560722):  0.9519962034203461
Epoch 107: 
BAS Score on Validation Data (Training Time 1.562860):  0.9531265975722509
Epoch 108: 
BAS Score on Validation Data (Training Time 1.561819):  0.9564914582363485
Epoch 109: 
BAS Score on Validation Data (Training Time 1.560155):  0.9526043473838565
Epoch 110: 
BAS Score on Validation Data (Training Time 1.560527):  0.9575937524068455
Epoch 111: 
BAS Score on Validation Data (Training Time 1.561057):  0.9574407717556253
Epoch 112: 
BAS Score on Validation Data (Training Time 1.560615):  0.9469407139906645
Epoch 113: 
BAS Score on Validation Data (Training Time 1.566079):  0.9568854115301209
Epoch 114: 
BAS Score on Validation Data (Training Time 1.559876):  0.9570398046130061
Epoch 115: 
BAS Score on Validation Data (Training Time 1.565251):  0.9427457287422004
Epoch 116: 
BAS Score on Validation Data (Training Time 1.557616):  0.9568633682779545
Epoch 117: 
BAS Score on Validation Data (Training Time 1.553324):  0.957397186295052
Epoch 118: 
BAS Score on Validation Data (Training Time 1.554672):  0.9551691422702264
Epoch 119: 
BAS Score on Validation Data (Training Time 1.552862):  0.9561169980080314
Epoch 120: 
BAS Score on Validation Data (Training Time 1.553370):  0.9570813862804345
Epoch 121: 
BAS Score on Validation Data (Training Time 1.554431):  0.9501422088977985
Epoch 122: 
BAS Score on Validation Data (Training Time 1.559053):  0.956189640569618
Epoch 123: 
BAS Score on Validation Data (Training Time 1.554001):  0.9494484870802474
Epoch 124: 
BAS Score on Validation Data (Training Time 1.558307):  0.941010923154563
Epoch 125: 
BAS Score on Validation Data (Training Time 1.555685):  0.950161246269301
Epoch 126: 
BAS Score on Validation Data (Training Time 1.554122):  0.9564513343503918
Epoch 127: 
BAS Score on Validation Data (Training Time 1.555240):  0.9593310628313874
Epoch 128: 
BAS Score on Validation Data (Training Time 1.553942):  0.956315978639009
Epoch 129: 
BAS Score on Validation Data (Training Time 1.552865):  0.9519055705426896
Epoch 130: 
BAS Score on Validation Data (Training Time 1.553797):  0.9577787506899362
Epoch 131: 
BAS Score on Validation Data (Training Time 1.553241):  0.9459377049635832
Epoch 132: 
BAS Score on Validation Data (Training Time 1.558702):  0.9533315899645566
Epoch 133: 
BAS Score on Validation Data (Training Time 1.560253):  0.954485986193859
Epoch 134: 
BAS Score on Validation Data (Training Time 1.553116):  0.953937138773442
Epoch 135: 
BAS Score on Validation Data (Training Time 1.557531):  0.9567666333212497
Epoch 136: 
BAS Score on Validation Data (Training Time 1.555454):  0.9581766666020847
Epoch 137: 
BAS Score on Validation Data (Training Time 1.553870):  0.9544243200994954
Epoch 138: 
BAS Score on Validation Data (Training Time 1.553577):  0.9526704771403557
Epoch 139: 
BAS Score on Validation Data (Training Time 1.561809):  0.9561124440281753
Epoch 140: 
BAS Score on Validation Data (Training Time 1.560250):  0.9495667642453589
Epoch 141: 
BAS Score on Validation Data (Training Time 1.566314):  0.9538123488032432
Epoch 142: 
BAS Score on Validation Data (Training Time 1.574460):  0.9585360520772754
Epoch 143: 
BAS Score on Validation Data (Training Time 1.560895):  0.9558959741248874
Epoch 144: 
BAS Score on Validation Data (Training Time 1.565271):  0.9491187047177428
Epoch 145: 
BAS Score on Validation Data (Training Time 1.575441):  0.959154581146529
Epoch 146: 
BAS Score on Validation Data (Training Time 1.560900):  0.9575631018568335
Epoch 147: 
BAS Score on Validation Data (Training Time 1.560597):  0.9507698009588504
Epoch 148: 
BAS Score on Validation Data (Training Time 1.561483):  0.9594899195764083
Epoch 149: 
BAS Score on Validation Data (Training Time 1.560676):  0.9546058114581628
High Quality
0.9620501630890382 0.9697462815799116 0.978340137965558 0.9620501630890382 0.9641071034190924
              precision    recall  f1-score   support

           0       0.99      0.99      0.99     19588
           1       0.98      0.99      0.99      5531
           2       0.97      0.90      0.93      3100

    accuracy                           0.98     28219
   macro avg       0.98      0.96      0.97     28219
weighted avg       0.98      0.98      0.98     28219

Low Quality
0.6278518069856652 0.6227383829246728 0.6676239609006224 0.6278518069856652 0.6256463229929906
              precision    recall  f1-score   support

           0       0.97      0.99      0.98       635
           1       0.78      0.45      0.57        65
           2       0.25      0.45      0.32        20

    accuracy                           0.92       720
   macro avg       0.67      0.63      0.62       720
weighted avg       0.93      0.92      0.92       720

Emb Dim: 128
Transformer-MHA-128
=====================================================================================================================================================================
Layer (type:depth-idx)                   Input Shape               Output Shape              Kernel Shape              Param #                   Mult-Adds
=====================================================================================================================================================================
TransfomerBlock                          [2, 21, 495]              [2, 3]                    --                        --                        --
├─MakePatches: 1-1                       [2, 21, 495]              [2, 165, 63]              --                        --                        --
│    └─Unfold: 2-1                       [2, 1, 21, 495]           [2, 63, 165]              [21, 3]                   --                        --
├─Linear: 1-2                            [2, 165, 63]              [2, 165, 128]             --                        8,192                     16,384
├─PositionalEncoding: 1-3                [2, 165, 128]             [2, 165, 128]             --                        --                        --
├─TransformerEncoderLayer: 1-4           [2, 165, 128]             [2, 165, 128]             --                        --                        --
│    └─MultiheadAttention: 2-2           [2, 165, 128]             [2, 165, 128]             --                        66,048                    --
│    └─Dropout: 2-3                      [2, 165, 128]             [2, 165, 128]             --                        --                        --
│    └─LayerNorm: 2-4                    [2, 165, 128]             [2, 165, 128]             --                        256                       512
│    └─Linear: 2-5                       [2, 165, 128]             [2, 165, 2048]            --                        264,192                   528,384
│    └─Dropout: 2-6                      [2, 165, 2048]            [2, 165, 2048]            --                        --                        --
│    └─Linear: 2-7                       [2, 165, 2048]            [2, 165, 128]             --                        262,272                   524,544
│    └─Dropout: 2-8                      [2, 165, 128]             [2, 165, 128]             --                        --                        --
│    └─LayerNorm: 2-9                    [2, 165, 128]             [2, 165, 128]             --                        256                       512
├─Sequential: 1-5                        [2, 128]                  [2, 3]                    --                        --                        --
│    └─Linear: 2-10                      [2, 128]                  [2, 64]                   --                        8,256                     16,512
│    └─ReLU: 2-11                        [2, 64]                   [2, 64]                   --                        --                        --
│    └─Linear: 2-12                      [2, 64]                   [2, 32]                   --                        2,080                     4,160
│    └─ReLU: 2-13                        [2, 32]                   [2, 32]                   --                        --                        --
│    └─Linear: 2-14                      [2, 32]                   [2, 3]                    --                        99                        198
=====================================================================================================================================================================
Total params: 611,651
Trainable params: 611,651
Non-trainable params: 0
Total mult-adds (Units.MEGABYTES): 1.09
=====================================================================================================================================================================
Input size (MB): 0.08
Forward/backward pass size (MB): 6.76
Params size (MB): 2.18
Estimated Total Size (MB): 9.03
=====================================================================================================================================================================
Total Trainable Parameters:  611651
Total Parameters:  611651
Epoch 0: 
BAS Score on Validation Data (Training Time 1.714837):  0.3333333333333333
Epoch 1: 
BAS Score on Validation Data (Training Time 1.708651):  0.616208874994146
Epoch 2: 
BAS Score on Validation Data (Training Time 1.711238):  0.581634628674165
Epoch 3: 
BAS Score on Validation Data (Training Time 1.712292):  0.8190854060941778
Epoch 4: 
BAS Score on Validation Data (Training Time 1.709980):  0.8431175891758915
Epoch 5: 
BAS Score on Validation Data (Training Time 1.709808):  0.8794088632909552
Epoch 6: 
BAS Score on Validation Data (Training Time 1.709564):  0.9041037117833058
Epoch 7: 
BAS Score on Validation Data (Training Time 1.709331):  0.9063115810634758
Epoch 8: 
BAS Score on Validation Data (Training Time 1.709063):  0.9130378854030746
Epoch 9: 
BAS Score on Validation Data (Training Time 1.711028):  0.9171853221906959
Epoch 10: 
BAS Score on Validation Data (Training Time 1.711019):  0.8949261502380148
Epoch 11: 
BAS Score on Validation Data (Training Time 1.711550):  0.8757749348720351
Epoch 12: 
BAS Score on Validation Data (Training Time 1.709131):  0.9004348494057854
Epoch 13: 
BAS Score on Validation Data (Training Time 1.709709):  0.9121669054165004
Epoch 14: 
BAS Score on Validation Data (Training Time 1.709232):  0.9232343473115144
Epoch 15: 
BAS Score on Validation Data (Training Time 1.710077):  0.8998606328261124
Epoch 16: 
BAS Score on Validation Data (Training Time 1.710170):  0.9277755567574674
Epoch 17: 
BAS Score on Validation Data (Training Time 1.710533):  0.915577946695796
Epoch 18: 
BAS Score on Validation Data (Training Time 1.709138):  0.9260407961377436
Epoch 19: 
BAS Score on Validation Data (Training Time 1.710710):  0.9255913691463763
Epoch 20: 
BAS Score on Validation Data (Training Time 1.710854):  0.9266068124221523
Epoch 21: 
BAS Score on Validation Data (Training Time 1.716248):  0.9217455244221311
Epoch 22: 
BAS Score on Validation Data (Training Time 1.714257):  0.9290181713452424
Epoch 23: 
BAS Score on Validation Data (Training Time 1.710555):  0.9233401452600175
Epoch 24: 
BAS Score on Validation Data (Training Time 1.713098):  0.9337128171363683
Epoch 25: 
BAS Score on Validation Data (Training Time 1.713624):  0.9270074632618037
Epoch 26: 
BAS Score on Validation Data (Training Time 1.711111):  0.9355124303665604
Epoch 27: 
BAS Score on Validation Data (Training Time 1.710934):  0.9344475288779751
Epoch 28: 
BAS Score on Validation Data (Training Time 1.711063):  0.9401496927081247
Epoch 29: 
BAS Score on Validation Data (Training Time 1.716359):  0.9290113872051009
Epoch 30: 
BAS Score on Validation Data (Training Time 1.712294):  0.9425613675522895
Epoch 31: 
BAS Score on Validation Data (Training Time 1.715689):  0.9414493740606006
Epoch 32: 
BAS Score on Validation Data (Training Time 1.712002):  0.8979998058539448
Epoch 33: 
BAS Score on Validation Data (Training Time 1.711973):  0.9411583031523877
Epoch 34: 
BAS Score on Validation Data (Training Time 1.709998):  0.9334232527009988
Epoch 35: 
BAS Score on Validation Data (Training Time 1.710492):  0.9396142362741147
Epoch 36: 
BAS Score on Validation Data (Training Time 1.712157):  0.9266361891676981
Epoch 37: 
BAS Score on Validation Data (Training Time 1.709846):  0.9443672672204282
Epoch 38: 
BAS Score on Validation Data (Training Time 1.716626):  0.9443025049276804
Epoch 39: 
BAS Score on Validation Data (Training Time 1.714953):  0.9400232643210132
Epoch 40: 
BAS Score on Validation Data (Training Time 1.712622):  0.929298265022446
Epoch 41: 
BAS Score on Validation Data (Training Time 1.710646):  0.9407513688344613
Epoch 42: 
BAS Score on Validation Data (Training Time 1.713756):  0.9268864957552099
Epoch 43: 
BAS Score on Validation Data (Training Time 1.710369):  0.9262622299831406
Epoch 44: 
BAS Score on Validation Data (Training Time 1.710859):  0.9345529606864594
Epoch 45: 
BAS Score on Validation Data (Training Time 1.710702):  0.9347689756595811
Epoch 46: 
BAS Score on Validation Data (Training Time 1.717926):  0.9428354048821447
Epoch 47: 
BAS Score on Validation Data (Training Time 1.716265):  0.9418807166947197
Epoch 48: 
BAS Score on Validation Data (Training Time 1.710420):  0.893864304085251
Epoch 49: 
BAS Score on Validation Data (Training Time 1.714836):  0.9488097832663384
Epoch 50: 
BAS Score on Validation Data (Training Time 1.706379):  0.943229358175917
Epoch 51: 
BAS Score on Validation Data (Training Time 1.704321):  0.9487846438157876
Epoch 52: 
BAS Score on Validation Data (Training Time 1.703814):  0.946461367965536
Epoch 53: 
BAS Score on Validation Data (Training Time 1.723261):  0.9468248966945437
Epoch 54: 
BAS Score on Validation Data (Training Time 1.710847):  0.9502494196598598
Epoch 55: 
BAS Score on Validation Data (Training Time 1.704764):  0.8801729990373799
Epoch 56: 
BAS Score on Validation Data (Training Time 1.709913):  0.9367749476001505
Epoch 57: 
BAS Score on Validation Data (Training Time 1.707122):  0.9456355219206204
Epoch 58: 
BAS Score on Validation Data (Training Time 1.713483):  0.9511586092931799
Epoch 59: 
BAS Score on Validation Data (Training Time 1.711057):  0.9457286596351814
Epoch 60: 
BAS Score on Validation Data (Training Time 1.711115):  0.9429337329059552
Epoch 61: 
BAS Score on Validation Data (Training Time 1.712495):  0.9493726130346425
Epoch 62: 
BAS Score on Validation Data (Training Time 1.715204):  0.9483791226933125
Epoch 63: 
BAS Score on Validation Data (Training Time 1.718225):  0.9549275782661946
Epoch 64: 
BAS Score on Validation Data (Training Time 1.717437):  0.9540678955370551
Epoch 65: 
BAS Score on Validation Data (Training Time 1.713539):  0.9436845668380137
Epoch 66: 
BAS Score on Validation Data (Training Time 1.710643):  0.9443041883125064
Epoch 67: 
BAS Score on Validation Data (Training Time 1.713909):  0.942135943020213
Epoch 68: 
BAS Score on Validation Data (Training Time 1.711501):  0.9481497174975702
Epoch 69: 
BAS Score on Validation Data (Training Time 1.712090):  0.953488943960192
Epoch 70: 
BAS Score on Validation Data (Training Time 1.710899):  0.9547551498993258
Epoch 71: 
BAS Score on Validation Data (Training Time 1.717730):  0.9519425532623486
Epoch 72: 
BAS Score on Validation Data (Training Time 1.717396):  0.951806285781167
Epoch 73: 
BAS Score on Validation Data (Training Time 1.704348):  0.9523211117765688
Epoch 74: 
BAS Score on Validation Data (Training Time 1.707299):  0.9516167335182203
Epoch 75: 
BAS Score on Validation Data (Training Time 1.706942):  0.9461602769459194
Epoch 76: 
BAS Score on Validation Data (Training Time 1.703971):  0.9548518395062237
Epoch 77: 
BAS Score on Validation Data (Training Time 1.704402):  0.9520720324980374
Epoch 78: 
BAS Score on Validation Data (Training Time 1.704252):  0.9361408427340113
Epoch 79: 
BAS Score on Validation Data (Training Time 1.711552):  0.9356110326850966
Epoch 80: 
BAS Score on Validation Data (Training Time 1.706631):  0.9545200983184879
Epoch 81: 
BAS Score on Validation Data (Training Time 1.708503):  0.9544413536778532
Epoch 82: 
BAS Score on Validation Data (Training Time 1.708321):  0.9522465557395576
Epoch 83: 
BAS Score on Validation Data (Training Time 1.713294):  0.9507341860848362
Epoch 84: 
BAS Score on Validation Data (Training Time 1.710394):  0.9534013169631995
Epoch 85: 
BAS Score on Validation Data (Training Time 1.712761):  0.9541931865510135
Epoch 86: 
BAS Score on Validation Data (Training Time 1.711242):  0.944614842985788
Epoch 87: 
BAS Score on Validation Data (Training Time 1.711072):  0.8529487254527707
Epoch 88: 
BAS Score on Validation Data (Training Time 1.707161):  0.9568864136176397
Epoch 89: 
BAS Score on Validation Data (Training Time 1.710610):  0.9500213365780622
Epoch 90: 
BAS Score on Validation Data (Training Time 1.708378):  0.9508700885716784
Epoch 91: 
BAS Score on Validation Data (Training Time 1.705378):  0.9541981962248224
Epoch 92: 
BAS Score on Validation Data (Training Time 1.708872):  0.9527903481363592
Epoch 93: 
BAS Score on Validation Data (Training Time 1.706279):  0.9466303797257017
Epoch 94: 
BAS Score on Validation Data (Training Time 1.705861):  0.9412977563858876
Epoch 95: 
BAS Score on Validation Data (Training Time 1.706196):  0.9410991864809491
Epoch 96: 
BAS Score on Validation Data (Training Time 1.711945):  0.9531506903492621
Epoch 97: 
BAS Score on Validation Data (Training Time 1.710970):  0.9550308709959001
Epoch 98: 
BAS Score on Validation Data (Training Time 1.711946):  0.9415655533913889
Epoch 99: 
BAS Score on Validation Data (Training Time 1.713038):  0.9557832080592372
Epoch 100: 
BAS Score on Validation Data (Training Time 1.713377):  0.9455497634311386
Epoch 101: 
BAS Score on Validation Data (Training Time 1.713058):  0.9551597139021956
Epoch 102: 
BAS Score on Validation Data (Training Time 1.710766):  0.9566478101444651
Epoch 103: 
BAS Score on Validation Data (Training Time 1.711824):  0.9496919649415969
Epoch 104: 
BAS Score on Validation Data (Training Time 1.717508):  0.9538900463884453
Epoch 105: 
BAS Score on Validation Data (Training Time 1.713543):  0.9565395527088643
Epoch 106: 
BAS Score on Validation Data (Training Time 1.715502):  0.9468164250642251
Epoch 107: 
BAS Score on Validation Data (Training Time 1.713662):  0.9568358143082197
Epoch 108: 
BAS Score on Validation Data (Training Time 1.713085):  0.9558989350376376
Epoch 109: 
BAS Score on Validation Data (Training Time 1.711895):  0.9549109554138759
Epoch 110: 
BAS Score on Validation Data (Training Time 1.710672):  0.935689687008011
Epoch 111: 
BAS Score on Validation Data (Training Time 1.711602):  0.9555184630479928
Epoch 112: 
BAS Score on Validation Data (Training Time 1.716602):  0.9514484030553616
Epoch 113: 
BAS Score on Validation Data (Training Time 1.735076):  0.9498790573355529
Epoch 114: 
BAS Score on Validation Data (Training Time 1.716891):  0.9565515762315199
Epoch 115: 
BAS Score on Validation Data (Training Time 1.713290):  0.9496318469464254
Epoch 116: 
BAS Score on Validation Data (Training Time 1.711488):  0.9526769899454429
Epoch 117: 
BAS Score on Validation Data (Training Time 1.714712):  0.9550824270430325
Epoch 118: 
BAS Score on Validation Data (Training Time 1.711189):  0.9534720006995548
Epoch 119: 
BAS Score on Validation Data (Training Time 1.711996):  0.9578277565503575
Epoch 120: 
BAS Score on Validation Data (Training Time 1.710975):  0.9474724828648103
Epoch 121: 
BAS Score on Validation Data (Training Time 1.717637):  0.9557325634000103
Epoch 122: 
BAS Score on Validation Data (Training Time 1.717370):  0.9576604735248248
Epoch 123: 
BAS Score on Validation Data (Training Time 1.712609):  0.9584313465340117
Epoch 124: 
BAS Score on Validation Data (Training Time 1.712349):  0.9535522031216614
Epoch 125: 
BAS Score on Validation Data (Training Time 1.713989):  0.9565841852248701
Epoch 126: 
BAS Score on Validation Data (Training Time 1.718168):  0.9530504480862411
Epoch 127: 
BAS Score on Validation Data (Training Time 1.711048):  0.9495273220386026
Epoch 128: 
BAS Score on Validation Data (Training Time 1.712109):  0.948978384300465
Epoch 129: 
BAS Score on Validation Data (Training Time 1.717813):  0.9505743272522963
Epoch 130: 
BAS Score on Validation Data (Training Time 1.714742):  0.9564623561674216
Epoch 131: 
BAS Score on Validation Data (Training Time 1.705770):  0.9534323778573578
Epoch 132: 
BAS Score on Validation Data (Training Time 1.707610):  0.9566192994370181
Epoch 133: 
BAS Score on Validation Data (Training Time 1.707640):  0.955038295570786
Epoch 134: 
BAS Score on Validation Data (Training Time 1.705103):  0.9552072170132314
Epoch 135: 
BAS Score on Validation Data (Training Time 1.705230):  0.9566603347108802
Epoch 136: 
BAS Score on Validation Data (Training Time 1.705707):  0.9590639486507655
Epoch 137: 
BAS Score on Validation Data (Training Time 1.710254):  0.9538453689045255
Epoch 138: 
BAS Score on Validation Data (Training Time 1.706692):  0.9600804389819743
Epoch 139: 
BAS Score on Validation Data (Training Time 1.710044):  0.948768747610583
Epoch 140: 
BAS Score on Validation Data (Training Time 1.707579):  0.9564374423202252
Epoch 141: 
BAS Score on Validation Data (Training Time 1.706686):  0.9546419273759366
Epoch 142: 
BAS Score on Validation Data (Training Time 1.706552):  0.9515301535766604
Epoch 143: 
BAS Score on Validation Data (Training Time 1.705123):  0.9553231246270725
Epoch 144: 
BAS Score on Validation Data (Training Time 1.705668):  0.9586679008642349
Epoch 145: 
BAS Score on Validation Data (Training Time 1.705257):  0.9569431599740218
Epoch 146: 
BAS Score on Validation Data (Training Time 1.712559):  0.957164594583205
Epoch 147: 
BAS Score on Validation Data (Training Time 1.710634):  0.9536705706044933
Epoch 148: 
BAS Score on Validation Data (Training Time 1.706681):  0.9605441192743895
Epoch 149: 
BAS Score on Validation Data (Training Time 1.706469):  0.9475306420347506
High Quality
0.9626569292855475 0.971975166750649 0.9827521488657741 0.9626569292855475 0.965887190635926
              precision    recall  f1-score   support

           0       0.99      0.99      0.99     19588
           1       0.98      1.00      0.99      5531
           2       0.98      0.90      0.94      3100

    accuracy                           0.98     28219
   macro avg       0.98      0.96      0.97     28219
weighted avg       0.98      0.98      0.98     28219

Low Quality
0.6824247930547144 0.6526411839426666 0.7468936806610654 0.6824247930547144 0.5171404692247913
              precision    recall  f1-score   support

           0       0.97      0.88      0.92       635
           1       0.40      0.82      0.54        65
           2       0.88      0.35      0.50        20

    accuracy                           0.86       720
   macro avg       0.75      0.68      0.65       720
weighted avg       0.91      0.86      0.88       720


High Quality Post 2020
                          mean       std       sem  count
Model                                                    
Transformer-FNET-128  0.970982  0.000756  0.000286      7
Transformer-FNET-64   0.968778  0.001220  0.000461      7
Transformer-MHA-128   0.972268  0.003318  0.001254      7
Transformer-MHA-64    0.971383  0.001143  0.000432      7
                          mean       std       sem  count
Model                                                    
Transformer-FNET-128  0.961921  0.001378  0.000521      7
Transformer-FNET-64   0.962299  0.001621  0.000613      7
Transformer-MHA-128   0.966791  0.003822  0.001445      7
Transformer-MHA-64    0.963124  0.001609  0.000608      7
                          mean       std       sem  count
Model                                                    
Transformer-FNET-128  0.964920  0.000853  0.000322      7
Transformer-FNET-64   0.962281  0.001593  0.000602      7
Transformer-MHA-128   0.966126  0.004086  0.001545      7
Transformer-MHA-64    0.965564  0.001162  0.000439      7

Low Quality Post 2020
                          mean       std       sem  count
Model                                                    
Transformer-FNET-128  0.732710  0.090240  0.034108      7
Transformer-FNET-64   0.677014  0.108843  0.041139      7
Transformer-MHA-128   0.617954  0.124825  0.047180      7
Transformer-MHA-64    0.638749  0.102474  0.038732      7
                          mean       std       sem  count
Model                                                    
Transformer-FNET-128  0.674398  0.079828  0.030172      7
Transformer-FNET-64   0.674458  0.080465  0.030413      7
Transformer-MHA-128   0.647644  0.105991  0.040061      7
Transformer-MHA-64    0.662883  0.049489  0.018705      7
                          mean       std       sem  count
Model                                                    
Transformer-FNET-128  0.730236  0.079622  0.030094      7
Transformer-FNET-64   0.579002  0.174875  0.066096      7
Transformer-MHA-128   0.530724  0.170320  0.064375      7
Transformer-MHA-64    0.555300  0.187047  0.070697      7
Saving Results
************Fold: 7
Data Shape Before Sampling:  (59973, 21, 495) (59973,)
Subtype/Host: 0 ,count:  34603 ,index count: (array([False,  True]), array([25370, 34603])) ,downsampling:  (16000, 21, 495) (16000,)
Subtype/Host: 1 ,count:  16398 ,index count: (array([False,  True]), array([43575, 16398])) ,downsampling:  (16000, 21, 495) (16000,)
Subtype/Host: 2 ,count:  8972 ,index count: (array([False,  True]), array([51001,  8972])) ,keep:  (8972, 21, 495) (8972,)
Emb Dim: 64
Transformer-FNET-64
=====================================================================================================================================================================
Layer (type:depth-idx)                   Input Shape               Output Shape              Kernel Shape              Param #                   Mult-Adds
=====================================================================================================================================================================
TransfomerBlock                          [2, 21, 495]              [2, 3]                    --                        --                        --
├─MakePatches: 1-1                       [2, 21, 495]              [2, 165, 63]              --                        --                        --
│    └─Unfold: 2-1                       [2, 1, 21, 495]           [2, 63, 165]              [21, 3]                   --                        --
├─Linear: 1-2                            [2, 165, 63]              [2, 165, 64]              --                        4,096                     8,192
├─PositionalEncoding: 1-3                [2, 165, 64]              [2, 165, 64]              --                        --                        --
├─FNET: 1-4                              [2, 165, 64]              [2, 165, 64]              --                        --                        --
│    └─LayerNorm: 2-2                    [2, 165, 64]              [2, 165, 64]              --                        128                       256
│    └─Sequential: 2-3                   [2, 165, 64]              [2, 165, 64]              --                        --                        --
│    │    └─Linear: 3-1                  [2, 165, 64]              [2, 165, 64]              --                        4,160                     8,320
│    │    └─ReLU: 3-2                    [2, 165, 64]              [2, 165, 64]              --                        --                        --
│    │    └─Dropout: 3-3                 [2, 165, 64]              [2, 165, 64]              --                        --                        --
│    │    └─Linear: 3-4                  [2, 165, 64]              [2, 165, 64]              --                        4,160                     8,320
│    └─LayerNorm: 2-4                    [2, 165, 64]              [2, 165, 64]              --                        128                       256
├─Sequential: 1-5                        [2, 64]                   [2, 3]                    --                        --                        --
│    └─Linear: 2-5                       [2, 64]                   [2, 64]                   --                        4,160                     8,320
│    └─ReLU: 2-6                         [2, 64]                   [2, 64]                   --                        --                        --
│    └─Linear: 2-7                       [2, 64]                   [2, 32]                   --                        2,080                     4,160
│    └─ReLU: 2-8                         [2, 32]                   [2, 32]                   --                        --                        --
│    └─Linear: 2-9                       [2, 32]                   [2, 3]                    --                        99                        198
=====================================================================================================================================================================
Total params: 19,011
Trainable params: 19,011
Non-trainable params: 0
Total mult-adds (Units.MEGABYTES): 0.04
=====================================================================================================================================================================
Input size (MB): 0.08
Forward/backward pass size (MB): 0.85
Params size (MB): 0.08
Estimated Total Size (MB): 1.01
=====================================================================================================================================================================
Total Trainable Parameters:  19011
Total Parameters:  19011
Epoch 0: 
BAS Score on Validation Data (Training Time 1.107155):  0.3333333333333333
Epoch 1: 
BAS Score on Validation Data (Training Time 1.065102):  0.5659390773652125
Epoch 2: 
BAS Score on Validation Data (Training Time 1.065091):  0.49626924630665475
Epoch 3: 
BAS Score on Validation Data (Training Time 1.064711):  0.6107500039026612
Epoch 4: 
BAS Score on Validation Data (Training Time 1.065469):  0.5868428727698195
Epoch 5: 
BAS Score on Validation Data (Training Time 1.065372):  0.6160766604490612
Epoch 6: 
BAS Score on Validation Data (Training Time 1.065388):  0.6187828228081417
Epoch 7: 
BAS Score on Validation Data (Training Time 1.065441):  0.6235722447307411
Epoch 8: 
BAS Score on Validation Data (Training Time 1.065582):  0.6257010036121509
Epoch 9: 
BAS Score on Validation Data (Training Time 1.065519):  0.6561626384545209
Epoch 10: 
BAS Score on Validation Data (Training Time 1.065978):  0.6754144622235406
Epoch 11: 
BAS Score on Validation Data (Training Time 1.065640):  0.7409232088759005
Epoch 12: 
BAS Score on Validation Data (Training Time 1.066197):  0.7043888177884754
Epoch 13: 
BAS Score on Validation Data (Training Time 1.066232):  0.7686428360126841
Epoch 14: 
BAS Score on Validation Data (Training Time 1.066524):  0.807532105368948
Epoch 15: 
BAS Score on Validation Data (Training Time 1.065599):  0.8428668265125339
Epoch 16: 
BAS Score on Validation Data (Training Time 1.065487):  0.8399847738300746
Epoch 17: 
BAS Score on Validation Data (Training Time 1.065600):  0.8107936234662891
Epoch 18: 
BAS Score on Validation Data (Training Time 1.065367):  0.8716102332697783
Epoch 19: 
BAS Score on Validation Data (Training Time 1.065566):  0.8856741772977278
Epoch 20: 
BAS Score on Validation Data (Training Time 1.065599):  0.8897307106364248
Epoch 21: 
BAS Score on Validation Data (Training Time 1.065521):  0.8909651740021999
Epoch 22: 
BAS Score on Validation Data (Training Time 1.065623):  0.895099264771328
Epoch 23: 
BAS Score on Validation Data (Training Time 1.065504):  0.9006324168413119
Epoch 24: 
BAS Score on Validation Data (Training Time 1.065822):  0.9026824764318935
Epoch 25: 
BAS Score on Validation Data (Training Time 1.065783):  0.8945920439862528
Epoch 26: 
BAS Score on Validation Data (Training Time 1.066950):  0.8978406312783836
Epoch 27: 
BAS Score on Validation Data (Training Time 1.067186):  0.9119682002259278
Epoch 28: 
BAS Score on Validation Data (Training Time 1.067319):  0.9145571324753297
Epoch 29: 
BAS Score on Validation Data (Training Time 1.066331):  0.9087912080580579
Epoch 30: 
BAS Score on Validation Data (Training Time 1.066795):  0.9034022948196007
Epoch 31: 
BAS Score on Validation Data (Training Time 1.066973):  0.9194542658218566
Epoch 32: 
BAS Score on Validation Data (Training Time 1.067257):  0.9137223635933865
Epoch 33: 
BAS Score on Validation Data (Training Time 1.065878):  0.9218306458184329
Epoch 34: 
BAS Score on Validation Data (Training Time 1.074532):  0.9200897831196609
Epoch 35: 
BAS Score on Validation Data (Training Time 1.067270):  0.9205785125449065
Epoch 36: 
BAS Score on Validation Data (Training Time 1.071168):  0.9242821732135001
Epoch 37: 
BAS Score on Validation Data (Training Time 1.077514):  0.9246024368902533
Epoch 38: 
BAS Score on Validation Data (Training Time 1.079267):  0.9229473326809629
Epoch 39: 
BAS Score on Validation Data (Training Time 1.066427):  0.9267989639450748
Epoch 40: 
BAS Score on Validation Data (Training Time 1.066697):  0.9229307551784512
Epoch 41: 
BAS Score on Validation Data (Training Time 1.066175):  0.9226325797217781
Epoch 42: 
BAS Score on Validation Data (Training Time 1.066407):  0.9256600981628512
Epoch 43: 
BAS Score on Validation Data (Training Time 1.066615):  0.9291368135046932
Epoch 44: 
BAS Score on Validation Data (Training Time 1.067480):  0.9250596493454949
Epoch 45: 
BAS Score on Validation Data (Training Time 1.067217):  0.9286626124390076
Epoch 46: 
BAS Score on Validation Data (Training Time 1.066587):  0.9291187328709031
Epoch 47: 
BAS Score on Validation Data (Training Time 1.066544):  0.9273558269199645
Epoch 48: 
BAS Score on Validation Data (Training Time 1.066523):  0.9281417750641712
Epoch 49: 
BAS Score on Validation Data (Training Time 1.066666):  0.9295718474221345
Epoch 50: 
BAS Score on Validation Data (Training Time 1.066419):  0.9281648200219634
Epoch 51: 
BAS Score on Validation Data (Training Time 1.066793):  0.9327908765694924
Epoch 52: 
BAS Score on Validation Data (Training Time 1.067195):  0.9299688515644844
Epoch 53: 
BAS Score on Validation Data (Training Time 1.067370):  0.9330023817668853
Epoch 54: 
BAS Score on Validation Data (Training Time 1.068778):  0.9310901377566773
Epoch 55: 
BAS Score on Validation Data (Training Time 1.066396):  0.9289417501422851
Epoch 56: 
BAS Score on Validation Data (Training Time 1.069721):  0.9291708353116017
Epoch 57: 
BAS Score on Validation Data (Training Time 1.067004):  0.9320585793470699
Epoch 58: 
BAS Score on Validation Data (Training Time 1.068234):  0.9345091496225318
Epoch 59: 
BAS Score on Validation Data (Training Time 1.068310):  0.935358311960294
Epoch 60: 
BAS Score on Validation Data (Training Time 1.066324):  0.9339527423415949
Epoch 61: 
BAS Score on Validation Data (Training Time 1.066412):  0.9352870818303725
Epoch 62: 
BAS Score on Validation Data (Training Time 1.073365):  0.9358735932677554
Epoch 63: 
BAS Score on Validation Data (Training Time 1.068490):  0.936977800913677
Epoch 64: 
BAS Score on Validation Data (Training Time 1.067320):  0.9372333926154027
Epoch 65: 
BAS Score on Validation Data (Training Time 1.072218):  0.9369256535050647
Epoch 66: 
BAS Score on Validation Data (Training Time 1.066720):  0.9330103977032511
Epoch 67: 
BAS Score on Validation Data (Training Time 1.069774):  0.9364615175186967
Epoch 68: 
BAS Score on Validation Data (Training Time 1.066882):  0.9376870531783074
Epoch 69: 
BAS Score on Validation Data (Training Time 1.068970):  0.9354033098525324
Epoch 70: 
BAS Score on Validation Data (Training Time 1.066604):  0.9378364365873838
Epoch 71: 
BAS Score on Validation Data (Training Time 1.069865):  0.9368359777470135
Epoch 72: 
BAS Score on Validation Data (Training Time 1.066749):  0.9383356414360929
Epoch 73: 
BAS Score on Validation Data (Training Time 1.072859):  0.9379150909102982
Epoch 74: 
BAS Score on Validation Data (Training Time 1.068254):  0.9388710075523826
Epoch 75: 
BAS Score on Validation Data (Training Time 1.067365):  0.9427045581827044
Epoch 76: 
BAS Score on Validation Data (Training Time 1.071540):  0.938726087805442
Epoch 77: 
BAS Score on Validation Data (Training Time 1.066617):  0.938168222743033
Epoch 78: 
BAS Score on Validation Data (Training Time 1.071088):  0.9296686277286459
Epoch 79: 
BAS Score on Validation Data (Training Time 1.068839):  0.9409120491190796
Epoch 80: 
BAS Score on Validation Data (Training Time 1.070360):  0.9424293377479963
Epoch 81: 
BAS Score on Validation Data (Training Time 1.067158):  0.9408228290549813
Epoch 82: 
BAS Score on Validation Data (Training Time 1.068997):  0.9401722370040506
Epoch 83: 
BAS Score on Validation Data (Training Time 1.067231):  0.9367431600588785
Epoch 84: 
BAS Score on Validation Data (Training Time 1.072187):  0.9422158287574586
Epoch 85: 
BAS Score on Validation Data (Training Time 1.069279):  0.9372534320744242
Epoch 86: 
BAS Score on Validation Data (Training Time 1.067845):  0.9429586921029581
Epoch 87: 
BAS Score on Validation Data (Training Time 1.072875):  0.9437708267531479
Epoch 88: 
BAS Score on Validation Data (Training Time 1.068753):  0.9414418591679942
Epoch 89: 
BAS Score on Validation Data (Training Time 1.063656):  0.9429902540408758
Epoch 90: 
BAS Score on Validation Data (Training Time 1.058877):  0.9441010194597984
Epoch 91: 
BAS Score on Validation Data (Training Time 1.061328):  0.9440047855468531
Epoch 92: 
BAS Score on Validation Data (Training Time 1.059114):  0.9374961338335023
Epoch 93: 
BAS Score on Validation Data (Training Time 1.059995):  0.9438990329481568
Epoch 94: 
BAS Score on Validation Data (Training Time 1.058565):  0.943652869614462
Epoch 95: 
BAS Score on Validation Data (Training Time 1.064611):  0.9442253083862377
Epoch 96: 
BAS Score on Validation Data (Training Time 1.060426):  0.9428128609681118
Epoch 97: 
BAS Score on Validation Data (Training Time 1.068002):  0.9461852361429225
Epoch 98: 
BAS Score on Validation Data (Training Time 1.072571):  0.9462443520505749
Epoch 99: 
BAS Score on Validation Data (Training Time 1.068315):  0.9441666935223448
Epoch 100: 
BAS Score on Validation Data (Training Time 1.061267):  0.9451416475359319
Epoch 101: 
BAS Score on Validation Data (Training Time 1.058929):  0.9426162495065116
Epoch 102: 
BAS Score on Validation Data (Training Time 1.061227):  0.9430152578238994
Epoch 103: 
BAS Score on Validation Data (Training Time 1.057899):  0.9442378783024598
Epoch 104: 
BAS Score on Validation Data (Training Time 1.059765):  0.9435942094007624
Epoch 105: 
BAS Score on Validation Data (Training Time 1.058439):  0.9443811592505948
Epoch 106: 
BAS Score on Validation Data (Training Time 1.065593):  0.9452658911125645
Epoch 107: 
BAS Score on Validation Data (Training Time 1.060163):  0.9466930029396708
Epoch 108: 
BAS Score on Validation Data (Training Time 1.059229):  0.9402203310946732
Epoch 109: 
BAS Score on Validation Data (Training Time 1.063215):  0.944124019449677
Epoch 110: 
BAS Score on Validation Data (Training Time 1.058564):  0.9476779313329616
Epoch 111: 
BAS Score on Validation Data (Training Time 1.061767):  0.9483897337843031
Epoch 112: 
BAS Score on Validation Data (Training Time 1.067623):  0.9455545928514
Epoch 113: 
BAS Score on Validation Data (Training Time 1.069551):  0.9483561227034337
Epoch 114: 
BAS Score on Validation Data (Training Time 1.067281):  0.9454804021906212
Epoch 115: 
BAS Score on Validation Data (Training Time 1.067198):  0.947168115393262
Epoch 116: 
BAS Score on Validation Data (Training Time 1.067433):  0.9415611833885382
Epoch 117: 
BAS Score on Validation Data (Training Time 1.072298):  0.9485165275476469
Epoch 118: 
BAS Score on Validation Data (Training Time 1.068142):  0.9489812099275813
Epoch 119: 
BAS Score on Validation Data (Training Time 1.067256):  0.9450384451239465
Epoch 120: 
BAS Score on Validation Data (Training Time 1.072174):  0.9479235033051766
Epoch 121: 
BAS Score on Validation Data (Training Time 1.067783):  0.9494959452233696
Epoch 122: 
BAS Score on Validation Data (Training Time 1.069042):  0.9471852392893397
Epoch 123: 
BAS Score on Validation Data (Training Time 1.068035):  0.9431821754731998
Epoch 124: 
BAS Score on Validation Data (Training Time 1.070456):  0.9483185490041883
Epoch 125: 
BAS Score on Validation Data (Training Time 1.067899):  0.9441251572047231
Epoch 126: 
BAS Score on Validation Data (Training Time 1.068683):  0.9479320652532156
Epoch 127: 
BAS Score on Validation Data (Training Time 1.069041):  0.9482624389771998
Epoch 128: 
BAS Score on Validation Data (Training Time 1.072193):  0.9435276693001171
Epoch 129: 
BAS Score on Validation Data (Training Time 1.068594):  0.9485325590384855
Epoch 130: 
BAS Score on Validation Data (Training Time 1.067045):  0.9475295500114043
Epoch 131: 
BAS Score on Validation Data (Training Time 1.072847):  0.9459962298916489
Epoch 132: 
BAS Score on Validation Data (Training Time 1.067918):  0.949154640381969
Epoch 133: 
BAS Score on Validation Data (Training Time 1.077718):  0.9471029423744749
Epoch 134: 
BAS Score on Validation Data (Training Time 1.066832):  0.9493165030076539
Epoch 135: 
BAS Score on Validation Data (Training Time 1.077741):  0.947948552438007
Epoch 136: 
BAS Score on Validation Data (Training Time 1.078693):  0.9446659433389678
Epoch 137: 
BAS Score on Validation Data (Training Time 1.069158):  0.9496473324255909
Epoch 138: 
BAS Score on Validation Data (Training Time 1.068285):  0.9499786628872875
Epoch 139: 
BAS Score on Validation Data (Training Time 1.072937):  0.9486192742656794
Epoch 140: 
BAS Score on Validation Data (Training Time 1.067903):  0.9474989448111989
Epoch 141: 
BAS Score on Validation Data (Training Time 1.068035):  0.9501490874610115
Epoch 142: 
BAS Score on Validation Data (Training Time 1.072947):  0.9494699393528269
Epoch 143: 
BAS Score on Validation Data (Training Time 1.071063):  0.9492202690947088
Epoch 144: 
BAS Score on Validation Data (Training Time 1.070688):  0.9488504081960546
Epoch 145: 
BAS Score on Validation Data (Training Time 1.067801):  0.9482733700946161
Epoch 146: 
BAS Score on Validation Data (Training Time 1.069864):  0.9494864265376184
Epoch 147: 
BAS Score on Validation Data (Training Time 1.068429):  0.9473726067418079
Epoch 148: 
BAS Score on Validation Data (Training Time 1.068175):  0.9495856663312274
Epoch 149: 
BAS Score on Validation Data (Training Time 1.068339):  0.9498824289743423
High Quality
0.962158892142209 0.9688606300330685 0.976446959304437 0.962158892142209 0.9622402979106719
              precision    recall  f1-score   support

           0       0.99      0.99      0.99     19588
           1       0.98      1.00      0.99      5531
           2       0.97      0.90      0.93      3100

    accuracy                           0.98     28219
   macro avg       0.98      0.96      0.97     28219
weighted avg       0.98      0.98      0.98     28219

Low Quality
0.7266303250555218 0.7957317228161681 0.9317605276509386 0.7266303250555218 0.7964252297239848
              precision    recall  f1-score   support

           0       0.96      1.00      0.98       635
           1       0.94      0.78      0.86        65
           2       0.89      0.40      0.55        20

    accuracy                           0.96       720
   macro avg       0.93      0.73      0.80       720
weighted avg       0.96      0.96      0.96       720

Emb Dim: 128
Transformer-FNET-128
=====================================================================================================================================================================
Layer (type:depth-idx)                   Input Shape               Output Shape              Kernel Shape              Param #                   Mult-Adds
=====================================================================================================================================================================
TransfomerBlock                          [2, 21, 495]              [2, 3]                    --                        --                        --
├─MakePatches: 1-1                       [2, 21, 495]              [2, 165, 63]              --                        --                        --
│    └─Unfold: 2-1                       [2, 1, 21, 495]           [2, 63, 165]              [21, 3]                   --                        --
├─Linear: 1-2                            [2, 165, 63]              [2, 165, 128]             --                        8,192                     16,384
├─PositionalEncoding: 1-3                [2, 165, 128]             [2, 165, 128]             --                        --                        --
├─FNET: 1-4                              [2, 165, 128]             [2, 165, 128]             --                        --                        --
│    └─LayerNorm: 2-2                    [2, 165, 128]             [2, 165, 128]             --                        256                       512
│    └─Sequential: 2-3                   [2, 165, 128]             [2, 165, 128]             --                        --                        --
│    │    └─Linear: 3-1                  [2, 165, 128]             [2, 165, 128]             --                        16,512                    33,024
│    │    └─ReLU: 3-2                    [2, 165, 128]             [2, 165, 128]             --                        --                        --
│    │    └─Dropout: 3-3                 [2, 165, 128]             [2, 165, 128]             --                        --                        --
│    │    └─Linear: 3-4                  [2, 165, 128]             [2, 165, 128]             --                        16,512                    33,024
│    └─LayerNorm: 2-4                    [2, 165, 128]             [2, 165, 128]             --                        256                       512
├─Sequential: 1-5                        [2, 128]                  [2, 3]                    --                        --                        --
│    └─Linear: 2-5                       [2, 128]                  [2, 64]                   --                        8,256                     16,512
│    └─ReLU: 2-6                         [2, 64]                   [2, 64]                   --                        --                        --
│    └─Linear: 2-7                       [2, 64]                   [2, 32]                   --                        2,080                     4,160
│    └─ReLU: 2-8                         [2, 32]                   [2, 32]                   --                        --                        --
│    └─Linear: 2-9                       [2, 32]                   [2, 3]                    --                        99                        198
=====================================================================================================================================================================
Total params: 52,163
Trainable params: 52,163
Non-trainable params: 0
Total mult-adds (Units.MEGABYTES): 0.10
=====================================================================================================================================================================
Input size (MB): 0.08
Forward/backward pass size (MB): 1.69
Params size (MB): 0.21
Estimated Total Size (MB): 1.98
=====================================================================================================================================================================
Total Trainable Parameters:  52163
Total Parameters:  52163
Epoch 0: 
BAS Score on Validation Data (Training Time 1.208554):  0.3333333333333333
Epoch 1: 
BAS Score on Validation Data (Training Time 1.212056):  0.5120649341897104
Epoch 2: 
BAS Score on Validation Data (Training Time 1.209231):  0.6128290752444494
Epoch 3: 
BAS Score on Validation Data (Training Time 1.206894):  0.57763830364836
Epoch 4: 
BAS Score on Validation Data (Training Time 1.206766):  0.6183682840436747
Epoch 5: 
BAS Score on Validation Data (Training Time 1.206704):  0.6194955819971953
Epoch 6: 
BAS Score on Validation Data (Training Time 1.206341):  0.6726881704696112
Epoch 7: 
BAS Score on Validation Data (Training Time 1.207037):  0.7220222041467886
Epoch 8: 
BAS Score on Validation Data (Training Time 1.206963):  0.7207955715946944
Epoch 9: 
BAS Score on Validation Data (Training Time 1.207323):  0.8329626635850733
Epoch 10: 
BAS Score on Validation Data (Training Time 1.206920):  0.8875132777025899
Epoch 11: 
BAS Score on Validation Data (Training Time 1.207714):  0.8782038726213696
Epoch 12: 
BAS Score on Validation Data (Training Time 1.206741):  0.8949282038682105
Epoch 13: 
BAS Score on Validation Data (Training Time 1.207129):  0.898859902268795
Epoch 14: 
BAS Score on Validation Data (Training Time 1.208009):  0.8997897227226165
Epoch 15: 
BAS Score on Validation Data (Training Time 1.207420):  0.8961852568797184
Epoch 16: 
BAS Score on Validation Data (Training Time 1.208317):  0.910438797756635
Epoch 17: 
BAS Score on Validation Data (Training Time 1.207915):  0.9027255154989007
Epoch 18: 
BAS Score on Validation Data (Training Time 1.210860):  0.895067613279476
Epoch 19: 
BAS Score on Validation Data (Training Time 1.206988):  0.906800675483061
Epoch 20: 
BAS Score on Validation Data (Training Time 1.207319):  0.907814250251326
Epoch 21: 
BAS Score on Validation Data (Training Time 1.207125):  0.9166562882440529
Epoch 22: 
BAS Score on Validation Data (Training Time 1.200278):  0.9132914275799555
Epoch 23: 
BAS Score on Validation Data (Training Time 1.199073):  0.9178161951909237
Epoch 24: 
BAS Score on Validation Data (Training Time 1.200789):  0.9150367085910563
Epoch 25: 
BAS Score on Validation Data (Training Time 1.200854):  0.9215098814798134
Epoch 26: 
BAS Score on Validation Data (Training Time 1.207432):  0.9106498926098818
Epoch 27: 
BAS Score on Validation Data (Training Time 1.207839):  0.9248687753504966
Epoch 28: 
BAS Score on Validation Data (Training Time 1.225959):  0.9222893617868463
Epoch 29: 
BAS Score on Validation Data (Training Time 1.218843):  0.9171890588238246
Epoch 30: 
BAS Score on Validation Data (Training Time 1.212412):  0.9277950498229227
Epoch 31: 
BAS Score on Validation Data (Training Time 1.215692):  0.9264837103240237
Epoch 32: 
BAS Score on Validation Data (Training Time 1.210954):  0.9278797159071649
Epoch 33: 
BAS Score on Validation Data (Training Time 1.212698):  0.9266376926808698
Epoch 34: 
BAS Score on Validation Data (Training Time 1.211499):  0.9283428951558208
Epoch 35: 
BAS Score on Validation Data (Training Time 1.214243):  0.927555854988268
Epoch 36: 
BAS Score on Validation Data (Training Time 1.211567):  0.9299765021246178
Epoch 37: 
BAS Score on Validation Data (Training Time 1.210161):  0.9307744284416732
Epoch 38: 
BAS Score on Validation Data (Training Time 1.209191):  0.9219569842697171
Epoch 39: 
BAS Score on Validation Data (Training Time 1.217714):  0.9308806820841292
Epoch 40: 
BAS Score on Validation Data (Training Time 1.209728):  0.932725794250319
Epoch 41: 
BAS Score on Validation Data (Training Time 1.214502):  0.9240596915488842
Epoch 42: 
BAS Score on Validation Data (Training Time 1.210833):  0.9336420880502064
Epoch 43: 
BAS Score on Validation Data (Training Time 1.209791):  0.9306996464194146
Epoch 44: 
BAS Score on Validation Data (Training Time 1.209944):  0.9332410305898668
Epoch 45: 
BAS Score on Validation Data (Training Time 1.211948):  0.932251502866913
Epoch 46: 
BAS Score on Validation Data (Training Time 1.210568):  0.9338675302456793
Epoch 47: 
BAS Score on Validation Data (Training Time 1.209645):  0.9342209039595422
Epoch 48: 
BAS Score on Validation Data (Training Time 1.215932):  0.9276541833939715
Epoch 49: 
BAS Score on Validation Data (Training Time 1.224859):  0.9329878080575185
Epoch 50: 
BAS Score on Validation Data (Training Time 1.217045):  0.9322504104616737
Epoch 51: 
BAS Score on Validation Data (Training Time 1.211406):  0.9361251320333844
Epoch 52: 
BAS Score on Validation Data (Training Time 1.212869):  0.9368343842980148
Epoch 53: 
BAS Score on Validation Data (Training Time 1.210681):  0.9371140683948584
Epoch 54: 
BAS Score on Validation Data (Training Time 1.211783):  0.9313337966353606
Epoch 55: 
BAS Score on Validation Data (Training Time 1.214434):  0.9359551631536135
Epoch 56: 
BAS Score on Validation Data (Training Time 1.211182):  0.9209015561170761
Epoch 57: 
BAS Score on Validation Data (Training Time 1.209168):  0.9356839506870883
Epoch 58: 
BAS Score on Validation Data (Training Time 1.215365):  0.9407147072869074
Epoch 59: 
BAS Score on Validation Data (Training Time 1.208904):  0.9369516593756074
Epoch 60: 
BAS Score on Validation Data (Training Time 1.214186):  0.939816814147236
Epoch 61: 
BAS Score on Validation Data (Training Time 1.211300):  0.9409751729949147
Epoch 62: 
BAS Score on Validation Data (Training Time 1.211535):  0.9390775026940735
Epoch 63: 
BAS Score on Validation Data (Training Time 1.208287):  0.9345716821368873
Epoch 64: 
BAS Score on Validation Data (Training Time 1.211816):  0.9401831681214669
Epoch 65: 
BAS Score on Validation Data (Training Time 1.208973):  0.9349691423550831
Epoch 66: 
BAS Score on Validation Data (Training Time 1.208883):  0.9406357816289388
Epoch 67: 
BAS Score on Validation Data (Training Time 1.212803):  0.9164555331467424
Epoch 68: 
BAS Score on Validation Data (Training Time 1.212575):  0.940004772961184
Epoch 69: 
BAS Score on Validation Data (Training Time 1.229355):  0.933112642995631
Epoch 70: 
BAS Score on Validation Data (Training Time 1.213574):  0.9434302976321259
Epoch 71: 
BAS Score on Validation Data (Training Time 1.210282):  0.9449937219083271
Epoch 72: 
BAS Score on Validation Data (Training Time 1.209512):  0.9401576179448771
Epoch 73: 
BAS Score on Validation Data (Training Time 1.211349):  0.9403911663944363
Epoch 74: 
BAS Score on Validation Data (Training Time 1.208420):  0.9447622679515263
Epoch 75: 
BAS Score on Validation Data (Training Time 1.210164):  0.9446719101323819
Epoch 76: 
BAS Score on Validation Data (Training Time 1.212340):  0.9445972184278437
Epoch 77: 
BAS Score on Validation Data (Training Time 1.215588):  0.9465466707610649
Epoch 78: 
BAS Score on Validation Data (Training Time 1.209006):  0.9452879343647309
Epoch 79: 
BAS Score on Validation Data (Training Time 1.213245):  0.9450373073689006
Epoch 80: 
BAS Score on Validation Data (Training Time 1.209218):  0.936144486089748
Epoch 81: 
BAS Score on Validation Data (Training Time 1.210791):  0.9356864555239928
Epoch 82: 
BAS Score on Validation Data (Training Time 1.208983):  0.9450688693068182
Epoch 83: 
BAS Score on Validation Data (Training Time 1.217339):  0.9464929299034538
Epoch 84: 
BAS Score on Validation Data (Training Time 1.208490):  0.9480558531358955
Epoch 85: 
BAS Score on Validation Data (Training Time 1.209392):  0.9451490717289247
Epoch 86: 
BAS Score on Validation Data (Training Time 1.210985):  0.9434773900171226
Epoch 87: 
BAS Score on Validation Data (Training Time 1.214239):  0.9263802332354194
Epoch 88: 
BAS Score on Validation Data (Training Time 1.212420):  0.9455796419842303
Epoch 89: 
BAS Score on Validation Data (Training Time 1.210213):  0.947098524062146
Epoch 90: 
BAS Score on Validation Data (Training Time 1.210680):  0.9471961704067561
Epoch 91: 
BAS Score on Validation Data (Training Time 1.209697):  0.9481235309915869
Epoch 92: 
BAS Score on Validation Data (Training Time 1.212279):  0.9423039564163176
Epoch 93: 
BAS Score on Validation Data (Training Time 1.208750):  0.9500398279378914
Epoch 94: 
BAS Score on Validation Data (Training Time 1.209594):  0.9476929607362813
Epoch 95: 
BAS Score on Validation Data (Training Time 1.209399):  0.9501154763801422
Epoch 96: 
BAS Score on Validation Data (Training Time 1.217660):  0.9506002431870115
Epoch 97: 
BAS Score on Validation Data (Training Time 1.209686):  0.9479610770044221
Epoch 98: 
BAS Score on Validation Data (Training Time 1.215855):  0.9469074686679207
Epoch 99: 
BAS Score on Validation Data (Training Time 1.209180):  0.9478404306699333
Epoch 100: 
BAS Score on Validation Data (Training Time 1.210598):  0.9460322554917022
Epoch 101: 
BAS Score on Validation Data (Training Time 1.209476):  0.9495997843466415
Epoch 102: 
BAS Score on Validation Data (Training Time 1.212197):  0.950610718610475
Epoch 103: 
BAS Score on Validation Data (Training Time 1.208966):  0.9499575763728334
Epoch 104: 
BAS Score on Validation Data (Training Time 1.209435):  0.9408228740228948
Epoch 105: 
BAS Score on Validation Data (Training Time 1.209882):  0.9503090366112718
Epoch 106: 
BAS Score on Validation Data (Training Time 1.215359):  0.93298630492624
Epoch 107: 
BAS Score on Validation Data (Training Time 1.211129):  0.9480287548601135
Epoch 108: 
BAS Score on Validation Data (Training Time 1.211885):  0.9526262553503888
Epoch 109: 
BAS Score on Validation Data (Training Time 1.225942):  0.9512949217422749
Epoch 110: 
BAS Score on Validation Data (Training Time 1.210653):  0.9511214912878873
Epoch 111: 
BAS Score on Validation Data (Training Time 1.212443):  0.9484829164667777
Epoch 112: 
BAS Score on Validation Data (Training Time 1.210196):  0.9489686400113594
Epoch 113: 
BAS Score on Validation Data (Training Time 1.210859):  0.9493661002295551
Epoch 114: 
BAS Score on Validation Data (Training Time 1.210180):  0.944172385257247
Epoch 115: 
BAS Score on Validation Data (Training Time 1.215466):  0.9510157386891908
Epoch 116: 
BAS Score on Validation Data (Training Time 1.210078):  0.952594693412471
Epoch 117: 
BAS Score on Validation Data (Training Time 1.214475):  0.9524372944489219
Epoch 118: 
BAS Score on Validation Data (Training Time 1.210001):  0.9492193573249103
Epoch 119: 
BAS Score on Validation Data (Training Time 1.211560):  0.9530443010392792
Epoch 120: 
BAS Score on Validation Data (Training Time 1.210167):  0.9426663477721723
Epoch 121: 
BAS Score on Validation Data (Training Time 1.212125):  0.9498944978468047
Epoch 122: 
BAS Score on Validation Data (Training Time 1.209368):  0.9495601615044443
Epoch 123: 
BAS Score on Validation Data (Training Time 1.210423):  0.9521175318159284
Epoch 124: 
BAS Score on Validation Data (Training Time 1.209791):  0.9499195469796352
Epoch 125: 
BAS Score on Validation Data (Training Time 1.218001):  0.945260836088949
Epoch 126: 
BAS Score on Validation Data (Training Time 1.210412):  0.9481926666287501
Epoch 127: 
BAS Score on Validation Data (Training Time 1.213849):  0.9528026916854405
Epoch 128: 
BAS Score on Validation Data (Training Time 1.211555):  0.9529114501648008
Epoch 129: 
BAS Score on Validation Data (Training Time 1.209800):  0.9504388816050863
Epoch 130: 
BAS Score on Validation Data (Training Time 1.212263):  0.9528703695411319
Epoch 131: 
BAS Score on Validation Data (Training Time 1.209495):  0.9538924159397156
Epoch 132: 
BAS Score on Validation Data (Training Time 1.209788):  0.9522473314599361
Epoch 133: 
BAS Score on Validation Data (Training Time 1.209534):  0.9522553020464951
Epoch 134: 
BAS Score on Validation Data (Training Time 1.216793):  0.9535801228495216
Epoch 135: 
BAS Score on Validation Data (Training Time 1.210531):  0.9503816338230516
Epoch 136: 
BAS Score on Validation Data (Training Time 1.214194):  0.9529019314790496
Epoch 137: 
BAS Score on Validation Data (Training Time 1.209649):  0.9528803892706428
Epoch 138: 
BAS Score on Validation Data (Training Time 1.211278):  0.9532779398065587
Epoch 139: 
BAS Score on Validation Data (Training Time 1.209809):  0.9498328317524413
Epoch 140: 
BAS Score on Validation Data (Training Time 1.212382):  0.9191289441618163
Epoch 141: 
BAS Score on Validation Data (Training Time 1.210031):  0.9539856439719969
Epoch 142: 
BAS Score on Validation Data (Training Time 1.212306):  0.9493911493623854
Epoch 143: 
BAS Score on Validation Data (Training Time 1.210167):  0.9533661128152245
Epoch 144: 
BAS Score on Validation Data (Training Time 1.216645):  0.9492082002222464
Epoch 145: 
BAS Score on Validation Data (Training Time 1.209728):  0.9498217196176911
Epoch 146: 
BAS Score on Validation Data (Training Time 1.214040):  0.9487296261940387
Epoch 147: 
BAS Score on Validation Data (Training Time 1.209031):  0.9511356093033013
Epoch 148: 
BAS Score on Validation Data (Training Time 1.211022):  0.952524966413828
Epoch 149: 
BAS Score on Validation Data (Training Time 1.211704):  0.9519334902705499
High Quality
0.9614289458523314 0.9700948758254327 0.9800221595202722 0.9614289458523314 0.9639718392031811
              precision    recall  f1-score   support

           0       0.99      0.99      0.99     19588
           1       0.98      1.00      0.99      5531
           2       0.98      0.89      0.93      3100

    accuracy                           0.98     28219
   macro avg       0.98      0.96      0.97     28219
weighted avg       0.98      0.98      0.98     28219

Low Quality
0.5887139107611549 0.5186163043305901 0.7155783973189619 0.5887139107611549 0.2851562562502172
              precision    recall  f1-score   support

           0       0.95      0.67      0.78       635
           1       0.19      0.80      0.31        65
           2       1.00      0.30      0.46        20

    accuracy                           0.67       720
   macro avg       0.72      0.59      0.52       720
weighted avg       0.89      0.67      0.73       720

Emb Dim: 64
Transformer-MHA-64
=====================================================================================================================================================================
Layer (type:depth-idx)                   Input Shape               Output Shape              Kernel Shape              Param #                   Mult-Adds
=====================================================================================================================================================================
TransfomerBlock                          [2, 21, 495]              [2, 3]                    --                        --                        --
├─MakePatches: 1-1                       [2, 21, 495]              [2, 165, 63]              --                        --                        --
│    └─Unfold: 2-1                       [2, 1, 21, 495]           [2, 63, 165]              [21, 3]                   --                        --
├─Linear: 1-2                            [2, 165, 63]              [2, 165, 64]              --                        4,096                     8,192
├─PositionalEncoding: 1-3                [2, 165, 64]              [2, 165, 64]              --                        --                        --
├─TransformerEncoderLayer: 1-4           [2, 165, 64]              [2, 165, 64]              --                        --                        --
│    └─MultiheadAttention: 2-2           [2, 165, 64]              [2, 165, 64]              --                        16,640                    --
│    └─Dropout: 2-3                      [2, 165, 64]              [2, 165, 64]              --                        --                        --
│    └─LayerNorm: 2-4                    [2, 165, 64]              [2, 165, 64]              --                        128                       256
│    └─Linear: 2-5                       [2, 165, 64]              [2, 165, 2048]            --                        133,120                   266,240
│    └─Dropout: 2-6                      [2, 165, 2048]            [2, 165, 2048]            --                        --                        --
│    └─Linear: 2-7                       [2, 165, 2048]            [2, 165, 64]              --                        131,136                   262,272
│    └─Dropout: 2-8                      [2, 165, 64]              [2, 165, 64]              --                        --                        --
│    └─LayerNorm: 2-9                    [2, 165, 64]              [2, 165, 64]              --                        128                       256
├─Sequential: 1-5                        [2, 64]                   [2, 3]                    --                        --                        --
│    └─Linear: 2-10                      [2, 64]                   [2, 64]                   --                        4,160                     8,320
│    └─ReLU: 2-11                        [2, 64]                   [2, 64]                   --                        --                        --
│    └─Linear: 2-12                      [2, 64]                   [2, 32]                   --                        2,080                     4,160
│    └─ReLU: 2-13                        [2, 32]                   [2, 32]                   --                        --                        --
│    └─Linear: 2-14                      [2, 32]                   [2, 3]                    --                        99                        198
=====================================================================================================================================================================
Total params: 291,587
Trainable params: 291,587
Non-trainable params: 0
Total mult-adds (Units.MEGABYTES): 0.55
=====================================================================================================================================================================
Input size (MB): 0.08
Forward/backward pass size (MB): 6.08
Params size (MB): 1.10
Estimated Total Size (MB): 7.27
=====================================================================================================================================================================
Total Trainable Parameters:  291587
Total Parameters:  291587
Epoch 0: 
BAS Score on Validation Data (Training Time 1.570346):  0.3333333333333333
Epoch 1: 
BAS Score on Validation Data (Training Time 1.569975):  0.6143592991658204
Epoch 2: 
BAS Score on Validation Data (Training Time 1.558960):  0.6166910916143044
Epoch 3: 
BAS Score on Validation Data (Training Time 1.564233):  0.6209141318762627
Epoch 4: 
BAS Score on Validation Data (Training Time 1.560660):  0.6461431547874551
Epoch 5: 
BAS Score on Validation Data (Training Time 1.558904):  0.8561676874824147
Epoch 6: 
BAS Score on Validation Data (Training Time 1.558372):  0.623274503295587
Epoch 7: 
BAS Score on Validation Data (Training Time 1.558345):  0.8929015553754397
Epoch 8: 
BAS Score on Validation Data (Training Time 1.560033):  0.8959488374532362
Epoch 9: 
BAS Score on Validation Data (Training Time 1.567166):  0.8768909850232784
Epoch 10: 
BAS Score on Validation Data (Training Time 1.562444):  0.8885740756542416
Epoch 11: 
BAS Score on Validation Data (Training Time 1.560287):  0.9171025695818783
Epoch 12: 
BAS Score on Validation Data (Training Time 1.558818):  0.9171595913786654
Epoch 13: 
BAS Score on Validation Data (Training Time 1.558880):  0.9008517524704925
Epoch 14: 
BAS Score on Validation Data (Training Time 1.564855):  0.9199234572137334
Epoch 15: 
BAS Score on Validation Data (Training Time 1.577366):  0.9216783018784992
Epoch 16: 
BAS Score on Validation Data (Training Time 1.562739):  0.9102967890853938
Epoch 17: 
BAS Score on Validation Data (Training Time 1.561131):  0.9241604798235786
Epoch 18: 
BAS Score on Validation Data (Training Time 1.559087):  0.9134666317368897
Epoch 19: 
BAS Score on Validation Data (Training Time 1.559814):  0.9206156762818992
Epoch 20: 
BAS Score on Validation Data (Training Time 1.560025):  0.9272987605371571
Epoch 21: 
BAS Score on Validation Data (Training Time 1.559594):  0.9108282877701649
Epoch 22: 
BAS Score on Validation Data (Training Time 1.570004):  0.9271322078821957
Epoch 23: 
BAS Score on Validation Data (Training Time 1.559350):  0.9106645116690554
Epoch 24: 
BAS Score on Validation Data (Training Time 1.560556):  0.9033937317258824
Epoch 25: 
BAS Score on Validation Data (Training Time 1.559547):  0.9248059265331733
Epoch 26: 
BAS Score on Validation Data (Training Time 1.566046):  0.9274950549320032
Epoch 27: 
BAS Score on Validation Data (Training Time 1.565490):  0.9361105583240178
Epoch 28: 
BAS Score on Validation Data (Training Time 1.561383):  0.9386624179179334
Epoch 29: 
BAS Score on Validation Data (Training Time 1.561865):  0.9377591946961344
Epoch 30: 
BAS Score on Validation Data (Training Time 1.561952):  0.9380408376182094
Epoch 31: 
BAS Score on Validation Data (Training Time 1.559471):  0.9358954558844812
Epoch 32: 
BAS Score on Validation Data (Training Time 1.560244):  0.9408694203962185
Epoch 33: 
BAS Score on Validation Data (Training Time 1.564781):  0.9357496247496347
Epoch 34: 
BAS Score on Validation Data (Training Time 1.563719):  0.9355666302596891
Epoch 35: 
BAS Score on Validation Data (Training Time 1.564908):  0.9406468484138822
Epoch 36: 
BAS Score on Validation Data (Training Time 1.559960):  0.9422834612633432
Epoch 37: 
BAS Score on Validation Data (Training Time 1.562511):  0.9270546463464139
Epoch 38: 
BAS Score on Validation Data (Training Time 1.562328):  0.9432659751374503
Epoch 39: 
BAS Score on Validation Data (Training Time 1.560178):  0.8514101741612031
Epoch 40: 
BAS Score on Validation Data (Training Time 1.561273):  0.9421896872193889
Epoch 41: 
BAS Score on Validation Data (Training Time 1.567384):  0.9429631557650938
Epoch 42: 
BAS Score on Validation Data (Training Time 1.562989):  0.9397535999536802
Epoch 43: 
BAS Score on Validation Data (Training Time 1.566137):  0.9271957829647399
Epoch 44: 
BAS Score on Validation Data (Training Time 1.562103):  0.9469120679975834
Epoch 45: 
BAS Score on Validation Data (Training Time 1.561305):  0.9414744231934309
Epoch 46: 
BAS Score on Validation Data (Training Time 1.562842):  0.9451552645075864
Epoch 47: 
BAS Score on Validation Data (Training Time 1.561869):  0.9456774693461742
Epoch 48: 
BAS Score on Validation Data (Training Time 1.561256):  0.9439801921079756
Epoch 49: 
BAS Score on Validation Data (Training Time 1.567828):  0.9235574350878113
Epoch 50: 
BAS Score on Validation Data (Training Time 1.564957):  0.946828859694813
Epoch 51: 
BAS Score on Validation Data (Training Time 1.562422):  0.9470147693658092
Epoch 52: 
BAS Score on Validation Data (Training Time 1.562027):  0.9426089152493459
Epoch 53: 
BAS Score on Validation Data (Training Time 1.561713):  0.8720934831017441
Epoch 54: 
BAS Score on Validation Data (Training Time 1.560147):  0.9370495766733787
Epoch 55: 
BAS Score on Validation Data (Training Time 1.560778):  0.9426508626748998
Epoch 56: 
BAS Score on Validation Data (Training Time 1.562472):  0.9117024073954646
Epoch 57: 
BAS Score on Validation Data (Training Time 1.564664):  0.9472323316743365
Epoch 58: 
BAS Score on Validation Data (Training Time 1.564744):  0.9359172236962424
Epoch 59: 
BAS Score on Validation Data (Training Time 1.560027):  0.9397497730028314
Epoch 60: 
BAS Score on Validation Data (Training Time 1.562278):  0.9504548677461181
Epoch 61: 
BAS Score on Validation Data (Training Time 1.562381):  0.9486468735852208
Epoch 62: 
BAS Score on Validation Data (Training Time 1.559399):  0.9387987757168351
Epoch 63: 
BAS Score on Validation Data (Training Time 1.560657):  0.93405307415855
Epoch 64: 
BAS Score on Validation Data (Training Time 1.583305):  0.9509421847396987
Epoch 65: 
BAS Score on Validation Data (Training Time 1.561321):  0.9347517606819964
Epoch 66: 
BAS Score on Validation Data (Training Time 1.564255):  0.9423612941341794
Epoch 67: 
BAS Score on Validation Data (Training Time 1.562708):  0.9460580312716464
Epoch 68: 
BAS Score on Validation Data (Training Time 1.559643):  0.9460029683000907
Epoch 69: 
BAS Score on Validation Data (Training Time 1.562540):  0.9457552568672037
Epoch 70: 
BAS Score on Validation Data (Training Time 1.559587):  0.9485422130098707
Epoch 71: 
BAS Score on Validation Data (Training Time 1.560492):  0.9497857393674444
Epoch 72: 
BAS Score on Validation Data (Training Time 1.566829):  0.9423753667997866
Epoch 73: 
BAS Score on Validation Data (Training Time 1.564834):  0.9452504959511194
Epoch 74: 
BAS Score on Validation Data (Training Time 1.560595):  0.9511405286593897
Epoch 75: 
BAS Score on Validation Data (Training Time 1.562980):  0.9476334790705034
Epoch 76: 
BAS Score on Validation Data (Training Time 1.562144):  0.9265893239136281
Epoch 77: 
BAS Score on Validation Data (Training Time 1.560357):  0.9483269752847002
Epoch 78: 
BAS Score on Validation Data (Training Time 1.561098):  0.9397036819415673
Epoch 79: 
BAS Score on Validation Data (Training Time 1.564225):  0.9490860957243926
Epoch 80: 
BAS Score on Validation Data (Training Time 1.563207):  0.9459758700243085
Epoch 81: 
BAS Score on Validation Data (Training Time 1.564919):  0.9344314970052433
Epoch 82: 
BAS Score on Validation Data (Training Time 1.560455):  0.9479271455152339
Epoch 83: 
BAS Score on Validation Data (Training Time 1.562263):  0.9453421758842085
Epoch 84: 
BAS Score on Validation Data (Training Time 1.563266):  0.9499948300456532
Epoch 85: 
BAS Score on Validation Data (Training Time 1.561959):  0.9518026885390231
Epoch 86: 
BAS Score on Validation Data (Training Time 1.561277):  0.9392164102977935
Epoch 87: 
BAS Score on Validation Data (Training Time 1.565716):  0.943435397623655
Epoch 88: 
BAS Score on Validation Data (Training Time 1.560588):  0.9223870976853905
Epoch 89: 
BAS Score on Validation Data (Training Time 1.565592):  0.9470043389102593
Epoch 90: 
BAS Score on Validation Data (Training Time 1.562129):  0.9432615564432281
Epoch 91: 
BAS Score on Validation Data (Training Time 1.560070):  0.9518056944196872
Epoch 92: 
BAS Score on Validation Data (Training Time 1.563170):  0.952620243589061
Epoch 93: 
BAS Score on Validation Data (Training Time 1.561132):  0.9336773367842018
Epoch 94: 
BAS Score on Validation Data (Training Time 1.561477):  0.9513580456181104
Epoch 95: 
BAS Score on Validation Data (Training Time 1.567416):  0.9517330518581005
Epoch 96: 
BAS Score on Validation Data (Training Time 1.565026):  0.9457441900822602
Epoch 97: 
BAS Score on Validation Data (Training Time 1.561028):  0.9505129365983378
Epoch 98: 
BAS Score on Validation Data (Training Time 1.563140):  0.9275268424732753
Epoch 99: 
BAS Score on Validation Data (Training Time 1.563041):  0.9491780960658005
Epoch 100: 
BAS Score on Validation Data (Training Time 1.559850):  0.9490474753516076
Epoch 101: 
BAS Score on Validation Data (Training Time 1.561619):  0.9513952085913168
Epoch 102: 
BAS Score on Validation Data (Training Time 1.563632):  0.9164634089283373
Epoch 103: 
BAS Score on Validation Data (Training Time 1.562477):  0.9357357323375752
Epoch 104: 
BAS Score on Validation Data (Training Time 1.565029):  0.9351868849171581
Epoch 105: 
BAS Score on Validation Data (Training Time 1.553536):  0.9381815189244757
Epoch 106: 
BAS Score on Validation Data (Training Time 1.555421):  0.9536287633337106
Epoch 107: 
BAS Score on Validation Data (Training Time 1.555519):  0.9524362923614028
Epoch 108: 
BAS Score on Validation Data (Training Time 1.553379):  0.953721535672039
Epoch 109: 
BAS Score on Validation Data (Training Time 1.560513):  0.939503243529118
Epoch 110: 
BAS Score on Validation Data (Training Time 1.567005):  0.9529209688505521
Epoch 111: 
BAS Score on Validation Data (Training Time 1.560209):  0.9486790265027253
Epoch 112: 
BAS Score on Validation Data (Training Time 1.565530):  0.9537716339376997
Epoch 113: 
BAS Score on Validation Data (Training Time 1.562483):  0.9320892741012093
Epoch 114: 
BAS Score on Validation Data (Training Time 1.560734):  0.932585744022416
Epoch 115: 
BAS Score on Validation Data (Training Time 1.562722):  0.9529149570892242
Epoch 116: 
BAS Score on Validation Data (Training Time 1.560814):  0.9546899315307319
Epoch 117: 
BAS Score on Validation Data (Training Time 1.560858):  0.9553199834607747
Epoch 118: 
BAS Score on Validation Data (Training Time 1.567773):  0.9556678914249828
Epoch 119: 
BAS Score on Validation Data (Training Time 1.564562):  0.954021258846011
Epoch 120: 
BAS Score on Validation Data (Training Time 1.561657):  0.9511440355838131
Epoch 121: 
BAS Score on Validation Data (Training Time 1.562757):  0.9321683391501631
Epoch 122: 
BAS Score on Validation Data (Training Time 1.562649):  0.9532868671308301
Epoch 123: 
BAS Score on Validation Data (Training Time 1.560299):  0.9525670940929296
Epoch 124: 
BAS Score on Validation Data (Training Time 1.560950):  0.9502028279367295
Epoch 125: 
BAS Score on Validation Data (Training Time 1.561755):  0.9545718353829541
Epoch 126: 
BAS Score on Validation Data (Training Time 1.564409):  0.9542879173326803
Epoch 127: 
BAS Score on Validation Data (Training Time 1.566127):  0.954588687943978
Epoch 128: 
BAS Score on Validation Data (Training Time 1.560191):  0.9296916277185244
Epoch 129: 
BAS Score on Validation Data (Training Time 1.573900):  0.954141630503881
Epoch 130: 
BAS Score on Validation Data (Training Time 1.565876):  0.9486790265027253
Epoch 131: 
BAS Score on Validation Data (Training Time 1.560255):  0.9537230384214244
Epoch 132: 
BAS Score on Validation Data (Training Time 1.560828):  0.9563355170542711
Epoch 133: 
BAS Score on Validation Data (Training Time 1.567720):  0.9507406085722031
Epoch 134: 
BAS Score on Validation Data (Training Time 1.561431):  0.954618927767951
Epoch 135: 
BAS Score on Validation Data (Training Time 1.565937):  0.9544012297918965
Epoch 136: 
BAS Score on Validation Data (Training Time 1.563392):  0.9543862457383837
Epoch 137: 
BAS Score on Validation Data (Training Time 1.559923):  0.9488540050563051
Epoch 138: 
BAS Score on Validation Data (Training Time 1.563098):  0.9382668678335975
Epoch 139: 
BAS Score on Validation Data (Training Time 1.560650):  0.9489517870684425
Epoch 140: 
BAS Score on Validation Data (Training Time 1.560840):  0.9546088177207198
Epoch 141: 
BAS Score on Validation Data (Training Time 1.566597):  0.9569851523674894
Epoch 142: 
BAS Score on Validation Data (Training Time 1.564816):  0.9539632806934049
Epoch 143: 
BAS Score on Validation Data (Training Time 1.560789):  0.9533415193763469
Epoch 144: 
BAS Score on Validation Data (Training Time 1.562544):  0.958010204646737
Epoch 145: 
BAS Score on Validation Data (Training Time 1.562064):  0.9533510380620981
Epoch 146: 
BAS Score on Validation Data (Training Time 1.560815):  0.9545656879540992
Epoch 147: 
BAS Score on Validation Data (Training Time 1.561164):  0.9529642339028066
Epoch 148: 
BAS Score on Validation Data (Training Time 1.563975):  0.9540444394713306
Epoch 149: 
BAS Score on Validation Data (Training Time 1.564034):  0.9548082086958436
High Quality
0.9639224321364402 0.9723648352785202 0.9820426150301937 0.9639224321364402 0.9664975203717421
              precision    recall  f1-score   support

           0       0.99      0.99      0.99     19588
           1       0.98      1.00      0.99      5531
           2       0.98      0.90      0.94      3100

    accuracy                           0.98     28219
   macro avg       0.98      0.96      0.97     28219
weighted avg       0.98      0.98      0.98     28219

Low Quality
0.7194023823945085 0.7740848131092033 0.8750863831887736 0.7194023823945085 0.7619359971521993
              precision    recall  f1-score   support

           0       0.96      0.99      0.98       635
           1       0.86      0.77      0.81        65
           2       0.80      0.40      0.53        20

    accuracy                           0.95       720
   macro avg       0.88      0.72      0.77       720
weighted avg       0.95      0.95      0.95       720

Emb Dim: 128
Transformer-MHA-128
=====================================================================================================================================================================
Layer (type:depth-idx)                   Input Shape               Output Shape              Kernel Shape              Param #                   Mult-Adds
=====================================================================================================================================================================
TransfomerBlock                          [2, 21, 495]              [2, 3]                    --                        --                        --
├─MakePatches: 1-1                       [2, 21, 495]              [2, 165, 63]              --                        --                        --
│    └─Unfold: 2-1                       [2, 1, 21, 495]           [2, 63, 165]              [21, 3]                   --                        --
├─Linear: 1-2                            [2, 165, 63]              [2, 165, 128]             --                        8,192                     16,384
├─PositionalEncoding: 1-3                [2, 165, 128]             [2, 165, 128]             --                        --                        --
├─TransformerEncoderLayer: 1-4           [2, 165, 128]             [2, 165, 128]             --                        --                        --
│    └─MultiheadAttention: 2-2           [2, 165, 128]             [2, 165, 128]             --                        66,048                    --
│    └─Dropout: 2-3                      [2, 165, 128]             [2, 165, 128]             --                        --                        --
│    └─LayerNorm: 2-4                    [2, 165, 128]             [2, 165, 128]             --                        256                       512
│    └─Linear: 2-5                       [2, 165, 128]             [2, 165, 2048]            --                        264,192                   528,384
│    └─Dropout: 2-6                      [2, 165, 2048]            [2, 165, 2048]            --                        --                        --
│    └─Linear: 2-7                       [2, 165, 2048]            [2, 165, 128]             --                        262,272                   524,544
│    └─Dropout: 2-8                      [2, 165, 128]             [2, 165, 128]             --                        --                        --
│    └─LayerNorm: 2-9                    [2, 165, 128]             [2, 165, 128]             --                        256                       512
├─Sequential: 1-5                        [2, 128]                  [2, 3]                    --                        --                        --
│    └─Linear: 2-10                      [2, 128]                  [2, 64]                   --                        8,256                     16,512
│    └─ReLU: 2-11                        [2, 64]                   [2, 64]                   --                        --                        --
│    └─Linear: 2-12                      [2, 64]                   [2, 32]                   --                        2,080                     4,160
│    └─ReLU: 2-13                        [2, 32]                   [2, 32]                   --                        --                        --
│    └─Linear: 2-14                      [2, 32]                   [2, 3]                    --                        99                        198
=====================================================================================================================================================================
Total params: 611,651
Trainable params: 611,651
Non-trainable params: 0
Total mult-adds (Units.MEGABYTES): 1.09
=====================================================================================================================================================================
Input size (MB): 0.08
Forward/backward pass size (MB): 6.76
Params size (MB): 2.18
Estimated Total Size (MB): 9.03
=====================================================================================================================================================================
Total Trainable Parameters:  611651
Total Parameters:  611651
Epoch 0: 
BAS Score on Validation Data (Training Time 1.711436):  0.3333333333333333
Epoch 1: 
BAS Score on Validation Data (Training Time 1.709381):  0.6154675597478386
Epoch 2: 
BAS Score on Validation Data (Training Time 1.710166):  0.6173848134318556
Epoch 3: 
BAS Score on Validation Data (Training Time 1.709158):  0.750284901902397
Epoch 4: 
BAS Score on Validation Data (Training Time 1.711158):  0.8148048924468307
Epoch 5: 
BAS Score on Validation Data (Training Time 1.708936):  0.8891130479871633
Epoch 6: 
BAS Score on Validation Data (Training Time 1.709322):  0.8790305303800893
Epoch 7: 
BAS Score on Validation Data (Training Time 1.710449):  0.8238189941939801
Epoch 8: 
BAS Score on Validation Data (Training Time 1.709289):  0.9119477005857096
Epoch 9: 
BAS Score on Validation Data (Training Time 1.709799):  0.8421710117297968
Epoch 10: 
BAS Score on Validation Data (Training Time 1.710622):  0.9171054401769082
Epoch 11: 
BAS Score on Validation Data (Training Time 1.712151):  0.9191244838412453
Epoch 12: 
BAS Score on Validation Data (Training Time 1.708989):  0.9078473157024153
Epoch 13: 
BAS Score on Validation Data (Training Time 1.710519):  0.925301940760427
Epoch 14: 
BAS Score on Validation Data (Training Time 1.710449):  0.9244672621962043
Epoch 15: 
BAS Score on Validation Data (Training Time 1.710609):  0.8350377674393483
Epoch 16: 
BAS Score on Validation Data (Training Time 1.710056):  0.921218444431582
Epoch 17: 
BAS Score on Validation Data (Training Time 1.709635):  0.9303344298183367
Epoch 18: 
BAS Score on Validation Data (Training Time 1.710551):  0.9266912982528469
Epoch 19: 
BAS Score on Validation Data (Training Time 1.709549):  0.9237272645765975
Epoch 20: 
BAS Score on Validation Data (Training Time 1.716957):  0.9315273568664902
Epoch 21: 
BAS Score on Validation Data (Training Time 1.714836):  0.888218661008129
Epoch 22: 
BAS Score on Validation Data (Training Time 1.711227):  0.9366129500707249
Epoch 23: 
BAS Score on Validation Data (Training Time 1.710623):  0.9185632025540266
Epoch 24: 
BAS Score on Validation Data (Training Time 1.715867):  0.9363873718258314
Epoch 25: 
BAS Score on Validation Data (Training Time 1.712029):  0.9337604098013385
Epoch 26: 
BAS Score on Validation Data (Training Time 1.716250):  0.9357946679916799
Epoch 27: 
BAS Score on Validation Data (Training Time 1.714664):  0.9302414764626744
Epoch 28: 
BAS Score on Validation Data (Training Time 1.714993):  0.9349081583218127
Epoch 29: 
BAS Score on Validation Data (Training Time 1.712132):  0.941336652962864
Epoch 30: 
BAS Score on Validation Data (Training Time 1.709091):  0.9321577734089792
Epoch 31: 
BAS Score on Validation Data (Training Time 1.714106):  0.9428995761953057
Epoch 32: 
BAS Score on Validation Data (Training Time 1.710697):  0.9274040113283076
Epoch 33: 
BAS Score on Validation Data (Training Time 1.715554):  0.9341806897558652
Epoch 34: 
BAS Score on Validation Data (Training Time 1.712413):  0.9269357770560362
Epoch 35: 
BAS Score on Validation Data (Training Time 1.716628):  0.9442088665512531
Epoch 36: 
BAS Score on Validation Data (Training Time 1.711998):  0.9430058294558686
Epoch 37: 
BAS Score on Validation Data (Training Time 1.710208):  0.9152772206705185
Epoch 38: 
BAS Score on Validation Data (Training Time 1.713313):  0.9459902634801277
Epoch 39: 
BAS Score on Validation Data (Training Time 1.733708):  0.9407527362982128
Epoch 40: 
BAS Score on Validation Data (Training Time 1.717111):  0.9192095145379339
Epoch 41: 
BAS Score on Validation Data (Training Time 1.711776):  0.9477901967367455
Epoch 42: 
BAS Score on Validation Data (Training Time 1.717102):  0.9152602830428047
Epoch 43: 
BAS Score on Validation Data (Training Time 1.713137):  0.9449997790194616
Epoch 44: 
BAS Score on Validation Data (Training Time 1.712972):  0.9442103239508318
Epoch 45: 
BAS Score on Validation Data (Training Time 1.710768):  0.9279433400629734
Epoch 46: 
BAS Score on Validation Data (Training Time 1.711854):  0.9464768984126151
Epoch 47: 
BAS Score on Validation Data (Training Time 1.716792):  0.9420333802791859
Epoch 48: 
BAS Score on Validation Data (Training Time 1.711460):  0.9501525943854348
Epoch 49: 
BAS Score on Validation Data (Training Time 1.716073):  0.9407713629436761
Epoch 50: 
BAS Score on Validation Data (Training Time 1.713298):  0.9454844101588042
Epoch 51: 
BAS Score on Validation Data (Training Time 1.714119):  0.9500408300254105
Epoch 52: 
BAS Score on Validation Data (Training Time 1.711450):  0.9479471400063418
Epoch 53: 
BAS Score on Validation Data (Training Time 1.713870):  0.951462340435335
Epoch 54: 
BAS Score on Validation Data (Training Time 1.717056):  0.9257748680216462
Epoch 55: 
BAS Score on Validation Data (Training Time 1.713480):  0.9397257251937337
Epoch 56: 
BAS Score on Validation Data (Training Time 1.716609):  0.9498709968131666
Epoch 57: 
BAS Score on Validation Data (Training Time 1.713357):  0.9074737616109735
Epoch 58: 
BAS Score on Validation Data (Training Time 1.714861):  0.9456574748550665
Epoch 59: 
BAS Score on Validation Data (Training Time 1.712699):  0.9517134684749249
Epoch 60: 
BAS Score on Validation Data (Training Time 1.711525):  0.9512462812580861
Epoch 61: 
BAS Score on Validation Data (Training Time 1.717351):  0.945096148599934
Epoch 62: 
BAS Score on Validation Data (Training Time 1.715932):  0.9511816092830586
Epoch 63: 
BAS Score on Validation Data (Training Time 1.713241):  0.8991919601413915
Epoch 64: 
BAS Score on Validation Data (Training Time 1.713601):  0.9361728153979681
Epoch 65: 
BAS Score on Validation Data (Training Time 1.713810):  0.9515411304257765
Epoch 66: 
BAS Score on Validation Data (Training Time 1.711498):  0.9433962758252173
Epoch 67: 
BAS Score on Validation Data (Training Time 1.711277):  0.9429918474898747
Epoch 68: 
BAS Score on Validation Data (Training Time 1.717913):  0.9503501622028542
Epoch 69: 
BAS Score on Validation Data (Training Time 1.716356):  0.9485315569509666
Epoch 70: 
BAS Score on Validation Data (Training Time 1.712182):  0.9523310861562728
Epoch 71: 
BAS Score on Validation Data (Training Time 1.714482):  0.9512808490766677
Epoch 72: 
BAS Score on Validation Data (Training Time 1.713639):  0.9531560653993035
Epoch 73: 
BAS Score on Validation Data (Training Time 1.711848):  0.9485962289259939
Epoch 74: 
BAS Score on Validation Data (Training Time 1.711464):  0.934508693546686
Epoch 75: 
BAS Score on Validation Data (Training Time 1.717810):  0.9434981107734512
Epoch 76: 
BAS Score on Validation Data (Training Time 1.718351):  0.9535961543403602
Epoch 77: 
BAS Score on Validation Data (Training Time 1.711604):  0.9499381282752917
Epoch 78: 
BAS Score on Validation Data (Training Time 1.732501):  0.9538659090254136
Epoch 79: 
BAS Score on Validation Data (Training Time 1.717882):  0.9540788720042781
Epoch 80: 
BAS Score on Validation Data (Training Time 1.715270):  0.9503732528923464
Epoch 81: 
BAS Score on Validation Data (Training Time 1.714310):  0.9512760653881064
Epoch 82: 
BAS Score on Validation Data (Training Time 1.720729):  0.9543199803143573
Epoch 83: 
BAS Score on Validation Data (Training Time 1.719664):  0.9377006697680687
Epoch 84: 
BAS Score on Validation Data (Training Time 1.715210):  0.9534949557215199
Epoch 85: 
BAS Score on Validation Data (Training Time 1.715721):  0.9471728046587519
Epoch 86: 
BAS Score on Validation Data (Training Time 1.717638):  0.9245774297656649
Epoch 87: 
BAS Score on Validation Data (Training Time 1.713973):  0.9450519260461809
Epoch 88: 
BAS Score on Validation Data (Training Time 1.713305):  0.9534257297666363
Epoch 89: 
BAS Score on Validation Data (Training Time 1.719658):  0.9439176142438135
Epoch 90: 
BAS Score on Validation Data (Training Time 1.718521):  0.946886883197226
Epoch 91: 
BAS Score on Validation Data (Training Time 1.713460):  0.9410407983660899
Epoch 92: 
BAS Score on Validation Data (Training Time 1.714164):  0.9516229262968819
Epoch 93: 
BAS Score on Validation Data (Training Time 1.715250):  0.9521009089636099
Epoch 94: 
BAS Score on Validation Data (Training Time 1.713512):  0.9520312722826872
Epoch 95: 
BAS Score on Validation Data (Training Time 1.713605):  0.9458505797741363
Epoch 96: 
BAS Score on Validation Data (Training Time 1.720109):  0.9553340561263819
Epoch 97: 
BAS Score on Validation Data (Training Time 1.719699):  0.9473921451570698
Epoch 98: 
BAS Score on Validation Data (Training Time 1.718291):  0.9486063839411387
Epoch 99: 
BAS Score on Validation Data (Training Time 1.714456):  0.9551525647677147
Epoch 100: 
BAS Score on Validation Data (Training Time 1.716610):  0.9504949462822679
Epoch 101: 
BAS Score on Validation Data (Training Time 1.715391):  0.9548478768878473
Epoch 102: 
BAS Score on Validation Data (Training Time 1.713931):  0.953502926308079
Epoch 103: 
BAS Score on Validation Data (Training Time 1.719287):  0.9426179328913377
Epoch 104: 
BAS Score on Validation Data (Training Time 1.718367):  0.9170814823036378
Epoch 105: 
BAS Score on Validation Data (Training Time 1.715070):  0.954679365789548
Epoch 106: 
BAS Score on Validation Data (Training Time 1.715600):  0.953757060228333
Epoch 107: 
BAS Score on Validation Data (Training Time 1.717958):  0.9520137830103769
Epoch 108: 
BAS Score on Validation Data (Training Time 1.713591):  0.9543450294471875
Epoch 109: 
BAS Score on Validation Data (Training Time 1.713571):  0.9504949462822679
Epoch 110: 
BAS Score on Validation Data (Training Time 1.718574):  0.9568163212427644
Epoch 111: 
BAS Score on Validation Data (Training Time 1.721479):  0.9570117949493185
Epoch 112: 
BAS Score on Validation Data (Training Time 1.714691):  0.9511145677567607
Epoch 113: 
BAS Score on Validation Data (Training Time 1.712352):  0.9509286127359577
Epoch 114: 
BAS Score on Validation Data (Training Time 1.716317):  0.9585024409964061
Epoch 115: 
BAS Score on Validation Data (Training Time 1.713552):  0.9557968250308918
Epoch 116: 
BAS Score on Validation Data (Training Time 1.719020):  0.9570725043059699
Epoch 117: 
BAS Score on Validation Data (Training Time 1.715645):  0.9563355170542711
Epoch 118: 
BAS Score on Validation Data (Training Time 1.718270):  0.9496209607969228
Epoch 119: 
BAS Score on Validation Data (Training Time 1.715218):  0.9031720261635381
Epoch 120: 
BAS Score on Validation Data (Training Time 1.714266):  0.9522723805927664
Epoch 121: 
BAS Score on Validation Data (Training Time 1.716258):  0.9572738541063247
Epoch 122: 
BAS Score on Validation Data (Training Time 1.731053):  0.9525937816426726
Epoch 123: 
BAS Score on Validation Data (Training Time 1.717875):  0.9557390762050977
Epoch 124: 
BAS Score on Validation Data (Training Time 1.713386):  0.9568984371402954
Epoch 125: 
BAS Score on Validation Data (Training Time 1.717343):  0.9518950048015058
Epoch 126: 
BAS Score on Validation Data (Training Time 1.713519):  0.9576373378674189
Epoch 127: 
BAS Score on Validation Data (Training Time 1.711567):  0.9599535998688237
Epoch 128: 
BAS Score on Validation Data (Training Time 1.714585):  0.9497449300788298
Epoch 129: 
BAS Score on Validation Data (Training Time 1.713593):  0.9538007360066265
Epoch 130: 
BAS Score on Validation Data (Training Time 1.717377):  0.9597500652579899
Epoch 131: 
BAS Score on Validation Data (Training Time 1.727694):  0.9265287078343688
Epoch 132: 
BAS Score on Validation Data (Training Time 1.719295):  0.9354399688223077
Epoch 133: 
BAS Score on Validation Data (Training Time 1.714697):  0.9526774909892025
Epoch 134: 
BAS Score on Validation Data (Training Time 1.714967):  0.958334201233161
Epoch 135: 
BAS Score on Validation Data (Training Time 1.712617):  0.9582920282042527
Epoch 136: 
BAS Score on Validation Data (Training Time 1.712988):  0.9530273577786419
Epoch 137: 
BAS Score on Validation Data (Training Time 1.718416):  0.9547059630215705
Epoch 138: 
BAS Score on Validation Data (Training Time 1.713642):  0.957089447184714
Epoch 139: 
BAS Score on Validation Data (Training Time 1.718567):  0.9524957245720231
Epoch 140: 
BAS Score on Validation Data (Training Time 1.715947):  0.9507717597840818
Epoch 141: 
BAS Score on Validation Data (Training Time 1.714673):  0.9503963428180523
Epoch 142: 
BAS Score on Validation Data (Training Time 1.711796):  0.9576899409699839
Epoch 143: 
BAS Score on Validation Data (Training Time 1.713421):  0.9593060136985571
Epoch 144: 
BAS Score on Validation Data (Training Time 1.717820):  0.95854966904893
Epoch 145: 
BAS Score on Validation Data (Training Time 1.712574):  0.9584339420705295
Epoch 146: 
BAS Score on Validation Data (Training Time 1.717956):  0.9571823551905695
Epoch 147: 
BAS Score on Validation Data (Training Time 1.714480):  0.9530128743869956
Epoch 148: 
BAS Score on Validation Data (Training Time 1.715675):  0.9495587936587997
Epoch 149: 
BAS Score on Validation Data (Training Time 1.711722):  0.9558523886643141
High Quality
0.969333251042159 0.9753808330523883 0.982138479299686 0.969333251042159 0.9700122571551069
              precision    recall  f1-score   support

           0       0.99      0.99      0.99     19588
           1       0.98      1.00      0.99      5531
           2       0.98      0.92      0.95      3100

    accuracy                           0.99     28219
   macro avg       0.98      0.97      0.98     28219
weighted avg       0.99      0.99      0.99     28219

Low Quality
0.6182818493842116 0.5759896070384521 0.5544690115585638 0.6182818493842116 0.5202573344679983
              precision    recall  f1-score   support

           0       0.97      0.94      0.96       635
           1       0.45      0.46      0.45        65
           2       0.24      0.45      0.32        20

    accuracy                           0.89       720
   macro avg       0.55      0.62      0.58       720
weighted avg       0.90      0.89      0.89       720


High Quality Post 2020
                          mean       std       sem  count
Model                                                    
Transformer-FNET-128  0.970871  0.000767  0.000271      8
Transformer-FNET-64   0.968788  0.001130  0.000399      8
Transformer-MHA-128   0.972657  0.003263  0.001154      8
Transformer-MHA-64    0.971506  0.001113  0.000394      8
                          mean       std       sem  count
Model                                                    
Transformer-FNET-128  0.961860  0.001287  0.000455      8
Transformer-FNET-64   0.962281  0.001502  0.000531      8
Transformer-MHA-128   0.967108  0.003651  0.001291      8
Transformer-MHA-64    0.963224  0.001516  0.000536      8
                          mean       std       sem  count
Model                                                    
Transformer-FNET-128  0.964801  0.000858  0.000303      8
Transformer-FNET-64   0.962276  0.001475  0.000521      8
Transformer-MHA-128   0.966612  0.004025  0.001423      8
Transformer-MHA-64    0.965681  0.001125  0.000398      8

Low Quality Post 2020
                          mean       std       sem  count
Model                                                    
Transformer-FNET-128  0.705948  0.112736  0.039858      8
Transformer-FNET-64   0.691854  0.109161  0.038594      8
Transformer-MHA-128   0.612709  0.116514  0.041194      8
Transformer-MHA-64    0.655666  0.106256  0.037567      8
                          mean       std       sem  count
Model                                                    
Transformer-FNET-128  0.663687  0.079874  0.028240      8
Transformer-FNET-64   0.680980  0.076746  0.027134      8
Transformer-MHA-128   0.643973  0.098676  0.034887      8
Transformer-MHA-64    0.669948  0.049986  0.017673      8
                          mean       std       sem  count
Model                                                    
Transformer-FNET-128  0.674601  0.173770  0.061437      8
Transformer-FNET-64   0.606180  0.179225  0.063366      8
Transformer-MHA-128   0.529416  0.157729  0.055766      8
Transformer-MHA-64    0.581130  0.187951  0.066451      8
Saving Results
************Fold: 8
Data Shape Before Sampling:  (59973, 21, 495) (59973,)
Subtype/Host: 0 ,count:  34603 ,index count: (array([False,  True]), array([25370, 34603])) ,downsampling:  (16000, 21, 495) (16000,)
Subtype/Host: 1 ,count:  16398 ,index count: (array([False,  True]), array([43575, 16398])) ,downsampling:  (16000, 21, 495) (16000,)
Subtype/Host: 2 ,count:  8972 ,index count: (array([False,  True]), array([51001,  8972])) ,keep:  (8972, 21, 495) (8972,)
Emb Dim: 64
Transformer-FNET-64
=====================================================================================================================================================================
Layer (type:depth-idx)                   Input Shape               Output Shape              Kernel Shape              Param #                   Mult-Adds
=====================================================================================================================================================================
TransfomerBlock                          [2, 21, 495]              [2, 3]                    --                        --                        --
├─MakePatches: 1-1                       [2, 21, 495]              [2, 165, 63]              --                        --                        --
│    └─Unfold: 2-1                       [2, 1, 21, 495]           [2, 63, 165]              [21, 3]                   --                        --
├─Linear: 1-2                            [2, 165, 63]              [2, 165, 64]              --                        4,096                     8,192
├─PositionalEncoding: 1-3                [2, 165, 64]              [2, 165, 64]              --                        --                        --
├─FNET: 1-4                              [2, 165, 64]              [2, 165, 64]              --                        --                        --
│    └─LayerNorm: 2-2                    [2, 165, 64]              [2, 165, 64]              --                        128                       256
│    └─Sequential: 2-3                   [2, 165, 64]              [2, 165, 64]              --                        --                        --
│    │    └─Linear: 3-1                  [2, 165, 64]              [2, 165, 64]              --                        4,160                     8,320
│    │    └─ReLU: 3-2                    [2, 165, 64]              [2, 165, 64]              --                        --                        --
│    │    └─Dropout: 3-3                 [2, 165, 64]              [2, 165, 64]              --                        --                        --
│    │    └─Linear: 3-4                  [2, 165, 64]              [2, 165, 64]              --                        4,160                     8,320
│    └─LayerNorm: 2-4                    [2, 165, 64]              [2, 165, 64]              --                        128                       256
├─Sequential: 1-5                        [2, 64]                   [2, 3]                    --                        --                        --
│    └─Linear: 2-5                       [2, 64]                   [2, 64]                   --                        4,160                     8,320
│    └─ReLU: 2-6                         [2, 64]                   [2, 64]                   --                        --                        --
│    └─Linear: 2-7                       [2, 64]                   [2, 32]                   --                        2,080                     4,160
│    └─ReLU: 2-8                         [2, 32]                   [2, 32]                   --                        --                        --
│    └─Linear: 2-9                       [2, 32]                   [2, 3]                    --                        99                        198
=====================================================================================================================================================================
Total params: 19,011
Trainable params: 19,011
Non-trainable params: 0
Total mult-adds (Units.MEGABYTES): 0.04
=====================================================================================================================================================================
Input size (MB): 0.08
Forward/backward pass size (MB): 0.85
Params size (MB): 0.08
Estimated Total Size (MB): 1.01
=====================================================================================================================================================================
Total Trainable Parameters:  19011
Total Parameters:  19011
Epoch 0: 
BAS Score on Validation Data (Training Time 1.090858):  0.3333333333333333
Epoch 1: 
BAS Score on Validation Data (Training Time 1.065994):  0.3333333333333333
Epoch 2: 
BAS Score on Validation Data (Training Time 1.072681):  0.36988403956270394
Epoch 3: 
BAS Score on Validation Data (Training Time 1.066215):  0.49232793928449176
Epoch 4: 
BAS Score on Validation Data (Training Time 1.066862):  0.49151685207162776
Epoch 5: 
BAS Score on Validation Data (Training Time 1.065561):  0.5814295009962257
Epoch 6: 
BAS Score on Validation Data (Training Time 1.066223):  0.5927533103133437
Epoch 7: 
BAS Score on Validation Data (Training Time 1.065829):  0.615207414066257
Epoch 8: 
BAS Score on Validation Data (Training Time 1.066038):  0.6157277054294203
Epoch 9: 
BAS Score on Validation Data (Training Time 1.065780):  0.6219479761941477
Epoch 10: 
BAS Score on Validation Data (Training Time 1.065919):  0.6219140896728733
Epoch 11: 
BAS Score on Validation Data (Training Time 1.065803):  0.6705060859438734
Epoch 12: 
BAS Score on Validation Data (Training Time 1.065827):  0.7557573895836435
Epoch 13: 
BAS Score on Validation Data (Training Time 1.088449):  0.8449481321199586
Epoch 14: 
BAS Score on Validation Data (Training Time 1.066374):  0.8303880340918774
Epoch 15: 
BAS Score on Validation Data (Training Time 1.066867):  0.8770201888185624
Epoch 16: 
BAS Score on Validation Data (Training Time 1.066705):  0.8827780069817477
Epoch 17: 
BAS Score on Validation Data (Training Time 1.068486):  0.8889728632374124
Epoch 18: 
BAS Score on Validation Data (Training Time 1.066110):  0.8889307355583108
Epoch 19: 
BAS Score on Validation Data (Training Time 1.066783):  0.8949414101138259
Epoch 20: 
BAS Score on Validation Data (Training Time 1.066183):  0.8871417787689162
Epoch 21: 
BAS Score on Validation Data (Training Time 1.066509):  0.901371908929915
Epoch 22: 
BAS Score on Validation Data (Training Time 1.066534):  0.9016179819458894
Epoch 23: 
BAS Score on Validation Data (Training Time 1.066168):  0.9045863840974171
Epoch 24: 
BAS Score on Validation Data (Training Time 1.066718):  0.9069036481863408
Epoch 25: 
BAS Score on Validation Data (Training Time 1.066177):  0.9104044105734942
Epoch 26: 
BAS Score on Validation Data (Training Time 1.066627):  0.9080680641451542
Epoch 27: 
BAS Score on Validation Data (Training Time 1.066729):  0.9117306891579925
Epoch 28: 
BAS Score on Validation Data (Training Time 1.066622):  0.8903986079826604
Epoch 29: 
BAS Score on Validation Data (Training Time 1.066580):  0.9144269221052826
Epoch 30: 
BAS Score on Validation Data (Training Time 1.066909):  0.906536156838957
Epoch 31: 
BAS Score on Validation Data (Training Time 1.067508):  0.9166499560744064
Epoch 32: 
BAS Score on Validation Data (Training Time 1.066247):  0.9164574432806024
Epoch 33: 
BAS Score on Validation Data (Training Time 1.066028):  0.9157030574562066
Epoch 34: 
BAS Score on Validation Data (Training Time 1.066791):  0.91901832051651
Epoch 35: 
BAS Score on Validation Data (Training Time 1.066140):  0.9190955170579524
Epoch 36: 
BAS Score on Validation Data (Training Time 1.067260):  0.9161035235550664
Epoch 37: 
BAS Score on Validation Data (Training Time 1.066698):  0.9201922551610745
Epoch 38: 
BAS Score on Validation Data (Training Time 1.066533):  0.923393249024449
Epoch 39: 
BAS Score on Validation Data (Training Time 1.066299):  0.9210663759320535
Epoch 40: 
BAS Score on Validation Data (Training Time 1.066821):  0.9236909684052762
Epoch 41: 
BAS Score on Validation Data (Training Time 1.067665):  0.923472404391123
Epoch 42: 
BAS Score on Validation Data (Training Time 1.066820):  0.9242027431702073
Epoch 43: 
BAS Score on Validation Data (Training Time 1.066454):  0.9228999656193473
Epoch 44: 
BAS Score on Validation Data (Training Time 1.067251):  0.9249185082399248
Epoch 45: 
BAS Score on Validation Data (Training Time 1.066889):  0.9254763733023337
Epoch 46: 
BAS Score on Validation Data (Training Time 1.066942):  0.9262533034226554
Epoch 47: 
BAS Score on Validation Data (Training Time 1.066547):  0.9275194640119823
Epoch 48: 
BAS Score on Validation Data (Training Time 1.068407):  0.9279229359915058
Epoch 49: 
BAS Score on Validation Data (Training Time 1.067683):  0.924323845198649
Epoch 50: 
BAS Score on Validation Data (Training Time 1.073357):  0.9279600086469918
Epoch 51: 
BAS Score on Validation Data (Training Time 1.067397):  0.9268376300495597
Epoch 52: 
BAS Score on Validation Data (Training Time 1.071652):  0.9292557273810914
Epoch 53: 
BAS Score on Validation Data (Training Time 1.068298):  0.924467717890157
Epoch 54: 
BAS Score on Validation Data (Training Time 1.068034):  0.9304381786238883
Epoch 55: 
BAS Score on Validation Data (Training Time 1.070757):  0.9309579235934854
Epoch 56: 
BAS Score on Validation Data (Training Time 1.066931):  0.9258415895215185
Epoch 57: 
BAS Score on Validation Data (Training Time 1.069368):  0.9339990136564064
Epoch 58: 
BAS Score on Validation Data (Training Time 1.066925):  0.9308441100905096
Epoch 59: 
BAS Score on Validation Data (Training Time 1.066483):  0.9329429004830004
Epoch 60: 
BAS Score on Validation Data (Training Time 1.067485):  0.9335393413321739
Epoch 61: 
BAS Score on Validation Data (Training Time 1.068321):  0.9349965119659193
Epoch 62: 
BAS Score on Validation Data (Training Time 1.066967):  0.9347398278589543
Epoch 63: 
BAS Score on Validation Data (Training Time 1.073245):  0.9353864572915086
Epoch 64: 
BAS Score on Validation Data (Training Time 1.069042):  0.9335944492716433
Epoch 65: 
BAS Score on Validation Data (Training Time 1.067032):  0.93677490301413
Epoch 66: 
BAS Score on Validation Data (Training Time 1.073058):  0.9314761658136971
Epoch 67: 
BAS Score on Validation Data (Training Time 1.067155):  0.9352400347951825
Epoch 68: 
BAS Score on Validation Data (Training Time 1.070531):  0.9319382980069203
Epoch 69: 
BAS Score on Validation Data (Training Time 1.067509):  0.9338676659132065
Epoch 70: 
BAS Score on Validation Data (Training Time 1.069356):  0.9353032943385449
Epoch 71: 
BAS Score on Validation Data (Training Time 1.067393):  0.9370505791427908
Epoch 72: 
BAS Score on Validation Data (Training Time 1.067370):  0.9370496224050786
Epoch 73: 
BAS Score on Validation Data (Training Time 1.068745):  0.9378370279488637
Epoch 74: 
BAS Score on Validation Data (Training Time 1.068095):  0.9370751725816683
Epoch 75: 
BAS Score on Validation Data (Training Time 1.067744):  0.9361954957433142
Epoch 76: 
BAS Score on Validation Data (Training Time 1.069065):  0.9376049372807763
Epoch 77: 
BAS Score on Validation Data (Training Time 1.074241):  0.9391027328442377
Epoch 78: 
BAS Score on Validation Data (Training Time 1.069255):  0.9373663791574082
Epoch 79: 
BAS Score on Validation Data (Training Time 1.073490):  0.9376947037384408
Epoch 80: 
BAS Score on Validation Data (Training Time 1.068875):  0.9367498085314928
Epoch 81: 
BAS Score on Validation Data (Training Time 1.070679):  0.9375578902455861
Epoch 82: 
BAS Score on Validation Data (Training Time 1.059895):  0.9379753895409103
Epoch 83: 
BAS Score on Validation Data (Training Time 1.060907):  0.9392175030849259
Epoch 84: 
BAS Score on Validation Data (Training Time 1.058775):  0.9390781394053601
Epoch 85: 
BAS Score on Validation Data (Training Time 1.058946):  0.9397908985944139
Epoch 86: 
BAS Score on Validation Data (Training Time 1.059608):  0.939021528334612
Epoch 87: 
BAS Score on Validation Data (Training Time 1.059414):  0.9395548453079501
Epoch 88: 
BAS Score on Validation Data (Training Time 1.067695):  0.9373879667156219
Epoch 89: 
BAS Score on Validation Data (Training Time 1.059078):  0.9401743764647227
Epoch 90: 
BAS Score on Validation Data (Training Time 1.065449):  0.9395052027362422
Epoch 91: 
BAS Score on Validation Data (Training Time 1.068218):  0.9408400432687795
Epoch 92: 
BAS Score on Validation Data (Training Time 1.064663):  0.9396014366491873
Epoch 93: 
BAS Score on Validation Data (Training Time 1.059244):  0.939411974703961
Epoch 94: 
BAS Score on Validation Data (Training Time 1.061220):  0.936084141727436
Epoch 95: 
BAS Score on Validation Data (Training Time 1.059090):  0.9400621110609388
Epoch 96: 
BAS Score on Validation Data (Training Time 1.060509):  0.9405803986309573
Epoch 97: 
BAS Score on Validation Data (Training Time 1.058839):  0.9412886941578753
Epoch 98: 
BAS Score on Validation Data (Training Time 1.058783):  0.941049589640941
Epoch 99: 
BAS Score on Validation Data (Training Time 1.058645):  0.9397071892478838
Epoch 100: 
BAS Score on Validation Data (Training Time 1.058970):  0.9410600650644046
Epoch 101: 
BAS Score on Validation Data (Training Time 1.077323):  0.938251065669571
Epoch 102: 
BAS Score on Validation Data (Training Time 1.058551):  0.9414816176777183
Epoch 103: 
BAS Score on Validation Data (Training Time 1.065215):  0.9426455325927723
Epoch 104: 
BAS Score on Validation Data (Training Time 1.058891):  0.93951121449757
Epoch 105: 
BAS Score on Validation Data (Training Time 1.065116):  0.9398580754063457
Epoch 106: 
BAS Score on Validation Data (Training Time 1.068075):  0.9426851554349694
Epoch 107: 
BAS Score on Validation Data (Training Time 1.061136):  0.9415963879184065
Epoch 108: 
BAS Score on Validation Data (Training Time 1.059054):  0.9417016394733434
Epoch 109: 
BAS Score on Validation Data (Training Time 1.059326):  0.9428500239413182
Epoch 110: 
BAS Score on Validation Data (Training Time 1.060718):  0.9427914090774253
Epoch 111: 
BAS Score on Validation Data (Training Time 1.059110):  0.943149792465097
Epoch 112: 
BAS Score on Validation Data (Training Time 1.068442):  0.9417934097241528
Epoch 113: 
BAS Score on Validation Data (Training Time 1.067474):  0.9410881200778988
Epoch 114: 
BAS Score on Validation Data (Training Time 1.068769):  0.9442099136066858
Epoch 115: 
BAS Score on Validation Data (Training Time 1.067221):  0.9436385218903428
Epoch 116: 
BAS Score on Validation Data (Training Time 1.073172):  0.9438655575348146
Epoch 117: 
BAS Score on Validation Data (Training Time 1.068086):  0.9447287471883774
Epoch 118: 
BAS Score on Validation Data (Training Time 1.071501):  0.9405613159096481
Epoch 119: 
BAS Score on Validation Data (Training Time 1.068864):  0.9440109329757082
Epoch 120: 
BAS Score on Validation Data (Training Time 1.067910):  0.9439367423149294
Epoch 121: 
BAS Score on Validation Data (Training Time 1.072148):  0.9435488007824849
Epoch 122: 
BAS Score on Validation Data (Training Time 1.067094):  0.9435893803623944
Epoch 123: 
BAS Score on Validation Data (Training Time 1.070038):  0.9447357156874174
Epoch 124: 
BAS Score on Validation Data (Training Time 1.067378):  0.9434540700008184
Epoch 125: 
BAS Score on Validation Data (Training Time 1.067634):  0.9432028966114215
Epoch 126: 
BAS Score on Validation Data (Training Time 1.067249):  0.9446459945795597
Epoch 127: 
BAS Score on Validation Data (Training Time 1.075091):  0.9446334700131445
Epoch 128: 
BAS Score on Validation Data (Training Time 1.067426):  0.9442675717328664
Epoch 129: 
BAS Score on Validation Data (Training Time 1.072289):  0.9450324783305324
Epoch 130: 
BAS Score on Validation Data (Training Time 1.068663):  0.9453056496222888
Epoch 131: 
BAS Score on Validation Data (Training Time 1.068166):  0.9447838551278469
Epoch 132: 
BAS Score on Validation Data (Training Time 1.073512):  0.9459191690177334
Epoch 133: 
BAS Score on Validation Data (Training Time 1.067093):  0.9456114299073954
Epoch 134: 
BAS Score on Validation Data (Training Time 1.070451):  0.9472043669785627
Epoch 135: 
BAS Score on Validation Data (Training Time 1.067215):  0.9469592507003006
Epoch 136: 
BAS Score on Validation Data (Training Time 1.069632):  0.9462620219583261
Epoch 137: 
BAS Score on Validation Data (Training Time 1.066725):  0.9448840970089748
Epoch 138: 
BAS Score on Validation Data (Training Time 1.061183):  0.9466861247583509
Epoch 139: 
BAS Score on Validation Data (Training Time 1.066727):  0.9462009022575287
Epoch 140: 
BAS Score on Validation Data (Training Time 1.068043):  0.9376635521446691
Epoch 141: 
BAS Score on Validation Data (Training Time 1.067082):  0.9450656790672557
Epoch 142: 
BAS Score on Validation Data (Training Time 1.074625):  0.9486249206507749
Epoch 143: 
BAS Score on Validation Data (Training Time 1.068216):  0.9477331749399583
Epoch 144: 
BAS Score on Validation Data (Training Time 1.067336):  0.9472515043314731
Epoch 145: 
BAS Score on Validation Data (Training Time 1.073575):  0.9499156746789792
Epoch 146: 
BAS Score on Validation Data (Training Time 1.067291):  0.9467392742544822
Epoch 147: 
BAS Score on Validation Data (Training Time 1.070288):  0.9453582527248537
Epoch 148: 
BAS Score on Validation Data (Training Time 1.067534):  0.9366410047023258
Epoch 149: 
BAS Score on Validation Data (Training Time 1.072743):  0.9479562479660539
High Quality
0.961307226158742 0.9693319728553629 0.97848393970188 0.961307226158742 0.9630602071314693
              precision    recall  f1-score   support

           0       0.99      0.99      0.99     19588
           1       0.98      1.00      0.99      5531
           2       0.97      0.89      0.93      3100

    accuracy                           0.98     28219
   macro avg       0.98      0.96      0.97     28219
weighted avg       0.98      0.98      0.98     28219

Low Quality
0.608913789622451 0.606788710907704 0.6804515081697318 0.608913789622451 0.6098319717007078
              precision    recall  f1-score   support

           0       0.96      0.99      0.98       635
           1       0.83      0.38      0.53        65
           2       0.24      0.45      0.32        20

    accuracy                           0.92       720
   macro avg       0.68      0.61      0.61       720
weighted avg       0.93      0.92      0.92       720

Emb Dim: 128
Transformer-FNET-128
=====================================================================================================================================================================
Layer (type:depth-idx)                   Input Shape               Output Shape              Kernel Shape              Param #                   Mult-Adds
=====================================================================================================================================================================
TransfomerBlock                          [2, 21, 495]              [2, 3]                    --                        --                        --
├─MakePatches: 1-1                       [2, 21, 495]              [2, 165, 63]              --                        --                        --
│    └─Unfold: 2-1                       [2, 1, 21, 495]           [2, 63, 165]              [21, 3]                   --                        --
├─Linear: 1-2                            [2, 165, 63]              [2, 165, 128]             --                        8,192                     16,384
├─PositionalEncoding: 1-3                [2, 165, 128]             [2, 165, 128]             --                        --                        --
├─FNET: 1-4                              [2, 165, 128]             [2, 165, 128]             --                        --                        --
│    └─LayerNorm: 2-2                    [2, 165, 128]             [2, 165, 128]             --                        256                       512
│    └─Sequential: 2-3                   [2, 165, 128]             [2, 165, 128]             --                        --                        --
│    │    └─Linear: 3-1                  [2, 165, 128]             [2, 165, 128]             --                        16,512                    33,024
│    │    └─ReLU: 3-2                    [2, 165, 128]             [2, 165, 128]             --                        --                        --
│    │    └─Dropout: 3-3                 [2, 165, 128]             [2, 165, 128]             --                        --                        --
│    │    └─Linear: 3-4                  [2, 165, 128]             [2, 165, 128]             --                        16,512                    33,024
│    └─LayerNorm: 2-4                    [2, 165, 128]             [2, 165, 128]             --                        256                       512
├─Sequential: 1-5                        [2, 128]                  [2, 3]                    --                        --                        --
│    └─Linear: 2-5                       [2, 128]                  [2, 64]                   --                        8,256                     16,512
│    └─ReLU: 2-6                         [2, 64]                   [2, 64]                   --                        --                        --
│    └─Linear: 2-7                       [2, 64]                   [2, 32]                   --                        2,080                     4,160
│    └─ReLU: 2-8                         [2, 32]                   [2, 32]                   --                        --                        --
│    └─Linear: 2-9                       [2, 32]                   [2, 3]                    --                        99                        198
=====================================================================================================================================================================
Total params: 52,163
Trainable params: 52,163
Non-trainable params: 0
Total mult-adds (Units.MEGABYTES): 0.10
=====================================================================================================================================================================
Input size (MB): 0.08
Forward/backward pass size (MB): 1.69
Params size (MB): 0.21
Estimated Total Size (MB): 1.98
=====================================================================================================================================================================
Total Trainable Parameters:  52163
Total Parameters:  52163
Epoch 0: 
BAS Score on Validation Data (Training Time 1.208363):  0.5709633252652954
Epoch 1: 
BAS Score on Validation Data (Training Time 1.209075):  0.3333333333333333
Epoch 2: 
BAS Score on Validation Data (Training Time 1.206564):  0.49496195000557797
Epoch 3: 
BAS Score on Validation Data (Training Time 1.213216):  0.5795809722233327
Epoch 4: 
BAS Score on Validation Data (Training Time 1.206957):  0.6143021870513129
Epoch 5: 
BAS Score on Validation Data (Training Time 1.212466):  0.6207302259984113
Epoch 6: 
BAS Score on Validation Data (Training Time 1.207242):  0.6882491789266642
Epoch 7: 
BAS Score on Validation Data (Training Time 1.209538):  0.727433798112485
Epoch 8: 
BAS Score on Validation Data (Training Time 1.208054):  0.872023134381119
Epoch 9: 
BAS Score on Validation Data (Training Time 1.207843):  0.8698428190706838
Epoch 10: 
BAS Score on Validation Data (Training Time 1.207755):  0.8840967710555327
Epoch 11: 
BAS Score on Validation Data (Training Time 1.207505):  0.8815549761590414
Epoch 12: 
BAS Score on Validation Data (Training Time 1.208362):  0.8908776826727345
Epoch 13: 
BAS Score on Validation Data (Training Time 1.207730):  0.8872697548733267
Epoch 14: 
BAS Score on Validation Data (Training Time 1.208942):  0.8940335429763436
Epoch 15: 
BAS Score on Validation Data (Training Time 1.208079):  0.8948596146246136
Epoch 16: 
BAS Score on Validation Data (Training Time 1.206949):  0.8963969427125519
Epoch 17: 
BAS Score on Validation Data (Training Time 1.208077):  0.8947839208325563
Epoch 18: 
BAS Score on Validation Data (Training Time 1.207708):  0.8968314755862337
Epoch 19: 
BAS Score on Validation Data (Training Time 1.208152):  0.8998084396858003
Epoch 20: 
BAS Score on Validation Data (Training Time 1.210474):  0.8998465144288051
Epoch 21: 
BAS Score on Validation Data (Training Time 1.207936):  0.8913288387806277
Epoch 22: 
BAS Score on Validation Data (Training Time 1.207805):  0.9019949020431973
Epoch 23: 
BAS Score on Validation Data (Training Time 1.208313):  0.9041512148943417
Epoch 24: 
BAS Score on Validation Data (Training Time 1.207127):  0.9059903152992038
Epoch 25: 
BAS Score on Validation Data (Training Time 1.207533):  0.909064014355475
Epoch 26: 
BAS Score on Validation Data (Training Time 1.207377):  0.9098880368607934
Epoch 27: 
BAS Score on Validation Data (Training Time 1.207393):  0.9101342451624017
Epoch 28: 
BAS Score on Validation Data (Training Time 1.207337):  0.9131366241529242
Epoch 29: 
BAS Score on Validation Data (Training Time 1.208340):  0.911798777739723
Epoch 30: 
BAS Score on Validation Data (Training Time 1.208306):  0.9122594071835608
Epoch 31: 
BAS Score on Validation Data (Training Time 1.207795):  0.9149561861425242
Epoch 32: 
BAS Score on Validation Data (Training Time 1.209453):  0.9018860985959233
Epoch 33: 
BAS Score on Validation Data (Training Time 1.208362):  0.9110885237694668
Epoch 34: 
BAS Score on Validation Data (Training Time 1.215516):  0.9127186234319474
Epoch 35: 
BAS Score on Validation Data (Training Time 1.219117):  0.9167370370597258
Epoch 36: 
BAS Score on Validation Data (Training Time 1.214331):  0.9193891835026831
Epoch 37: 
BAS Score on Validation Data (Training Time 1.208450):  0.9202403496335902
Epoch 38: 
BAS Score on Validation Data (Training Time 1.210784):  0.9060434190636353
Epoch 39: 
BAS Score on Validation Data (Training Time 1.210204):  0.9207159177811342
Epoch 40: 
BAS Score on Validation Data (Training Time 1.231350):  0.9243670203150761
Epoch 41: 
BAS Score on Validation Data (Training Time 1.208727):  0.9227904347611732
Epoch 42: 
BAS Score on Validation Data (Training Time 1.208653):  0.9254972338315405
Epoch 43: 
BAS Score on Validation Data (Training Time 1.208969):  0.926528297872116
Epoch 44: 
BAS Score on Validation Data (Training Time 1.208269):  0.926552390267234
Epoch 45: 
BAS Score on Validation Data (Training Time 1.213585):  0.9261613521545121
Epoch 46: 
BAS Score on Validation Data (Training Time 1.209558):  0.9282541307856752
Epoch 47: 
BAS Score on Validation Data (Training Time 1.213921):  0.9302530446732705
Epoch 48: 
BAS Score on Validation Data (Training Time 1.209486):  0.9316340208530921
Epoch 49: 
BAS Score on Validation Data (Training Time 1.211132):  0.9297282896479714
Epoch 50: 
BAS Score on Validation Data (Training Time 1.210026):  0.9158935668387588
Epoch 51: 
BAS Score on Validation Data (Training Time 1.211260):  0.9307638173506826
Epoch 52: 
BAS Score on Validation Data (Training Time 1.208727):  0.9217372821186246
Epoch 53: 
BAS Score on Validation Data (Training Time 1.208635):  0.9322224457658997
Epoch 54: 
BAS Score on Validation Data (Training Time 1.208621):  0.9347462503463212
Epoch 55: 
BAS Score on Validation Data (Training Time 1.210252):  0.9263643857215863
Epoch 56: 
BAS Score on Validation Data (Training Time 1.208525):  0.9309397526419749
Epoch 57: 
BAS Score on Validation Data (Training Time 1.217630):  0.9345729555594605
Epoch 58: 
BAS Score on Validation Data (Training Time 1.210593):  0.9355913593660937
Epoch 59: 
BAS Score on Validation Data (Training Time 1.216290):  0.9315657966038345
Epoch 60: 
BAS Score on Validation Data (Training Time 1.211191):  0.9333858596371941
Epoch 61: 
BAS Score on Validation Data (Training Time 1.209921):  0.9333573035799404
Epoch 62: 
BAS Score on Validation Data (Training Time 1.211167):  0.932841566196633
Epoch 63: 
BAS Score on Validation Data (Training Time 1.209126):  0.9361131988284493
Epoch 64: 
BAS Score on Validation Data (Training Time 1.215822):  0.9323352571813567
Epoch 65: 
BAS Score on Validation Data (Training Time 1.208087):  0.9345463579455449
Epoch 66: 
BAS Score on Validation Data (Training Time 1.209918):  0.936887123068107
Epoch 67: 
BAS Score on Validation Data (Training Time 1.210663):  0.9218300994248666
Epoch 68: 
BAS Score on Validation Data (Training Time 1.215409):  0.922564992183807
Epoch 69: 
BAS Score on Validation Data (Training Time 1.209361):  0.9371331960840813
Epoch 70: 
BAS Score on Validation Data (Training Time 1.216039):  0.9367703036844671
Epoch 71: 
BAS Score on Validation Data (Training Time 1.208656):  0.9394304660637904
Epoch 72: 
BAS Score on Validation Data (Training Time 1.211464):  0.935588899497103
Epoch 73: 
BAS Score on Validation Data (Training Time 1.208601):  0.9381582937131357
Epoch 74: 
BAS Score on Validation Data (Training Time 1.211916):  0.9370084061138825
Epoch 75: 
BAS Score on Validation Data (Training Time 1.208878):  0.9395167705649451
Epoch 76: 
BAS Score on Validation Data (Training Time 1.208862):  0.9391201767667413
Epoch 77: 
BAS Score on Validation Data (Training Time 1.209509):  0.936088695707292
Epoch 78: 
BAS Score on Validation Data (Training Time 1.209306):  0.9401959186731296
Epoch 79: 
BAS Score on Validation Data (Training Time 1.209252):  0.9398274252382266
Epoch 80: 
BAS Score on Validation Data (Training Time 1.214404):  0.9435552232698519
Epoch 81: 
BAS Score on Validation Data (Training Time 1.213117):  0.9358836129972663
Epoch 82: 
BAS Score on Validation Data (Training Time 1.210967):  0.939874016579464
Epoch 83: 
BAS Score on Validation Data (Training Time 1.211266):  0.9420128855081048
Epoch 84: 
BAS Score on Validation Data (Training Time 1.209241):  0.9386910642929075
Epoch 85: 
BAS Score on Validation Data (Training Time 1.211394):  0.9384259539054307
Epoch 86: 
BAS Score on Validation Data (Training Time 1.208700):  0.9409668370321232
Epoch 87: 
BAS Score on Validation Data (Training Time 1.209408):  0.9395031535932906
Epoch 88: 
BAS Score on Validation Data (Training Time 1.208468):  0.9442083655074937
Epoch 89: 
BAS Score on Validation Data (Training Time 1.210606):  0.9390846068606408
Epoch 90: 
BAS Score on Validation Data (Training Time 1.208642):  0.9435922959253379
Epoch 91: 
BAS Score on Validation Data (Training Time 1.215928):  0.9417061031354792
Epoch 92: 
BAS Score on Validation Data (Training Time 1.208997):  0.9438213807127614
Epoch 93: 
BAS Score on Validation Data (Training Time 1.215452):  0.9428224246217768
Epoch 94: 
BAS Score on Validation Data (Training Time 1.208556):  0.9429261734273281
Epoch 95: 
BAS Score on Validation Data (Training Time 1.212250):  0.9432404703106672
Epoch 96: 
BAS Score on Validation Data (Training Time 1.208954):  0.9400876158877219
Epoch 97: 
BAS Score on Validation Data (Training Time 1.211078):  0.9427933225528498
Epoch 98: 
BAS Score on Validation Data (Training Time 1.208289):  0.9428700634003396
Epoch 99: 
BAS Score on Validation Data (Training Time 1.209051):  0.9441903751914237
Epoch 100: 
BAS Score on Validation Data (Training Time 1.209670):  0.944578362073675
Epoch 101: 
BAS Score on Validation Data (Training Time 1.209839):  0.9386806338373578
Epoch 102: 
BAS Score on Validation Data (Training Time 1.213420):  0.9351162465306094
Epoch 103: 
BAS Score on Validation Data (Training Time 1.203962):  0.9468695295924429
Epoch 104: 
BAS Score on Validation Data (Training Time 1.206164):  0.9436058675471856
Epoch 105: 
BAS Score on Validation Data (Training Time 1.202081):  0.9398299750430447
Epoch 106: 
BAS Score on Validation Data (Training Time 1.204108):  0.942850479635271
Epoch 107: 
BAS Score on Validation Data (Training Time 1.208918):  0.9475632514099939
Epoch 108: 
BAS Score on Validation Data (Training Time 1.203481):  0.9483061147554935
Epoch 109: 
BAS Score on Validation Data (Training Time 1.200967):  0.9448259831888416
Epoch 110: 
BAS Score on Validation Data (Training Time 1.201101):  0.9482965960697424
Epoch 111: 
BAS Score on Validation Data (Training Time 1.201532):  0.942249575505855
Epoch 112: 
BAS Score on Validation Data (Training Time 1.201558):  0.9445096367806579
Epoch 113: 
BAS Score on Validation Data (Training Time 1.201213):  0.9482524192476891
Epoch 114: 
BAS Score on Validation Data (Training Time 1.208710):  0.928375503767278
Epoch 115: 
BAS Score on Validation Data (Training Time 1.209761):  0.9419833723312457
Epoch 116: 
BAS Score on Validation Data (Training Time 1.214642):  0.9495361594270465
Epoch 117: 
BAS Score on Validation Data (Training Time 1.209006):  0.9475152476370917
Epoch 118: 
BAS Score on Validation Data (Training Time 1.211710):  0.9464524406412647
Epoch 119: 
BAS Score on Validation Data (Training Time 1.210087):  0.9473583043674952
Epoch 120: 
BAS Score on Validation Data (Training Time 1.211706):  0.9475612022670422
Epoch 121: 
BAS Score on Validation Data (Training Time 1.208501):  0.9498630262266073
Epoch 122: 
BAS Score on Validation Data (Training Time 1.229888):  0.9496484697987441
Epoch 123: 
BAS Score on Validation Data (Training Time 1.203132):  0.944525167227737
Epoch 124: 
BAS Score on Validation Data (Training Time 1.201324):  0.9504304099747675
Epoch 125: 
BAS Score on Validation Data (Training Time 1.206330):  0.9501973625689679
Epoch 126: 
BAS Score on Validation Data (Training Time 1.203957):  0.9496745210190932
Epoch 127: 
BAS Score on Validation Data (Training Time 1.206929):  0.9484064923041488
Epoch 128: 
BAS Score on Validation Data (Training Time 1.201834):  0.9444319391954558
Epoch 129: 
BAS Score on Validation Data (Training Time 1.203406):  0.9495502774424608
Epoch 130: 
BAS Score on Validation Data (Training Time 1.201361):  0.9500955725886476
Epoch 131: 
BAS Score on Validation Data (Training Time 1.203348):  0.9484865590587281
Epoch 132: 
BAS Score on Validation Data (Training Time 1.200948):  0.9473306596981471
Epoch 133: 
BAS Score on Validation Data (Training Time 1.201577):  0.9466384859797881
Epoch 134: 
BAS Score on Validation Data (Training Time 1.200778):  0.9511857978866822
Epoch 135: 
BAS Score on Validation Data (Training Time 1.202504):  0.9481713957553973
Epoch 136: 
BAS Score on Validation Data (Training Time 1.201566):  0.9507501726077612
Epoch 137: 
BAS Score on Validation Data (Training Time 1.207554):  0.950885528319144
Epoch 138: 
BAS Score on Validation Data (Training Time 1.203146):  0.9473447323637543
Epoch 139: 
BAS Score on Validation Data (Training Time 1.207051):  0.9512203657052639
Epoch 140: 
BAS Score on Validation Data (Training Time 1.201285):  0.9475231275240373
Epoch 141: 
BAS Score on Validation Data (Training Time 1.205355):  0.9315353266892633
Epoch 142: 
BAS Score on Validation Data (Training Time 1.202652):  0.9491371960775723
Epoch 143: 
BAS Score on Validation Data (Training Time 1.204088):  0.9449177530577578
Epoch 144: 
BAS Score on Validation Data (Training Time 1.202546):  0.9497767666933664
Epoch 145: 
BAS Score on Validation Data (Training Time 1.200885):  0.951712602054933
Epoch 146: 
BAS Score on Validation Data (Training Time 1.201037):  0.9515322031015051
Epoch 147: 
BAS Score on Validation Data (Training Time 1.202124):  0.951807879230166
Epoch 148: 
BAS Score on Validation Data (Training Time 1.212521):  0.9519346729935095
Epoch 149: 
BAS Score on Validation Data (Training Time 1.211637):  0.9519692408120912
High Quality
0.9634038877193073 0.9712317682876314 0.980129073524846 0.9634038877193073 0.9651214840970002
              precision    recall  f1-score   support

           0       0.99      0.99      0.99     19588
           1       0.98      1.00      0.99      5531
           2       0.98      0.90      0.94      3100

    accuracy                           0.98     28219
   macro avg       0.98      0.96      0.97     28219
weighted avg       0.98      0.98      0.98     28219

Low Quality
0.6073995558247526 0.6908119603662076 0.8743575881033522 0.6073995558247526 0.6214041840900567
              precision    recall  f1-score   support

           0       0.93      1.00      0.96       635
           1       0.91      0.48      0.63        65
           2       0.78      0.35      0.48        20

    accuracy                           0.93       720
   macro avg       0.87      0.61      0.69       720
weighted avg       0.93      0.93      0.92       720

Emb Dim: 64
Transformer-MHA-64
=====================================================================================================================================================================
Layer (type:depth-idx)                   Input Shape               Output Shape              Kernel Shape              Param #                   Mult-Adds
=====================================================================================================================================================================
TransfomerBlock                          [2, 21, 495]              [2, 3]                    --                        --                        --
├─MakePatches: 1-1                       [2, 21, 495]              [2, 165, 63]              --                        --                        --
│    └─Unfold: 2-1                       [2, 1, 21, 495]           [2, 63, 165]              [21, 3]                   --                        --
├─Linear: 1-2                            [2, 165, 63]              [2, 165, 64]              --                        4,096                     8,192
├─PositionalEncoding: 1-3                [2, 165, 64]              [2, 165, 64]              --                        --                        --
├─TransformerEncoderLayer: 1-4           [2, 165, 64]              [2, 165, 64]              --                        --                        --
│    └─MultiheadAttention: 2-2           [2, 165, 64]              [2, 165, 64]              --                        16,640                    --
│    └─Dropout: 2-3                      [2, 165, 64]              [2, 165, 64]              --                        --                        --
│    └─LayerNorm: 2-4                    [2, 165, 64]              [2, 165, 64]              --                        128                       256
│    └─Linear: 2-5                       [2, 165, 64]              [2, 165, 2048]            --                        133,120                   266,240
│    └─Dropout: 2-6                      [2, 165, 2048]            [2, 165, 2048]            --                        --                        --
│    └─Linear: 2-7                       [2, 165, 2048]            [2, 165, 64]              --                        131,136                   262,272
│    └─Dropout: 2-8                      [2, 165, 64]              [2, 165, 64]              --                        --                        --
│    └─LayerNorm: 2-9                    [2, 165, 64]              [2, 165, 64]              --                        128                       256
├─Sequential: 1-5                        [2, 64]                   [2, 3]                    --                        --                        --
│    └─Linear: 2-10                      [2, 64]                   [2, 64]                   --                        4,160                     8,320
│    └─ReLU: 2-11                        [2, 64]                   [2, 64]                   --                        --                        --
│    └─Linear: 2-12                      [2, 64]                   [2, 32]                   --                        2,080                     4,160
│    └─ReLU: 2-13                        [2, 32]                   [2, 32]                   --                        --                        --
│    └─Linear: 2-14                      [2, 32]                   [2, 3]                    --                        99                        198
=====================================================================================================================================================================
Total params: 291,587
Trainable params: 291,587
Non-trainable params: 0
Total mult-adds (Units.MEGABYTES): 0.55
=====================================================================================================================================================================
Input size (MB): 0.08
Forward/backward pass size (MB): 6.08
Params size (MB): 1.10
Estimated Total Size (MB): 7.27
=====================================================================================================================================================================
Total Trainable Parameters:  291587
Total Parameters:  291587
Epoch 0: 
BAS Score on Validation Data (Training Time 1.560606):  0.3333333333333333
Epoch 1: 
BAS Score on Validation Data (Training Time 1.559059):  0.48929290633270545
Epoch 2: 
BAS Score on Validation Data (Training Time 1.558763):  0.610958367933756
Epoch 3: 
BAS Score on Validation Data (Training Time 1.558289):  0.6224255444113788
Epoch 4: 
BAS Score on Validation Data (Training Time 1.551899):  0.7507290396741996
Epoch 5: 
BAS Score on Validation Data (Training Time 1.551687):  0.8363108575746181
Epoch 6: 
BAS Score on Validation Data (Training Time 1.551888):  0.8744252448078327
Epoch 7: 
BAS Score on Validation Data (Training Time 1.551810):  0.773877118248849
Epoch 8: 
BAS Score on Validation Data (Training Time 1.552553):  0.8544707670278534
Epoch 9: 
BAS Score on Validation Data (Training Time 1.552591):  0.9084190683077468
Epoch 10: 
BAS Score on Validation Data (Training Time 1.552930):  0.9088910849448467
Epoch 11: 
BAS Score on Validation Data (Training Time 1.554939):  0.9118037877954249
Epoch 12: 
BAS Score on Validation Data (Training Time 1.552280):  0.9072950018382445
Epoch 13: 
BAS Score on Validation Data (Training Time 1.553895):  0.9195713111907438
Epoch 14: 
BAS Score on Validation Data (Training Time 1.559355):  0.923475089863468
Epoch 15: 
BAS Score on Validation Data (Training Time 1.559585):  0.9229674133844402
Epoch 16: 
BAS Score on Validation Data (Training Time 1.559327):  0.9238910864094069
Epoch 17: 
BAS Score on Validation Data (Training Time 1.559217):  0.8602078659622827
Epoch 18: 
BAS Score on Validation Data (Training Time 1.558797):  0.9251756930087564
Epoch 19: 
BAS Score on Validation Data (Training Time 1.561134):  0.9109579922273151
Epoch 20: 
BAS Score on Validation Data (Training Time 1.561395):  0.9323519707332886
Epoch 21: 
BAS Score on Validation Data (Training Time 1.559508):  0.9319500015031504
Epoch 22: 
BAS Score on Validation Data (Training Time 1.565346):  0.9278531182932493
Epoch 23: 
BAS Score on Validation Data (Training Time 1.559849):  0.9024722884793083
Epoch 24: 
BAS Score on Validation Data (Training Time 1.564828):  0.9350680621222663
Epoch 25: 
BAS Score on Validation Data (Training Time 1.562938):  0.9227759030600483
Epoch 26: 
BAS Score on Validation Data (Training Time 1.559328):  0.9361883462269404
Epoch 27: 
BAS Score on Validation Data (Training Time 1.562515):  0.9391257328341164
Epoch 28: 
BAS Score on Validation Data (Training Time 1.559877):  0.920856512875031
Epoch 29: 
BAS Score on Validation Data (Training Time 1.560239):  0.9290097450647306
Epoch 30: 
BAS Score on Validation Data (Training Time 1.560309):  0.9235349361416921
Epoch 31: 
BAS Score on Validation Data (Training Time 1.564705):  0.8488238006911074
Epoch 32: 
BAS Score on Validation Data (Training Time 1.561053):  0.9403346909912154
Epoch 33: 
BAS Score on Validation Data (Training Time 1.564890):  0.9420775574831323
Epoch 34: 
BAS Score on Validation Data (Training Time 1.563404):  0.9337297596332195
Epoch 35: 
BAS Score on Validation Data (Training Time 1.560378):  0.9319724097496561
Epoch 36: 
BAS Score on Validation Data (Training Time 1.562441):  0.9341081824799127
Epoch 37: 
BAS Score on Validation Data (Training Time 1.560436):  0.9345984600043504
Epoch 38: 
BAS Score on Validation Data (Training Time 1.560719):  0.9420690858528137
Epoch 39: 
BAS Score on Validation Data (Training Time 1.561340):  0.9392594950965002
Epoch 40: 
BAS Score on Validation Data (Training Time 1.564397):  0.9440058779520927
Epoch 41: 
BAS Score on Validation Data (Training Time 1.562673):  0.9403742684836057
Epoch 42: 
BAS Score on Validation Data (Training Time 1.565675):  0.9314541229434239
Epoch 43: 
BAS Score on Validation Data (Training Time 1.582570):  0.9440554751739937
Epoch 44: 
BAS Score on Validation Data (Training Time 1.561882):  0.9392323968207182
Epoch 45: 
BAS Score on Validation Data (Training Time 1.562704):  0.9457261098303632
Epoch 46: 
BAS Score on Validation Data (Training Time 1.560964):  0.937793031380358
Epoch 47: 
BAS Score on Validation Data (Training Time 1.561280):  0.9427161709793208
Epoch 48: 
BAS Score on Validation Data (Training Time 1.561703):  0.9441687876332101
Epoch 49: 
BAS Score on Validation Data (Training Time 1.562890):  0.9452825139648829
Epoch 50: 
BAS Score on Validation Data (Training Time 1.569517):  0.9393197483773057
Epoch 51: 
BAS Score on Validation Data (Training Time 1.566510):  0.9281202279866271
Epoch 52: 
BAS Score on Validation Data (Training Time 1.561172):  0.9444464225871022
Epoch 53: 
BAS Score on Validation Data (Training Time 1.565253):  0.9447130810737713
Epoch 54: 
BAS Score on Validation Data (Training Time 1.564155):  0.9416790498276107
Epoch 55: 
BAS Score on Validation Data (Training Time 1.560698):  0.9475005382601976
Epoch 56: 
BAS Score on Validation Data (Training Time 1.561579):  0.9471577302875187
Epoch 57: 
BAS Score on Validation Data (Training Time 1.561541):  0.9387046808826689
Epoch 58: 
BAS Score on Validation Data (Training Time 1.561071):  0.9482002718390768
Epoch 59: 
BAS Score on Validation Data (Training Time 1.567029):  0.9247202550198473
Epoch 60: 
BAS Score on Validation Data (Training Time 1.565899):  0.9413006269809175
Epoch 61: 
BAS Score on Validation Data (Training Time 1.562042):  0.9454289364612092
Epoch 62: 
BAS Score on Validation Data (Training Time 1.563764):  0.927645572754561
Epoch 63: 
BAS Score on Validation Data (Training Time 1.563064):  0.9505647186307177
Epoch 64: 
BAS Score on Validation Data (Training Time 1.561462):  0.9465506333794411
Epoch 65: 
BAS Score on Validation Data (Training Time 1.561332):  0.9350565842293909
Epoch 66: 
BAS Score on Validation Data (Training Time 1.561824):  0.9437957851863649
Epoch 67: 
BAS Score on Validation Data (Training Time 1.562494):  0.9515155802491866
Epoch 68: 
BAS Score on Validation Data (Training Time 1.567566):  0.9510048075717745
Epoch 69: 
BAS Score on Validation Data (Training Time 1.562474):  0.8962858090489978
Epoch 70: 
BAS Score on Validation Data (Training Time 1.568134):  0.9519396376994048
Epoch 71: 
BAS Score on Validation Data (Training Time 1.564336):  0.9451834094569079
Epoch 72: 
BAS Score on Validation Data (Training Time 1.560908):  0.9525261491367879
Epoch 73: 
BAS Score on Validation Data (Training Time 1.562695):  0.9385924154788853
Epoch 74: 
BAS Score on Validation Data (Training Time 1.561274):  0.9487161448899112
Epoch 75: 
BAS Score on Validation Data (Training Time 1.560829):  0.9486995670055064
Epoch 76: 
BAS Score on Validation Data (Training Time 1.562496):  0.9488363804983608
Epoch 77: 
BAS Score on Validation Data (Training Time 1.565834):  0.9464794485993263
Epoch 78: 
BAS Score on Validation Data (Training Time 1.561970):  0.9466694565562257
Epoch 79: 
BAS Score on Validation Data (Training Time 1.567406):  0.9483992974379679
Epoch 80: 
BAS Score on Validation Data (Training Time 1.564372):  0.9538839896592038
Epoch 81: 
BAS Score on Validation Data (Training Time 1.561166):  0.9500323583950919
Epoch 82: 
BAS Score on Validation Data (Training Time 1.563186):  0.95142840932804
Epoch 83: 
BAS Score on Validation Data (Training Time 1.561070):  0.9542860038572556
Epoch 84: 
BAS Score on Validation Data (Training Time 1.562878):  0.9541281038499468
Epoch 85: 
BAS Score on Validation Data (Training Time 1.564595):  0.9469200835520563
Epoch 86: 
BAS Score on Validation Data (Training Time 1.564406):  0.9497527646159686
Epoch 87: 
BAS Score on Validation Data (Training Time 1.566082):  0.9427843948466853
Epoch 88: 
BAS Score on Validation Data (Training Time 1.567557):  0.9441472000749965
Epoch 89: 
BAS Score on Validation Data (Training Time 1.561803):  0.9493882337994419
Epoch 90: 
BAS Score on Validation Data (Training Time 1.564794):  0.9522570311630211
Epoch 91: 
BAS Score on Validation Data (Training Time 1.563303):  0.9494699843207407
Epoch 92: 
BAS Score on Validation Data (Training Time 1.561606):  0.9541090664784443
Epoch 93: 
BAS Score on Validation Data (Training Time 1.561895):  0.9527386110718931
Epoch 94: 
BAS Score on Validation Data (Training Time 1.563037):  0.9511536445872847
Epoch 95: 
BAS Score on Validation Data (Training Time 1.560765):  0.9518393958182768
Epoch 96: 
BAS Score on Validation Data (Training Time 1.569267):  0.9529606820104696
Epoch 97: 
BAS Score on Validation Data (Training Time 1.567531):  0.953599751582504
Epoch 98: 
BAS Score on Validation Data (Training Time 1.562369):  0.9544102927836949
Epoch 99: 
BAS Score on Validation Data (Training Time 1.563731):  0.9535015588443275
Epoch 100: 
BAS Score on Validation Data (Training Time 1.563576):  0.9506654611737121
Epoch 101: 
BAS Score on Validation Data (Training Time 1.561388):  0.9549071284630268
Epoch 102: 
BAS Score on Validation Data (Training Time 1.561393):  0.9519481542976371
Epoch 103: 
BAS Score on Validation Data (Training Time 1.562422):  0.9557807481902464
Epoch 104: 
BAS Score on Validation Data (Training Time 1.561041):  0.9435511699518622
Epoch 105: 
BAS Score on Validation Data (Training Time 1.567030):  0.9534569263283217
Epoch 106: 
BAS Score on Validation Data (Training Time 1.565284):  0.9507842393825832
Epoch 107: 
BAS Score on Validation Data (Training Time 1.585419):  0.9524137934152836
Epoch 108: 
BAS Score on Validation Data (Training Time 1.564456):  0.9553581485215
Epoch 109: 
BAS Score on Validation Data (Training Time 1.560489):  0.954989244360558
Epoch 110: 
BAS Score on Validation Data (Training Time 1.556140):  0.9394915404147809
Epoch 111: 
BAS Score on Validation Data (Training Time 1.557664):  0.954931631202291
Epoch 112: 
BAS Score on Validation Data (Training Time 1.553876):  0.9522528875273112
Epoch 113: 
BAS Score on Validation Data (Training Time 1.554070):  0.9551010087205821
Epoch 114: 
BAS Score on Validation Data (Training Time 1.560581):  0.9518659930502992
Epoch 115: 
BAS Score on Validation Data (Training Time 1.554184):  0.9417511418902803
Epoch 116: 
BAS Score on Validation Data (Training Time 1.559150):  0.95682834476542
Epoch 117: 
BAS Score on Validation Data (Training Time 1.557277):  0.9540694436362472
Epoch 118: 
BAS Score on Validation Data (Training Time 1.556511):  0.9539256162945459
Epoch 119: 
BAS Score on Validation Data (Training Time 1.563000):  0.9560112907591417
Epoch 120: 
BAS Score on Validation Data (Training Time 1.561349):  0.9566639319530239
Epoch 121: 
BAS Score on Validation Data (Training Time 1.562868):  0.9558799879838555
Epoch 122: 
BAS Score on Validation Data (Training Time 1.562172):  0.9467206921950395
Epoch 123: 
BAS Score on Validation Data (Training Time 1.565904):  0.9570017752198078
Epoch 124: 
BAS Score on Validation Data (Training Time 1.563328):  0.9546799571510278
Epoch 125: 
BAS Score on Validation Data (Training Time 1.567919):  0.9499060203257009
Epoch 126: 
BAS Score on Validation Data (Training Time 1.565909):  0.9542083062720534
Epoch 127: 
BAS Score on Validation Data (Training Time 1.562729):  0.9484308593758857
Epoch 128: 
BAS Score on Validation Data (Training Time 1.563674):  0.9495441749815194
Epoch 129: 
BAS Score on Validation Data (Training Time 1.561800):  0.9554258263771914
Epoch 130: 
BAS Score on Validation Data (Training Time 1.561409):  0.9549321322460504
Epoch 131: 
BAS Score on Validation Data (Training Time 1.562377):  0.952485479239158
Epoch 132: 
BAS Score on Validation Data (Training Time 1.562578):  0.9577050157231103
Epoch 133: 
BAS Score on Validation Data (Training Time 1.566769):  0.9565125447508026
Epoch 134: 
BAS Score on Validation Data (Training Time 1.566803):  0.9435606886376134
Epoch 135: 
BAS Score on Validation Data (Training Time 1.562551):  0.9462639354337505
Epoch 136: 
BAS Score on Validation Data (Training Time 1.565897):  0.9565536253744716
Epoch 137: 
BAS Score on Validation Data (Training Time 1.564495):  0.9506168206895232
Epoch 138: 
BAS Score on Validation Data (Training Time 1.562121):  0.9524293238623628
Epoch 139: 
BAS Score on Validation Data (Training Time 1.562220):  0.9538586204999477
Epoch 140: 
BAS Score on Validation Data (Training Time 1.562106):  0.9516453798931943
Epoch 141: 
BAS Score on Validation Data (Training Time 1.560655):  0.9532238335727152
Epoch 142: 
BAS Score on Validation Data (Training Time 1.568838):  0.959090545882788
Epoch 143: 
BAS Score on Validation Data (Training Time 1.570150):  0.9576018133111249
Epoch 144: 
BAS Score on Validation Data (Training Time 1.562827):  0.9511120629198563
Epoch 145: 
BAS Score on Validation Data (Training Time 1.565412):  0.9481060417192765
Epoch 146: 
BAS Score on Validation Data (Training Time 1.563534):  0.9371081465693578
Epoch 147: 
BAS Score on Validation Data (Training Time 1.561758):  0.9554163076914403
Epoch 148: 
BAS Score on Validation Data (Training Time 1.562826):  0.9536810917596568
Epoch 149: 
BAS Score on Validation Data (Training Time 1.562550):  0.9581501596877825
High Quality
0.9665641485871812 0.9704464018623451 0.9747938798895154 0.9665641485871812 0.963823512503796
              precision    recall  f1-score   support

           0       0.99      0.99      0.99     19588
           1       0.98      1.00      0.99      5531
           2       0.96      0.91      0.93      3100

    accuracy                           0.98     28219
   macro avg       0.97      0.97      0.97     28219
weighted avg       0.98      0.98      0.98     28219

Low Quality
0.7198566525338178 0.7217654568239579 0.8149515710711744 0.7198566525338178 0.6744793410788671
              precision    recall  f1-score   support

           0       0.97      0.95      0.96       635
           1       0.60      0.86      0.70        65
           2       0.88      0.35      0.50        20

    accuracy                           0.92       720
   macro avg       0.81      0.72      0.72       720
weighted avg       0.94      0.92      0.92       720

Emb Dim: 128
Transformer-MHA-128
=====================================================================================================================================================================
Layer (type:depth-idx)                   Input Shape               Output Shape              Kernel Shape              Param #                   Mult-Adds
=====================================================================================================================================================================
TransfomerBlock                          [2, 21, 495]              [2, 3]                    --                        --                        --
├─MakePatches: 1-1                       [2, 21, 495]              [2, 165, 63]              --                        --                        --
│    └─Unfold: 2-1                       [2, 1, 21, 495]           [2, 63, 165]              [21, 3]                   --                        --
├─Linear: 1-2                            [2, 165, 63]              [2, 165, 128]             --                        8,192                     16,384
├─PositionalEncoding: 1-3                [2, 165, 128]             [2, 165, 128]             --                        --                        --
├─TransformerEncoderLayer: 1-4           [2, 165, 128]             [2, 165, 128]             --                        --                        --
│    └─MultiheadAttention: 2-2           [2, 165, 128]             [2, 165, 128]             --                        66,048                    --
│    └─Dropout: 2-3                      [2, 165, 128]             [2, 165, 128]             --                        --                        --
│    └─LayerNorm: 2-4                    [2, 165, 128]             [2, 165, 128]             --                        256                       512
│    └─Linear: 2-5                       [2, 165, 128]             [2, 165, 2048]            --                        264,192                   528,384
│    └─Dropout: 2-6                      [2, 165, 2048]            [2, 165, 2048]            --                        --                        --
│    └─Linear: 2-7                       [2, 165, 2048]            [2, 165, 128]             --                        262,272                   524,544
│    └─Dropout: 2-8                      [2, 165, 128]             [2, 165, 128]             --                        --                        --
│    └─LayerNorm: 2-9                    [2, 165, 128]             [2, 165, 128]             --                        256                       512
├─Sequential: 1-5                        [2, 128]                  [2, 3]                    --                        --                        --
│    └─Linear: 2-10                      [2, 128]                  [2, 64]                   --                        8,256                     16,512
│    └─ReLU: 2-11                        [2, 64]                   [2, 64]                   --                        --                        --
│    └─Linear: 2-12                      [2, 64]                   [2, 32]                   --                        2,080                     4,160
│    └─ReLU: 2-13                        [2, 32]                   [2, 32]                   --                        --                        --
│    └─Linear: 2-14                      [2, 32]                   [2, 3]                    --                        99                        198
=====================================================================================================================================================================
Total params: 611,651
Trainable params: 611,651
Non-trainable params: 0
Total mult-adds (Units.MEGABYTES): 1.09
=====================================================================================================================================================================
Input size (MB): 0.08
Forward/backward pass size (MB): 6.76
Params size (MB): 2.18
Estimated Total Size (MB): 9.03
=====================================================================================================================================================================
Total Trainable Parameters:  611651
Total Parameters:  611651
Epoch 0: 
BAS Score on Validation Data (Training Time 1.718678):  0.3333333333333333
Epoch 1: 
BAS Score on Validation Data (Training Time 1.714120):  0.3333333333333333
Epoch 2: 
BAS Score on Validation Data (Training Time 1.710343):  0.608481701088138
Epoch 3: 
BAS Score on Validation Data (Training Time 1.710849):  0.6261438237572526
Epoch 4: 
BAS Score on Validation Data (Training Time 1.709095):  0.8187186458811521
Epoch 5: 
BAS Score on Validation Data (Training Time 1.710472):  0.8827205294910078
Epoch 6: 
BAS Score on Validation Data (Training Time 1.710132):  0.8984366168154972
Epoch 7: 
BAS Score on Validation Data (Training Time 1.710004):  0.8457300629396011
Epoch 8: 
BAS Score on Validation Data (Training Time 1.709866):  0.9037324376892003
Epoch 9: 
BAS Score on Validation Data (Training Time 1.711552):  0.905952651282238
Epoch 10: 
BAS Score on Validation Data (Training Time 1.710098):  0.9189551516727609
Epoch 11: 
BAS Score on Validation Data (Training Time 1.729765):  0.9259191027478221
Epoch 12: 
BAS Score on Validation Data (Training Time 1.715512):  0.9227103680065937
Epoch 13: 
BAS Score on Validation Data (Training Time 1.712678):  0.9116369154959312
Epoch 14: 
BAS Score on Validation Data (Training Time 1.714768):  0.9277842543730334
Epoch 15: 
BAS Score on Validation Data (Training Time 1.712090):  0.9270839294326746
Epoch 16: 
BAS Score on Validation Data (Training Time 1.713094):  0.9357895189268861
Epoch 17: 
BAS Score on Validation Data (Training Time 1.714050):  0.92576393690423
Epoch 18: 
BAS Score on Validation Data (Training Time 1.728872):  0.9212437232731178
Epoch 19: 
BAS Score on Validation Data (Training Time 1.713527):  0.9324841845145873
Epoch 20: 
BAS Score on Validation Data (Training Time 1.711984):  0.9401598027553559
Epoch 21: 
BAS Score on Validation Data (Training Time 1.711885):  0.9357447053935464
Epoch 22: 
BAS Score on Validation Data (Training Time 1.719860):  0.9373572258478893
Epoch 23: 
BAS Score on Validation Data (Training Time 1.716872):  0.9389628227711059
Epoch 24: 
BAS Score on Validation Data (Training Time 1.712311):  0.9369903254800923
Epoch 25: 
BAS Score on Validation Data (Training Time 1.717685):  0.909384687612588
Epoch 26: 
BAS Score on Validation Data (Training Time 1.714265):  0.9141939657809895
Epoch 27: 
BAS Score on Validation Data (Training Time 1.712567):  0.9466615313194734
Epoch 28: 
BAS Score on Validation Data (Training Time 1.711968):  0.9357024836732667
Epoch 29: 
BAS Score on Validation Data (Training Time 1.731134):  0.9404898556891282
Epoch 30: 
BAS Score on Validation Data (Training Time 1.719468):  0.898071994535571
Epoch 31: 
BAS Score on Validation Data (Training Time 1.713988):  0.9456755105209429
Epoch 32: 
BAS Score on Validation Data (Training Time 1.716144):  0.943862506304344
Epoch 33: 
BAS Score on Validation Data (Training Time 1.714726):  0.9378453152202836
Epoch 34: 
BAS Score on Validation Data (Training Time 1.713727):  0.9474349545153716
Epoch 35: 
BAS Score on Validation Data (Training Time 1.712035):  0.9431051595671979
Epoch 36: 
BAS Score on Validation Data (Training Time 1.711864):  0.936403859010623
Epoch 37: 
BAS Score on Validation Data (Training Time 1.711850):  0.932844436791663
Epoch 38: 
BAS Score on Validation Data (Training Time 1.715470):  0.8430934870424992
Epoch 39: 
BAS Score on Validation Data (Training Time 1.715609):  0.9491200725633875
Epoch 40: 
BAS Score on Validation Data (Training Time 1.715942):  0.9492324282848915
Epoch 41: 
BAS Score on Validation Data (Training Time 1.716332):  0.9410640726506942
Epoch 42: 
BAS Score on Validation Data (Training Time 1.712543):  0.9081748192132628
Epoch 43: 
BAS Score on Validation Data (Training Time 1.713175):  0.9492804774076006
Epoch 44: 
BAS Score on Validation Data (Training Time 1.711611):  0.9410274556891611
Epoch 45: 
BAS Score on Validation Data (Training Time 1.712410):  0.939581943201839
Epoch 46: 
BAS Score on Validation Data (Training Time 1.711742):  0.9488590151120072
Epoch 47: 
BAS Score on Validation Data (Training Time 1.720043):  0.9333547983611429
Epoch 48: 
BAS Score on Validation Data (Training Time 1.717369):  0.9436249498866017
Epoch 49: 
BAS Score on Validation Data (Training Time 1.712937):  0.9499597158335055
Epoch 50: 
BAS Score on Validation Data (Training Time 1.714807):  0.9498950438584779
Epoch 51: 
BAS Score on Validation Data (Training Time 1.713554):  0.9502404469857817
Epoch 52: 
BAS Score on Validation Data (Training Time 1.712224):  0.9499276528518282
Epoch 53: 
BAS Score on Validation Data (Training Time 1.712109):  0.9516284370144503
Epoch 54: 
BAS Score on Validation Data (Training Time 1.713237):  0.9511654837510418
Epoch 55: 
BAS Score on Validation Data (Training Time 1.718799):  0.9263303185648711
Epoch 56: 
BAS Score on Validation Data (Training Time 1.716392):  0.9523572726622561
Epoch 57: 
BAS Score on Validation Data (Training Time 1.715407):  0.9515136667737621
Epoch 58: 
BAS Score on Validation Data (Training Time 1.715181):  0.9489872216889091
Epoch 59: 
BAS Score on Validation Data (Training Time 1.714170):  0.9441136793118475
Epoch 60: 
BAS Score on Validation Data (Training Time 1.712397):  0.9546710298267564
Epoch 61: 
BAS Score on Validation Data (Training Time 1.712874):  0.9422289443034605
Epoch 62: 
BAS Score on Validation Data (Training Time 1.712533):  0.9507276283118352
Epoch 63: 
BAS Score on Validation Data (Training Time 1.718550):  0.9449245862711639
Epoch 64: 
BAS Score on Validation Data (Training Time 1.713596):  0.9424450034807094
Epoch 65: 
BAS Score on Validation Data (Training Time 1.717341):  0.9550896668771268
Epoch 66: 
BAS Score on Validation Data (Training Time 1.714826):  0.948068468020031
Epoch 67: 
BAS Score on Validation Data (Training Time 1.713140):  0.9536935709762652
Epoch 68: 
BAS Score on Validation Data (Training Time 1.714661):  0.9291864103447013
Epoch 69: 
BAS Score on Validation Data (Training Time 1.711709):  0.9488097832663384
Epoch 70: 
BAS Score on Validation Data (Training Time 1.713321):  0.8986828225393273
Epoch 71: 
BAS Score on Validation Data (Training Time 1.711382):  0.9335972246798158
Epoch 72: 
BAS Score on Validation Data (Training Time 1.720544):  0.9497482106361126
Epoch 73: 
BAS Score on Validation Data (Training Time 1.717873):  0.9538353941429286
Epoch 74: 
BAS Score on Validation Data (Training Time 1.713672):  0.9504013528737542
Epoch 75: 
BAS Score on Validation Data (Training Time 1.713276):  0.9534639851450821
Epoch 76: 
BAS Score on Validation Data (Training Time 1.713659):  0.9569657496197544
Epoch 77: 
BAS Score on Validation Data (Training Time 1.712598):  0.952068525573614
Epoch 78: 
BAS Score on Validation Data (Training Time 1.712001):  0.9523537207699192
Epoch 79: 
BAS Score on Validation Data (Training Time 1.735236):  0.9518440404977464
Epoch 80: 
BAS Score on Validation Data (Training Time 1.719318):  0.945639850297122
Epoch 81: 
BAS Score on Validation Data (Training Time 1.715757):  0.9400871598118762
Epoch 82: 
BAS Score on Validation Data (Training Time 1.713042):  0.9337595883492602
Epoch 83: 
BAS Score on Validation Data (Training Time 1.718518):  0.9566710361195913
Epoch 84: 
BAS Score on Validation Data (Training Time 1.712536):  0.9525506972258587
Epoch 85: 
BAS Score on Validation Data (Training Time 1.705089):  0.9538529287650456
Epoch 86: 
BAS Score on Validation Data (Training Time 1.706333):  0.9552067613192786
Epoch 87: 
BAS Score on Validation Data (Training Time 1.706334):  0.9564379887137915
Epoch 88: 
BAS Score on Validation Data (Training Time 1.711799):  0.9546499433123025
Epoch 89: 
BAS Score on Validation Data (Training Time 1.707287):  0.9473435949906013
Epoch 90: 
BAS Score on Validation Data (Training Time 1.718150):  0.9518508733292593
Epoch 91: 
BAS Score on Validation Data (Training Time 1.714701):  0.9556298620317847
Epoch 92: 
BAS Score on Validation Data (Training Time 1.713420):  0.948899685009637
Epoch 93: 
BAS Score on Validation Data (Training Time 1.711859):  0.9561105305527509
Epoch 94: 
BAS Score on Validation Data (Training Time 1.711740):  0.9540428464042248
Epoch 95: 
BAS Score on Validation Data (Training Time 1.712422):  0.9501942663705835
Epoch 96: 
BAS Score on Validation Data (Training Time 1.711789):  0.9537701761562278
Epoch 97: 
BAS Score on Validation Data (Training Time 1.718819):  0.9527356051912291
Epoch 98: 
BAS Score on Validation Data (Training Time 1.716859):  0.9525035145231415
Epoch 99: 
BAS Score on Validation Data (Training Time 1.714571):  0.9576233555195319
Epoch 100: 
BAS Score on Validation Data (Training Time 1.712428):  0.9499932815645679
Epoch 101: 
BAS Score on Validation Data (Training Time 1.712918):  0.9582845586614531
Epoch 102: 
BAS Score on Validation Data (Training Time 1.711491):  0.949709634849348
Epoch 103: 
BAS Score on Validation Data (Training Time 1.713235):  0.9529923342661076
Epoch 104: 
BAS Score on Validation Data (Training Time 1.711853):  0.9149836445435083
Epoch 105: 
BAS Score on Validation Data (Training Time 1.711990):  0.9475951300327726
Epoch 106: 
BAS Score on Validation Data (Training Time 1.710505):  0.9556423865981998
Epoch 107: 
BAS Score on Validation Data (Training Time 1.706271):  0.9574990665930926
Epoch 108: 
BAS Score on Validation Data (Training Time 1.707694):  0.9494974933225618
Epoch 109: 
BAS Score on Validation Data (Training Time 1.707577):  0.944376695588459
Epoch 110: 
BAS Score on Validation Data (Training Time 1.704447):  0.9414529226113727
Epoch 111: 
BAS Score on Validation Data (Training Time 1.705266):  0.9523757186722787
Epoch 112: 
BAS Score on Validation Data (Training Time 1.706768):  0.955586732265164
Epoch 113: 
BAS Score on Validation Data (Training Time 1.711314):  0.9577130766273898
Epoch 114: 
BAS Score on Validation Data (Training Time 1.706125):  0.948396291557304
Epoch 115: 
BAS Score on Validation Data (Training Time 1.711113):  0.9510057643094868
Epoch 116: 
BAS Score on Validation Data (Training Time 1.708438):  0.9579952655611379
Epoch 117: 
BAS Score on Validation Data (Training Time 1.707098):  0.9543265834371649
Epoch 118: 
BAS Score on Validation Data (Training Time 1.705628):  0.9560884873005845
Epoch 119: 
BAS Score on Validation Data (Training Time 1.705525):  0.9555551703272464
Epoch 120: 
BAS Score on Validation Data (Training Time 1.705873):  0.958857954170941
Epoch 121: 
BAS Score on Validation Data (Training Time 1.706230):  0.9577696876981378
Epoch 122: 
BAS Score on Validation Data (Training Time 1.712255):  0.957288518133412
Epoch 123: 
BAS Score on Validation Data (Training Time 1.710030):  0.9369472377217137
Epoch 124: 
BAS Score on Validation Data (Training Time 1.708036):  0.9546373284281668
Epoch 125: 
BAS Score on Validation Data (Training Time 1.706820):  0.9550819713490798
Epoch 126: 
BAS Score on Validation Data (Training Time 1.708183):  0.9476253731983103
Epoch 127: 
BAS Score on Validation Data (Training Time 1.705716):  0.9549591402041121
Epoch 128: 
BAS Score on Validation Data (Training Time 1.706199):  0.9572493963349743
Epoch 129: 
BAS Score on Validation Data (Training Time 1.711767):  0.948639995022008
Epoch 130: 
BAS Score on Validation Data (Training Time 1.718541):  0.9582804603755498
Epoch 131: 
BAS Score on Validation Data (Training Time 1.716277):  0.9542049799830706
Epoch 132: 
BAS Score on Validation Data (Training Time 1.712939):  0.957794736830968
Epoch 133: 
BAS Score on Validation Data (Training Time 1.715620):  0.9483321655939498
Epoch 134: 
BAS Score on Validation Data (Training Time 1.714682):  0.9544914972933206
Epoch 135: 
BAS Score on Validation Data (Training Time 1.711954):  0.9570534215846607
Epoch 136: 
BAS Score on Validation Data (Training Time 1.712102):  0.9552097671999425
Epoch 137: 
BAS Score on Validation Data (Training Time 1.712373):  0.9594744794470497
Epoch 138: 
BAS Score on Validation Data (Training Time 1.717155):  0.9593402161409061
Epoch 139: 
BAS Score on Validation Data (Training Time 1.734319):  0.9538689149060775
Epoch 140: 
BAS Score on Validation Data (Training Time 1.717935):  0.9561967447361853
Epoch 141: 
BAS Score on Validation Data (Training Time 1.714385):  0.952194728357371
Epoch 142: 
BAS Score on Validation Data (Training Time 1.714714):  0.9591812237283581
Epoch 143: 
BAS Score on Validation Data (Training Time 1.712182):  0.9582880202360697
Epoch 144: 
BAS Score on Validation Data (Training Time 1.712341):  0.9494719431459719
Epoch 145: 
BAS Score on Validation Data (Training Time 1.713256):  0.956330096654423
Epoch 146: 
BAS Score on Validation Data (Training Time 1.713940):  0.9585280814907163
Epoch 147: 
BAS Score on Validation Data (Training Time 1.716954):  0.9558544378072656
Epoch 148: 
BAS Score on Validation Data (Training Time 1.718400):  0.9572804572291324
Epoch 149: 
BAS Score on Validation Data (Training Time 1.714299):  0.9531449045731818
High Quality
0.9709335487111467 0.9622612468464672 0.9540400436605637 0.9709335487111467 0.9532061409091053
              precision    recall  f1-score   support

           0       0.99      0.98      0.99     19588
           1       0.98      1.00      0.99      5531
           2       0.89      0.94      0.91      3100

    accuracy                           0.98     28219
   macro avg       0.95      0.97      0.96     28219
weighted avg       0.98      0.98      0.98     28219

Low Quality
0.738390874217646 0.7057254578002244 0.6798192577935342 0.738390874217646 0.6671404704140932
              precision    recall  f1-score   support

           0       0.98      0.96      0.97       635
           1       0.64      0.71      0.67        65
           2       0.42      0.55      0.48        20

    accuracy                           0.92       720
   macro avg       0.68      0.74      0.71       720
weighted avg       0.93      0.92      0.93       720


High Quality Post 2020
                          mean       std       sem  count
Model                                                    
Transformer-FNET-128  0.970911  0.000728  0.000243      9
Transformer-FNET-64   0.968848  0.001072  0.000357      9
Transformer-MHA-128   0.971502  0.004618  0.001539      9
Transformer-MHA-64    0.971388  0.001100  0.000367      9
                          mean       std       sem  count
Model                                                    
Transformer-FNET-128  0.962031  0.001309  0.000436      9
Transformer-FNET-64   0.962173  0.001442  0.000481      9
Transformer-MHA-128   0.967533  0.003646  0.001215      9
Transformer-MHA-64    0.963595  0.001803  0.000601      9
                          mean       std       sem  count
Model                                                    
Transformer-FNET-128  0.964837  0.000810  0.000270      9
Transformer-FNET-64   0.962363  0.001404  0.000468      9
Transformer-MHA-128   0.965122  0.005843  0.001948      9
Transformer-MHA-64    0.965475  0.001221  0.000407      9

Low Quality Post 2020
                          mean       std       sem  count
Model                                                    
Transformer-FNET-128  0.704266  0.105576  0.035192      9
Transformer-FNET-64   0.682402  0.105975  0.035325      9
Transformer-MHA-128   0.623044  0.113314  0.037771      9
Transformer-MHA-64    0.663010  0.101806  0.033935      9
                          mean       std       sem  count
Model                                                    
Transformer-FNET-128  0.657433  0.077035  0.025678      9
Transformer-FNET-64   0.672973  0.075701  0.025234      9
Transformer-MHA-128   0.654464  0.097521  0.032507      9
Transformer-MHA-64    0.675493  0.049629  0.016543      9
                          mean       std       sem  count
Model                                                    
Transformer-FNET-128  0.668690  0.163511  0.054504      9
Transformer-FNET-64   0.606586  0.167654  0.055885      9
Transformer-MHA-128   0.544719  0.154519  0.051506      9
Transformer-MHA-64    0.591502  0.178545  0.059515      9
Saving Results
************Fold: 9
Data Shape Before Sampling:  (59973, 21, 495) (59973,)
Subtype/Host: 0 ,count:  34602 ,index count: (array([False,  True]), array([25371, 34602])) ,downsampling:  (16000, 21, 495) (16000,)
Subtype/Host: 1 ,count:  16398 ,index count: (array([False,  True]), array([43575, 16398])) ,downsampling:  (16000, 21, 495) (16000,)
Subtype/Host: 2 ,count:  8973 ,index count: (array([False,  True]), array([51000,  8973])) ,keep:  (8973, 21, 495) (8973,)
Emb Dim: 64
Transformer-FNET-64
=====================================================================================================================================================================
Layer (type:depth-idx)                   Input Shape               Output Shape              Kernel Shape              Param #                   Mult-Adds
=====================================================================================================================================================================
TransfomerBlock                          [2, 21, 495]              [2, 3]                    --                        --                        --
├─MakePatches: 1-1                       [2, 21, 495]              [2, 165, 63]              --                        --                        --
│    └─Unfold: 2-1                       [2, 1, 21, 495]           [2, 63, 165]              [21, 3]                   --                        --
├─Linear: 1-2                            [2, 165, 63]              [2, 165, 64]              --                        4,096                     8,192
├─PositionalEncoding: 1-3                [2, 165, 64]              [2, 165, 64]              --                        --                        --
├─FNET: 1-4                              [2, 165, 64]              [2, 165, 64]              --                        --                        --
│    └─LayerNorm: 2-2                    [2, 165, 64]              [2, 165, 64]              --                        128                       256
│    └─Sequential: 2-3                   [2, 165, 64]              [2, 165, 64]              --                        --                        --
│    │    └─Linear: 3-1                  [2, 165, 64]              [2, 165, 64]              --                        4,160                     8,320
│    │    └─ReLU: 3-2                    [2, 165, 64]              [2, 165, 64]              --                        --                        --
│    │    └─Dropout: 3-3                 [2, 165, 64]              [2, 165, 64]              --                        --                        --
│    │    └─Linear: 3-4                  [2, 165, 64]              [2, 165, 64]              --                        4,160                     8,320
│    └─LayerNorm: 2-4                    [2, 165, 64]              [2, 165, 64]              --                        128                       256
├─Sequential: 1-5                        [2, 64]                   [2, 3]                    --                        --                        --
│    └─Linear: 2-5                       [2, 64]                   [2, 64]                   --                        4,160                     8,320
│    └─ReLU: 2-6                         [2, 64]                   [2, 64]                   --                        --                        --
│    └─Linear: 2-7                       [2, 64]                   [2, 32]                   --                        2,080                     4,160
│    └─ReLU: 2-8                         [2, 32]                   [2, 32]                   --                        --                        --
│    └─Linear: 2-9                       [2, 32]                   [2, 3]                    --                        99                        198
=====================================================================================================================================================================
Total params: 19,011
Trainable params: 19,011
Non-trainable params: 0
Total mult-adds (Units.MEGABYTES): 0.04
=====================================================================================================================================================================
Input size (MB): 0.08
Forward/backward pass size (MB): 0.85
Params size (MB): 0.08
Estimated Total Size (MB): 1.01
=====================================================================================================================================================================
Total Trainable Parameters:  19011
Total Parameters:  19011
Epoch 0: 
BAS Score on Validation Data (Training Time 1.118060):  0.48683399018973894
Epoch 1: 
BAS Score on Validation Data (Training Time 1.066263):  0.3333333333333333
Epoch 2: 
BAS Score on Validation Data (Training Time 1.066979):  0.45192367809135275
Epoch 3: 
BAS Score on Validation Data (Training Time 1.065397):  0.5805528156800498
Epoch 4: 
BAS Score on Validation Data (Training Time 1.066166):  0.5778474522964281
Epoch 5: 
BAS Score on Validation Data (Training Time 1.065522):  0.6137921764381492
Epoch 6: 
BAS Score on Validation Data (Training Time 1.065399):  0.6159684385374157
Epoch 7: 
BAS Score on Validation Data (Training Time 1.065196):  0.620717408050809
Epoch 8: 
BAS Score on Validation Data (Training Time 1.066792):  0.6351439396437009
Epoch 9: 
BAS Score on Validation Data (Training Time 1.065938):  0.6490650164923852
Epoch 10: 
BAS Score on Validation Data (Training Time 1.066635):  0.6978711750618013
Epoch 11: 
BAS Score on Validation Data (Training Time 1.066111):  0.7335669522796628
Epoch 12: 
BAS Score on Validation Data (Training Time 1.065566):  0.7748699552078676
Epoch 13: 
BAS Score on Validation Data (Training Time 1.065346):  0.7788534954281002
Epoch 14: 
BAS Score on Validation Data (Training Time 1.065193):  0.8554806197956589
Epoch 15: 
BAS Score on Validation Data (Training Time 1.066016):  0.8678681940611996
Epoch 16: 
BAS Score on Validation Data (Training Time 1.066270):  0.8766690337188429
Epoch 17: 
BAS Score on Validation Data (Training Time 1.065564):  0.8741502202525884
Epoch 18: 
BAS Score on Validation Data (Training Time 1.066426):  0.8712860622779047
Epoch 19: 
BAS Score on Validation Data (Training Time 1.065888):  0.8944249708006652
Epoch 20: 
BAS Score on Validation Data (Training Time 1.065801):  0.8809367458409428
Epoch 21: 
BAS Score on Validation Data (Training Time 1.066082):  0.8931742124967776
Epoch 22: 
BAS Score on Validation Data (Training Time 1.066238):  0.8962079231572068
Epoch 23: 
BAS Score on Validation Data (Training Time 1.065524):  0.9010380682362448
Epoch 24: 
BAS Score on Validation Data (Training Time 1.065911):  0.9002208946459361
Epoch 25: 
BAS Score on Validation Data (Training Time 1.066725):  0.9085544491165023
Epoch 26: 
BAS Score on Validation Data (Training Time 1.066158):  0.9095654512828676
Epoch 27: 
BAS Score on Validation Data (Training Time 1.067017):  0.9118360535162079
Epoch 28: 
BAS Score on Validation Data (Training Time 1.065736):  0.9167656263666116
Epoch 29: 
BAS Score on Validation Data (Training Time 1.065497):  0.9187258395391206
Epoch 30: 
BAS Score on Validation Data (Training Time 1.065606):  0.9205514554734817
Epoch 31: 
BAS Score on Validation Data (Training Time 1.066763):  0.9217383350702041
Epoch 32: 
BAS Score on Validation Data (Training Time 1.066081):  0.9201823181466141
Epoch 33: 
BAS Score on Validation Data (Training Time 1.072536):  0.9217612774490186
Epoch 34: 
BAS Score on Validation Data (Training Time 1.067730):  0.9239484439212594
Epoch 35: 
BAS Score on Validation Data (Training Time 1.072782):  0.9258880605180825
Epoch 36: 
BAS Score on Validation Data (Training Time 1.067130):  0.927669690159631
Epoch 37: 
BAS Score on Validation Data (Training Time 1.067746):  0.9203859758403335
Epoch 38: 
BAS Score on Validation Data (Training Time 1.067498):  0.9245258971076059
Epoch 39: 
BAS Score on Validation Data (Training Time 1.066650):  0.9296127776890076
Epoch 40: 
BAS Score on Validation Data (Training Time 1.065994):  0.9213822324670913
Epoch 41: 
BAS Score on Validation Data (Training Time 1.066099):  0.93073151644384
Epoch 42: 
BAS Score on Validation Data (Training Time 1.066948):  0.9309922130209068
Epoch 43: 
BAS Score on Validation Data (Training Time 1.068364):  0.9297331030960811
Epoch 44: 
BAS Score on Validation Data (Training Time 1.067100):  0.9318546457449081
Epoch 45: 
BAS Score on Validation Data (Training Time 1.066575):  0.9306982454418744
Epoch 46: 
BAS Score on Validation Data (Training Time 1.066332):  0.9327567170193231
Epoch 47: 
BAS Score on Validation Data (Training Time 1.066603):  0.9338919021930113
Epoch 48: 
BAS Score on Validation Data (Training Time 1.066497):  0.9285883541311922
Epoch 49: 
BAS Score on Validation Data (Training Time 1.066258):  0.9247665977958665
Epoch 50: 
BAS Score on Validation Data (Training Time 1.066595):  0.933271571409661
Epoch 51: 
BAS Score on Validation Data (Training Time 1.067690):  0.9345919395487222
Epoch 52: 
BAS Score on Validation Data (Training Time 1.067176):  0.9354627845642783
Epoch 53: 
BAS Score on Validation Data (Training Time 1.067208):  0.9349558786935672
Epoch 54: 
BAS Score on Validation Data (Training Time 1.067197):  0.9336835613964753
Epoch 55: 
BAS Score on Validation Data (Training Time 1.069845):  0.9365534933030043
Epoch 56: 
BAS Score on Validation Data (Training Time 1.066560):  0.9288116031792418
Epoch 57: 
BAS Score on Validation Data (Training Time 1.067234):  0.9336043270994838
Epoch 58: 
BAS Score on Validation Data (Training Time 1.066814):  0.9357011573161905
Epoch 59: 
BAS Score on Validation Data (Training Time 1.071826):  0.9352075444254191
Epoch 60: 
BAS Score on Validation Data (Training Time 1.068518):  0.9335756357258808
Epoch 61: 
BAS Score on Validation Data (Training Time 1.066980):  0.9370797850123026
Epoch 62: 
BAS Score on Validation Data (Training Time 1.071723):  0.9378876445641545
Epoch 63: 
BAS Score on Validation Data (Training Time 1.066453):  0.9383317804235096
Epoch 64: 
BAS Score on Validation Data (Training Time 1.068501):  0.9365653172896603
Epoch 65: 
BAS Score on Validation Data (Training Time 1.066432):  0.9369312155699384
Epoch 66: 
BAS Score on Validation Data (Training Time 1.069285):  0.9355689914888449
Epoch 67: 
BAS Score on Validation Data (Training Time 1.066800):  0.9389648284369766
Epoch 68: 
BAS Score on Validation Data (Training Time 1.067275):  0.9407803476341506
Epoch 69: 
BAS Score on Validation Data (Training Time 1.067313):  0.9404411387882057
Epoch 70: 
BAS Score on Validation Data (Training Time 1.072134):  0.9403865656160567
Epoch 71: 
BAS Score on Validation Data (Training Time 1.067084):  0.9408313200290714
Epoch 72: 
BAS Score on Validation Data (Training Time 1.067068):  0.9374546713339589
Epoch 73: 
BAS Score on Validation Data (Training Time 1.071896):  0.9343099671716929
Epoch 74: 
BAS Score on Validation Data (Training Time 1.070234):  0.9423720420334517
Epoch 75: 
BAS Score on Validation Data (Training Time 1.078333):  0.9428680007273518
Epoch 76: 
BAS Score on Validation Data (Training Time 1.074067):  0.9424314695237648
Epoch 77: 
BAS Score on Validation Data (Training Time 1.070685):  0.9390718858011672
Epoch 78: 
BAS Score on Validation Data (Training Time 1.067352):  0.9424517058019758
Epoch 79: 
BAS Score on Validation Data (Training Time 1.068325):  0.9430534847527469
Epoch 80: 
BAS Score on Validation Data (Training Time 1.067222):  0.9430509498674908
Epoch 81: 
BAS Score on Validation Data (Training Time 1.073782):  0.943621459755566
Epoch 82: 
BAS Score on Validation Data (Training Time 1.068070):  0.9376108275653108
Epoch 83: 
BAS Score on Validation Data (Training Time 1.066851):  0.9437948451045041
Epoch 84: 
BAS Score on Validation Data (Training Time 1.071662):  0.9407305695427124
Epoch 85: 
BAS Score on Validation Data (Training Time 1.067884):  0.9423892532842576
Epoch 86: 
BAS Score on Validation Data (Training Time 1.069212):  0.9407522320103704
Epoch 87: 
BAS Score on Validation Data (Training Time 1.066921):  0.9425791885265049
Epoch 88: 
BAS Score on Validation Data (Training Time 1.069997):  0.9413699423007911
Epoch 89: 
BAS Score on Validation Data (Training Time 1.092328):  0.9422515026071941
Epoch 90: 
BAS Score on Validation Data (Training Time 1.067752):  0.9461728221956728
Epoch 91: 
BAS Score on Validation Data (Training Time 1.066726):  0.9399363204644381
Epoch 92: 
BAS Score on Validation Data (Training Time 1.073474):  0.9408389246848395
Epoch 93: 
BAS Score on Validation Data (Training Time 1.067772):  0.9440115553887581
Epoch 94: 
BAS Score on Validation Data (Training Time 1.070831):  0.946493350797528
Epoch 95: 
BAS Score on Validation Data (Training Time 1.068858):  0.945956602053568
Epoch 96: 
BAS Score on Validation Data (Training Time 1.067232):  0.9458557659595352
Epoch 97: 
BAS Score on Validation Data (Training Time 1.069726):  0.9441078118544283
Epoch 98: 
BAS Score on Validation Data (Training Time 1.066559):  0.94578121476536
Epoch 99: 
BAS Score on Validation Data (Training Time 1.069986):  0.9437037012131828
Epoch 100: 
BAS Score on Validation Data (Training Time 1.067178):  0.9472589513060362
Epoch 101: 
BAS Score on Validation Data (Training Time 1.067260):  0.9384993739738223
Epoch 102: 
BAS Score on Validation Data (Training Time 1.067693):  0.94509274314012
Epoch 103: 
BAS Score on Validation Data (Training Time 1.072595):  0.9432440813524906
Epoch 104: 
BAS Score on Validation Data (Training Time 1.067456):  0.9466647342071962
Epoch 105: 
BAS Score on Validation Data (Training Time 1.070910):  0.946643114543375
Epoch 106: 
BAS Score on Validation Data (Training Time 1.067782):  0.9459424586340042
Epoch 107: 
BAS Score on Validation Data (Training Time 1.067031):  0.9435951306187075
Epoch 108: 
BAS Score on Validation Data (Training Time 1.069767):  0.9408032044052913
Epoch 109: 
BAS Score on Validation Data (Training Time 1.066644):  0.9472690480432232
Epoch 110: 
BAS Score on Validation Data (Training Time 1.072020):  0.9489928047954163
Epoch 111: 
BAS Score on Validation Data (Training Time 1.067135):  0.9460412499849302
Epoch 112: 
BAS Score on Validation Data (Training Time 1.067400):  0.9501339101792402
Epoch 113: 
BAS Score on Validation Data (Training Time 1.068110):  0.9465735475120381
Epoch 114: 
BAS Score on Validation Data (Training Time 1.072965):  0.9486702314504543
Epoch 115: 
BAS Score on Validation Data (Training Time 1.068549):  0.9481117774349993
Epoch 116: 
BAS Score on Validation Data (Training Time 1.071979):  0.9489303094738614
Epoch 117: 
BAS Score on Validation Data (Training Time 1.067286):  0.9413737142933666
Epoch 118: 
BAS Score on Validation Data (Training Time 1.068502):  0.9466360000297563
Epoch 119: 
BAS Score on Validation Data (Training Time 1.068953):  0.945044881380278
Epoch 120: 
BAS Score on Validation Data (Training Time 1.067347):  0.9452227179460683
Epoch 121: 
BAS Score on Validation Data (Training Time 1.069621):  0.9360438634649099
Epoch 122: 
BAS Score on Validation Data (Training Time 1.068063):  0.9461165053404388
Epoch 123: 
BAS Score on Validation Data (Training Time 1.067195):  0.9431720222397347
Epoch 124: 
BAS Score on Validation Data (Training Time 1.067428):  0.9474666307450753
Epoch 125: 
BAS Score on Validation Data (Training Time 1.072678):  0.9480492821134443
Epoch 126: 
BAS Score on Validation Data (Training Time 1.067002):  0.9501702062086114
Epoch 127: 
BAS Score on Validation Data (Training Time 1.072970):  0.939029136615674
Epoch 128: 
BAS Score on Validation Data (Training Time 1.067706):  0.9471874251392661
Epoch 129: 
BAS Score on Validation Data (Training Time 1.067181):  0.9476087898351543
Epoch 130: 
BAS Score on Validation Data (Training Time 1.068610):  0.9501893337910134
Epoch 131: 
BAS Score on Validation Data (Training Time 1.066855):  0.9472186513981252
Epoch 132: 
BAS Score on Validation Data (Training Time 1.069627):  0.9508586778338515
Epoch 133: 
BAS Score on Validation Data (Training Time 1.066629):  0.9513324411141072
Epoch 134: 
BAS Score on Validation Data (Training Time 1.067432):  0.9476208885116112
Epoch 135: 
BAS Score on Validation Data (Training Time 1.068288):  0.945964739655322
Epoch 136: 
BAS Score on Validation Data (Training Time 1.073456):  0.9453820882869529
Epoch 137: 
BAS Score on Validation Data (Training Time 1.067134):  0.9526117017094705
Epoch 138: 
BAS Score on Validation Data (Training Time 1.072181):  0.943785857063126
Epoch 139: 
BAS Score on Validation Data (Training Time 1.068373):  0.9403531055319635
Epoch 140: 
BAS Score on Validation Data (Training Time 1.068919):  0.9525033465673434
Epoch 141: 
BAS Score on Validation Data (Training Time 1.067825):  0.9501293733547144
Epoch 142: 
BAS Score on Validation Data (Training Time 1.067198):  0.9487766274571482
Epoch 143: 
BAS Score on Validation Data (Training Time 1.070601):  0.9516631520608233
Epoch 144: 
BAS Score on Validation Data (Training Time 1.067806):  0.9502020082172934
Epoch 145: 
BAS Score on Validation Data (Training Time 1.067342):  0.9481576372555715
Epoch 146: 
BAS Score on Validation Data (Training Time 1.066613):  0.9487307248327393
Epoch 147: 
BAS Score on Validation Data (Training Time 1.073628):  0.9470815620785583
Epoch 148: 
BAS Score on Validation Data (Training Time 1.067240):  0.9511818269286363
Epoch 149: 
BAS Score on Validation Data (Training Time 1.073084):  0.9470458846028471
High Quality
0.9606122001429486 0.9693811905311547 0.9794270162308466 0.9606122001429486 0.9631294774983151
              precision    recall  f1-score   support

           0       0.99      0.99      0.99     19588
           1       0.98      1.00      0.99      5531
           2       0.97      0.89      0.93      3100

    accuracy                           0.98     28219
   macro avg       0.98      0.96      0.97     28219
weighted avg       0.98      0.98      0.98     28219

Low Quality
0.6861397133050676 0.632496786806612 0.7691219246586138 0.6861397133050676 0.4848465355494734
              precision    recall  f1-score   support

           0       0.98      0.83      0.90       635
           1       0.33      0.88      0.48        65
           2       1.00      0.35      0.52        20

    accuracy                           0.82       720
   macro avg       0.77      0.69      0.63       720
weighted avg       0.92      0.82      0.85       720

Emb Dim: 128
Transformer-FNET-128
=====================================================================================================================================================================
Layer (type:depth-idx)                   Input Shape               Output Shape              Kernel Shape              Param #                   Mult-Adds
=====================================================================================================================================================================
TransfomerBlock                          [2, 21, 495]              [2, 3]                    --                        --                        --
├─MakePatches: 1-1                       [2, 21, 495]              [2, 165, 63]              --                        --                        --
│    └─Unfold: 2-1                       [2, 1, 21, 495]           [2, 63, 165]              [21, 3]                   --                        --
├─Linear: 1-2                            [2, 165, 63]              [2, 165, 128]             --                        8,192                     16,384
├─PositionalEncoding: 1-3                [2, 165, 128]             [2, 165, 128]             --                        --                        --
├─FNET: 1-4                              [2, 165, 128]             [2, 165, 128]             --                        --                        --
│    └─LayerNorm: 2-2                    [2, 165, 128]             [2, 165, 128]             --                        256                       512
│    └─Sequential: 2-3                   [2, 165, 128]             [2, 165, 128]             --                        --                        --
│    │    └─Linear: 3-1                  [2, 165, 128]             [2, 165, 128]             --                        16,512                    33,024
│    │    └─ReLU: 3-2                    [2, 165, 128]             [2, 165, 128]             --                        --                        --
│    │    └─Dropout: 3-3                 [2, 165, 128]             [2, 165, 128]             --                        --                        --
│    │    └─Linear: 3-4                  [2, 165, 128]             [2, 165, 128]             --                        16,512                    33,024
│    └─LayerNorm: 2-4                    [2, 165, 128]             [2, 165, 128]             --                        256                       512
├─Sequential: 1-5                        [2, 128]                  [2, 3]                    --                        --                        --
│    └─Linear: 2-5                       [2, 128]                  [2, 64]                   --                        8,256                     16,512
│    └─ReLU: 2-6                         [2, 64]                   [2, 64]                   --                        --                        --
│    └─Linear: 2-7                       [2, 64]                   [2, 32]                   --                        2,080                     4,160
│    └─ReLU: 2-8                         [2, 32]                   [2, 32]                   --                        --                        --
│    └─Linear: 2-9                       [2, 32]                   [2, 3]                    --                        99                        198
=====================================================================================================================================================================
Total params: 52,163
Trainable params: 52,163
Non-trainable params: 0
Total mult-adds (Units.MEGABYTES): 0.10
=====================================================================================================================================================================
Input size (MB): 0.08
Forward/backward pass size (MB): 1.69
Params size (MB): 0.21
Estimated Total Size (MB): 1.98
=====================================================================================================================================================================
Total Trainable Parameters:  52163
Total Parameters:  52163
Epoch 0: 
BAS Score on Validation Data (Training Time 1.227155):  0.34405020371826883
Epoch 1: 
BAS Score on Validation Data (Training Time 1.207129):  0.3333333333333333
Epoch 2: 
BAS Score on Validation Data (Training Time 1.206586):  0.5456579674231578
Epoch 3: 
BAS Score on Validation Data (Training Time 1.208276):  0.5639337538546599
Epoch 4: 
BAS Score on Validation Data (Training Time 1.207924):  0.6152844609328646
Epoch 5: 
BAS Score on Validation Data (Training Time 1.207796):  0.6160066937022197
Epoch 6: 
BAS Score on Validation Data (Training Time 1.207588):  0.6703458029107691
Epoch 7: 
BAS Score on Validation Data (Training Time 1.208949):  0.7652904981847418
Epoch 8: 
BAS Score on Validation Data (Training Time 1.207526):  0.8116519043399294
Epoch 9: 
BAS Score on Validation Data (Training Time 1.207493):  0.8131883712798613
Epoch 10: 
BAS Score on Validation Data (Training Time 1.207695):  0.853169107604189
Epoch 11: 
BAS Score on Validation Data (Training Time 1.207553):  0.8183582153469935
Epoch 12: 
BAS Score on Validation Data (Training Time 1.207527):  0.9022837746364004
Epoch 13: 
BAS Score on Validation Data (Training Time 1.209096):  0.9128713993137777
Epoch 14: 
BAS Score on Validation Data (Training Time 1.207816):  0.9109779435975485
Epoch 15: 
BAS Score on Validation Data (Training Time 1.211858):  0.9203839475308428
Epoch 16: 
BAS Score on Validation Data (Training Time 1.226094):  0.919385534183084
Epoch 17: 
BAS Score on Validation Data (Training Time 1.208229):  0.9214847102029191
Epoch 18: 
BAS Score on Validation Data (Training Time 1.207940):  0.921237349409629
Epoch 19: 
BAS Score on Validation Data (Training Time 1.207441):  0.9223522555012691
Epoch 20: 
BAS Score on Validation Data (Training Time 1.208443):  0.9265087087950704
Epoch 21: 
BAS Score on Validation Data (Training Time 1.208451):  0.9116006201840273
Epoch 22: 
BAS Score on Validation Data (Training Time 1.208468):  0.9082615474294421
Epoch 23: 
BAS Score on Validation Data (Training Time 1.207750):  0.9276922458707496
Epoch 24: 
BAS Score on Validation Data (Training Time 1.209526):  0.9147426859865835
Epoch 25: 
BAS Score on Validation Data (Training Time 1.208644):  0.9297073069052088
Epoch 26: 
BAS Score on Validation Data (Training Time 1.215537):  0.919444601375922
Epoch 27: 
BAS Score on Validation Data (Training Time 1.209630):  0.9302440556491689
Epoch 28: 
BAS Score on Validation Data (Training Time 1.214285):  0.9305691638793868
Epoch 29: 
BAS Score on Validation Data (Training Time 1.209503):  0.9288096868476456
Epoch 30: 
BAS Score on Validation Data (Training Time 1.211791):  0.9278132754391567
Epoch 31: 
BAS Score on Validation Data (Training Time 1.209640):  0.9282996275380189
Epoch 32: 
BAS Score on Validation Data (Training Time 1.212514):  0.9328105417931379
Epoch 33: 
BAS Score on Validation Data (Training Time 1.208735):  0.9289039841778827
Epoch 34: 
BAS Score on Validation Data (Training Time 1.209700):  0.9285552115407368
Epoch 35: 
BAS Score on Validation Data (Training Time 1.208784):  0.9321588563394183
Epoch 36: 
BAS Score on Validation Data (Training Time 1.213824):  0.9349183883607134
Epoch 37: 
BAS Score on Validation Data (Training Time 1.210190):  0.9363604046218413
Epoch 38: 
BAS Score on Validation Data (Training Time 1.217591):  0.9346633801078182
Epoch 39: 
BAS Score on Validation Data (Training Time 1.210174):  0.936408884935343
Epoch 40: 
BAS Score on Validation Data (Training Time 1.212350):  0.9371456656587376
Epoch 41: 
BAS Score on Validation Data (Training Time 1.209319):  0.9385020979412055
Epoch 42: 
BAS Score on Validation Data (Training Time 1.212285):  0.9373184752578526
Epoch 43: 
BAS Score on Validation Data (Training Time 1.209634):  0.9347376566121927
Epoch 44: 
BAS Score on Validation Data (Training Time 1.209501):  0.9397258921209589
Epoch 45: 
BAS Score on Validation Data (Training Time 1.214342):  0.9373285719950397
Epoch 46: 
BAS Score on Validation Data (Training Time 1.210329):  0.9351979970678341
Epoch 47: 
BAS Score on Validation Data (Training Time 1.214483):  0.9394326287032597
Epoch 48: 
BAS Score on Validation Data (Training Time 1.210383):  0.9431894225726679
Epoch 49: 
BAS Score on Validation Data (Training Time 1.228260):  0.9429164382370168
Epoch 50: 
BAS Score on Validation Data (Training Time 1.213953):  0.9404583072351747
Epoch 51: 
BAS Score on Validation Data (Training Time 1.212135):  0.9391801553356207
Epoch 52: 
BAS Score on Validation Data (Training Time 1.210030):  0.9457499457026642
Epoch 53: 
BAS Score on Validation Data (Training Time 1.210441):  0.9429138177440871
Epoch 54: 
BAS Score on Validation Data (Training Time 1.209112):  0.9443456516603542
Epoch 55: 
BAS Score on Validation Data (Training Time 1.216950):  0.9463880634866432
Epoch 56: 
BAS Score on Validation Data (Training Time 1.209630):  0.945957177803391
Epoch 57: 
BAS Score on Validation Data (Training Time 1.215024):  0.9462695259996553
Epoch 58: 
BAS Score on Validation Data (Training Time 1.209620):  0.9425121991842609
Epoch 59: 
BAS Score on Validation Data (Training Time 1.212929):  0.943345639474637
Epoch 60: 
BAS Score on Validation Data (Training Time 1.209941):  0.944445912004564
Epoch 61: 
BAS Score on Validation Data (Training Time 1.212293):  0.9477025542194051
Epoch 62: 
BAS Score on Validation Data (Training Time 1.209343):  0.9404111068328294
Epoch 63: 
BAS Score on Validation Data (Training Time 1.209326):  0.9414820266316569
Epoch 64: 
BAS Score on Validation Data (Training Time 1.214227):  0.9426881194184548
Epoch 65: 
BAS Score on Validation Data (Training Time 1.212690):  0.943311560836884
Epoch 66: 
BAS Score on Validation Data (Training Time 1.215048):  0.9478230080379891
Epoch 67: 
BAS Score on Validation Data (Training Time 1.210237):  0.9474787294215323
Epoch 68: 
BAS Score on Validation Data (Training Time 1.211183):  0.9468603577736152
Epoch 69: 
BAS Score on Validation Data (Training Time 1.210589):  0.9436097213765837
Epoch 70: 
BAS Score on Validation Data (Training Time 1.212202):  0.94466492528811
Epoch 71: 
BAS Score on Validation Data (Training Time 1.209770):  0.9489908028561463
Epoch 72: 
BAS Score on Validation Data (Training Time 1.209793):  0.9490819895513045
Epoch 73: 
BAS Score on Validation Data (Training Time 1.209116):  0.9484514764230935
Epoch 74: 
BAS Score on Validation Data (Training Time 1.216975):  0.9456663636632742
Epoch 75: 
BAS Score on Validation Data (Training Time 1.209953):  0.9492407413385294
Epoch 76: 
BAS Score on Validation Data (Training Time 1.215329):  0.9506540234222175
Epoch 77: 
BAS Score on Validation Data (Training Time 1.210080):  0.9493088821804193
Epoch 78: 
BAS Score on Validation Data (Training Time 1.212895):  0.9491424829335896
Epoch 79: 
BAS Score on Validation Data (Training Time 1.209386):  0.9526086338782283
Epoch 80: 
BAS Score on Validation Data (Training Time 1.213419):  0.9494293359990035
Epoch 81: 
BAS Score on Validation Data (Training Time 1.212380):  0.9501726982900305
Epoch 82: 
BAS Score on Validation Data (Training Time 1.212150):  0.9502331916723156
Epoch 83: 
BAS Score on Validation Data (Training Time 1.209840):  0.9406807650810532
Epoch 84: 
BAS Score on Validation Data (Training Time 1.215013):  0.944412409116634
Epoch 85: 
BAS Score on Validation Data (Training Time 1.214183):  0.9505557650172776
Epoch 86: 
BAS Score on Validation Data (Training Time 1.212028):  0.9519397799775396
Epoch 87: 
BAS Score on Validation Data (Training Time 1.212284):  0.9516707139127544
Epoch 88: 
BAS Score on Validation Data (Training Time 1.209575):  0.9504544387810956
Epoch 89: 
BAS Score on Validation Data (Training Time 1.212153):  0.9478668659192914
Epoch 90: 
BAS Score on Validation Data (Training Time 1.209614):  0.9409106399337368
Epoch 91: 
BAS Score on Validation Data (Training Time 1.210493):  0.9528838356054976
Epoch 92: 
BAS Score on Validation Data (Training Time 1.209966):  0.9510612875023786
Epoch 93: 
BAS Score on Validation Data (Training Time 1.215423):  0.9542698525050294
Epoch 94: 
BAS Score on Validation Data (Training Time 1.209946):  0.9522643552617716
Epoch 95: 
BAS Score on Validation Data (Training Time 1.215227):  0.9524987669389806
Epoch 96: 
BAS Score on Validation Data (Training Time 1.212681):  0.9521666298028176
Epoch 97: 
BAS Score on Validation Data (Training Time 1.212482):  0.9401586334651904
Epoch 98: 
BAS Score on Validation Data (Training Time 1.211092):  0.9545113358920206
Epoch 99: 
BAS Score on Validation Data (Training Time 1.212383):  0.9546796514704466
Epoch 100: 
BAS Score on Validation Data (Training Time 1.210408):  0.9519549464852387
Epoch 101: 
BAS Score on Validation Data (Training Time 1.210927):  0.9524388065026818
Epoch 102: 
BAS Score on Validation Data (Training Time 1.219899):  0.9543202491501274
Epoch 103: 
BAS Score on Validation Data (Training Time 1.226549):  0.9379555107162435
Epoch 104: 
BAS Score on Validation Data (Training Time 1.213032):  0.9531228269110695
Epoch 105: 
BAS Score on Validation Data (Training Time 1.212955):  0.9547018468840909
Epoch 106: 
BAS Score on Validation Data (Training Time 1.210987):  0.9538979912107787
Epoch 107: 
BAS Score on Validation Data (Training Time 1.209847):  0.9574774814603827
Epoch 108: 
BAS Score on Validation Data (Training Time 1.212384):  0.9542976506351718
Epoch 109: 
BAS Score on Validation Data (Training Time 1.210324):  0.9431655262797758
Epoch 110: 
BAS Score on Validation Data (Training Time 1.210449):  0.9314966531804197
Epoch 111: 
BAS Score on Validation Data (Training Time 1.210388):  0.9526121918516197
Epoch 112: 
BAS Score on Validation Data (Training Time 1.215592):  0.9551933543611385
Epoch 113: 
BAS Score on Validation Data (Training Time 1.210371):  0.9353724318751283
Epoch 114: 
BAS Score on Validation Data (Training Time 1.214443):  0.9564518029284677
Epoch 115: 
BAS Score on Validation Data (Training Time 1.209674):  0.9504024432980391
Epoch 116: 
BAS Score on Validation Data (Training Time 1.211565):  0.9571937390300479
Epoch 117: 
BAS Score on Validation Data (Training Time 1.209479):  0.9556453695660627
Epoch 118: 
BAS Score on Validation Data (Training Time 1.213412):  0.9555471111611228
Epoch 119: 
BAS Score on Validation Data (Training Time 1.209342):  0.9524655387408517
Epoch 120: 
BAS Score on Validation Data (Training Time 1.210606):  0.9547527764751749
Epoch 121: 
BAS Score on Validation Data (Training Time 1.210012):  0.9585490626167067
Epoch 122: 
BAS Score on Validation Data (Training Time 1.216239):  0.9584477363805247
Epoch 123: 
BAS Score on Validation Data (Training Time 1.209690):  0.9560602811058286
Epoch 124: 
BAS Score on Validation Data (Training Time 1.215361):  0.9565122963107529
Epoch 125: 
BAS Score on Validation Data (Training Time 1.212072):  0.9580122710689097
Epoch 126: 
BAS Score on Validation Data (Training Time 1.210110):  0.9553042015846849
Epoch 127: 
BAS Score on Validation Data (Training Time 1.211934):  0.9567487099272318
Epoch 128: 
BAS Score on Validation Data (Training Time 1.210353):  0.9525599216787625
Epoch 129: 
BAS Score on Validation Data (Training Time 1.211604):  0.9556076473472448
Epoch 130: 
BAS Score on Validation Data (Training Time 1.210872):  0.9584840324098959
Epoch 131: 
BAS Score on Validation Data (Training Time 1.216250):  0.9463345134026294
Epoch 132: 
BAS Score on Validation Data (Training Time 1.209895):  0.9568016414575858
Epoch 133: 
BAS Score on Validation Data (Training Time 1.214622):  0.9582002899795609
Epoch 134: 
BAS Score on Validation Data (Training Time 1.209404):  0.9575335236258157
Epoch 135: 
BAS Score on Validation Data (Training Time 1.212043):  0.9570687483869378
Epoch 136: 
BAS Score on Validation Data (Training Time 1.210102):  0.9559291119963976
Epoch 137: 
BAS Score on Validation Data (Training Time 1.213593):  0.9580033258313686
Epoch 138: 
BAS Score on Validation Data (Training Time 1.210461):  0.9529519336435507
Epoch 139: 
BAS Score on Validation Data (Training Time 1.210092):  0.9596040082720477
Epoch 140: 
BAS Score on Validation Data (Training Time 1.209841):  0.9563445564821498
Epoch 141: 
BAS Score on Validation Data (Training Time 1.217224):  0.9560098844607308
Epoch 142: 
BAS Score on Validation Data (Training Time 1.210603):  0.9579771265391847
Epoch 143: 
BAS Score on Validation Data (Training Time 1.215068):  0.9516597667359433
Epoch 144: 
BAS Score on Validation Data (Training Time 1.210558):  0.9536652639792015
Epoch 145: 
BAS Score on Validation Data (Training Time 1.211979):  0.9590424864253508
Epoch 146: 
BAS Score on Validation Data (Training Time 1.211656):  0.9360392838365472
Epoch 147: 
BAS Score on Validation Data (Training Time 1.209643):  0.9584426666100128
Epoch 148: 
BAS Score on Validation Data (Training Time 1.210626):  0.9589467629056668
Epoch 149: 
BAS Score on Validation Data (Training Time 1.209584):  0.9502203281639082
High Quality
0.9617158596614366 0.9706750003226392 0.9809798702829435 0.9617158596614366 0.9646609106177019
              precision    recall  f1-score   support

           0       0.99      0.99      0.99     19588
           1       0.98      1.00      0.99      5531
           2       0.98      0.89      0.94      3100

    accuracy                           0.98     28219
   macro avg       0.98      0.96      0.97     28219
weighted avg       0.98      0.98      0.98     28219

Low Quality
0.6533212194629517 0.7352759693897758 0.9273662311778904 0.6533212194629517 0.7329302231353223
              precision    recall  f1-score   support

           0       0.95      1.00      0.97       635
           1       0.98      0.66      0.79        65
           2       0.86      0.30      0.44        20

    accuracy                           0.95       720
   macro avg       0.93      0.65      0.74       720
weighted avg       0.95      0.95      0.94       720

Emb Dim: 64
Transformer-MHA-64
=====================================================================================================================================================================
Layer (type:depth-idx)                   Input Shape               Output Shape              Kernel Shape              Param #                   Mult-Adds
=====================================================================================================================================================================
TransfomerBlock                          [2, 21, 495]              [2, 3]                    --                        --                        --
├─MakePatches: 1-1                       [2, 21, 495]              [2, 165, 63]              --                        --                        --
│    └─Unfold: 2-1                       [2, 1, 21, 495]           [2, 63, 165]              [21, 3]                   --                        --
├─Linear: 1-2                            [2, 165, 63]              [2, 165, 64]              --                        4,096                     8,192
├─PositionalEncoding: 1-3                [2, 165, 64]              [2, 165, 64]              --                        --                        --
├─TransformerEncoderLayer: 1-4           [2, 165, 64]              [2, 165, 64]              --                        --                        --
│    └─MultiheadAttention: 2-2           [2, 165, 64]              [2, 165, 64]              --                        16,640                    --
│    └─Dropout: 2-3                      [2, 165, 64]              [2, 165, 64]              --                        --                        --
│    └─LayerNorm: 2-4                    [2, 165, 64]              [2, 165, 64]              --                        128                       256
│    └─Linear: 2-5                       [2, 165, 64]              [2, 165, 2048]            --                        133,120                   266,240
│    └─Dropout: 2-6                      [2, 165, 2048]            [2, 165, 2048]            --                        --                        --
│    └─Linear: 2-7                       [2, 165, 2048]            [2, 165, 64]              --                        131,136                   262,272
│    └─Dropout: 2-8                      [2, 165, 64]              [2, 165, 64]              --                        --                        --
│    └─LayerNorm: 2-9                    [2, 165, 64]              [2, 165, 64]              --                        128                       256
├─Sequential: 1-5                        [2, 64]                   [2, 3]                    --                        --                        --
│    └─Linear: 2-10                      [2, 64]                   [2, 64]                   --                        4,160                     8,320
│    └─ReLU: 2-11                        [2, 64]                   [2, 64]                   --                        --                        --
│    └─Linear: 2-12                      [2, 64]                   [2, 32]                   --                        2,080                     4,160
│    └─ReLU: 2-13                        [2, 32]                   [2, 32]                   --                        --                        --
│    └─Linear: 2-14                      [2, 32]                   [2, 3]                    --                        99                        198
=====================================================================================================================================================================
Total params: 291,587
Trainable params: 291,587
Non-trainable params: 0
Total mult-adds (Units.MEGABYTES): 0.55
=====================================================================================================================================================================
Input size (MB): 0.08
Forward/backward pass size (MB): 6.08
Params size (MB): 1.10
Estimated Total Size (MB): 7.27
=====================================================================================================================================================================
Total Trainable Parameters:  291587
Total Parameters:  291587
Epoch 0: 
BAS Score on Validation Data (Training Time 1.564693):  0.3333333333333333
Epoch 1: 
BAS Score on Validation Data (Training Time 1.559187):  0.3333333333333333
Epoch 2: 
BAS Score on Validation Data (Training Time 1.560369):  0.6005420909112105
Epoch 3: 
BAS Score on Validation Data (Training Time 1.559124):  0.6148707436965813
Epoch 4: 
BAS Score on Validation Data (Training Time 1.559997):  0.619445709307377
Epoch 5: 
BAS Score on Validation Data (Training Time 1.559734):  0.7311322645952881
Epoch 6: 
BAS Score on Validation Data (Training Time 1.559496):  0.8040589190189492
Epoch 7: 
BAS Score on Validation Data (Training Time 1.558395):  0.8607211410231012
Epoch 8: 
BAS Score on Validation Data (Training Time 1.560041):  0.853833416176911
Epoch 9: 
BAS Score on Validation Data (Training Time 1.559007):  0.9007678078679769
Epoch 10: 
BAS Score on Validation Data (Training Time 1.559388):  0.9061003647970369
Epoch 11: 
BAS Score on Validation Data (Training Time 1.560940):  0.8927956576569999
Epoch 12: 
BAS Score on Validation Data (Training Time 1.559286):  0.9166660095131184
Epoch 13: 
BAS Score on Validation Data (Training Time 1.559142):  0.9207246517402924
Epoch 14: 
BAS Score on Validation Data (Training Time 1.561634):  0.9204137047964182
Epoch 15: 
BAS Score on Validation Data (Training Time 1.558656):  0.926649553673597
Epoch 16: 
BAS Score on Validation Data (Training Time 1.559161):  0.9133487718747025
Epoch 17: 
BAS Score on Validation Data (Training Time 1.558621):  0.9305413921194655
Epoch 18: 
BAS Score on Validation Data (Training Time 1.559304):  0.931575379468482
Epoch 19: 
BAS Score on Validation Data (Training Time 1.559236):  0.9104992568250713
Epoch 20: 
BAS Score on Validation Data (Training Time 1.561170):  0.9358081718765442
Epoch 21: 
BAS Score on Validation Data (Training Time 1.558835):  0.9329311503934533
Epoch 22: 
BAS Score on Validation Data (Training Time 1.560408):  0.9326501319305018
Epoch 23: 
BAS Score on Validation Data (Training Time 1.564409):  0.936028078403551
Epoch 24: 
BAS Score on Validation Data (Training Time 1.561297):  0.9357005815663676
Epoch 25: 
BAS Score on Validation Data (Training Time 1.578180):  0.9066261320637898
Epoch 26: 
BAS Score on Validation Data (Training Time 1.562919):  0.9368825626079254
Epoch 27: 
BAS Score on Validation Data (Training Time 1.560045):  0.9321290134661693
Epoch 28: 
BAS Score on Validation Data (Training Time 1.562182):  0.9310837007760869
Epoch 29: 
BAS Score on Validation Data (Training Time 1.559236):  0.9372053335384555
Epoch 30: 
BAS Score on Validation Data (Training Time 1.560254):  0.9389102124609906
Epoch 31: 
BAS Score on Validation Data (Training Time 1.566482):  0.9399598136560187
Epoch 32: 
BAS Score on Validation Data (Training Time 1.559942):  0.9407828218487896
Epoch 33: 
BAS Score on Validation Data (Training Time 1.564831):  0.9387786223834681
Epoch 34: 
BAS Score on Validation Data (Training Time 1.561791):  0.9448740737204329
Epoch 35: 
BAS Score on Validation Data (Training Time 1.559388):  0.9436514310403256
Epoch 36: 
BAS Score on Validation Data (Training Time 1.561922):  0.9348486143804692
Epoch 37: 
BAS Score on Validation Data (Training Time 1.561696):  0.924776015308777
Epoch 38: 
BAS Score on Validation Data (Training Time 1.560748):  0.9449371447918108
Epoch 39: 
BAS Score on Validation Data (Training Time 1.566777):  0.9425684304318213
Epoch 40: 
BAS Score on Validation Data (Training Time 1.564549):  0.941049885974305
Epoch 41: 
BAS Score on Validation Data (Training Time 1.560306):  0.9384651405543378
Epoch 42: 
BAS Score on Validation Data (Training Time 1.561875):  0.9425664106257711
Epoch 43: 
BAS Score on Validation Data (Training Time 1.562144):  0.9495345805060516
Epoch 44: 
BAS Score on Validation Data (Training Time 1.560107):  0.939913850360993
Epoch 45: 
BAS Score on Validation Data (Training Time 1.562166):  0.9430935527746934
Epoch 46: 
BAS Score on Validation Data (Training Time 1.565866):  0.9436707049010181
Epoch 47: 
BAS Score on Validation Data (Training Time 1.562104):  0.9492145420463456
Epoch 48: 
BAS Score on Validation Data (Training Time 1.565559):  0.9443117870417854
Epoch 49: 
BAS Score on Validation Data (Training Time 1.562794):  0.9471402247369208
Epoch 50: 
BAS Score on Validation Data (Training Time 1.562438):  0.9497780658323126
Epoch 51: 
BAS Score on Validation Data (Training Time 1.562416):  0.9510249914730076
Epoch 52: 
BAS Score on Validation Data (Training Time 1.560705):  0.9399335964970547
Epoch 53: 
BAS Score on Validation Data (Training Time 1.561229):  0.9541403678412305
Epoch 54: 
BAS Score on Validation Data (Training Time 1.567773):  0.9452557998659067
Epoch 55: 
BAS Score on Validation Data (Training Time 1.561866):  0.9532618325622327
Epoch 56: 
BAS Score on Validation Data (Training Time 1.567486):  0.9459583293030368
Epoch 57: 
BAS Score on Validation Data (Training Time 1.562835):  0.9414457555393424
Epoch 58: 
BAS Score on Validation Data (Training Time 1.563823):  0.9452659822107674
Epoch 59: 
BAS Score on Validation Data (Training Time 1.562289):  0.9352992461997832
Epoch 60: 
BAS Score on Validation Data (Training Time 1.561554):  0.9490468450215793
Epoch 61: 
BAS Score on Validation Data (Training Time 1.561138):  0.9438119100770193
Epoch 62: 
BAS Score on Validation Data (Training Time 1.568557):  0.9509968758492274
Epoch 63: 
BAS Score on Validation Data (Training Time 1.565264):  0.8998135605318188
Epoch 64: 
BAS Score on Validation Data (Training Time 1.561232):  0.9446113145334792
Epoch 65: 
BAS Score on Validation Data (Training Time 1.563756):  0.9281557497019118
Epoch 66: 
BAS Score on Validation Data (Training Time 1.564003):  0.9405137129801678
Epoch 67: 
BAS Score on Validation Data (Training Time 1.561738):  0.9442791773973163
Epoch 68: 
BAS Score on Validation Data (Training Time 1.562070):  0.9483036111420627
Epoch 69: 
BAS Score on Validation Data (Training Time 1.565696):  0.9300451159319275
Epoch 70: 
BAS Score on Validation Data (Training Time 1.563692):  0.9557647574926745
Epoch 71: 
BAS Score on Validation Data (Training Time 1.567683):  0.9445271567442662
Epoch 72: 
BAS Score on Validation Data (Training Time 1.561814):  0.9472013794767026
Epoch 73: 
BAS Score on Validation Data (Training Time 1.563440):  0.9411760281170608
Epoch 74: 
BAS Score on Validation Data (Training Time 1.563346):  0.9544831774644037
Epoch 75: 
BAS Score on Validation Data (Training Time 1.563006):  0.9577854212436318
Epoch 76: 
BAS Score on Validation Data (Training Time 1.560420):  0.942174888803132
Epoch 77: 
BAS Score on Validation Data (Training Time 1.567398):  0.956606017891167
Epoch 78: 
BAS Score on Validation Data (Training Time 1.561433):  0.949355403358488
Epoch 79: 
BAS Score on Validation Data (Training Time 1.566284):  0.9487446791701757
Epoch 80: 
BAS Score on Validation Data (Training Time 1.563520):  0.9480204872653876
Epoch 81: 
BAS Score on Validation Data (Training Time 1.561665):  0.8968753593718896
Epoch 82: 
BAS Score on Validation Data (Training Time 1.564013):  0.9322386320858366
Epoch 83: 
BAS Score on Validation Data (Training Time 1.561937):  0.9468335220609915
Epoch 84: 
BAS Score on Validation Data (Training Time 1.562037):  0.940234421766685
Epoch 85: 
BAS Score on Validation Data (Training Time 1.567173):  0.9449626220558812
Epoch 86: 
BAS Score on Validation Data (Training Time 1.565121):  0.9582890273971364
Epoch 87: 
BAS Score on Validation Data (Training Time 1.562406):  0.943215243700597
Epoch 88: 
BAS Score on Validation Data (Training Time 1.563624):  0.9562815282146087
Epoch 89: 
BAS Score on Validation Data (Training Time 1.562528):  0.9505665659157981
Epoch 90: 
BAS Score on Validation Data (Training Time 1.561337):  0.9420499409638591
Epoch 91: 
BAS Score on Validation Data (Training Time 1.580510):  0.9584355949002309
Epoch 92: 
BAS Score on Validation Data (Training Time 1.571529):  0.9468864535913454
Epoch 93: 
BAS Score on Validation Data (Training Time 1.561537):  0.9500157593599479
Epoch 94: 
BAS Score on Validation Data (Training Time 1.567136):  0.941640674944428
Epoch 95: 
BAS Score on Validation Data (Training Time 1.562536):  0.9500004644407384
Epoch 96: 
BAS Score on Validation Data (Training Time 1.563154):  0.9587022116874336
Epoch 97: 
BAS Score on Validation Data (Training Time 1.563166):  0.9458875072976003
Epoch 98: 
BAS Score on Validation Data (Training Time 1.560255):  0.9158811972476988
Epoch 99: 
BAS Score on Validation Data (Training Time 1.561926):  0.9520808303718095
Epoch 100: 
BAS Score on Validation Data (Training Time 1.567186):  0.9587153762558628
Epoch 101: 
BAS Score on Validation Data (Training Time 1.561139):  0.9545169814123556
Epoch 102: 
BAS Score on Validation Data (Training Time 1.566239):  0.9586791230303287
Epoch 103: 
BAS Score on Validation Data (Training Time 1.562907):  0.9317452510810296
Epoch 104: 
BAS Score on Validation Data (Training Time 1.560695):  0.9559786582018717
Epoch 105: 
BAS Score on Validation Data (Training Time 1.564197):  0.9598075539878727
Epoch 106: 
BAS Score on Validation Data (Training Time 1.561060):  0.9448695190291269
Epoch 107: 
BAS Score on Validation Data (Training Time 1.560934):  0.9583267068121177
Epoch 108: 
BAS Score on Validation Data (Training Time 1.569038):  0.9499896028716007
Epoch 109: 
BAS Score on Validation Data (Training Time 1.565737):  0.9600051366897248
Epoch 110: 
BAS Score on Validation Data (Training Time 1.561238):  0.9334421471835421
Epoch 111: 
BAS Score on Validation Data (Training Time 1.563392):  0.9470553449195944
Epoch 112: 
BAS Score on Validation Data (Training Time 1.563361):  0.9535594865261672
Epoch 113: 
BAS Score on Validation Data (Training Time 1.561134):  0.9375449041150391
Epoch 114: 
BAS Score on Validation Data (Training Time 1.561604):  0.958900860281258
Epoch 115: 
BAS Score on Validation Data (Training Time 1.565860):  0.949293483786756
Epoch 116: 
BAS Score on Validation Data (Training Time 1.563470):  0.9606220821481949
Epoch 117: 
BAS Score on Validation Data (Training Time 1.566946):  0.9534778208183733
Epoch 118: 
BAS Score on Validation Data (Training Time 1.561743):  0.9543830455317043
Epoch 119: 
BAS Score on Validation Data (Training Time 1.563386):  0.9485571932055108
Epoch 120: 
BAS Score on Validation Data (Training Time 1.563434):  0.9431017759841213
Epoch 121: 
BAS Score on Validation Data (Training Time 1.563521):  0.9537843936496282
Epoch 122: 
BAS Score on Validation Data (Training Time 1.560861):  0.9517184293943058
Epoch 123: 
BAS Score on Validation Data (Training Time 1.566951):  0.9422398762061063
Epoch 124: 
BAS Score on Validation Data (Training Time 1.560945):  0.9578923501963118
Epoch 125: 
BAS Score on Validation Data (Training Time 1.566721):  0.960318636385635
Epoch 126: 
BAS Score on Validation Data (Training Time 1.562772):  0.9564943630318335
Epoch 127: 
BAS Score on Validation Data (Training Time 1.562398):  0.9557599887821845
Epoch 128: 
BAS Score on Validation Data (Training Time 1.563103):  0.9588096735860999
Epoch 129: 
BAS Score on Validation Data (Training Time 1.562169):  0.932456089335261
Epoch 130: 
BAS Score on Validation Data (Training Time 1.562218):  0.9608236687285867
Epoch 131: 
BAS Score on Validation Data (Training Time 1.569438):  0.9585572858261345
Epoch 132: 
BAS Score on Validation Data (Training Time 1.566561):  0.9479050604134786
Epoch 133: 
BAS Score on Validation Data (Training Time 1.562933):  0.9613635281076257
Epoch 134: 
BAS Score on Validation Data (Training Time 1.563191):  0.9615732094859348
Epoch 135: 
BAS Score on Validation Data (Training Time 1.562963):  0.9588842675841119
Epoch 136: 
BAS Score on Validation Data (Training Time 1.560891):  0.9576214106037675
Epoch 137: 
BAS Score on Validation Data (Training Time 1.562675):  0.9614018260762668
Epoch 138: 
BAS Score on Validation Data (Training Time 1.565260):  0.961423978686074
Epoch 139: 
BAS Score on Validation Data (Training Time 1.563218):  0.9559142465487205
Epoch 140: 
BAS Score on Validation Data (Training Time 1.565575):  0.9473874392519206
Epoch 141: 
BAS Score on Validation Data (Training Time 1.560836):  0.9523705193825013
Epoch 142: 
BAS Score on Validation Data (Training Time 1.564557):  0.9510835685236964
Epoch 143: 
BAS Score on Validation Data (Training Time 1.563826):  0.961833244705505
Epoch 144: 
BAS Score on Validation Data (Training Time 1.561673):  0.9620959004180049
Epoch 145: 
BAS Score on Validation Data (Training Time 1.561652):  0.93732116492484
Epoch 146: 
BAS Score on Validation Data (Training Time 1.567154):  0.9607788747999869
Epoch 147: 
BAS Score on Validation Data (Training Time 1.561919):  0.9537042233053389
Epoch 148: 
BAS Score on Validation Data (Training Time 1.567545):  0.9508852637937308
Epoch 149: 
BAS Score on Validation Data (Training Time 1.563780):  0.9480109662780233
High Quality
0.9608874241319754 0.968927300854776 0.9778911712941367 0.9608874241319754 0.9632582065558144
              precision    recall  f1-score   support

           0       0.99      0.99      0.99     19588
           1       0.98      0.99      0.98      5531
           2       0.97      0.90      0.93      3100

    accuracy                           0.98     28219
   macro avg       0.98      0.96      0.97     28219
weighted avg       0.98      0.98      0.98     28219

Low Quality
0.6548354532606501 0.687761941590248 0.7497075619416046 0.6548354532606501 0.6934915456854028
              precision    recall  f1-score   support

           0       0.96      1.00      0.98       635
           1       0.93      0.57      0.70        65
           2       0.36      0.40      0.38        20

    accuracy                           0.94       720
   macro avg       0.75      0.65      0.69       720
weighted avg       0.94      0.94      0.94       720

Emb Dim: 128
Transformer-MHA-128
=====================================================================================================================================================================
Layer (type:depth-idx)                   Input Shape               Output Shape              Kernel Shape              Param #                   Mult-Adds
=====================================================================================================================================================================
TransfomerBlock                          [2, 21, 495]              [2, 3]                    --                        --                        --
├─MakePatches: 1-1                       [2, 21, 495]              [2, 165, 63]              --                        --                        --
│    └─Unfold: 2-1                       [2, 1, 21, 495]           [2, 63, 165]              [21, 3]                   --                        --
├─Linear: 1-2                            [2, 165, 63]              [2, 165, 128]             --                        8,192                     16,384
├─PositionalEncoding: 1-3                [2, 165, 128]             [2, 165, 128]             --                        --                        --
├─TransformerEncoderLayer: 1-4           [2, 165, 128]             [2, 165, 128]             --                        --                        --
│    └─MultiheadAttention: 2-2           [2, 165, 128]             [2, 165, 128]             --                        66,048                    --
│    └─Dropout: 2-3                      [2, 165, 128]             [2, 165, 128]             --                        --                        --
│    └─LayerNorm: 2-4                    [2, 165, 128]             [2, 165, 128]             --                        256                       512
│    └─Linear: 2-5                       [2, 165, 128]             [2, 165, 2048]            --                        264,192                   528,384
│    └─Dropout: 2-6                      [2, 165, 2048]            [2, 165, 2048]            --                        --                        --
│    └─Linear: 2-7                       [2, 165, 2048]            [2, 165, 128]             --                        262,272                   524,544
│    └─Dropout: 2-8                      [2, 165, 128]             [2, 165, 128]             --                        --                        --
│    └─LayerNorm: 2-9                    [2, 165, 128]             [2, 165, 128]             --                        256                       512
├─Sequential: 1-5                        [2, 128]                  [2, 3]                    --                        --                        --
│    └─Linear: 2-10                      [2, 128]                  [2, 64]                   --                        8,256                     16,512
│    └─ReLU: 2-11                        [2, 64]                   [2, 64]                   --                        --                        --
│    └─Linear: 2-12                      [2, 64]                   [2, 32]                   --                        2,080                     4,160
│    └─ReLU: 2-13                        [2, 32]                   [2, 32]                   --                        --                        --
│    └─Linear: 2-14                      [2, 32]                   [2, 3]                    --                        99                        198
=====================================================================================================================================================================
Total params: 611,651
Trainable params: 611,651
Non-trainable params: 0
Total mult-adds (Units.MEGABYTES): 1.09
=====================================================================================================================================================================
Input size (MB): 0.08
Forward/backward pass size (MB): 6.76
Params size (MB): 2.18
Estimated Total Size (MB): 9.03
=====================================================================================================================================================================
Total Trainable Parameters:  611651
Total Parameters:  611651
Epoch 0: 
BAS Score on Validation Data (Training Time 1.729850):  0.3375411635565313
Epoch 1: 
BAS Score on Validation Data (Training Time 1.714380):  0.5991494411367685
Epoch 2: 
BAS Score on Validation Data (Training Time 1.712984):  0.6131069617262787
Epoch 3: 
BAS Score on Validation Data (Training Time 1.712370):  0.6825147491272953
Epoch 4: 
BAS Score on Validation Data (Training Time 1.711902):  0.7998469635759776
Epoch 5: 
BAS Score on Validation Data (Training Time 1.712594):  0.8962692848458961
Epoch 6: 
BAS Score on Validation Data (Training Time 1.713189):  0.7897500458101376
Epoch 7: 
BAS Score on Validation Data (Training Time 1.711735):  0.9074537043112061
Epoch 8: 
BAS Score on Validation Data (Training Time 1.721360):  0.9170443418302714
Epoch 9: 
BAS Score on Validation Data (Training Time 1.717135):  0.897623456932909
Epoch 10: 
BAS Score on Validation Data (Training Time 1.712631):  0.9029625968627658
Epoch 11: 
BAS Score on Validation Data (Training Time 1.714422):  0.9245763365565406
Epoch 12: 
BAS Score on Validation Data (Training Time 1.712249):  0.9282251191476805
Epoch 13: 
BAS Score on Validation Data (Training Time 1.712748):  0.9253155486907373
Epoch 14: 
BAS Score on Validation Data (Training Time 1.712326):  0.9335546524824995
Epoch 15: 
BAS Score on Validation Data (Training Time 1.712153):  0.9325840358317184
Epoch 16: 
BAS Score on Validation Data (Training Time 1.712585):  0.920018565762935
Epoch 17: 
BAS Score on Validation Data (Training Time 1.713663):  0.9229872462165533
Epoch 18: 
BAS Score on Validation Data (Training Time 1.712034):  0.7147074632060941
Epoch 19: 
BAS Score on Validation Data (Training Time 1.712630):  0.9390202520487497
Epoch 20: 
BAS Score on Validation Data (Training Time 1.713527):  0.9378729681986048
Epoch 21: 
BAS Score on Validation Data (Training Time 1.712010):  0.934852379302768
Epoch 22: 
BAS Score on Validation Data (Training Time 1.716092):  0.941770220278844
Epoch 23: 
BAS Score on Validation Data (Training Time 1.713492):  0.9267845554462205
Epoch 24: 
BAS Score on Validation Data (Training Time 1.718708):  0.9298119413620379
Epoch 25: 
BAS Score on Validation Data (Training Time 1.714407):  0.9315841356238957
Epoch 26: 
BAS Score on Validation Data (Training Time 1.718558):  0.940455153796259
Epoch 27: 
BAS Score on Validation Data (Training Time 1.714741):  0.9409616123286577
Epoch 28: 
BAS Score on Validation Data (Training Time 1.713431):  0.9437998720711792
Epoch 29: 
BAS Score on Validation Data (Training Time 1.716296):  0.9444889622500791
Epoch 30: 
BAS Score on Validation Data (Training Time 1.713746):  0.9436916274737825
Epoch 31: 
BAS Score on Validation Data (Training Time 1.719318):  0.9421902443929587
Epoch 32: 
BAS Score on Validation Data (Training Time 1.731247):  0.9335914207872396
Epoch 33: 
BAS Score on Validation Data (Training Time 1.718911):  0.9455796281849684
Epoch 34: 
BAS Score on Validation Data (Training Time 1.714934):  0.9482373010240953
Epoch 35: 
BAS Score on Validation Data (Training Time 1.714981):  0.927437925345572
Epoch 36: 
BAS Score on Validation Data (Training Time 1.713814):  0.9198348517908456
Epoch 37: 
BAS Score on Validation Data (Training Time 1.713397):  0.932067454191912
Epoch 38: 
BAS Score on Validation Data (Training Time 1.719166):  0.9452577161975029
Epoch 39: 
BAS Score on Validation Data (Training Time 1.723407):  0.945858661142266
Epoch 40: 
BAS Score on Validation Data (Training Time 1.720413):  0.9285675506065988
Epoch 41: 
BAS Score on Validation Data (Training Time 1.714774):  0.9382793639723618
Epoch 42: 
BAS Score on Validation Data (Training Time 1.715554):  0.9498627993713485
Epoch 43: 
BAS Score on Validation Data (Training Time 1.713674):  0.9493139947547681
Epoch 44: 
BAS Score on Validation Data (Training Time 1.713993):  0.9235092579243465
Epoch 45: 
BAS Score on Validation Data (Training Time 1.720367):  0.9351544666167747
Epoch 46: 
BAS Score on Validation Data (Training Time 1.713158):  0.947359469906431
Epoch 47: 
BAS Score on Validation Data (Training Time 1.718537):  0.9516248112883456
Epoch 48: 
BAS Score on Validation Data (Training Time 1.715406):  0.8727899765177577
Epoch 49: 
BAS Score on Validation Data (Training Time 1.716496):  0.9491023114371893
Epoch 50: 
BAS Score on Validation Data (Training Time 1.713180):  0.9339056589448793
Epoch 51: 
BAS Score on Validation Data (Training Time 1.714741):  0.9525239003391923
Epoch 52: 
BAS Score on Validation Data (Training Time 1.719506):  0.9522900216079693
Epoch 53: 
BAS Score on Validation Data (Training Time 1.715483):  0.9328472423569846
Epoch 54: 
BAS Score on Validation Data (Training Time 1.717110):  0.9545380681301907
Epoch 55: 
BAS Score on Validation Data (Training Time 1.716214):  0.9411881267935177
Epoch 56: 
BAS Score on Validation Data (Training Time 1.715439):  0.9372249512630068
Epoch 57: 
BAS Score on Validation Data (Training Time 1.713641):  0.9402076467246783
Epoch 58: 
BAS Score on Validation Data (Training Time 1.714883):  0.9432031450241402
Epoch 59: 
BAS Score on Validation Data (Training Time 1.720939):  0.9442237109817064
Epoch 60: 
BAS Score on Validation Data (Training Time 1.717625):  0.9526606721651215
Epoch 61: 
BAS Score on Validation Data (Training Time 1.715657):  0.9548784284757813
Epoch 62: 
BAS Score on Validation Data (Training Time 1.715545):  0.9515667921206995
Epoch 63: 
BAS Score on Validation Data (Training Time 1.715373):  0.9499896456754376
Epoch 64: 
BAS Score on Validation Data (Training Time 1.713615):  0.9479592469179322
Epoch 65: 
BAS Score on Validation Data (Training Time 1.715622):  0.9485592115783966
Epoch 66: 
BAS Score on Validation Data (Training Time 1.719673):  0.9538157925569987
Epoch 67: 
BAS Score on Validation Data (Training Time 1.720016):  0.9556747651009991
Epoch 68: 
BAS Score on Validation Data (Training Time 1.715662):  0.9420380906069822
Epoch 69: 
BAS Score on Validation Data (Training Time 1.716218):  0.9400922626766062
Epoch 70: 
BAS Score on Validation Data (Training Time 1.717337):  0.9552609194532055
Epoch 71: 
BAS Score on Validation Data (Training Time 1.714582):  0.9555047222731043
Epoch 72: 
BAS Score on Validation Data (Training Time 1.714813):  0.9567487527310687
Epoch 73: 
BAS Score on Validation Data (Training Time 1.721189):  0.9561387933747066
Epoch 74: 
BAS Score on Validation Data (Training Time 1.718805):  0.9446329770011372
Epoch 75: 
BAS Score on Validation Data (Training Time 1.715014):  0.9510566208331781
Epoch 76: 
BAS Score on Validation Data (Training Time 1.716215):  0.9574155618886507
Epoch 77: 
BAS Score on Validation Data (Training Time 1.716612):  0.9357499636267709
Epoch 78: 
BAS Score on Validation Data (Training Time 1.714320):  0.9557875286561416
Epoch 79: 
BAS Score on Validation Data (Training Time 1.714723):  0.9569151519778986
Epoch 80: 
BAS Score on Validation Data (Training Time 1.720030):  0.9445348470077078
Epoch 81: 
BAS Score on Validation Data (Training Time 1.734062):  0.9559710963499404
Epoch 82: 
BAS Score on Validation Data (Training Time 1.715105):  0.9264441344300126
Epoch 83: 
BAS Score on Validation Data (Training Time 1.717727):  0.9380043249569989
Epoch 84: 
BAS Score on Validation Data (Training Time 1.714754):  0.9562897514240364
Epoch 85: 
BAS Score on Validation Data (Training Time 1.713289):  0.9562885143167167
Epoch 86: 
BAS Score on Validation Data (Training Time 1.712058):  0.9356702142505733
Epoch 87: 
BAS Score on Validation Data (Training Time 1.719633):  0.9486050121615159
Epoch 88: 
BAS Score on Validation Data (Training Time 1.717942):  0.9498213729008484
Epoch 89: 
BAS Score on Validation Data (Training Time 1.713427):  0.9394217920711788
Epoch 90: 
BAS Score on Validation Data (Training Time 1.712346):  0.8395496053789121
Epoch 91: 
BAS Score on Validation Data (Training Time 1.714823):  0.9569190274449277
Epoch 92: 
BAS Score on Validation Data (Training Time 1.712041):  0.9554151772197415
Epoch 93: 
BAS Score on Validation Data (Training Time 1.711767):  0.9574366914103226
Epoch 94: 
BAS Score on Validation Data (Training Time 1.718491):  0.9500935924045494
Epoch 95: 
BAS Score on Validation Data (Training Time 1.717845):  0.9549765584692108
Epoch 96: 
BAS Score on Validation Data (Training Time 1.714709):  0.9574794833996526
Epoch 97: 
BAS Score on Validation Data (Training Time 1.712443):  0.9548572989541094
Epoch 98: 
BAS Score on Validation Data (Training Time 1.715563):  0.9526835289362623
Epoch 99: 
BAS Score on Validation Data (Training Time 1.713704):  0.9578031654404237
Epoch 100: 
BAS Score on Validation Data (Training Time 1.713084):  0.9575303701868999
Epoch 101: 
BAS Score on Validation Data (Training Time 1.718943):  0.9578574803563877
Epoch 102: 
BAS Score on Validation Data (Training Time 1.718597):  0.9566403547851049
Epoch 103: 
BAS Score on Validation Data (Training Time 1.716062):  0.8683299175202741
Epoch 104: 
BAS Score on Validation Data (Training Time 1.713078):  0.9552099042544479
Epoch 105: 
BAS Score on Validation Data (Training Time 1.715270):  0.957396391502412
Epoch 106: 
BAS Score on Validation Data (Training Time 1.714192):  0.9473371282144963
Epoch 107: 
BAS Score on Validation Data (Training Time 1.717081):  0.9550090646392263
Epoch 108: 
BAS Score on Validation Data (Training Time 1.716077):  0.9564070518037046
Epoch 109: 
BAS Score on Validation Data (Training Time 1.718007):  0.9464032549313989
Epoch 110: 
BAS Score on Validation Data (Training Time 1.713769):  0.9348873596874224
Epoch 111: 
BAS Score on Validation Data (Training Time 1.712200):  0.95550310700153
Epoch 112: 
BAS Score on Validation Data (Training Time 1.715794):  0.9581429072323546
Epoch 113: 
BAS Score on Validation Data (Training Time 1.713237):  0.945926423819901
Epoch 114: 
BAS Score on Validation Data (Training Time 1.719058):  0.9492827078252922
Epoch 115: 
BAS Score on Validation Data (Training Time 1.713871):  0.9452041910505459
Epoch 116: 
BAS Score on Validation Data (Training Time 1.717861):  0.953545428714277
Epoch 117: 
BAS Score on Validation Data (Training Time 1.714039):  0.9560920831145107
Epoch 118: 
BAS Score on Validation Data (Training Time 1.714311):  0.9551965506038912
Epoch 119: 
BAS Score on Validation Data (Training Time 1.720923):  0.9597869574121868
Epoch 120: 
BAS Score on Validation Data (Training Time 1.713270):  0.9577080604743996
Epoch 121: 
BAS Score on Validation Data (Training Time 1.717623):  0.9601062310399425
Epoch 122: 
BAS Score on Validation Data (Training Time 1.712134):  0.960865567474456
Epoch 123: 
BAS Score on Validation Data (Training Time 1.717123):  0.9547731411648965
Epoch 124: 
BAS Score on Validation Data (Training Time 1.714371):  0.9560398129416533
Epoch 125: 
BAS Score on Validation Data (Training Time 1.715076):  0.9584558739822788
Epoch 126: 
BAS Score on Validation Data (Training Time 1.711887):  0.9617452542530995
Epoch 127: 
BAS Score on Validation Data (Training Time 1.713582):  0.9599056661145221
Epoch 128: 
BAS Score on Validation Data (Training Time 1.740512):  0.9481868437083806
Epoch 129: 
BAS Score on Validation Data (Training Time 1.711831):  0.9593414381672215
Epoch 130: 
BAS Score on Validation Data (Training Time 1.716541):  0.9590315392485396
Epoch 131: 
BAS Score on Validation Data (Training Time 1.713786):  0.9456306683207827
Epoch 132: 
BAS Score on Validation Data (Training Time 1.714905):  0.9492158468945586
Epoch 133: 
BAS Score on Validation Data (Training Time 1.711797):  0.9612123809761687
Epoch 134: 
BAS Score on Validation Data (Training Time 1.713266):  0.9586630632791687
Epoch 135: 
BAS Score on Validation Data (Training Time 1.718923):  0.9606291538579769
Epoch 136: 
BAS Score on Validation Data (Training Time 1.716287):  0.9575467738019187
Epoch 137: 
BAS Score on Validation Data (Training Time 1.719634):  0.9607910162802806
Epoch 138: 
BAS Score on Validation Data (Training Time 1.716060):  0.9522896434437144
Epoch 139: 
BAS Score on Validation Data (Training Time 1.714586):  0.9599336105229549
Epoch 140: 
BAS Score on Validation Data (Training Time 1.713704):  0.9615394055379829
Epoch 141: 
BAS Score on Validation Data (Training Time 1.713321):  0.957302033501558
Epoch 142: 
BAS Score on Validation Data (Training Time 1.719872):  0.9540037936008696
Epoch 143: 
BAS Score on Validation Data (Training Time 1.717325):  0.9578292184543171
Epoch 144: 
BAS Score on Validation Data (Training Time 1.713200):  0.9571790019938811
Epoch 145: 
BAS Score on Validation Data (Training Time 1.715608):  0.947846989938555
Epoch 146: 
BAS Score on Validation Data (Training Time 1.714731):  0.9554527103564321
Epoch 147: 
BAS Score on Validation Data (Training Time 1.714289):  0.955770832484542
Epoch 148: 
BAS Score on Validation Data (Training Time 1.712254):  0.960827269505815
Epoch 149: 
BAS Score on Validation Data (Training Time 1.720275):  0.9465983027479951
High Quality
0.9623156079515017 0.9714278691998576 0.9817918564288073 0.9623156079515017 0.9651787005988827
              precision    recall  f1-score   support

           0       0.99      0.99      0.99     19588
           1       0.98      0.99      0.99      5531
           2       0.98      0.90      0.94      3100

    accuracy                           0.98     28219
   macro avg       0.98      0.96      0.97     28219
weighted avg       0.98      0.98      0.98     28219

Low Quality
0.7350797496466788 0.7845828922979065 0.8888599318107514 0.7350797496466788 0.8204406690090725
              precision    recall  f1-score   support

           0       0.97      0.99      0.98       635
           1       0.92      0.86      0.89        65
           2       0.78      0.35      0.48        20

    accuracy                           0.96       720
   macro avg       0.89      0.74      0.78       720
weighted avg       0.96      0.96      0.96       720


High Quality Post 2020
                          mean       std       sem  count
Model                                                    
Transformer-FNET-128  0.970888  0.000690  0.000218     10
Transformer-FNET-64   0.968902  0.001025  0.000324     10
Transformer-MHA-128   0.971494  0.004354  0.001377     10
Transformer-MHA-64    0.971142  0.001296  0.000410     10
                          mean       std       sem  count
Model                                                    
Transformer-FNET-128  0.962000  0.001239  0.000392     10
Transformer-FNET-64   0.962017  0.001446  0.000457     10
Transformer-MHA-128   0.967012  0.003813  0.001206     10
Transformer-MHA-64    0.963324  0.001903  0.000602     10
                          mean       std       sem  count
Model                                                    
Transformer-FNET-128  0.964819  0.000765  0.000242     10
Transformer-FNET-64   0.962440  0.001346  0.000426     10
Transformer-MHA-128   0.965128  0.005509  0.001742     10
Transformer-MHA-64    0.965253  0.001348  0.000426     10

Low Quality Post 2020
                          mean       std       sem  count
Model                                                    
Transformer-FNET-128  0.707367  0.100020  0.031629     10
Transformer-FNET-64   0.677411  0.101153  0.031987     10
Transformer-MHA-128   0.639198  0.118418  0.037447     10
Transformer-MHA-64    0.665485  0.096302  0.030453     10
                          mean       std       sem  count
Model                                                    
Transformer-FNET-128  0.657022  0.072641  0.022971     10
Transformer-FNET-64   0.674289  0.071493  0.022608     10
Transformer-MHA-128   0.662526  0.095413  0.030172     10
Transformer-MHA-64    0.673427  0.047244  0.014940     10
                          mean       std       sem  count
Model                                                    
Transformer-FNET-128  0.675114  0.155492  0.049171     10
Transformer-FNET-64   0.594412  0.162686  0.051446     10
Transformer-MHA-128   0.572291  0.169781  0.053689     10
Transformer-MHA-64    0.601701  0.171395  0.054200     10
Saving Results
