,Model,Balanced Accuracy,F1-Score (Macro),Precision (Macro),Recall (Macro),MCC
0,Baseline_no_gMLP,0.999848346982105,0.9713527046506335,0.9523809523809523,0.999848346982105,0.9990934436701514
1,Baseline_no_gMLP,0.999848346982105,0.9523050856030144,0.9285714285714286,0.999848346982105,0.9990934441969026
2,Baseline_no_gMLP,0.999735327090604,0.9236771247233717,0.8809523809523808,0.999735327090604,0.9981880773087489
3,Baseline_no_gMLP,0.999848346982105,0.9523050856030144,0.9285714285714286,0.999848346982105,0.9990934441969026
4,Baseline_no_gMLP,0.999735327090604,0.9521727670548431,0.9284197755535335,0.999735327090604,0.9981867037732366
