,Model,Balanced Accuracy,F1-Score (Macro),Precision (Macro),Recall (Macro),MCC
0,Baseline_no_gMLP,0.9667779570617184,0.9742780946436679,0.982830509289356,0.9667779570617184,0.969022675699623
1,Baseline_no_gMLP,0.9671850974404683,0.973681144273096,0.9810291847914919,0.9671850974404683,0.9681900254212903
2,Baseline_no_gMLP,0.9671130172063837,0.973560271821051,0.9808514090604147,0.9671130172063837,0.9678857567884862
3,Baseline_no_gMLP,0.9672663923876569,0.973789746665573,0.9811743616087126,0.9672663923876569,0.9683430375444764
