,Model,Balanced Accuracy,F1-Score (Macro),Precision (Macro),Recall (Macro),MCC
0,Baseline_no_gMLP,0.8384514435695539,0.8297580755681314,0.8561334366396002,0.8384514435695539,0.8192828393480955
1,Baseline_no_gMLP,0.8380476478901677,0.8370242465327075,0.857012580834803,0.8380476478901677,0.8595465464017684
2,Baseline_no_gMLP,0.85249343832021,0.7983298802175484,0.7575477000965889,0.85249343832021,0.8053317173083773
