,Model,Balanced Accuracy,F1-Score (Macro),Precision (Macro),Recall (Macro),MCC
0,Baseline_no_gMLP,0.9667779570617184,0.9742780946436679,0.982830509289356,0.9667779570617184,0.969022675699623
1,Baseline_no_gMLP,0.9671850974404683,0.973681144273096,0.9810291847914919,0.9671850974404683,0.9681900254212903
