warning: refusing to reload ordenv; ORDENV_SETUP already set
CUDA_VISIBLE_DEVICES=0
Tue Apr  8 13:34:43 2025       
+-----------------------------------------------------------------------------------------+
| NVIDIA-SMI 550.127.08             Driver Version: 550.127.08     CUDA Version: 12.4     |
|-----------------------------------------+------------------------+----------------------+
| GPU  Name                 Persistence-M | Bus-Id          Disp.A | Volatile Uncorr. ECC |
| Fan  Temp   Perf          Pwr:Usage/Cap |           Memory-Usage | GPU-Util  Compute M. |
|                                         |                        |               MIG M. |
|=========================================+========================+======================|
|   0  NVIDIA A100-SXM4-40GB          Off |   00000000:4E:00.0 Off |                    0 |
| N/A   27C    P0             52W /  400W |       1MiB /  40960MiB |      0%      Default |
|                                         |                        |             Disabled |
+-----------------------------------------+------------------------+----------------------+
                                                                                         
+-----------------------------------------------------------------------------------------+
| Processes:                                                                              |
|  GPU   GI   CI        PID   Type   Process name                              GPU Memory |
|        ID   ID                                                               Usage      |
|=========================================================================================|
|  No running processes found                                                             |
+-----------------------------------------------------------------------------------------+
INFO:root:Fold: 0
/gpfs/fs7/grdi/genarcc/common/conda/miniconda3/envs/hai_pytorch/lib/python3.12/site-packages/esm/pretrained.py:70: FutureWarning: You are using `torch.load` with `weights_only=False` (the current default value), which uses the default pickle module implicitly. It is possible to construct malicious pickle data which will execute arbitrary code during unpickling (See https://github.com/pytorch/pytorch/blob/main/SECURITY.md#untrusted-models for more details). In a future release, the default value for `weights_only` will be flipped to `True`. This limits the functions that could be executed during unpickling. Arbitrary objects will no longer be allowed to be loaded via this mode unless they are explicitly allowlisted by the user via `torch.serialization.add_safe_globals`. We recommend you start setting `weights_only=True` for any use case where you don't have full control of the loaded file. Please open an issue on GitHub for any issues related to this experimental feature.
  model_data = torch.load(str(model_location), map_location="cpu")
/gpfs/fs7/grdi/genarcc/common/conda/miniconda3/envs/hai_pytorch/lib/python3.12/site-packages/esm/pretrained.py:74: FutureWarning: You are using `torch.load` with `weights_only=False` (the current default value), which uses the default pickle module implicitly. It is possible to construct malicious pickle data which will execute arbitrary code during unpickling (See https://github.com/pytorch/pytorch/blob/main/SECURITY.md#untrusted-models for more details). In a future release, the default value for `weights_only` will be flipped to `True`. This limits the functions that could be executed during unpickling. Arbitrary objects will no longer be allowed to be loaded via this mode unless they are explicitly allowlisted by the user via `torch.serialization.add_safe_globals`. We recommend you start setting `weights_only=True` for any use case where you don't have full control of the loaded file. Please open an issue on GitHub for any issues related to this experimental feature.
  regression_data = torch.load(regression_location, map_location="cpu")
INFO:root:Start Training Model
INFO:root:Train epoch 1 in 577.719081 seconds
INFO:root:Train epoch 2 in 573.240430 seconds
INFO:root:Train epoch 3 in 573.162312 seconds
INFO:root:Train epoch 4 in 573.470612 seconds
INFO:root:Train epoch 5 in 573.487977 seconds
INFO:root:Train epoch 6 in 573.614207 seconds
INFO:root:Train epoch 7 in 573.620663 seconds
INFO:root:Train epoch 8 in 573.623339 seconds
INFO:root:Train epoch 9 in 573.537801 seconds
INFO:root:Train epoch 10 in 573.607787 seconds
INFO:root:Train epoch 11 in 573.168993 seconds
INFO:root:Train epoch 12 in 572.874899 seconds
INFO:root:Train epoch 13 in 572.864968 seconds
INFO:root:Train epoch 14 in 572.863878 seconds
INFO:root:Train epoch 15 in 572.871386 seconds
INFO:root:Train epoch 16 in 572.956583 seconds
INFO:root:Train epoch 17 in 572.962360 seconds
INFO:root:Train epoch 18 in 572.972224 seconds
INFO:root:Train epoch 19 in 572.940902 seconds
INFO:root:Finish training and load weight for prediction:/gpfs/fs7/grdi/genarcc/wp1/genomics_unit/IAV/Retrain/model_weight/transformer_esm/2_Channels_Protein_Host/transformer_esm_0.pt
INFO:root:Fold: 1
/gpfs/fs7/grdi/genarcc/common/conda/miniconda3/envs/hai_pytorch/lib/python3.12/site-packages/esm/pretrained.py:70: FutureWarning: You are using `torch.load` with `weights_only=False` (the current default value), which uses the default pickle module implicitly. It is possible to construct malicious pickle data which will execute arbitrary code during unpickling (See https://github.com/pytorch/pytorch/blob/main/SECURITY.md#untrusted-models for more details). In a future release, the default value for `weights_only` will be flipped to `True`. This limits the functions that could be executed during unpickling. Arbitrary objects will no longer be allowed to be loaded via this mode unless they are explicitly allowlisted by the user via `torch.serialization.add_safe_globals`. We recommend you start setting `weights_only=True` for any use case where you don't have full control of the loaded file. Please open an issue on GitHub for any issues related to this experimental feature.
  model_data = torch.load(str(model_location), map_location="cpu")
/gpfs/fs7/grdi/genarcc/common/conda/miniconda3/envs/hai_pytorch/lib/python3.12/site-packages/esm/pretrained.py:74: FutureWarning: You are using `torch.load` with `weights_only=False` (the current default value), which uses the default pickle module implicitly. It is possible to construct malicious pickle data which will execute arbitrary code during unpickling (See https://github.com/pytorch/pytorch/blob/main/SECURITY.md#untrusted-models for more details). In a future release, the default value for `weights_only` will be flipped to `True`. This limits the functions that could be executed during unpickling. Arbitrary objects will no longer be allowed to be loaded via this mode unless they are explicitly allowlisted by the user via `torch.serialization.add_safe_globals`. We recommend you start setting `weights_only=True` for any use case where you don't have full control of the loaded file. Please open an issue on GitHub for any issues related to this experimental feature.
  regression_data = torch.load(regression_location, map_location="cpu")
INFO:root:Start Training Model
INFO:root:Train epoch 1 in 572.935699 seconds
INFO:root:Train epoch 2 in 572.969749 seconds
INFO:root:Train epoch 3 in 572.984629 seconds
INFO:root:Train epoch 4 in 572.990836 seconds
INFO:root:Train epoch 5 in 572.963578 seconds
INFO:root:Train epoch 6 in 573.001540 seconds
INFO:root:Train epoch 7 in 573.008108 seconds
INFO:root:Train epoch 8 in 573.065480 seconds
INFO:root:Train epoch 9 in 573.042049 seconds
INFO:root:Train epoch 10 in 573.040324 seconds
INFO:root:Train epoch 11 in 572.982617 seconds
INFO:root:Train epoch 12 in 573.050072 seconds
INFO:root:Train epoch 13 in 572.972219 seconds
INFO:root:Train epoch 14 in 573.039428 seconds
INFO:root:Train epoch 15 in 573.066588 seconds
INFO:root:Train epoch 16 in 573.095242 seconds
INFO:root:Train epoch 17 in 573.137116 seconds
INFO:root:Train epoch 18 in 573.112373 seconds
INFO:root:Train epoch 19 in 573.114285 seconds
INFO:root:Finish training and load weight for prediction:/gpfs/fs7/grdi/genarcc/wp1/genomics_unit/IAV/Retrain/model_weight/transformer_esm/2_Channels_Protein_Host/transformer_esm_1.pt
INFO:root:Fold: 2
/gpfs/fs7/grdi/genarcc/common/conda/miniconda3/envs/hai_pytorch/lib/python3.12/site-packages/esm/pretrained.py:70: FutureWarning: You are using `torch.load` with `weights_only=False` (the current default value), which uses the default pickle module implicitly. It is possible to construct malicious pickle data which will execute arbitrary code during unpickling (See https://github.com/pytorch/pytorch/blob/main/SECURITY.md#untrusted-models for more details). In a future release, the default value for `weights_only` will be flipped to `True`. This limits the functions that could be executed during unpickling. Arbitrary objects will no longer be allowed to be loaded via this mode unless they are explicitly allowlisted by the user via `torch.serialization.add_safe_globals`. We recommend you start setting `weights_only=True` for any use case where you don't have full control of the loaded file. Please open an issue on GitHub for any issues related to this experimental feature.
  model_data = torch.load(str(model_location), map_location="cpu")
/gpfs/fs7/grdi/genarcc/common/conda/miniconda3/envs/hai_pytorch/lib/python3.12/site-packages/esm/pretrained.py:74: FutureWarning: You are using `torch.load` with `weights_only=False` (the current default value), which uses the default pickle module implicitly. It is possible to construct malicious pickle data which will execute arbitrary code during unpickling (See https://github.com/pytorch/pytorch/blob/main/SECURITY.md#untrusted-models for more details). In a future release, the default value for `weights_only` will be flipped to `True`. This limits the functions that could be executed during unpickling. Arbitrary objects will no longer be allowed to be loaded via this mode unless they are explicitly allowlisted by the user via `torch.serialization.add_safe_globals`. We recommend you start setting `weights_only=True` for any use case where you don't have full control of the loaded file. Please open an issue on GitHub for any issues related to this experimental feature.
  regression_data = torch.load(regression_location, map_location="cpu")
INFO:root:Start Training Model
INFO:root:Train epoch 1 in 573.086705 seconds
INFO:root:Train epoch 2 in 573.102989 seconds
INFO:root:Train epoch 3 in 573.073927 seconds
INFO:root:Train epoch 4 in 573.105354 seconds
INFO:root:Train epoch 5 in 573.047000 seconds
INFO:root:Train epoch 6 in 573.107604 seconds
INFO:root:Train epoch 7 in 573.096594 seconds
INFO:root:Train epoch 8 in 573.095971 seconds
INFO:root:Train epoch 9 in 573.057356 seconds
INFO:root:Train epoch 10 in 573.085140 seconds
INFO:root:Train epoch 11 in 573.099782 seconds
INFO:root:Train epoch 12 in 573.082947 seconds
INFO:root:Train epoch 13 in 573.088527 seconds
INFO:root:Train epoch 14 in 573.018008 seconds
INFO:root:Train epoch 15 in 572.950753 seconds
INFO:root:Train epoch 16 in 572.932472 seconds
INFO:root:Train epoch 17 in 572.940403 seconds
INFO:root:Train epoch 18 in 572.936089 seconds
INFO:root:Train epoch 19 in 572.953052 seconds
INFO:root:Train epoch 20 in 572.940879 seconds
INFO:root:Train epoch 21 in 572.975296 seconds
INFO:root:Train epoch 22 in 572.952912 seconds
INFO:root:Train epoch 23 in 572.960225 seconds
INFO:root:Train epoch 24 in 572.948710 seconds
INFO:root:Train epoch 25 in 572.927936 seconds
INFO:root:Train epoch 26 in 572.966352 seconds
INFO:root:Train epoch 27 in 572.939902 seconds
INFO:root:Finish training and load weight for prediction:/gpfs/fs7/grdi/genarcc/wp1/genomics_unit/IAV/Retrain/model_weight/transformer_esm/2_Channels_Protein_Host/transformer_esm_2.pt
INFO:root:Fold: 3
/gpfs/fs7/grdi/genarcc/common/conda/miniconda3/envs/hai_pytorch/lib/python3.12/site-packages/esm/pretrained.py:70: FutureWarning: You are using `torch.load` with `weights_only=False` (the current default value), which uses the default pickle module implicitly. It is possible to construct malicious pickle data which will execute arbitrary code during unpickling (See https://github.com/pytorch/pytorch/blob/main/SECURITY.md#untrusted-models for more details). In a future release, the default value for `weights_only` will be flipped to `True`. This limits the functions that could be executed during unpickling. Arbitrary objects will no longer be allowed to be loaded via this mode unless they are explicitly allowlisted by the user via `torch.serialization.add_safe_globals`. We recommend you start setting `weights_only=True` for any use case where you don't have full control of the loaded file. Please open an issue on GitHub for any issues related to this experimental feature.
  model_data = torch.load(str(model_location), map_location="cpu")
/gpfs/fs7/grdi/genarcc/common/conda/miniconda3/envs/hai_pytorch/lib/python3.12/site-packages/esm/pretrained.py:74: FutureWarning: You are using `torch.load` with `weights_only=False` (the current default value), which uses the default pickle module implicitly. It is possible to construct malicious pickle data which will execute arbitrary code during unpickling (See https://github.com/pytorch/pytorch/blob/main/SECURITY.md#untrusted-models for more details). In a future release, the default value for `weights_only` will be flipped to `True`. This limits the functions that could be executed during unpickling. Arbitrary objects will no longer be allowed to be loaded via this mode unless they are explicitly allowlisted by the user via `torch.serialization.add_safe_globals`. We recommend you start setting `weights_only=True` for any use case where you don't have full control of the loaded file. Please open an issue on GitHub for any issues related to this experimental feature.
  regression_data = torch.load(regression_location, map_location="cpu")
INFO:root:Start Training Model
INFO:root:Train epoch 1 in 572.958689 seconds
INFO:root:Train epoch 2 in 572.923302 seconds
INFO:root:Train epoch 3 in 572.917606 seconds
INFO:root:Train epoch 4 in 572.915402 seconds
INFO:root:Train epoch 5 in 572.929708 seconds
INFO:root:Train epoch 6 in 572.919803 seconds
INFO:root:Train epoch 7 in 572.958884 seconds
INFO:root:Train epoch 8 in 572.959456 seconds
INFO:root:Train epoch 9 in 572.941203 seconds
INFO:root:Train epoch 10 in 572.944548 seconds
INFO:root:Train epoch 11 in 572.945835 seconds
INFO:root:Train epoch 12 in 572.953378 seconds
INFO:root:Train epoch 13 in 572.934920 seconds
INFO:root:Train epoch 14 in 572.971271 seconds
INFO:root:Train epoch 15 in 572.965192 seconds
INFO:root:Train epoch 16 in 572.955877 seconds
INFO:root:Train epoch 17 in 572.937948 seconds
INFO:root:Train epoch 18 in 572.945977 seconds
INFO:root:Train epoch 19 in 572.941488 seconds
INFO:root:Train epoch 20 in 572.968910 seconds
INFO:root:Train epoch 21 in 572.960145 seconds
INFO:root:Train epoch 22 in 573.017731 seconds
INFO:root:Train epoch 23 in 572.981749 seconds
INFO:root:Train epoch 24 in 573.002560 seconds
INFO:root:Train epoch 25 in 572.973166 seconds
INFO:root:Finish training and load weight for prediction:/gpfs/fs7/grdi/genarcc/wp1/genomics_unit/IAV/Retrain/model_weight/transformer_esm/2_Channels_Protein_Host/transformer_esm_3.pt
INFO:root:Fold: 4
/gpfs/fs7/grdi/genarcc/common/conda/miniconda3/envs/hai_pytorch/lib/python3.12/site-packages/esm/pretrained.py:70: FutureWarning: You are using `torch.load` with `weights_only=False` (the current default value), which uses the default pickle module implicitly. It is possible to construct malicious pickle data which will execute arbitrary code during unpickling (See https://github.com/pytorch/pytorch/blob/main/SECURITY.md#untrusted-models for more details). In a future release, the default value for `weights_only` will be flipped to `True`. This limits the functions that could be executed during unpickling. Arbitrary objects will no longer be allowed to be loaded via this mode unless they are explicitly allowlisted by the user via `torch.serialization.add_safe_globals`. We recommend you start setting `weights_only=True` for any use case where you don't have full control of the loaded file. Please open an issue on GitHub for any issues related to this experimental feature.
  model_data = torch.load(str(model_location), map_location="cpu")
/gpfs/fs7/grdi/genarcc/common/conda/miniconda3/envs/hai_pytorch/lib/python3.12/site-packages/esm/pretrained.py:74: FutureWarning: You are using `torch.load` with `weights_only=False` (the current default value), which uses the default pickle module implicitly. It is possible to construct malicious pickle data which will execute arbitrary code during unpickling (See https://github.com/pytorch/pytorch/blob/main/SECURITY.md#untrusted-models for more details). In a future release, the default value for `weights_only` will be flipped to `True`. This limits the functions that could be executed during unpickling. Arbitrary objects will no longer be allowed to be loaded via this mode unless they are explicitly allowlisted by the user via `torch.serialization.add_safe_globals`. We recommend you start setting `weights_only=True` for any use case where you don't have full control of the loaded file. Please open an issue on GitHub for any issues related to this experimental feature.
  regression_data = torch.load(regression_location, map_location="cpu")
INFO:root:Start Training Model
INFO:root:Train epoch 1 in 572.963484 seconds
INFO:root:Train epoch 2 in 572.928086 seconds
INFO:root:Train epoch 3 in 572.924750 seconds
INFO:root:Train epoch 4 in 572.925500 seconds
INFO:root:Train epoch 5 in 572.908895 seconds
INFO:root:Train epoch 6 in 572.940939 seconds
INFO:root:Train epoch 7 in 572.941967 seconds
INFO:root:Train epoch 8 in 572.959646 seconds
INFO:root:Train epoch 9 in 572.908599 seconds
INFO:root:Train epoch 10 in 572.964182 seconds
INFO:root:Train epoch 11 in 572.957532 seconds
INFO:root:Train epoch 12 in 573.004164 seconds
INFO:root:Train epoch 13 in 572.985125 seconds
INFO:root:Finish training and load weight for prediction:/gpfs/fs7/grdi/genarcc/wp1/genomics_unit/IAV/Retrain/model_weight/transformer_esm/2_Channels_Protein_Host/transformer_esm_4.pt
INFO:root:Fold: 5
/gpfs/fs7/grdi/genarcc/common/conda/miniconda3/envs/hai_pytorch/lib/python3.12/site-packages/esm/pretrained.py:70: FutureWarning: You are using `torch.load` with `weights_only=False` (the current default value), which uses the default pickle module implicitly. It is possible to construct malicious pickle data which will execute arbitrary code during unpickling (See https://github.com/pytorch/pytorch/blob/main/SECURITY.md#untrusted-models for more details). In a future release, the default value for `weights_only` will be flipped to `True`. This limits the functions that could be executed during unpickling. Arbitrary objects will no longer be allowed to be loaded via this mode unless they are explicitly allowlisted by the user via `torch.serialization.add_safe_globals`. We recommend you start setting `weights_only=True` for any use case where you don't have full control of the loaded file. Please open an issue on GitHub for any issues related to this experimental feature.
  model_data = torch.load(str(model_location), map_location="cpu")
/gpfs/fs7/grdi/genarcc/common/conda/miniconda3/envs/hai_pytorch/lib/python3.12/site-packages/esm/pretrained.py:74: FutureWarning: You are using `torch.load` with `weights_only=False` (the current default value), which uses the default pickle module implicitly. It is possible to construct malicious pickle data which will execute arbitrary code during unpickling (See https://github.com/pytorch/pytorch/blob/main/SECURITY.md#untrusted-models for more details). In a future release, the default value for `weights_only` will be flipped to `True`. This limits the functions that could be executed during unpickling. Arbitrary objects will no longer be allowed to be loaded via this mode unless they are explicitly allowlisted by the user via `torch.serialization.add_safe_globals`. We recommend you start setting `weights_only=True` for any use case where you don't have full control of the loaded file. Please open an issue on GitHub for any issues related to this experimental feature.
  regression_data = torch.load(regression_location, map_location="cpu")
INFO:root:Start Training Model
INFO:root:Train epoch 1 in 572.984116 seconds
INFO:root:Train epoch 2 in 572.988460 seconds
INFO:root:Train epoch 3 in 573.015903 seconds
INFO:root:Train epoch 4 in 572.984129 seconds
INFO:root:Train epoch 5 in 572.979979 seconds
INFO:root:Train epoch 6 in 572.982183 seconds
INFO:root:Train epoch 7 in 573.018877 seconds
INFO:root:Train epoch 8 in 573.039397 seconds
INFO:root:Train epoch 9 in 573.000797 seconds
INFO:root:Train epoch 10 in 573.031092 seconds
INFO:root:Train epoch 11 in 572.993742 seconds
INFO:root:Train epoch 12 in 573.037129 seconds
INFO:root:Train epoch 13 in 572.994358 seconds
INFO:root:Train epoch 14 in 573.002543 seconds
INFO:root:Train epoch 15 in 572.977417 seconds
INFO:root:Train epoch 16 in 572.972473 seconds
INFO:root:Train epoch 17 in 572.959087 seconds
INFO:root:Train epoch 18 in 572.961497 seconds
INFO:root:Train epoch 19 in 572.959094 seconds
INFO:root:Train epoch 20 in 572.948477 seconds
INFO:root:Train epoch 21 in 572.955431 seconds
INFO:root:Train epoch 22 in 572.952506 seconds
INFO:root:Train epoch 23 in 572.962663 seconds
INFO:root:Finish training and load weight for prediction:/gpfs/fs7/grdi/genarcc/wp1/genomics_unit/IAV/Retrain/model_weight/transformer_esm/2_Channels_Protein_Host/transformer_esm_5.pt
INFO:root:Fold: 6
/gpfs/fs7/grdi/genarcc/common/conda/miniconda3/envs/hai_pytorch/lib/python3.12/site-packages/esm/pretrained.py:70: FutureWarning: You are using `torch.load` with `weights_only=False` (the current default value), which uses the default pickle module implicitly. It is possible to construct malicious pickle data which will execute arbitrary code during unpickling (See https://github.com/pytorch/pytorch/blob/main/SECURITY.md#untrusted-models for more details). In a future release, the default value for `weights_only` will be flipped to `True`. This limits the functions that could be executed during unpickling. Arbitrary objects will no longer be allowed to be loaded via this mode unless they are explicitly allowlisted by the user via `torch.serialization.add_safe_globals`. We recommend you start setting `weights_only=True` for any use case where you don't have full control of the loaded file. Please open an issue on GitHub for any issues related to this experimental feature.
  model_data = torch.load(str(model_location), map_location="cpu")
/gpfs/fs7/grdi/genarcc/common/conda/miniconda3/envs/hai_pytorch/lib/python3.12/site-packages/esm/pretrained.py:74: FutureWarning: You are using `torch.load` with `weights_only=False` (the current default value), which uses the default pickle module implicitly. It is possible to construct malicious pickle data which will execute arbitrary code during unpickling (See https://github.com/pytorch/pytorch/blob/main/SECURITY.md#untrusted-models for more details). In a future release, the default value for `weights_only` will be flipped to `True`. This limits the functions that could be executed during unpickling. Arbitrary objects will no longer be allowed to be loaded via this mode unless they are explicitly allowlisted by the user via `torch.serialization.add_safe_globals`. We recommend you start setting `weights_only=True` for any use case where you don't have full control of the loaded file. Please open an issue on GitHub for any issues related to this experimental feature.
  regression_data = torch.load(regression_location, map_location="cpu")
INFO:root:Start Training Model
INFO:root:Train epoch 1 in 572.946478 seconds
INFO:root:Train epoch 2 in 572.964570 seconds
INFO:root:Train epoch 3 in 572.943286 seconds
INFO:root:Train epoch 4 in 572.964556 seconds
INFO:root:Train epoch 5 in 572.895917 seconds
INFO:root:Train epoch 6 in 572.944182 seconds
INFO:root:Train epoch 7 in 572.942143 seconds
INFO:root:Train epoch 8 in 572.962048 seconds
INFO:root:Train epoch 9 in 572.915447 seconds
INFO:root:Train epoch 10 in 573.005333 seconds
INFO:root:Train epoch 11 in 572.931028 seconds
INFO:root:Train epoch 12 in 572.944487 seconds
INFO:root:Train epoch 13 in 572.950734 seconds
INFO:root:Train epoch 14 in 572.962950 seconds
INFO:root:Train epoch 15 in 572.947856 seconds
INFO:root:Train epoch 16 in 572.936592 seconds
INFO:root:Train epoch 17 in 572.959495 seconds
INFO:root:Train epoch 18 in 572.935772 seconds
INFO:root:Train epoch 19 in 572.960882 seconds
INFO:root:Train epoch 20 in 572.953059 seconds
INFO:root:Train epoch 21 in 572.984584 seconds
INFO:root:Train epoch 22 in 572.931418 seconds
INFO:root:Finish training and load weight for prediction:/gpfs/fs7/grdi/genarcc/wp1/genomics_unit/IAV/Retrain/model_weight/transformer_esm/2_Channels_Protein_Host/transformer_esm_6.pt
INFO:root:Fold: 7
/gpfs/fs7/grdi/genarcc/common/conda/miniconda3/envs/hai_pytorch/lib/python3.12/site-packages/esm/pretrained.py:70: FutureWarning: You are using `torch.load` with `weights_only=False` (the current default value), which uses the default pickle module implicitly. It is possible to construct malicious pickle data which will execute arbitrary code during unpickling (See https://github.com/pytorch/pytorch/blob/main/SECURITY.md#untrusted-models for more details). In a future release, the default value for `weights_only` will be flipped to `True`. This limits the functions that could be executed during unpickling. Arbitrary objects will no longer be allowed to be loaded via this mode unless they are explicitly allowlisted by the user via `torch.serialization.add_safe_globals`. We recommend you start setting `weights_only=True` for any use case where you don't have full control of the loaded file. Please open an issue on GitHub for any issues related to this experimental feature.
  model_data = torch.load(str(model_location), map_location="cpu")
/gpfs/fs7/grdi/genarcc/common/conda/miniconda3/envs/hai_pytorch/lib/python3.12/site-packages/esm/pretrained.py:74: FutureWarning: You are using `torch.load` with `weights_only=False` (the current default value), which uses the default pickle module implicitly. It is possible to construct malicious pickle data which will execute arbitrary code during unpickling (See https://github.com/pytorch/pytorch/blob/main/SECURITY.md#untrusted-models for more details). In a future release, the default value for `weights_only` will be flipped to `True`. This limits the functions that could be executed during unpickling. Arbitrary objects will no longer be allowed to be loaded via this mode unless they are explicitly allowlisted by the user via `torch.serialization.add_safe_globals`. We recommend you start setting `weights_only=True` for any use case where you don't have full control of the loaded file. Please open an issue on GitHub for any issues related to this experimental feature.
  regression_data = torch.load(regression_location, map_location="cpu")
INFO:root:Start Training Model
INFO:root:Train epoch 1 in 572.929554 seconds
INFO:root:Train epoch 2 in 572.841645 seconds
INFO:root:Train epoch 3 in 572.978412 seconds
INFO:root:Train epoch 4 in 572.970753 seconds
INFO:root:Train epoch 5 in 572.975218 seconds
INFO:root:Train epoch 6 in 572.955748 seconds
INFO:root:Train epoch 7 in 572.943561 seconds
INFO:root:Train epoch 8 in 572.965268 seconds
INFO:root:Train epoch 9 in 572.931905 seconds
INFO:root:Train epoch 10 in 572.940408 seconds
INFO:root:Train epoch 11 in 572.926068 seconds
INFO:root:Train epoch 12 in 572.982084 seconds
INFO:root:Train epoch 13 in 572.955594 seconds
INFO:root:Train epoch 14 in 572.966567 seconds
INFO:root:Train epoch 15 in 572.956541 seconds
INFO:root:Train epoch 16 in 572.956833 seconds
INFO:root:Train epoch 17 in 572.927191 seconds
INFO:root:Train epoch 18 in 572.974034 seconds
INFO:root:Train epoch 19 in 572.939332 seconds
INFO:root:Train epoch 20 in 572.970837 seconds
INFO:root:Train epoch 21 in 572.960935 seconds
INFO:root:Train epoch 22 in 572.969672 seconds
INFO:root:Train epoch 23 in 572.968748 seconds
INFO:root:Train epoch 24 in 572.960598 seconds
INFO:root:Finish training and load weight for prediction:/gpfs/fs7/grdi/genarcc/wp1/genomics_unit/IAV/Retrain/model_weight/transformer_esm/2_Channels_Protein_Host/transformer_esm_7.pt
INFO:root:Fold: 8
/gpfs/fs7/grdi/genarcc/common/conda/miniconda3/envs/hai_pytorch/lib/python3.12/site-packages/esm/pretrained.py:70: FutureWarning: You are using `torch.load` with `weights_only=False` (the current default value), which uses the default pickle module implicitly. It is possible to construct malicious pickle data which will execute arbitrary code during unpickling (See https://github.com/pytorch/pytorch/blob/main/SECURITY.md#untrusted-models for more details). In a future release, the default value for `weights_only` will be flipped to `True`. This limits the functions that could be executed during unpickling. Arbitrary objects will no longer be allowed to be loaded via this mode unless they are explicitly allowlisted by the user via `torch.serialization.add_safe_globals`. We recommend you start setting `weights_only=True` for any use case where you don't have full control of the loaded file. Please open an issue on GitHub for any issues related to this experimental feature.
  model_data = torch.load(str(model_location), map_location="cpu")
/gpfs/fs7/grdi/genarcc/common/conda/miniconda3/envs/hai_pytorch/lib/python3.12/site-packages/esm/pretrained.py:74: FutureWarning: You are using `torch.load` with `weights_only=False` (the current default value), which uses the default pickle module implicitly. It is possible to construct malicious pickle data which will execute arbitrary code during unpickling (See https://github.com/pytorch/pytorch/blob/main/SECURITY.md#untrusted-models for more details). In a future release, the default value for `weights_only` will be flipped to `True`. This limits the functions that could be executed during unpickling. Arbitrary objects will no longer be allowed to be loaded via this mode unless they are explicitly allowlisted by the user via `torch.serialization.add_safe_globals`. We recommend you start setting `weights_only=True` for any use case where you don't have full control of the loaded file. Please open an issue on GitHub for any issues related to this experimental feature.
  regression_data = torch.load(regression_location, map_location="cpu")
INFO:root:Start Training Model
INFO:root:Train epoch 1 in 572.937870 seconds
INFO:root:Train epoch 2 in 572.878596 seconds
INFO:root:Train epoch 3 in 573.042470 seconds
INFO:root:Train epoch 4 in 572.972189 seconds
INFO:root:Train epoch 5 in 573.038232 seconds
INFO:root:Train epoch 6 in 572.984077 seconds
INFO:root:Train epoch 7 in 573.027981 seconds
INFO:root:Train epoch 8 in 572.986291 seconds
INFO:root:Train epoch 9 in 573.044129 seconds
INFO:root:Train epoch 10 in 572.990547 seconds
INFO:root:Train epoch 11 in 573.040763 seconds
INFO:root:Train epoch 12 in 573.005885 seconds
INFO:root:Train epoch 13 in 573.010282 seconds
INFO:root:Train epoch 14 in 573.031989 seconds
INFO:root:Train epoch 15 in 573.013524 seconds
INFO:root:Train epoch 16 in 573.026713 seconds
INFO:root:Train epoch 17 in 572.987612 seconds
INFO:root:Train epoch 18 in 573.010199 seconds
INFO:root:Train epoch 19 in 572.990675 seconds
INFO:root:Train epoch 20 in 572.986427 seconds
INFO:root:Train epoch 21 in 572.963241 seconds
INFO:root:Finish training and load weight for prediction:/gpfs/fs7/grdi/genarcc/wp1/genomics_unit/IAV/Retrain/model_weight/transformer_esm/2_Channels_Protein_Host/transformer_esm_8.pt
INFO:root:Fold: 9
/gpfs/fs7/grdi/genarcc/common/conda/miniconda3/envs/hai_pytorch/lib/python3.12/site-packages/esm/pretrained.py:70: FutureWarning: You are using `torch.load` with `weights_only=False` (the current default value), which uses the default pickle module implicitly. It is possible to construct malicious pickle data which will execute arbitrary code during unpickling (See https://github.com/pytorch/pytorch/blob/main/SECURITY.md#untrusted-models for more details). In a future release, the default value for `weights_only` will be flipped to `True`. This limits the functions that could be executed during unpickling. Arbitrary objects will no longer be allowed to be loaded via this mode unless they are explicitly allowlisted by the user via `torch.serialization.add_safe_globals`. We recommend you start setting `weights_only=True` for any use case where you don't have full control of the loaded file. Please open an issue on GitHub for any issues related to this experimental feature.
  model_data = torch.load(str(model_location), map_location="cpu")
/gpfs/fs7/grdi/genarcc/common/conda/miniconda3/envs/hai_pytorch/lib/python3.12/site-packages/esm/pretrained.py:74: FutureWarning: You are using `torch.load` with `weights_only=False` (the current default value), which uses the default pickle module implicitly. It is possible to construct malicious pickle data which will execute arbitrary code during unpickling (See https://github.com/pytorch/pytorch/blob/main/SECURITY.md#untrusted-models for more details). In a future release, the default value for `weights_only` will be flipped to `True`. This limits the functions that could be executed during unpickling. Arbitrary objects will no longer be allowed to be loaded via this mode unless they are explicitly allowlisted by the user via `torch.serialization.add_safe_globals`. We recommend you start setting `weights_only=True` for any use case where you don't have full control of the loaded file. Please open an issue on GitHub for any issues related to this experimental feature.
  regression_data = torch.load(regression_location, map_location="cpu")
INFO:root:Start Training Model
INFO:root:Train epoch 1 in 572.967601 seconds
INFO:root:Train epoch 2 in 572.877520 seconds
INFO:root:Train epoch 3 in 572.995765 seconds
INFO:root:Train epoch 4 in 572.972564 seconds
INFO:root:Train epoch 5 in 573.010170 seconds
INFO:root:Train epoch 6 in 573.003978 seconds
INFO:root:Train epoch 7 in 572.982376 seconds
Training data shape: (35997, 1053) (35997,)
Test High-quality Data Shape: (11296, 1053) (11296,)
Test Low-quality Data Shape (Post 2020): (211, 1053) (211,)
Number of classes: 3
Fold: 0
Total Trainable Parameters:  7541517
Total Parameters:  7541517
----Epoch:1----
Training Time : 577.7190811634064
Val Infer Time: 32.29861807823181
BAS Score on Validation Data: 0.9462535542327387
Loss on Validation Data: 0.1886509414267751
Validation loss decreased (inf --> 0.188651).  Saving model ...
----Epoch:2----
Training Time : 573.240430355072
Val Infer Time: 32.020387172698975
BAS Score on Validation Data: 0.9588327528360076
Loss on Validation Data: 0.12969931880984686
Validation loss decreased (0.188651 --> 0.129699).  Saving model ...
----Epoch:3----
Training Time : 573.1623120307922
Val Infer Time: 31.975825786590576
BAS Score on Validation Data: 0.9582885854398587
Loss on Validation Data: 0.11939409981786678
Validation loss decreased (0.129699 --> 0.119394).  Saving model ...
----Epoch:4----
Training Time : 573.4706122875214
Val Infer Time: 32.01973366737366
BAS Score on Validation Data: 0.9643740341691317
Loss on Validation Data: 0.11724354313538138
Validation loss decreased (0.119394 --> 0.117244).  Saving model ...
----Epoch:5----
Training Time : 573.4879770278931
Val Infer Time: 32.018285512924194
BAS Score on Validation Data: 0.9638397446186858
Loss on Validation Data: 0.11891559372960994
EarlyStopping counter: 1 out of 7
----Epoch:6----
Training Time : 573.6142065525055
Val Infer Time: 32.01338243484497
BAS Score on Validation Data: 0.9657325631182574
Loss on Validation Data: 0.11183282126367619
Validation loss decreased (0.117244 --> 0.111833).  Saving model ...
----Epoch:7----
Training Time : 573.6206629276276
Val Infer Time: 32.01187705993652
BAS Score on Validation Data: 0.9648521815574069
Loss on Validation Data: 0.11738402020614759
EarlyStopping counter: 1 out of 7
----Epoch:8----
Training Time : 573.6233389377594
Val Infer Time: 31.995869159698486
BAS Score on Validation Data: 0.9643890303758286
Loss on Validation Data: 0.11057455560802358
Validation loss decreased (0.111833 --> 0.110575).  Saving model ...
----Epoch:9----
Training Time : 573.5378007888794
Val Infer Time: 32.02771043777466
BAS Score on Validation Data: 0.9676193146456807
Loss on Validation Data: 0.09466655486452896
Validation loss decreased (0.110575 --> 0.094667).  Saving model ...
----Epoch:10----
Training Time : 573.607786655426
Val Infer Time: 32.02846813201904
BAS Score on Validation Data: 0.9667816813951777
Loss on Validation Data: 0.09804110189454746
EarlyStopping counter: 1 out of 7
----Epoch:11----
Training Time : 573.1689929962158
Val Infer Time: 31.981613874435425
BAS Score on Validation Data: 0.9661494664123066
Loss on Validation Data: 0.10358797659916161
EarlyStopping counter: 2 out of 7
----Epoch:12----
Training Time : 572.8748989105225
Val Infer Time: 31.981016874313354
BAS Score on Validation Data: 0.9686343027637926
Loss on Validation Data: 0.09166662882914585
Validation loss decreased (0.094667 --> 0.091667).  Saving model ...
----Epoch:13----
Training Time : 572.8649678230286
Val Infer Time: 31.982283115386963
BAS Score on Validation Data: 0.9678346265478655
Loss on Validation Data: 0.09517644780927
EarlyStopping counter: 1 out of 7
----Epoch:14----
Training Time : 572.8638782501221
Val Infer Time: 31.98049569129944
BAS Score on Validation Data: 0.9660123084622914
Loss on Validation Data: 0.09826607830756534
EarlyStopping counter: 2 out of 7
----Epoch:15----
Training Time : 572.8713862895966
Val Infer Time: 31.988762617111206
BAS Score on Validation Data: 0.9697341337588794
Loss on Validation Data: 0.09994540383330489
EarlyStopping counter: 3 out of 7
----Epoch:16----
Training Time : 572.9565834999084
Val Infer Time: 31.986189365386963
BAS Score on Validation Data: 0.9679995366015309
Loss on Validation Data: 0.09427746734787933
EarlyStopping counter: 4 out of 7
----Epoch:17----
Training Time : 572.9623599052429
Val Infer Time: 31.986458778381348
BAS Score on Validation Data: 0.9695969758088644
Loss on Validation Data: 0.09172204426959553
EarlyStopping counter: 5 out of 7
----Epoch:18----
Training Time : 572.9722235202789
Val Infer Time: 31.984987020492554
BAS Score on Validation Data: 0.9712968052792604
Loss on Validation Data: 0.09223055417558788
EarlyStopping counter: 6 out of 7
----Epoch:19----
Training Time : 572.9409024715424
Val Infer Time: 31.98330044746399
BAS Score on Validation Data: 0.9700776745898932
Loss on Validation Data: 0.09604009590317718
EarlyStopping counter: 7 out of 7
Early Stop
Load the best weight after training: /gpfs/fs7/grdi/genarcc/wp1/genomics_unit/IAV/Retrain/model_weight/transformer_esm/2_Channels_Protein_Host/transformer_esm_0.pt
Inference Test Time: 100.28910732269287
Inference Test Time: 1.881171703338623
High Quality
0.9756864228180476 0.9752938028281233 0.9750638069077757 0.9756864228180476 0.9616459406734834
              precision    recall  f1-score   support

           0       0.98      0.98      0.98      6241
           1       0.97      1.00      0.99      2543
           2       0.97      0.95      0.96      2512

    accuracy                           0.98     11296
   macro avg       0.98      0.98      0.98     11296
weighted avg       0.98      0.98      0.98     11296

Low Quality
0.9701492537313433 0.6949258870214753 0.6647173489278752 0.9701492537313433 0.5846770883907288
              precision    recall  f1-score   support

           0       1.00      0.91      0.95       201
           1       0.89      1.00      0.94         8
           2       0.11      1.00      0.19         2

    accuracy                           0.91       211
   macro avg       0.66      0.97      0.69       211
weighted avg       0.99      0.91      0.95       211


High Quality Post 2020
                     mean  std  sem  count
Model                                     
transformer_esm  0.975294  NaN  NaN      1
                     mean  std  sem  count
Model                                     
transformer_esm  0.975686  NaN  NaN      1
                     mean  std  sem  count
Model                                     
transformer_esm  0.961646  NaN  NaN      1

Low Quality Post 2020
                     mean  std  sem  count
Model                                     
transformer_esm  0.694926  NaN  NaN      1
                     mean  std  sem  count
Model                                     
transformer_esm  0.970149  NaN  NaN      1
                     mean  std  sem  count
Model                                     
transformer_esm  0.584677  NaN  NaN      1
Saving Results
Fold: 1
Total Trainable Parameters:  7541517
Total Parameters:  7541517
----Epoch:1----
Training Time : 572.935699224472
Val Infer Time: 31.979469299316406
BAS Score on Validation Data: 0.957265305828705
Loss on Validation Data: 0.1428123069020499
Validation loss decreased (inf --> 0.142812).  Saving model ...
----Epoch:2----
Training Time : 572.9697487354279
Val Infer Time: 31.97879123687744
BAS Score on Validation Data: 0.9566120436692014
Loss on Validation Data: 0.12524985423130272
Validation loss decreased (0.142812 --> 0.125250).  Saving model ...
----Epoch:3----
Training Time : 572.9846293926239
Val Infer Time: 31.979366540908813
BAS Score on Validation Data: 0.9617593825361553
Loss on Validation Data: 0.11073763602602799
Validation loss decreased (0.125250 --> 0.110738).  Saving model ...
----Epoch:4----
Training Time : 572.9908361434937
Val Infer Time: 31.98091769218445
BAS Score on Validation Data: 0.9660914110256152
Loss on Validation Data: 0.1097323303729032
Validation loss decreased (0.110738 --> 0.109732).  Saving model ...
----Epoch:5----
Training Time : 572.9635782241821
Val Infer Time: 31.978445053100586
BAS Score on Validation Data: 0.9647300200274516
Loss on Validation Data: 0.10519003657113134
Validation loss decreased (0.109732 --> 0.105190).  Saving model ...
----Epoch:6----
Training Time : 573.0015397071838
Val Infer Time: 31.981592178344727
BAS Score on Validation Data: 0.9649405404405021
Loss on Validation Data: 0.10746049248011766
EarlyStopping counter: 1 out of 7
----Epoch:7----
Training Time : 573.0081079006195
Val Infer Time: 31.983369827270508
BAS Score on Validation Data: 0.9594576413659291
Loss on Validation Data: 0.11566628924513285
EarlyStopping counter: 2 out of 7
----Epoch:8----
Training Time : 573.0654804706573
Val Infer Time: 31.982569694519043
BAS Score on Validation Data: 0.9631041909749608
Loss on Validation Data: 0.12183816243061978
EarlyStopping counter: 3 out of 7
----Epoch:9----
Training Time : 573.0420489311218
Val Infer Time: 31.98360300064087
BAS Score on Validation Data: 0.9671398915610286
Loss on Validation Data: 0.09995433925527387
Validation loss decreased (0.105190 --> 0.099954).  Saving model ...
----Epoch:10----
Training Time : 573.0403237342834
Val Infer Time: 31.97934365272522
BAS Score on Validation Data: 0.9662346361611412
Loss on Validation Data: 0.10267666852579707
EarlyStopping counter: 1 out of 7
----Epoch:11----
Training Time : 572.9826166629791
Val Infer Time: 31.98395586013794
BAS Score on Validation Data: 0.9682244154797713
Loss on Validation Data: 0.09931790195735155
EarlyStopping counter: 2 out of 7
----Epoch:12----
Training Time : 573.0500719547272
Val Infer Time: 31.981854677200317
BAS Score on Validation Data: 0.969849606790755
Loss on Validation Data: 0.09456735216410814
Validation loss decreased (0.099954 --> 0.094567).  Saving model ...
----Epoch:13----
Training Time : 572.9722194671631
Val Infer Time: 31.97888207435608
BAS Score on Validation Data: 0.9656630275309893
Loss on Validation Data: 0.09357547127040086
EarlyStopping counter: 1 out of 7
----Epoch:14----
Training Time : 573.0394275188446
Val Infer Time: 31.984758853912354
BAS Score on Validation Data: 0.9673427584359072
Loss on Validation Data: 0.10464430066336573
EarlyStopping counter: 2 out of 7
----Epoch:15----
Training Time : 573.0665881633759
Val Infer Time: 31.985052585601807
BAS Score on Validation Data: 0.9678977842933382
Loss on Validation Data: 0.09668818089814313
EarlyStopping counter: 3 out of 7
----Epoch:16----
Training Time : 573.0952422618866
Val Infer Time: 31.985746145248413
BAS Score on Validation Data: 0.9700846903865584
Loss on Validation Data: 0.09854130776582566
EarlyStopping counter: 4 out of 7
----Epoch:17----
Training Time : 573.1371157169342
Val Infer Time: 31.983345985412598
BAS Score on Validation Data: 0.9714578886705213
Loss on Validation Data: 0.0981218967817526
EarlyStopping counter: 5 out of 7
----Epoch:18----
Training Time : 573.1123728752136
Val Infer Time: 31.987382411956787
BAS Score on Validation Data: 0.9658190085634688
Loss on Validation Data: 0.10690916929624777
EarlyStopping counter: 6 out of 7
----Epoch:19----
Training Time : 573.1142847537994
Val Infer Time: 31.98672914505005
BAS Score on Validation Data: 0.9696279170467753
Loss on Validation Data: 0.09803024224475422
EarlyStopping counter: 7 out of 7
Early Stop
Load the best weight after training: /gpfs/fs7/grdi/genarcc/wp1/genomics_unit/IAV/Retrain/model_weight/transformer_esm/2_Channels_Protein_Host/transformer_esm_1.pt
Inference Test Time: 100.2965977191925
Inference Test Time: 1.8817965984344482
High Quality
0.970833723678633 0.9641270716461016 0.957992788934742 0.970833723678633 0.9438273463338851
              precision    recall  f1-score   support

           0       0.98      0.96      0.97      6241
           1       0.97      1.00      0.99      2543
           2       0.92      0.96      0.94      2512

    accuracy                           0.97     11296
   macro avg       0.96      0.97      0.96     11296
weighted avg       0.97      0.97      0.97     11296

Low Quality
0.9187396351575456 0.6264297830703429 0.642962962962963 0.9187396351575456 0.39581835513245167
              precision    recall  f1-score   support

           0       1.00      0.76      0.86       201
           1       0.89      1.00      0.94         8
           2       0.04      1.00      0.08         2

    accuracy                           0.77       211
   macro avg       0.64      0.92      0.63       211
weighted avg       0.99      0.77      0.86       211


High Quality Post 2020
                    mean       std       sem  count
Model                                              
transformer_esm  0.96971  0.007896  0.005583      2
                    mean       std       sem  count
Model                                              
transformer_esm  0.97326  0.003431  0.002426      2
                     mean     std       sem  count
Model                                             
transformer_esm  0.952737  0.0126  0.008909      2

Low Quality Post 2020
                     mean       std       sem  count
Model                                               
transformer_esm  0.660678  0.048434  0.034248      2
                     mean       std       sem  count
Model                                               
transformer_esm  0.944444  0.036352  0.025705      2
                     mean       std       sem  count
Model                                               
transformer_esm  0.490248  0.133543  0.094429      2
Saving Results
Fold: 2
Total Trainable Parameters:  7541517
Total Parameters:  7541517
----Epoch:1----
Training Time : 573.0867049694061
Val Infer Time: 31.988532781600952
BAS Score on Validation Data: 0.9455409609901672
Loss on Validation Data: 0.1729251220162991
Validation loss decreased (inf --> 0.172925).  Saving model ...
----Epoch:2----
Training Time : 573.1029887199402
Val Infer Time: 31.987736701965332
BAS Score on Validation Data: 0.9535894017611494
Loss on Validation Data: 0.13672388127419802
Validation loss decreased (0.172925 --> 0.136724).  Saving model ...
----Epoch:3----
Training Time : 573.0739271640778
Val Infer Time: 31.98676061630249
BAS Score on Validation Data: 0.9568464893101348
Loss on Validation Data: 0.13193218264959555
Validation loss decreased (0.136724 --> 0.131932).  Saving model ...
----Epoch:4----
Training Time : 573.105354309082
Val Infer Time: 31.984068393707275
BAS Score on Validation Data: 0.9591192026803338
Loss on Validation Data: 0.1319716905070617
EarlyStopping counter: 1 out of 7
----Epoch:5----
Training Time : 573.0469999313354
Val Infer Time: 31.985137224197388
BAS Score on Validation Data: 0.9595651337744102
Loss on Validation Data: 0.1264361280255613
Validation loss decreased (0.131932 --> 0.126436).  Saving model ...
----Epoch:6----
Training Time : 573.1076035499573
Val Infer Time: 31.98582935333252
BAS Score on Validation Data: 0.9591367500664214
Loss on Validation Data: 0.12889281205371417
EarlyStopping counter: 1 out of 7
----Epoch:7----
Training Time : 573.096593618393
Val Infer Time: 31.987011909484863
BAS Score on Validation Data: 0.9580873051310043
Loss on Validation Data: 0.12950337038630932
EarlyStopping counter: 2 out of 7
----Epoch:8----
Training Time : 573.0959713459015
Val Infer Time: 31.986449241638184
BAS Score on Validation Data: 0.964492696121905
Loss on Validation Data: 0.11793885505304927
Validation loss decreased (0.126436 --> 0.117939).  Saving model ...
----Epoch:9----
Training Time : 573.0573563575745
Val Infer Time: 31.98522639274597
BAS Score on Validation Data: 0.9604576332773441
Loss on Validation Data: 0.1165837165528694
Validation loss decreased (0.117939 --> 0.116584).  Saving model ...
----Epoch:10----
Training Time : 573.0851404666901
Val Infer Time: 31.986926555633545
BAS Score on Validation Data: 0.9663073606693069
Loss on Validation Data: 0.1075291211626171
Validation loss decreased (0.116584 --> 0.107529).  Saving model ...
----Epoch:11----
Training Time : 573.0997815132141
Val Infer Time: 31.986222505569458
BAS Score on Validation Data: 0.9658930087680112
Loss on Validation Data: 0.10186436956962652
Validation loss decreased (0.107529 --> 0.101864).  Saving model ...
----Epoch:12----
Training Time : 573.0829470157623
Val Infer Time: 31.987152576446533
BAS Score on Validation Data: 0.9615427949375938
Loss on Validation Data: 0.10805099833328112
EarlyStopping counter: 1 out of 7
----Epoch:13----
Training Time : 573.0885274410248
Val Infer Time: 31.982916593551636
BAS Score on Validation Data: 0.9669896506288375
Loss on Validation Data: 0.10417993828258683
EarlyStopping counter: 2 out of 7
----Epoch:14----
Training Time : 573.0180077552795
Val Infer Time: 31.9804584980011
BAS Score on Validation Data: 0.9682049546558001
Loss on Validation Data: 0.10927902597241697
EarlyStopping counter: 3 out of 7
----Epoch:15----
Training Time : 572.9507534503937
Val Infer Time: 31.982429265975952
BAS Score on Validation Data: 0.9664942827263343
Loss on Validation Data: 0.10205738628860068
EarlyStopping counter: 4 out of 7
----Epoch:16----
Training Time : 572.9324719905853
Val Infer Time: 31.982182264328003
BAS Score on Validation Data: 0.9688384453350479
Loss on Validation Data: 0.09907245530491382
Validation loss decreased (0.101864 --> 0.099072).  Saving model ...
----Epoch:17----
Training Time : 572.9404032230377
Val Infer Time: 31.981619119644165
BAS Score on Validation Data: 0.9649245954092883
Loss on Validation Data: 0.10575380842242621
EarlyStopping counter: 1 out of 7
----Epoch:18----
Training Time : 572.9360888004303
Val Infer Time: 31.980385065078735
BAS Score on Validation Data: 0.9646107201198085
Loss on Validation Data: 0.10973141995151486
EarlyStopping counter: 2 out of 7
----Epoch:19----
Training Time : 572.9530518054962
Val Infer Time: 31.981088638305664
BAS Score on Validation Data: 0.9661146985119912
Loss on Validation Data: 0.10806804895401001
EarlyStopping counter: 3 out of 7
----Epoch:20----
Training Time : 572.9408791065216
Val Infer Time: 31.979057788848877
BAS Score on Validation Data: 0.9690183515954102
Loss on Validation Data: 0.09690559859824392
Validation loss decreased (0.099072 --> 0.096906).  Saving model ...
----Epoch:21----
Training Time : 572.9752962589264
Val Infer Time: 31.980580806732178
BAS Score on Validation Data: 0.9686534367159042
Loss on Validation Data: 0.10722295003654682
EarlyStopping counter: 1 out of 7
----Epoch:22----
Training Time : 572.9529118537903
Val Infer Time: 31.977288007736206
BAS Score on Validation Data: 0.9687972995929371
Loss on Validation Data: 0.10097410140839298
EarlyStopping counter: 2 out of 7
----Epoch:23----
Training Time : 572.9602251052856
Val Infer Time: 31.98239278793335
BAS Score on Validation Data: 0.9686033617392447
Loss on Validation Data: 0.1071614992302076
EarlyStopping counter: 3 out of 7
----Epoch:24----
Training Time : 572.9487104415894
Val Infer Time: 31.977007389068604
BAS Score on Validation Data: 0.9692540729327205
Loss on Validation Data: 0.10188569168073941
EarlyStopping counter: 4 out of 7
----Epoch:25----
Training Time : 572.9279363155365
Val Infer Time: 31.98031783103943
BAS Score on Validation Data: 0.9689370087223429
Loss on Validation Data: 0.10099462861508395
EarlyStopping counter: 5 out of 7
----Epoch:26----
Training Time : 572.9663517475128
Val Infer Time: 31.978494882583618
BAS Score on Validation Data: 0.967115328378276
Loss on Validation Data: 0.10932166940343063
EarlyStopping counter: 6 out of 7
----Epoch:27----
Training Time : 572.9399018287659
Val Infer Time: 31.982712030410767
BAS Score on Validation Data: 0.9699944182789423
Loss on Validation Data: 0.10820577946384397
EarlyStopping counter: 7 out of 7
Early Stop
Load the best weight after training: /gpfs/fs7/grdi/genarcc/wp1/genomics_unit/IAV/Retrain/model_weight/transformer_esm/2_Channels_Protein_Host/transformer_esm_2.pt
Inference Test Time: 100.28268575668335
Inference Test Time: 1.8812706470489502
High Quality
0.977768844867711 0.9750479800826731 0.9724485220771997 0.977768844867711 0.9611905629146146
              precision    recall  f1-score   support

           0       0.99      0.97      0.98      6241
           1       0.97      1.00      0.99      2543
           2       0.96      0.96      0.96      2512

    accuracy                           0.98     11296
   macro avg       0.97      0.98      0.98     11296
weighted avg       0.98      0.98      0.98     11296

Low Quality
0.9850746268656717 0.7405145603618886 0.6507936507936507 0.9850746268656717 0.7127964585775914
              precision    recall  f1-score   support

           0       1.00      0.96      0.98       201
           1       0.67      1.00      0.80         8
           2       0.29      1.00      0.44         2

    accuracy                           0.96       211
   macro avg       0.65      0.99      0.74       211
weighted avg       0.98      0.96      0.97       211


High Quality Post 2020
                    mean       std       sem  count
Model                                              
transformer_esm  0.97149  0.006377  0.003682      3
                     mean       std       sem  count
Model                                               
transformer_esm  0.974763  0.003559  0.002055      3
                     mean       std       sem  count
Model                                               
transformer_esm  0.955555  0.010159  0.005865      3

Low Quality Post 2020
                    mean       std       sem  count
Model                                              
transformer_esm  0.68729  0.057424  0.033154      3
                     mean     std       sem  count
Model                                             
transformer_esm  0.957988  0.0348  0.020092      3
                     mean       std       sem  count
Model                                               
transformer_esm  0.564431  0.159456  0.092062      3
Saving Results
Fold: 3
Total Trainable Parameters:  7541517
Total Parameters:  7541517
----Epoch:1----
Training Time : 572.9586889743805
Val Infer Time: 31.980036735534668
BAS Score on Validation Data: 0.9363715948805571
Loss on Validation Data: 0.19865461366366496
Validation loss decreased (inf --> 0.198655).  Saving model ...
----Epoch:2----
Training Time : 572.9233016967773
Val Infer Time: 31.978069067001343
BAS Score on Validation Data: 0.9552573556983533
Loss on Validation Data: 0.1526865494989716
Validation loss decreased (0.198655 --> 0.152687).  Saving model ...
----Epoch:3----
Training Time : 572.9176058769226
Val Infer Time: 31.979525566101074
BAS Score on Validation Data: 0.9569773970741361
Loss on Validation Data: 0.13715075180593844
Validation loss decreased (0.152687 --> 0.137151).  Saving model ...
----Epoch:4----
Training Time : 572.9154019355774
Val Infer Time: 31.976943969726562
BAS Score on Validation Data: 0.9613357091825231
Loss on Validation Data: 0.12450045188971326
Validation loss decreased (0.137151 --> 0.124500).  Saving model ...
----Epoch:5----
Training Time : 572.9297075271606
Val Infer Time: 31.978654146194458
BAS Score on Validation Data: 0.9595002451020314
Loss on Validation Data: 0.13060314887392838
EarlyStopping counter: 1 out of 7
----Epoch:6----
Training Time : 572.9198033809662
Val Infer Time: 31.981197834014893
BAS Score on Validation Data: 0.9632986713991376
Loss on Validation Data: 0.1302994120437487
EarlyStopping counter: 2 out of 7
----Epoch:7----
Training Time : 572.9588842391968
Val Infer Time: 31.981942653656006
BAS Score on Validation Data: 0.9587634454569217
Loss on Validation Data: 0.12736050956017148
EarlyStopping counter: 3 out of 7
----Epoch:8----
Training Time : 572.959456205368
Val Infer Time: 31.979628324508667
BAS Score on Validation Data: 0.9616139810233438
Loss on Validation Data: 0.11820770575936916
Validation loss decreased (0.124500 --> 0.118208).  Saving model ...
----Epoch:9----
Training Time : 572.9412031173706
Val Infer Time: 31.981908559799194
BAS Score on Validation Data: 0.962921393104054
Loss on Validation Data: 0.1148864294575379
Validation loss decreased (0.118208 --> 0.114886).  Saving model ...
----Epoch:10----
Training Time : 572.9445478916168
Val Infer Time: 31.981200456619263
BAS Score on Validation Data: 0.9614536544425701
Loss on Validation Data: 0.11930776908334377
EarlyStopping counter: 1 out of 7
----Epoch:11----
Training Time : 572.9458351135254
Val Infer Time: 31.98085594177246
BAS Score on Validation Data: 0.9622717035968854
Loss on Validation Data: 0.11239689641294226
Validation loss decreased (0.114886 --> 0.112397).  Saving model ...
----Epoch:12----
Training Time : 572.9533779621124
Val Infer Time: 31.977148294448853
BAS Score on Validation Data: 0.9575724507140722
Loss on Validation Data: 0.12482265877512704
EarlyStopping counter: 1 out of 7
----Epoch:13----
Training Time : 572.9349200725555
Val Infer Time: 31.983381748199463
BAS Score on Validation Data: 0.9623482581131156
Loss on Validation Data: 0.11993779176104385
EarlyStopping counter: 2 out of 7
----Epoch:14----
Training Time : 572.9712710380554
Val Infer Time: 31.980260610580444
BAS Score on Validation Data: 0.9651860777889151
Loss on Validation Data: 0.1076901275499732
Validation loss decreased (0.112397 --> 0.107690).  Saving model ...
----Epoch:15----
Training Time : 572.9651918411255
Val Infer Time: 31.981132984161377
BAS Score on Validation Data: 0.962344920039718
Loss on Validation Data: 0.1185892213762334
EarlyStopping counter: 1 out of 7
----Epoch:16----
Training Time : 572.9558770656586
Val Infer Time: 31.978476524353027
BAS Score on Validation Data: 0.9647982398158792
Loss on Validation Data: 0.10566128829939175
Validation loss decreased (0.107690 --> 0.105661).  Saving model ...
----Epoch:17----
Training Time : 572.9379482269287
Val Infer Time: 31.98041033744812
BAS Score on Validation Data: 0.9630168864260688
Loss on Validation Data: 0.10977003162941046
EarlyStopping counter: 1 out of 7
----Epoch:18----
Training Time : 572.94597697258
Val Infer Time: 31.98224711418152
BAS Score on Validation Data: 0.96554207789421
Loss on Validation Data: 0.10402026785685953
Validation loss decreased (0.105661 --> 0.104020).  Saving model ...
----Epoch:19----
Training Time : 572.9414882659912
Val Infer Time: 31.985864877700806
BAS Score on Validation Data: 0.9674306539759896
Loss on Validation Data: 0.11372851797964721
EarlyStopping counter: 1 out of 7
----Epoch:20----
Training Time : 572.9689104557037
Val Infer Time: 31.98313045501709
BAS Score on Validation Data: 0.966175176092082
Loss on Validation Data: 0.10798898906306884
EarlyStopping counter: 2 out of 7
----Epoch:21----
Training Time : 572.9601454734802
Val Infer Time: 31.982805013656616
BAS Score on Validation Data: 0.965672918159972
Loss on Validation Data: 0.10895357524926684
EarlyStopping counter: 3 out of 7
----Epoch:22----
Training Time : 573.0177311897278
Val Infer Time: 31.983740091323853
BAS Score on Validation Data: 0.9645340407852588
Loss on Validation Data: 0.10596618636519509
EarlyStopping counter: 4 out of 7
----Epoch:23----
Training Time : 572.9817485809326
Val Infer Time: 31.98188805580139
BAS Score on Validation Data: 0.9638739707152298
Loss on Validation Data: 0.11980439188469828
EarlyStopping counter: 5 out of 7
----Epoch:24----
Training Time : 573.002560377121
Val Infer Time: 31.98189401626587
BAS Score on Validation Data: 0.9681674536210995
Loss on Validation Data: 0.11276465984044877
EarlyStopping counter: 6 out of 7
----Epoch:25----
Training Time : 572.973165512085
Val Infer Time: 31.982468843460083
BAS Score on Validation Data: 0.9667622007218869
Loss on Validation Data: 0.11283009538872052
EarlyStopping counter: 7 out of 7
Early Stop
Load the best weight after training: /gpfs/fs7/grdi/genarcc/wp1/genomics_unit/IAV/Retrain/model_weight/transformer_esm/2_Channels_Protein_Host/transformer_esm_3.pt
Inference Test Time: 100.29095101356506
Inference Test Time: 1.8811829090118408
High Quality
0.9751467675902319 0.9698419235082721 0.9648681717892744 0.9751467675902319 0.9528924945134336
              precision    recall  f1-score   support

           0       0.99      0.96      0.98      6241
           1       0.97      1.00      0.99      2543
           2       0.93      0.96      0.95      2512

    accuracy                           0.97     11296
   macro avg       0.96      0.98      0.97     11296
weighted avg       0.97      0.97      0.97     11296

Low Quality
0.966832504145937 0.7047702152414194 0.6969696969696969 0.966832504145937 0.5655573216306669
              precision    recall  f1-score   support

           0       1.00      0.90      0.95       201
           1       1.00      1.00      1.00         8
           2       0.09      1.00      0.17         2

    accuracy                           0.91       211
   macro avg       0.70      0.97      0.70       211
weighted avg       0.99      0.91      0.94       211


High Quality Post 2020
                     mean       std       sem  count
Model                                               
transformer_esm  0.971078  0.005272  0.002636      4
                     mean       std       sem  count
Model                                               
transformer_esm  0.974859  0.002912  0.001456      4
                     mean       std     sem  count
Model                                             
transformer_esm  0.954889  0.008401  0.0042      4

Low Quality Post 2020
                    mean       std       sem  count
Model                                              
transformer_esm  0.69166  0.047694  0.023847      4
                     mean       std       sem  count
Model                                               
transformer_esm  0.960199  0.028756  0.014378      4
                     mean       std       sem  count
Model                                               
transformer_esm  0.564712  0.130197  0.065098      4
Saving Results
Fold: 4
Total Trainable Parameters:  7541517
Total Parameters:  7541517
----Epoch:1----
Training Time : 572.9634838104248
Val Infer Time: 31.980050086975098
BAS Score on Validation Data: 0.9454971683137886
Loss on Validation Data: 0.16329494408801593
Validation loss decreased (inf --> 0.163295).  Saving model ...
----Epoch:2----
Training Time : 572.9280862808228
Val Infer Time: 31.977604627609253
BAS Score on Validation Data: 0.9532660728024877
Loss on Validation Data: 0.145348945550159
Validation loss decreased (0.163295 --> 0.145349).  Saving model ...
----Epoch:3----
Training Time : 572.924750328064
Val Infer Time: 31.979684352874756
BAS Score on Validation Data: 0.953213959490593
Loss on Validation Data: 0.16419782891737678
EarlyStopping counter: 1 out of 7
----Epoch:4----
Training Time : 572.9255003929138
Val Infer Time: 31.97497034072876
BAS Score on Validation Data: 0.9531694097884708
Loss on Validation Data: 0.15216527997919943
EarlyStopping counter: 2 out of 7
----Epoch:5----
Training Time : 572.908894777298
Val Infer Time: 31.977389574050903
BAS Score on Validation Data: 0.9623814366754676
Loss on Validation Data: 0.12504364431431864
Validation loss decreased (0.145349 --> 0.125044).  Saving model ...
----Epoch:6----
Training Time : 572.9409394264221
Val Infer Time: 31.977221250534058
BAS Score on Validation Data: 0.9666159428950719
Loss on Validation Data: 0.11423207173305275
Validation loss decreased (0.125044 --> 0.114232).  Saving model ...
----Epoch:7----
Training Time : 572.9419667720795
Val Infer Time: 31.983286142349243
BAS Score on Validation Data: 0.9659051123764844
Loss on Validation Data: 0.11521527408498579
EarlyStopping counter: 1 out of 7
----Epoch:8----
Training Time : 572.9596464633942
Val Infer Time: 31.979721069335938
BAS Score on Validation Data: 0.9636652230699015
Loss on Validation Data: 0.11530242873504098
EarlyStopping counter: 2 out of 7
----Epoch:9----
Training Time : 572.9085988998413
Val Infer Time: 31.98003602027893
BAS Score on Validation Data: 0.9604397526486417
Loss on Validation Data: 0.1204813370662453
EarlyStopping counter: 3 out of 7
----Epoch:10----
Training Time : 572.9641816616058
Val Infer Time: 31.98194169998169
BAS Score on Validation Data: 0.9634834391842472
Loss on Validation Data: 0.12044794158597963
EarlyStopping counter: 4 out of 7
----Epoch:11----
Training Time : 572.9575319290161
Val Infer Time: 31.98249650001526
BAS Score on Validation Data: 0.9641473765604666
Loss on Validation Data: 0.11417927151232694
EarlyStopping counter: 5 out of 7
----Epoch:12----
Training Time : 573.0041644573212
Val Infer Time: 31.981781482696533
BAS Score on Validation Data: 0.9631571004528143
Loss on Validation Data: 0.12168305268329857
EarlyStopping counter: 6 out of 7
----Epoch:13----
Training Time : 572.9851250648499
Val Infer Time: 31.98041081428528
BAS Score on Validation Data: 0.9653298090041504
Loss on Validation Data: 0.11646459640654842
EarlyStopping counter: 7 out of 7
Early Stop
Load the best weight after training: /gpfs/fs7/grdi/genarcc/wp1/genomics_unit/IAV/Retrain/model_weight/transformer_esm/2_Channels_Protein_Host/transformer_esm_4.pt
Inference Test Time: 100.28173995018005
Inference Test Time: 1.8810908794403076
High Quality
0.9713927843596877 0.9694039921332444 0.9675318884690279 0.9713927843596877 0.9522246370320949
              precision    recall  f1-score   support

           0       0.98      0.97      0.98      6241
           1       0.97      1.00      0.99      2543
           2       0.95      0.94      0.95      2512

    accuracy                           0.97     11296
   macro avg       0.97      0.97      0.97     11296
weighted avg       0.97      0.97      0.97     11296

Low Quality
0.9767827529021559 0.6748411954597522 0.5904761904761905 0.9767827529021559 0.628331267648602
              precision    recall  f1-score   support

           0       1.00      0.93      0.96       201
           1       0.57      1.00      0.73         8
           2       0.20      1.00      0.33         2

    accuracy                           0.93       211
   macro avg       0.59      0.98      0.67       211
weighted avg       0.98      0.93      0.95       211


High Quality Post 2020
                     mean       std       sem  count
Model                                               
transformer_esm  0.970743  0.004627  0.002069      5
                     mean      std       sem  count
Model                                              
transformer_esm  0.974166  0.00296  0.001324      5
                     mean       std       sem  count
Model                                               
transformer_esm  0.954356  0.007372  0.003297      5

Low Quality Post 2020
                     mean       std       sem  count
Model                                               
transformer_esm  0.688296  0.041984  0.018776      5
                     mean       std      sem  count
Model                                              
transformer_esm  0.963516  0.025984  0.01162      5
                     mean       std       sem  count
Model                                               
transformer_esm  0.577436  0.116288  0.052005      5
Saving Results
Fold: 5
Total Trainable Parameters:  7541517
Total Parameters:  7541517
----Epoch:1----
Training Time : 572.9841160774231
Val Infer Time: 31.9835364818573
BAS Score on Validation Data: 0.943838614010884
Loss on Validation Data: 0.16854694670280523
Validation loss decreased (inf --> 0.168547).  Saving model ...
----Epoch:2----
Training Time : 572.9884595870972
Val Infer Time: 31.98384690284729
BAS Score on Validation Data: 0.9534136834926384
Loss on Validation Data: 0.14037101036679428
Validation loss decreased (0.168547 --> 0.140371).  Saving model ...
----Epoch:3----
Training Time : 573.0159029960632
Val Infer Time: 31.981870412826538
BAS Score on Validation Data: 0.9560638545978062
Loss on Validation Data: 0.13503644740687007
Validation loss decreased (0.140371 --> 0.135036).  Saving model ...
----Epoch:4----
Training Time : 572.9841287136078
Val Infer Time: 31.979586362838745
BAS Score on Validation Data: 0.9605930448524361
Loss on Validation Data: 0.12433073583957369
Validation loss decreased (0.135036 --> 0.124331).  Saving model ...
----Epoch:5----
Training Time : 572.9799785614014
Val Infer Time: 31.98200488090515
BAS Score on Validation Data: 0.9541776219562724
Loss on Validation Data: 0.1255533041152279
EarlyStopping counter: 1 out of 7
----Epoch:6----
Training Time : 572.9821825027466
Val Infer Time: 31.980443477630615
BAS Score on Validation Data: 0.9546054856410642
Loss on Validation Data: 0.12677839372010358
EarlyStopping counter: 2 out of 7
----Epoch:7----
Training Time : 573.018877029419
Val Infer Time: 31.984296321868896
BAS Score on Validation Data: 0.9612485990445822
Loss on Validation Data: 0.11455474385118063
Validation loss decreased (0.124331 --> 0.114555).  Saving model ...
----Epoch:8----
Training Time : 573.0393967628479
Val Infer Time: 31.979410886764526
BAS Score on Validation Data: 0.9613569873723117
Loss on Validation Data: 0.11234603202448482
Validation loss decreased (0.114555 --> 0.112346).  Saving model ...
----Epoch:9----
Training Time : 573.0007970333099
Val Infer Time: 31.983657836914062
BAS Score on Validation Data: 0.9649148362688319
Loss on Validation Data: 0.11339688617571266
EarlyStopping counter: 1 out of 7
----Epoch:10----
Training Time : 573.031091928482
Val Infer Time: 31.979093313217163
BAS Score on Validation Data: 0.9612733944228604
Loss on Validation Data: 0.11240234628187872
EarlyStopping counter: 2 out of 7
----Epoch:11----
Training Time : 572.9937417507172
Val Infer Time: 31.981828451156616
BAS Score on Validation Data: 0.9644609994012766
Loss on Validation Data: 0.11341280167081715
EarlyStopping counter: 3 out of 7
----Epoch:12----
Training Time : 573.0371291637421
Val Infer Time: 31.984021425247192
BAS Score on Validation Data: 0.9644893119680445
Loss on Validation Data: 0.10866957744665906
Validation loss decreased (0.112346 --> 0.108670).  Saving model ...
----Epoch:13----
Training Time : 572.9943583011627
Val Infer Time: 31.982978105545044
BAS Score on Validation Data: 0.9652308025498878
Loss on Validation Data: 0.10700068009638153
Validation loss decreased (0.108670 --> 0.107001).  Saving model ...
----Epoch:14----
Training Time : 573.0025434494019
Val Infer Time: 31.980509281158447
BAS Score on Validation Data: 0.9664003399878566
Loss on Validation Data: 0.10980424522298628
EarlyStopping counter: 1 out of 7
----Epoch:15----
Training Time : 572.9774167537689
Val Infer Time: 31.981843948364258
BAS Score on Validation Data: 0.9642688390090034
Loss on Validation Data: 0.10994133379607074
EarlyStopping counter: 2 out of 7
----Epoch:16----
Training Time : 572.9724726676941
Val Infer Time: 31.98053288459778
BAS Score on Validation Data: 0.9641003083592482
Loss on Validation Data: 0.10446543450904104
Validation loss decreased (0.107001 --> 0.104465).  Saving model ...
----Epoch:17----
Training Time : 572.9590866565704
Val Infer Time: 31.982788562774658
BAS Score on Validation Data: 0.9647933778765369
Loss on Validation Data: 0.11307803244717353
EarlyStopping counter: 1 out of 7
----Epoch:18----
Training Time : 572.961496591568
Val Infer Time: 31.97999358177185
BAS Score on Validation Data: 0.965618636466682
Loss on Validation Data: 0.11123619881351438
EarlyStopping counter: 2 out of 7
----Epoch:19----
Training Time : 572.9590935707092
Val Infer Time: 31.97859215736389
BAS Score on Validation Data: 0.9649904002081523
Loss on Validation Data: 0.11709104597041037
EarlyStopping counter: 3 out of 7
----Epoch:20----
Training Time : 572.9484767913818
Val Infer Time: 31.98248791694641
BAS Score on Validation Data: 0.9645930134152824
Loss on Validation Data: 0.11148786017325073
EarlyStopping counter: 4 out of 7
----Epoch:21----
Training Time : 572.9554307460785
Val Infer Time: 31.98038411140442
BAS Score on Validation Data: 0.967151208386925
Loss on Validation Data: 0.10435789243309898
EarlyStopping counter: 5 out of 7
----Epoch:22----
Training Time : 572.9525063037872
Val Infer Time: 31.982378005981445
BAS Score on Validation Data: 0.9680743037393307
Loss on Validation Data: 0.1093439813208791
EarlyStopping counter: 6 out of 7
----Epoch:23----
Training Time : 572.9626631736755
Val Infer Time: 31.979532957077026
BAS Score on Validation Data: 0.9647097849270856
Loss on Validation Data: 0.11548981044144757
EarlyStopping counter: 7 out of 7
Early Stop
Load the best weight after training: /gpfs/fs7/grdi/genarcc/wp1/genomics_unit/IAV/Retrain/model_weight/transformer_esm/2_Channels_Protein_Host/transformer_esm_5.pt
Inference Test Time: 100.2865719795227
Inference Test Time: 1.8811454772949219
High Quality
0.9750372893470818 0.9730590062440104 0.9712354013089107 0.9750372893470818 0.9586205700326935
              precision    recall  f1-score   support

           0       0.98      0.98      0.98      6241
           1       0.97      1.00      0.98      2543
           2       0.96      0.95      0.96      2512

    accuracy                           0.98     11296
   macro avg       0.97      0.98      0.97     11296
weighted avg       0.98      0.98      0.98     11296

Low Quality
0.9718076285240466 0.643059163059163 0.5568627450980392 0.9718076285240466 0.5879637625468983
              precision    recall  f1-score   support

           0       1.00      0.92      0.96       201
           1       0.47      1.00      0.64         8
           2       0.20      1.00      0.33         2

    accuracy                           0.92       211
   macro avg       0.56      0.97      0.64       211
weighted avg       0.97      0.92      0.94       211


High Quality Post 2020
                     mean       std       sem  count
Model                                               
transformer_esm  0.971129  0.004245  0.001733      6
                     mean       std       sem  count
Model                                               
transformer_esm  0.974311  0.002671  0.001091      6
                     mean      std       sem  count
Model                                              
transformer_esm  0.955067  0.00682  0.002784      6

Low Quality Post 2020
                     mean       std       sem  count
Model                                               
transformer_esm  0.680757  0.041847  0.017084      6
                     mean       std       sem  count
Model                                               
transformer_esm  0.964898  0.023486  0.009588      6
                     mean     std       sem  count
Model                                             
transformer_esm  0.579191  0.1041  0.042498      6
Saving Results
Fold: 6
Total Trainable Parameters:  7541517
Total Parameters:  7541517
----Epoch:1----
Training Time : 572.9464778900146
Val Infer Time: 31.984338760375977
BAS Score on Validation Data: 0.9389487327142257
Loss on Validation Data: 0.16791878759333517
Validation loss decreased (inf --> 0.167919).  Saving model ...
----Epoch:2----
Training Time : 572.9645702838898
Val Infer Time: 31.978925704956055
BAS Score on Validation Data: 0.920154964254921
Loss on Validation Data: 0.18891855256747356
EarlyStopping counter: 1 out of 7
----Epoch:3----
Training Time : 572.9432861804962
Val Infer Time: 31.979831218719482
BAS Score on Validation Data: 0.9614288509518086
Loss on Validation Data: 0.11490683639998985
Validation loss decreased (0.167919 --> 0.114907).  Saving model ...
----Epoch:4----
Training Time : 572.964555978775
Val Infer Time: 31.977024793624878
BAS Score on Validation Data: 0.9618709665618929
Loss on Validation Data: 0.11530593855191121
EarlyStopping counter: 1 out of 7
----Epoch:5----
Training Time : 572.8959167003632
Val Infer Time: 31.976905822753906
BAS Score on Validation Data: 0.9613321879377917
Loss on Validation Data: 0.11455126568279435
EarlyStopping counter: 2 out of 7
----Epoch:6----
Training Time : 572.9441816806793
Val Infer Time: 31.980037450790405
BAS Score on Validation Data: 0.9623837801157135
Loss on Validation Data: 0.10788276765198834
Validation loss decreased (0.114907 --> 0.107883).  Saving model ...
----Epoch:7----
Training Time : 572.9421429634094
Val Infer Time: 31.978832721710205
BAS Score on Validation Data: 0.960516486279964
Loss on Validation Data: 0.1057950437596414
Validation loss decreased (0.107883 --> 0.105795).  Saving model ...
----Epoch:8----
Training Time : 572.9620478153229
Val Infer Time: 31.980871200561523
BAS Score on Validation Data: 0.962534728879262
Loss on Validation Data: 0.10680070387578644
EarlyStopping counter: 1 out of 7
----Epoch:9----
Training Time : 572.9154472351074
Val Infer Time: 31.98132085800171
BAS Score on Validation Data: 0.9695076900902189
Loss on Validation Data: 0.10197425046853259
Validation loss decreased (0.105795 --> 0.101974).  Saving model ...
----Epoch:10----
Training Time : 573.0053331851959
Val Infer Time: 31.978800535202026
BAS Score on Validation Data: 0.9688333762073807
Loss on Validation Data: 0.10360508365968688
EarlyStopping counter: 1 out of 7
----Epoch:11----
Training Time : 572.9310278892517
Val Infer Time: 31.977216243743896
BAS Score on Validation Data: 0.9646519819890642
Loss on Validation Data: 0.10191606103846457
EarlyStopping counter: 2 out of 7
----Epoch:12----
Training Time : 572.9444868564606
Val Infer Time: 31.979087591171265
BAS Score on Validation Data: 0.9653180877466793
Loss on Validation Data: 0.09875798541887672
Validation loss decreased (0.101974 --> 0.098758).  Saving model ...
----Epoch:13----
Training Time : 572.9507336616516
Val Infer Time: 31.977475881576538
BAS Score on Validation Data: 0.9641698284984991
Loss on Validation Data: 0.10841845463862461
EarlyStopping counter: 1 out of 7
----Epoch:14----
Training Time : 572.9629497528076
Val Infer Time: 31.978999137878418
BAS Score on Validation Data: 0.9690044334687156
Loss on Validation Data: 0.09356565180078016
Validation loss decreased (0.098758 --> 0.093566).  Saving model ...
----Epoch:15----
Training Time : 572.9478557109833
Val Infer Time: 31.9776554107666
BAS Score on Validation Data: 0.976108410004285
Loss on Validation Data: 0.09007515158273477
Validation loss decreased (0.093566 --> 0.090075).  Saving model ...
----Epoch:16----
Training Time : 572.9365923404694
Val Infer Time: 31.9767746925354
BAS Score on Validation Data: 0.970005261141837
Loss on Validation Data: 0.09999859122048436
EarlyStopping counter: 1 out of 7
----Epoch:17----
Training Time : 572.9594945907593
Val Infer Time: 31.98225736618042
BAS Score on Validation Data: 0.9693969583222434
Loss on Validation Data: 0.09287011465140149
EarlyStopping counter: 2 out of 7
----Epoch:18----
Training Time : 572.9357724189758
Val Infer Time: 31.978832483291626
BAS Score on Validation Data: 0.9719492886089088
Loss on Validation Data: 0.09655234613249787
EarlyStopping counter: 3 out of 7
----Epoch:19----
Training Time : 572.9608824253082
Val Infer Time: 31.98038625717163
BAS Score on Validation Data: 0.9707598217882456
Loss on Validation Data: 0.0974927810968551
EarlyStopping counter: 4 out of 7
----Epoch:20----
Training Time : 572.9530589580536
Val Infer Time: 31.979567050933838
BAS Score on Validation Data: 0.9652803892502027
Loss on Validation Data: 0.09397021278870844
EarlyStopping counter: 5 out of 7
----Epoch:21----
Training Time : 572.9845836162567
Val Infer Time: 31.97889757156372
BAS Score on Validation Data: 0.9697377159253358
Loss on Validation Data: 0.09067221500177298
EarlyStopping counter: 6 out of 7
----Epoch:22----
Training Time : 572.9314184188843
Val Infer Time: 31.978708744049072
BAS Score on Validation Data: 0.9692967740634951
Loss on Validation Data: 0.09593893534841791
EarlyStopping counter: 7 out of 7
Early Stop
Load the best weight after training: /gpfs/fs7/grdi/genarcc/wp1/genomics_unit/IAV/Retrain/model_weight/transformer_esm/2_Channels_Protein_Host/transformer_esm_6.pt
Inference Test Time: 100.2755184173584
Inference Test Time: 1.8808717727661133
High Quality
0.9789422117984693 0.9766374863506293 0.9744603245906805 0.9789422117984693 0.9639827285908716
              precision    recall  f1-score   support

           0       0.99      0.98      0.98      6241
           1       0.97      1.00      0.99      2543
           2       0.96      0.96      0.96      2512

    accuracy                           0.98     11296
   macro avg       0.97      0.98      0.98     11296
weighted avg       0.98      0.98      0.98     11296

Low Quality
0.9834162520729685 0.7339208410636981 0.6349206349206349 0.9834162520729685 0.6926507798619476
              precision    recall  f1-score   support

           0       1.00      0.95      0.97       201
           1       0.57      1.00      0.73         8
           2       0.33      1.00      0.50         2

    accuracy                           0.95       211
   macro avg       0.63      0.98      0.73       211
weighted avg       0.98      0.95      0.96       211


High Quality Post 2020
                     mean       std       sem  count
Model                                               
transformer_esm  0.971916  0.004399  0.001663      7
                     mean       std       sem  count
Model                                               
transformer_esm  0.974973  0.003002  0.001135      7
                     mean       std       sem  count
Model                                               
transformer_esm  0.956341  0.007079  0.002676      7

Low Quality Post 2020
                     mean       std       sem  count
Model                                               
transformer_esm  0.688352  0.043164  0.016314      7
                     mean       std       sem  count
Model                                               
transformer_esm  0.967543  0.022553  0.008524      7
                     mean       std       sem  count
Model                                               
transformer_esm  0.595399  0.104258  0.039406      7
Saving Results
Fold: 7
Total Trainable Parameters:  7541517
Total Parameters:  7541517
----Epoch:1----
Training Time : 572.9295544624329
Val Infer Time: 31.970787048339844
BAS Score on Validation Data: 0.9536510080551658
Loss on Validation Data: 0.150732453417989
Validation loss decreased (inf --> 0.150732).  Saving model ...
----Epoch:2----
Training Time : 572.8416450023651
Val Infer Time: 31.9721839427948
BAS Score on Validation Data: 0.9630274448016826
Loss on Validation Data: 0.12728798310313605
Validation loss decreased (0.150732 --> 0.127288).  Saving model ...
----Epoch:3----
Training Time : 572.9784119129181
Val Infer Time: 31.971765756607056
BAS Score on Validation Data: 0.9591095196077273
Loss on Validation Data: 0.13423148667917842
EarlyStopping counter: 1 out of 7
----Epoch:4----
Training Time : 572.9707534313202
Val Infer Time: 31.969209671020508
BAS Score on Validation Data: 0.9605099916989993
Loss on Validation Data: 0.13304234052126387
EarlyStopping counter: 2 out of 7
----Epoch:5----
Training Time : 572.9752178192139
Val Infer Time: 31.974671363830566
BAS Score on Validation Data: 0.9662777518180911
Loss on Validation Data: 0.10804760587953888
Validation loss decreased (0.127288 --> 0.108048).  Saving model ...
----Epoch:6----
Training Time : 572.9557480812073
Val Infer Time: 31.967313528060913
BAS Score on Validation Data: 0.9677404197019784
Loss on Validation Data: 0.11195856253657721
EarlyStopping counter: 1 out of 7
----Epoch:7----
Training Time : 572.9435613155365
Val Infer Time: 31.97031283378601
BAS Score on Validation Data: 0.9656671055582514
Loss on Validation Data: 0.11533300697276022
EarlyStopping counter: 2 out of 7
----Epoch:8----
Training Time : 572.9652678966522
Val Infer Time: 31.968422889709473
BAS Score on Validation Data: 0.9633940677633394
Loss on Validation Data: 0.12637667450229678
EarlyStopping counter: 3 out of 7
----Epoch:9----
Training Time : 572.9319045543671
Val Infer Time: 31.97077178955078
BAS Score on Validation Data: 0.9671043372537914
Loss on Validation Data: 0.10178249362295708
Validation loss decreased (0.108048 --> 0.101782).  Saving model ...
----Epoch:10----
Training Time : 572.9404082298279
Val Infer Time: 31.968119859695435
BAS Score on Validation Data: 0.9650827410311461
Loss on Validation Data: 0.1225772022673514
EarlyStopping counter: 1 out of 7
----Epoch:11----
Training Time : 572.9260675907135
Val Infer Time: 31.971862077713013
BAS Score on Validation Data: 0.9700607460300716
Loss on Validation Data: 0.10902345206885211
EarlyStopping counter: 2 out of 7
----Epoch:12----
Training Time : 572.9820837974548
Val Infer Time: 31.972460508346558
BAS Score on Validation Data: 0.9706569176296135
Loss on Validation Data: 0.10201520281555378
EarlyStopping counter: 3 out of 7
----Epoch:13----
Training Time : 572.9555938243866
Val Infer Time: 31.9752414226532
BAS Score on Validation Data: 0.9735984086786282
Loss on Validation Data: 0.10021034384195783
Validation loss decreased (0.101782 --> 0.100210).  Saving model ...
----Epoch:14----
Training Time : 572.9665672779083
Val Infer Time: 31.971884965896606
BAS Score on Validation Data: 0.957905420393587
Loss on Validation Data: 0.14114189807292635
EarlyStopping counter: 1 out of 7
----Epoch:15----
Training Time : 572.9565410614014
Val Infer Time: 31.97164225578308
BAS Score on Validation Data: 0.9725689889369137
Loss on Validation Data: 0.10196098606143378
EarlyStopping counter: 2 out of 7
----Epoch:16----
Training Time : 572.9568328857422
Val Infer Time: 31.972566604614258
BAS Score on Validation Data: 0.9724055922908595
Loss on Validation Data: 0.09911098496048851
Validation loss decreased (0.100210 --> 0.099111).  Saving model ...
----Epoch:17----
Training Time : 572.9271914958954
Val Infer Time: 31.971304416656494
BAS Score on Validation Data: 0.9750049803109125
Loss on Validation Data: 0.09791471736621013
Validation loss decreased (0.099111 --> 0.097915).  Saving model ...
----Epoch:18----
Training Time : 572.9740343093872
Val Infer Time: 31.972269535064697
BAS Score on Validation Data: 0.9732212567880586
Loss on Validation Data: 0.10538495325409206
EarlyStopping counter: 1 out of 7
----Epoch:19----
Training Time : 572.9393320083618
Val Infer Time: 31.972463369369507
BAS Score on Validation Data: 0.9670938187927091
Loss on Validation Data: 0.11473851472930571
EarlyStopping counter: 2 out of 7
----Epoch:20----
Training Time : 572.9708368778229
Val Infer Time: 31.975740909576416
BAS Score on Validation Data: 0.969509235965398
Loss on Validation Data: 0.10316610151687555
EarlyStopping counter: 3 out of 7
----Epoch:21----
Training Time : 572.9609348773956
Val Infer Time: 31.96913170814514
BAS Score on Validation Data: 0.9725265218012217
Loss on Validation Data: 0.10221196803371463
EarlyStopping counter: 4 out of 7
----Epoch:22----
Training Time : 572.9696724414825
Val Infer Time: 31.973851919174194
BAS Score on Validation Data: 0.9715794800438445
Loss on Validation Data: 0.11886284045413532
EarlyStopping counter: 5 out of 7
----Epoch:23----
Training Time : 572.9687478542328
Val Infer Time: 31.968920946121216
BAS Score on Validation Data: 0.9680671828723693
Loss on Validation Data: 0.11157444027145352
EarlyStopping counter: 6 out of 7
----Epoch:24----
Training Time : 572.9605975151062
Val Infer Time: 31.97289514541626
BAS Score on Validation Data: 0.9759717611930442
Loss on Validation Data: 0.10275809783323676
EarlyStopping counter: 7 out of 7
Early Stop
Load the best weight after training: /gpfs/fs7/grdi/genarcc/wp1/genomics_unit/IAV/Retrain/model_weight/transformer_esm/2_Channels_Protein_Host/transformer_esm_7.pt
Inference Test Time: 100.28787183761597
Inference Test Time: 1.8812789916992188
High Quality
0.9785958744314717 0.9763269784901957 0.9741716501904533 0.9785958744314717 0.9632343353388552
              precision    recall  f1-score   support

           0       0.99      0.98      0.98      6241
           1       0.97      1.00      0.99      2543
           2       0.96      0.96      0.96      2512

    accuracy                           0.98     11296
   macro avg       0.97      0.98      0.98     11296
weighted avg       0.98      0.98      0.98     11296

Low Quality
0.9235074626865671 0.6773537923144222 0.6944444444444445 0.9235074626865671 0.5267333285679998
              precision    recall  f1-score   support

           0       1.00      0.90      0.94       201
           1       1.00      0.88      0.93         8
           2       0.08      1.00      0.15         2

    accuracy                           0.90       211
   macro avg       0.69      0.92      0.68       211
weighted avg       0.99      0.90      0.94       211


High Quality Post 2020
                     mean       std       sem  count
Model                                               
transformer_esm  0.972467  0.004361  0.001542      8
                     mean      std       sem  count
Model                                              
transformer_esm  0.975425  0.00306  0.001082      8
                     mean       std       sem  count
Model                                               
transformer_esm  0.957202  0.006992  0.002472      8

Low Quality Post 2020
                     mean      std       sem  count
Model                                              
transformer_esm  0.686977  0.04015  0.014195      8
                     mean       std       sem  count
Model                                               
transformer_esm  0.962039  0.026046  0.009209      8
                     mean      std       sem  count
Model                                              
transformer_esm  0.586816  0.09953  0.035189      8
Saving Results
Fold: 8
Total Trainable Parameters:  7541517
Total Parameters:  7541517
----Epoch:1----
Training Time : 572.9378702640533
Val Infer Time: 31.967443466186523
BAS Score on Validation Data: 0.9543870165650218
Loss on Validation Data: 0.15562597339132192
Validation loss decreased (inf --> 0.155626).  Saving model ...
----Epoch:2----
Training Time : 572.8785955905914
Val Infer Time: 31.972110986709595
BAS Score on Validation Data: 0.9549017278141173
Loss on Validation Data: 0.13848846016731936
Validation loss decreased (0.155626 --> 0.138488).  Saving model ...INFO:root:Train epoch 8 in 572.967942 seconds
INFO:root:Train epoch 9 in 572.968023 seconds
INFO:root:Train epoch 10 in 573.002871 seconds
INFO:root:Train epoch 11 in 573.003444 seconds
INFO:root:Train epoch 12 in 572.986493 seconds
INFO:root:Train epoch 13 in 572.989120 seconds
INFO:root:Train epoch 14 in 573.009959 seconds
INFO:root:Train epoch 15 in 573.004393 seconds
INFO:root:Train epoch 16 in 573.024065 seconds
INFO:root:Train epoch 17 in 572.970519 seconds
INFO:root:Train epoch 18 in 572.991240 seconds
INFO:root:Train epoch 19 in 572.974793 seconds
INFO:root:Train epoch 20 in 572.994787 seconds
INFO:root:Finish training and load weight for prediction:/gpfs/fs7/grdi/genarcc/wp1/genomics_unit/IAV/Retrain/model_weight/transformer_esm/2_Channels_Protein_Host/transformer_esm_9.pt

----Epoch:3----
Training Time : 573.0424704551697
Val Infer Time: 31.970553874969482
BAS Score on Validation Data: 0.9498151919955057
Loss on Validation Data: 0.14055979410103991
EarlyStopping counter: 1 out of 7
----Epoch:4----
Training Time : 572.972188949585
Val Infer Time: 31.973088026046753
BAS Score on Validation Data: 0.9548027231675755
Loss on Validation Data: 0.13046207206439128
Validation loss decreased (0.138488 --> 0.130462).  Saving model ...
----Epoch:5----
Training Time : 573.0382323265076
Val Infer Time: 31.97166657447815
BAS Score on Validation Data: 0.9605526599839554
Loss on Validation Data: 0.12238270413559095
Validation loss decreased (0.130462 --> 0.122383).  Saving model ...
----Epoch:6----
Training Time : 572.9840774536133
Val Infer Time: 31.969825744628906
BAS Score on Validation Data: 0.9647721420008795
Loss on Validation Data: 0.11185205589353511
Validation loss decreased (0.122383 --> 0.111852).  Saving model ...
----Epoch:7----
Training Time : 573.0279805660248
Val Infer Time: 31.972814559936523
BAS Score on Validation Data: 0.9656032490086904
Loss on Validation Data: 0.11145880976609424
EarlyStopping counter: 1 out of 7
----Epoch:8----
Training Time : 572.9862906932831
Val Infer Time: 31.97444987297058
BAS Score on Validation Data: 0.96266384891701
Loss on Validation Data: 0.12229121443444649
EarlyStopping counter: 2 out of 7
----Epoch:9----
Training Time : 573.0441293716431
Val Infer Time: 31.972490549087524
BAS Score on Validation Data: 0.9653691447341964
Loss on Validation Data: 0.10759181575437562
Validation loss decreased (0.111852 --> 0.107592).  Saving model ...
----Epoch:10----
Training Time : 572.9905467033386
Val Infer Time: 31.971319437026978
BAS Score on Validation Data: 0.9668501318017079
Loss on Validation Data: 0.11294090906075671
EarlyStopping counter: 1 out of 7
----Epoch:11----
Training Time : 573.0407633781433
Val Infer Time: 31.971893072128296
BAS Score on Validation Data: 0.9657907122177724
Loss on Validation Data: 0.10276639065911285
Validation loss decreased (0.107592 --> 0.102766).  Saving model ...
----Epoch:12----
Training Time : 573.0058846473694
Val Infer Time: 31.970354557037354
BAS Score on Validation Data: 0.9669137824045086
Loss on Validation Data: 0.10800946787395309
EarlyStopping counter: 1 out of 7
----Epoch:13----
Training Time : 573.0102818012238
Val Infer Time: 31.97289490699768
BAS Score on Validation Data: 0.9658262144490473
Loss on Validation Data: 0.1117930955591455
EarlyStopping counter: 2 out of 7
----Epoch:14----
Training Time : 573.0319893360138
Val Infer Time: 31.970117330551147
BAS Score on Validation Data: 0.9685127903799318
Loss on Validation Data: 0.09741558042247739
Validation loss decreased (0.102766 --> 0.097416).  Saving model ...
----Epoch:15----
Training Time : 573.0135238170624
Val Infer Time: 31.973808765411377
BAS Score on Validation Data: 0.9662998491386848
Loss on Validation Data: 0.10126612460718745
EarlyStopping counter: 1 out of 7
----Epoch:16----
Training Time : 573.0267131328583
Val Infer Time: 31.975361824035645
BAS Score on Validation Data: 0.9682183759144234
Loss on Validation Data: 0.09994968429075933
EarlyStopping counter: 2 out of 7
----Epoch:17----
Training Time : 572.9876120090485
Val Infer Time: 31.971529960632324
BAS Score on Validation Data: 0.9689890245436863
Loss on Validation Data: 0.10242646747985773
EarlyStopping counter: 3 out of 7
----Epoch:18----
Training Time : 573.0101988315582
Val Infer Time: 31.973527193069458
BAS Score on Validation Data: 0.9672247618448037
Loss on Validation Data: 0.10711313823683072
EarlyStopping counter: 4 out of 7
----Epoch:19----
Training Time : 572.9906754493713
Val Infer Time: 31.973299980163574
BAS Score on Validation Data: 0.9690519342088176
Loss on Validation Data: 0.10703753422846836
EarlyStopping counter: 5 out of 7
----Epoch:20----
Training Time : 572.9864265918732
Val Infer Time: 31.97448420524597
BAS Score on Validation Data: 0.9690468834481174
Loss on Validation Data: 0.10207585225590562
EarlyStopping counter: 6 out of 7
----Epoch:21----
Training Time : 572.9632411003113
Val Infer Time: 31.975041151046753
BAS Score on Validation Data: 0.9660051382981085
Loss on Validation Data: 0.10794589239939124
EarlyStopping counter: 7 out of 7
Early Stop
Load the best weight after training: /gpfs/fs7/grdi/genarcc/wp1/genomics_unit/IAV/Retrain/model_weight/transformer_esm/2_Channels_Protein_Host/transformer_esm_8.pt
Inference Test Time: 100.28743505477905
Inference Test Time: 1.8816657066345215
High Quality
0.9681566185447567 0.9589750615832981 0.9509829936620452 0.9681566185447567 0.9356903024788935
              precision    recall  f1-score   support

           0       0.99      0.95      0.97      6241
           1       0.97      1.00      0.99      2543
           2       0.89      0.96      0.93      2512

    accuracy                           0.96     11296
   macro avg       0.95      0.97      0.96     11296
weighted avg       0.96      0.96      0.96     11296

Low Quality
0.9718076285240466 0.663712757830405 0.6 0.9718076285240466 0.5920370668410986
              precision    recall  f1-score   support

           0       1.00      0.92      0.96       201
           1       0.67      1.00      0.80         8
           2       0.13      1.00      0.24         2

    accuracy                           0.92       211
   macro avg       0.60      0.97      0.66       211
weighted avg       0.98      0.92      0.94       211


High Quality Post 2020
                     mean       std       sem  count
Model                                               
transformer_esm  0.970968  0.006072  0.002024      9
                     mean      std      sem  count
Model                                             
transformer_esm  0.974618  0.00375  0.00125      9
                     mean       std       sem  count
Model                                               
transformer_esm  0.954812  0.009706  0.003235      9

Low Quality Post 2020
                     mean      std       sem  count
Model                                              
transformer_esm  0.684392  0.03835  0.012783      9
                     mean      std       sem  count
Model                                              
transformer_esm  0.963124  0.02458  0.008193      9
                     mean       std       sem  count
Model                                               
transformer_esm  0.587396  0.093118  0.031039      9
Saving Results
Fold: 9
Total Trainable Parameters:  7541517
Total Parameters:  7541517
----Epoch:1----
Training Time : 572.9676012992859
Val Infer Time: 31.970637321472168
BAS Score on Validation Data: 0.9274401623756147
Loss on Validation Data: 0.24000610767212588
Validation loss decreased (inf --> 0.240006).  Saving model ...
----Epoch:2----
Training Time : 572.8775200843811
Val Infer Time: 31.9721200466156
BAS Score on Validation Data: 0.9515435079005116
Loss on Validation Data: 0.14701913204868283
Validation loss decreased (0.240006 --> 0.147019).  Saving model ...
----Epoch:3----
Training Time : 572.9957654476166
Val Infer Time: 31.9723858833313
BAS Score on Validation Data: 0.9512407022625166
Loss on Validation Data: 0.1397275439405863
Validation loss decreased (0.147019 --> 0.139728).  Saving model ...
----Epoch:4----
Training Time : 572.9725637435913
Val Infer Time: 31.9726459980011
BAS Score on Validation Data: 0.9586918439251142
Loss on Validation Data: 0.12582764688846285
Validation loss decreased (0.139728 --> 0.125828).  Saving model ...
----Epoch:5----
Training Time : 573.010169506073
Val Infer Time: 31.973870992660522
BAS Score on Validation Data: 0.9518489920175047
Loss on Validation Data: 0.14078788472487863
EarlyStopping counter: 1 out of 7
----Epoch:6----
Training Time : 573.0039775371552
Val Infer Time: 31.970932483673096
BAS Score on Validation Data: 0.9595863051606582
Loss on Validation Data: 0.12087002106472454
Validation loss decreased (0.125828 --> 0.120870).  Saving model ...
----Epoch:7----
Training Time : 572.9823756217957
Val Infer Time: 31.973291397094727
BAS Score on Validation Data: 0.9551082072845686
Loss on Validation Data: 0.12516730839172296
EarlyStopping counter: 1 out of 7
----Epoch:8----
Training Time : 572.967942237854
Val Infer Time: 31.97071623802185
BAS Score on Validation Data: 0.9503547803869931
Loss on Validation Data: 0.13362368018226287
EarlyStopping counter: 2 out of 7
----Epoch:9----
Training Time : 572.9680230617523
Val Infer Time: 31.97411322593689
BAS Score on Validation Data: 0.958295301771464
Loss on Validation Data: 0.12060604712604421
EarlyStopping counter: 3 out of 7
----Epoch:10----
Training Time : 573.0028705596924
Val Infer Time: 31.971506595611572
BAS Score on Validation Data: 0.9609544010858396
Loss on Validation Data: 0.11515425633540195
Validation loss decreased (0.120870 --> 0.115154).  Saving model ...
----Epoch:11----
Training Time : 573.0034444332123
Val Infer Time: 31.974449634552002
BAS Score on Validation Data: 0.9612323987640954
Loss on Validation Data: 0.11433112436691217
EarlyStopping counter: 1 out of 7
----Epoch:12----
Training Time : 572.9864933490753
Val Infer Time: 31.97236132621765
BAS Score on Validation Data: 0.961125151132601
Loss on Validation Data: 0.12855648783455909
EarlyStopping counter: 2 out of 7
----Epoch:13----
Training Time : 572.9891200065613
Val Infer Time: 31.973179817199707
BAS Score on Validation Data: 0.9622759251282614
Loss on Validation Data: 0.11034815395827842
Validation loss decreased (0.115154 --> 0.110348).  Saving model ...
----Epoch:14----
Training Time : 573.0099589824677
Val Infer Time: 31.97517228126526
BAS Score on Validation Data: 0.9619594503646646
Loss on Validation Data: 0.12333057781236362
EarlyStopping counter: 1 out of 7
----Epoch:15----
Training Time : 573.0043933391571
Val Infer Time: 31.974266052246094
BAS Score on Validation Data: 0.9617335890751231
Loss on Validation Data: 0.11104743762881356
EarlyStopping counter: 2 out of 7
----Epoch:16----
Training Time : 573.0240650177002
Val Infer Time: 31.971391916275024
BAS Score on Validation Data: 0.9611911048344508
Loss on Validation Data: 0.11952503988173156
EarlyStopping counter: 3 out of 7
----Epoch:17----
Training Time : 572.9705185890198
Val Infer Time: 31.971715211868286
BAS Score on Validation Data: 0.9638115788759517
Loss on Validation Data: 0.11739182841461317
EarlyStopping counter: 4 out of 7
----Epoch:18----
Training Time : 572.9912402629852
Val Infer Time: 31.973214864730835
BAS Score on Validation Data: 0.9636493681892108
Loss on Validation Data: 0.1100041164761096
EarlyStopping counter: 5 out of 7
----Epoch:19----
Training Time : 572.9747931957245
Val Infer Time: 31.97258758544922
BAS Score on Validation Data: 0.9603180321419785
Loss on Validation Data: 0.12393344107982332
EarlyStopping counter: 6 out of 7
----Epoch:20----
Training Time : 572.994786977768
Val Infer Time: 31.974172592163086
BAS Score on Validation Data: 0.9643814705504802
Loss on Validation Data: 0.10959571784576483
EarlyStopping counter: 7 out of 7
Early Stop
Load the best weight after training: /gpfs/fs7/grdi/genarcc/wp1/genomics_unit/IAV/Retrain/model_weight/transformer_esm/2_Channels_Protein_Host/transformer_esm_9.pt
Inference Test Time: 100.28402328491211
Inference Test Time: 1.880998134613037
High Quality
0.9738529316390094 0.9738569501770916 0.9740624862710511 0.9738529316390094 0.9594006359326906
              precision    recall  f1-score   support

           0       0.98      0.98      0.98      6241
           1       0.97      1.00      0.99      2543
           2       0.97      0.94      0.96      2512

    accuracy                           0.98     11296
   macro avg       0.97      0.97      0.97     11296
weighted avg       0.98      0.98      0.98     11296

Low Quality
0.9767827529021559 0.6744020211075344 0.5851851851851851 0.9767827529021559 0.627690705105285
              precision    recall  f1-score   support

           0       1.00      0.93      0.96       201
           1       0.53      1.00      0.70         8
           2       0.22      1.00      0.36         2

    accuracy                           0.93       211
   macro avg       0.59      0.98      0.67       211
weighted avg       0.97      0.93      0.95       211


High Quality Post 2020
                     mean       std       sem  count
Model                                               
transformer_esm  0.971257  0.005797  0.001833     10
                     mean       std       sem  count
Model                                               
transformer_esm  0.974541  0.003544  0.001121     10
                     mean       std      sem  count
Model                                              
transformer_esm  0.955271  0.009265  0.00293     10

Low Quality Post 2020
                     mean       std       sem  count
Model                                               
transformer_esm  0.683393  0.036294  0.011477     10
                    mean       std       sem  count
Model                                              
transformer_esm  0.96449  0.023574  0.007455     10
                     mean       std       sem  count
Model                                               
transformer_esm  0.591426  0.088712  0.028053     10
Saving Results
