warning: refusing to reload ordenv; ORDENV_SETUP already set
CUDA_VISIBLE_DEVICES=0
Tue Apr 22 17:25:49 2025       
+-----------------------------------------------------------------------------------------+
| NVIDIA-SMI 550.127.08             Driver Version: 550.127.08     CUDA Version: 12.4     |
|-----------------------------------------+------------------------+----------------------+
| GPU  Name                 Persistence-M | Bus-Id          Disp.A | Volatile Uncorr. ECC |
| Fan  Temp   Perf          Pwr:Usage/Cap |           Memory-Usage | GPU-Util  Compute M. |
|                                         |                        |               MIG M. |
|=========================================+========================+======================|
|   0  NVIDIA A100-SXM4-40GB          Off |   00000000:47:00.0 Off |                    0 |
| N/A   27C    P0             51W /  400W |       1MiB /  40960MiB |      0%      Default |
|                                         |                        |             Disabled |
+-----------------------------------------+------------------------+----------------------+
                                                                                         
+-----------------------------------------------------------------------------------------+
| Processes:                                                                              |
|  GPU   GI   CI        PID   Type   Process name                              GPU Memory |
|        ID   ID                                                               Usage      |
|=========================================================================================|
|  No running processes found                                                             |
+-----------------------------------------------------------------------------------------+
INFO:root:Fold: 0
/gpfs/fs7/grdi/genarcc/common/conda/miniconda3/envs/hai_pytorch/lib/python3.12/site-packages/esm/pretrained.py:70: FutureWarning: You are using `torch.load` with `weights_only=False` (the current default value), which uses the default pickle module implicitly. It is possible to construct malicious pickle data which will execute arbitrary code during unpickling (See https://github.com/pytorch/pytorch/blob/main/SECURITY.md#untrusted-models for more details). In a future release, the default value for `weights_only` will be flipped to `True`. This limits the functions that could be executed during unpickling. Arbitrary objects will no longer be allowed to be loaded via this mode unless they are explicitly allowlisted by the user via `torch.serialization.add_safe_globals`. We recommend you start setting `weights_only=True` for any use case where you don't have full control of the loaded file. Please open an issue on GitHub for any issues related to this experimental feature.
  model_data = torch.load(str(model_location), map_location="cpu")
/gpfs/fs7/grdi/genarcc/common/conda/miniconda3/envs/hai_pytorch/lib/python3.12/site-packages/esm/pretrained.py:74: FutureWarning: You are using `torch.load` with `weights_only=False` (the current default value), which uses the default pickle module implicitly. It is possible to construct malicious pickle data which will execute arbitrary code during unpickling (See https://github.com/pytorch/pytorch/blob/main/SECURITY.md#untrusted-models for more details). In a future release, the default value for `weights_only` will be flipped to `True`. This limits the functions that could be executed during unpickling. Arbitrary objects will no longer be allowed to be loaded via this mode unless they are explicitly allowlisted by the user via `torch.serialization.add_safe_globals`. We recommend you start setting `weights_only=True` for any use case where you don't have full control of the loaded file. Please open an issue on GitHub for any issues related to this experimental feature.
  regression_data = torch.load(regression_location, map_location="cpu")
INFO:root:Start Training Model
INFO:root:Train epoch 1 in 156.187039 seconds
INFO:root:Train epoch 2 in 155.332439 seconds
INFO:root:Train epoch 3 in 155.304996 seconds
INFO:root:Train epoch 4 in 155.559373 seconds
INFO:root:Train epoch 5 in 155.513694 seconds
INFO:root:Train epoch 6 in 155.545727 seconds
INFO:root:Train epoch 7 in 155.754608 seconds
INFO:root:Train epoch 8 in 155.829602 seconds
INFO:root:Train epoch 9 in 155.663688 seconds
INFO:root:Train epoch 10 in 155.558428 seconds
INFO:root:Train epoch 11 in 155.524597 seconds
INFO:root:Train epoch 12 in 155.487671 seconds
INFO:root:Train epoch 13 in 155.608376 seconds
INFO:root:Train epoch 14 in 155.636457 seconds
INFO:root:Train epoch 15 in 155.654514 seconds
INFO:root:Train epoch 16 in 155.576893 seconds
INFO:root:Train epoch 17 in 155.516619 seconds
INFO:root:Train epoch 18 in 155.681905 seconds
INFO:root:Train epoch 19 in 155.775301 seconds
INFO:root:Train epoch 20 in 155.745319 seconds
INFO:root:Train epoch 21 in 155.625352 seconds
INFO:root:Train epoch 22 in 155.477542 seconds
INFO:root:Train epoch 23 in 155.516783 seconds
INFO:root:Train epoch 24 in 155.625086 seconds
INFO:root:Train epoch 25 in 155.515285 seconds
INFO:root:Finish training and load weight for prediction:/gpfs/fs7/grdi/genarcc/wp1/genomics_unit/IAV/Revision_1/model_weight/transformer_esm/esm2_t6_8M_UR50D_weight/06_NA_Protein_Host/transformer_esm_0.pt
INFO:root:Fold: 1
/gpfs/fs7/grdi/genarcc/common/conda/miniconda3/envs/hai_pytorch/lib/python3.12/site-packages/esm/pretrained.py:70: FutureWarning: You are using `torch.load` with `weights_only=False` (the current default value), which uses the default pickle module implicitly. It is possible to construct malicious pickle data which will execute arbitrary code during unpickling (See https://github.com/pytorch/pytorch/blob/main/SECURITY.md#untrusted-models for more details). In a future release, the default value for `weights_only` will be flipped to `True`. This limits the functions that could be executed during unpickling. Arbitrary objects will no longer be allowed to be loaded via this mode unless they are explicitly allowlisted by the user via `torch.serialization.add_safe_globals`. We recommend you start setting `weights_only=True` for any use case where you don't have full control of the loaded file. Please open an issue on GitHub for any issues related to this experimental feature.
  model_data = torch.load(str(model_location), map_location="cpu")
/gpfs/fs7/grdi/genarcc/common/conda/miniconda3/envs/hai_pytorch/lib/python3.12/site-packages/esm/pretrained.py:74: FutureWarning: You are using `torch.load` with `weights_only=False` (the current default value), which uses the default pickle module implicitly. It is possible to construct malicious pickle data which will execute arbitrary code during unpickling (See https://github.com/pytorch/pytorch/blob/main/SECURITY.md#untrusted-models for more details). In a future release, the default value for `weights_only` will be flipped to `True`. This limits the functions that could be executed during unpickling. Arbitrary objects will no longer be allowed to be loaded via this mode unless they are explicitly allowlisted by the user via `torch.serialization.add_safe_globals`. We recommend you start setting `weights_only=True` for any use case where you don't have full control of the loaded file. Please open an issue on GitHub for any issues related to this experimental feature.
  regression_data = torch.load(regression_location, map_location="cpu")
INFO:root:Start Training Model
INFO:root:Train epoch 1 in 155.513730 seconds
INFO:root:Train epoch 2 in 155.609842 seconds
INFO:root:Train epoch 3 in 155.663409 seconds
INFO:root:Train epoch 4 in 155.435922 seconds
INFO:root:Train epoch 5 in 155.486481 seconds
INFO:root:Train epoch 6 in 155.437784 seconds
INFO:root:Train epoch 7 in 155.724028 seconds
INFO:root:Train epoch 8 in 155.649388 seconds
INFO:root:Train epoch 9 in 155.604782 seconds
INFO:root:Train epoch 10 in 155.442986 seconds
INFO:root:Train epoch 11 in 155.485605 seconds
INFO:root:Train epoch 12 in 155.504582 seconds
INFO:root:Train epoch 13 in 155.713041 seconds
INFO:root:Train epoch 14 in 155.648583 seconds
INFO:root:Train epoch 15 in 155.752596 seconds
INFO:root:Train epoch 16 in 155.683044 seconds
INFO:root:Train epoch 17 in 155.621024 seconds
INFO:root:Train epoch 18 in 155.520705 seconds
INFO:root:Train epoch 19 in 155.511716 seconds
INFO:root:Train epoch 20 in 155.677114 seconds
INFO:root:Train epoch 21 in 155.824777 seconds
INFO:root:Train epoch 22 in 155.649166 seconds
INFO:root:Train epoch 23 in 155.652122 seconds
INFO:root:Train epoch 24 in 155.688973 seconds
INFO:root:Train epoch 25 in 155.651017 seconds
INFO:root:Train epoch 26 in 155.600905 seconds
INFO:root:Train epoch 27 in 155.689863 seconds
INFO:root:Train epoch 28 in 155.557233 seconds
INFO:root:Train epoch 29 in 155.651701 seconds
INFO:root:Train epoch 30 in 155.567848 seconds
INFO:root:Train epoch 31 in 155.690372 seconds
INFO:root:Finish training and load weight for prediction:/gpfs/fs7/grdi/genarcc/wp1/genomics_unit/IAV/Revision_1/model_weight/transformer_esm/esm2_t6_8M_UR50D_weight/06_NA_Protein_Host/transformer_esm_1.pt
INFO:root:Fold: 2
/gpfs/fs7/grdi/genarcc/common/conda/miniconda3/envs/hai_pytorch/lib/python3.12/site-packages/esm/pretrained.py:70: FutureWarning: You are using `torch.load` with `weights_only=False` (the current default value), which uses the default pickle module implicitly. It is possible to construct malicious pickle data which will execute arbitrary code during unpickling (See https://github.com/pytorch/pytorch/blob/main/SECURITY.md#untrusted-models for more details). In a future release, the default value for `weights_only` will be flipped to `True`. This limits the functions that could be executed during unpickling. Arbitrary objects will no longer be allowed to be loaded via this mode unless they are explicitly allowlisted by the user via `torch.serialization.add_safe_globals`. We recommend you start setting `weights_only=True` for any use case where you don't have full control of the loaded file. Please open an issue on GitHub for any issues related to this experimental feature.
  model_data = torch.load(str(model_location), map_location="cpu")
/gpfs/fs7/grdi/genarcc/common/conda/miniconda3/envs/hai_pytorch/lib/python3.12/site-packages/esm/pretrained.py:74: FutureWarning: You are using `torch.load` with `weights_only=False` (the current default value), which uses the default pickle module implicitly. It is possible to construct malicious pickle data which will execute arbitrary code during unpickling (See https://github.com/pytorch/pytorch/blob/main/SECURITY.md#untrusted-models for more details). In a future release, the default value for `weights_only` will be flipped to `True`. This limits the functions that could be executed during unpickling. Arbitrary objects will no longer be allowed to be loaded via this mode unless they are explicitly allowlisted by the user via `torch.serialization.add_safe_globals`. We recommend you start setting `weights_only=True` for any use case where you don't have full control of the loaded file. Please open an issue on GitHub for any issues related to this experimental feature.
  regression_data = torch.load(regression_location, map_location="cpu")
INFO:root:Start Training Model
INFO:root:Train epoch 1 in 155.609482 seconds
INFO:root:Train epoch 2 in 155.634293 seconds
INFO:root:Train epoch 3 in 156.071828 seconds
INFO:root:Train epoch 4 in 155.925442 seconds
INFO:root:Train epoch 5 in 155.712953 seconds
INFO:root:Train epoch 6 in 155.367274 seconds
INFO:root:Train epoch 7 in 155.409305 seconds
INFO:root:Train epoch 8 in 155.389071 seconds
INFO:root:Train epoch 9 in 155.502737 seconds
INFO:root:Train epoch 10 in 155.343870 seconds
INFO:root:Train epoch 11 in 155.530195 seconds
INFO:root:Train epoch 12 in 155.396218 seconds
INFO:root:Train epoch 13 in 155.419889 seconds
INFO:root:Train epoch 14 in 155.484588 seconds
INFO:root:Train epoch 15 in 155.541378 seconds
INFO:root:Train epoch 16 in 155.497238 seconds
INFO:root:Train epoch 17 in 155.508509 seconds
INFO:root:Train epoch 18 in 155.532018 seconds
INFO:root:Train epoch 19 in 155.638093 seconds
INFO:root:Train epoch 20 in 155.511649 seconds
INFO:root:Train epoch 21 in 155.511739 seconds
INFO:root:Train epoch 22 in 155.468573 seconds
INFO:root:Train epoch 23 in 155.553780 seconds
INFO:root:Train epoch 24 in 155.355504 seconds
INFO:root:Train epoch 25 in 155.377562 seconds
INFO:root:Train epoch 26 in 155.342996 seconds
INFO:root:Train epoch 27 in 155.354650 seconds
INFO:root:Train epoch 28 in 155.484338 seconds
INFO:root:Train epoch 29 in 155.734198 seconds
INFO:root:Train epoch 30 in 155.472615 seconds
INFO:root:Finish training and load weight for prediction:/gpfs/fs7/grdi/genarcc/wp1/genomics_unit/IAV/Revision_1/model_weight/transformer_esm/esm2_t6_8M_UR50D_weight/06_NA_Protein_Host/transformer_esm_2.pt
INFO:root:Fold: 3
/gpfs/fs7/grdi/genarcc/common/conda/miniconda3/envs/hai_pytorch/lib/python3.12/site-packages/esm/pretrained.py:70: FutureWarning: You are using `torch.load` with `weights_only=False` (the current default value), which uses the default pickle module implicitly. It is possible to construct malicious pickle data which will execute arbitrary code during unpickling (See https://github.com/pytorch/pytorch/blob/main/SECURITY.md#untrusted-models for more details). In a future release, the default value for `weights_only` will be flipped to `True`. This limits the functions that could be executed during unpickling. Arbitrary objects will no longer be allowed to be loaded via this mode unless they are explicitly allowlisted by the user via `torch.serialization.add_safe_globals`. We recommend you start setting `weights_only=True` for any use case where you don't have full control of the loaded file. Please open an issue on GitHub for any issues related to this experimental feature.
  model_data = torch.load(str(model_location), map_location="cpu")
/gpfs/fs7/grdi/genarcc/common/conda/miniconda3/envs/hai_pytorch/lib/python3.12/site-packages/esm/pretrained.py:74: FutureWarning: You are using `torch.load` with `weights_only=False` (the current default value), which uses the default pickle module implicitly. It is possible to construct malicious pickle data which will execute arbitrary code during unpickling (See https://github.com/pytorch/pytorch/blob/main/SECURITY.md#untrusted-models for more details). In a future release, the default value for `weights_only` will be flipped to `True`. This limits the functions that could be executed during unpickling. Arbitrary objects will no longer be allowed to be loaded via this mode unless they are explicitly allowlisted by the user via `torch.serialization.add_safe_globals`. We recommend you start setting `weights_only=True` for any use case where you don't have full control of the loaded file. Please open an issue on GitHub for any issues related to this experimental feature.
  regression_data = torch.load(regression_location, map_location="cpu")
INFO:root:Start Training Model
INFO:root:Train epoch 1 in 155.549184 seconds
INFO:root:Train epoch 2 in 155.594897 seconds
INFO:root:Train epoch 3 in 155.613035 seconds
INFO:root:Train epoch 4 in 155.586004 seconds
INFO:root:Train epoch 5 in 155.633466 seconds
INFO:root:Train epoch 6 in 155.583604 seconds
INFO:root:Train epoch 7 in 155.564293 seconds
INFO:root:Train epoch 8 in 155.531400 seconds
INFO:root:Train epoch 9 in 155.576279 seconds
INFO:root:Train epoch 10 in 155.538857 seconds
INFO:root:Train epoch 11 in 155.422641 seconds
INFO:root:Train epoch 12 in 155.492833 seconds
INFO:root:Train epoch 13 in 155.501442 seconds
INFO:root:Train epoch 14 in 155.467079 seconds
INFO:root:Train epoch 15 in 155.490832 seconds
INFO:root:Train epoch 16 in 155.475180 seconds
INFO:root:Train epoch 17 in 155.603102 seconds
INFO:root:Train epoch 18 in 155.587187 seconds
INFO:root:Train epoch 19 in 155.557071 seconds
INFO:root:Train epoch 20 in 155.499016 seconds
INFO:root:Train epoch 21 in 155.508674 seconds
INFO:root:Train epoch 22 in 155.521028 seconds
INFO:root:Train epoch 23 in 155.592334 seconds
INFO:root:Train epoch 24 in 155.529246 seconds
INFO:root:Finish training and load weight for prediction:/gpfs/fs7/grdi/genarcc/wp1/genomics_unit/IAV/Revision_1/model_weight/transformer_esm/esm2_t6_8M_UR50D_weight/06_NA_Protein_Host/transformer_esm_3.pt
INFO:root:Fold: 4
/gpfs/fs7/grdi/genarcc/common/conda/miniconda3/envs/hai_pytorch/lib/python3.12/site-packages/esm/pretrained.py:70: FutureWarning: You are using `torch.load` with `weights_only=False` (the current default value), which uses the default pickle module implicitly. It is possible to construct malicious pickle data which will execute arbitrary code during unpickling (See https://github.com/pytorch/pytorch/blob/main/SECURITY.md#untrusted-models for more details). In a future release, the default value for `weights_only` will be flipped to `True`. This limits the functions that could be executed during unpickling. Arbitrary objects will no longer be allowed to be loaded via this mode unless they are explicitly allowlisted by the user via `torch.serialization.add_safe_globals`. We recommend you start setting `weights_only=True` for any use case where you don't have full control of the loaded file. Please open an issue on GitHub for any issues related to this experimental feature.
  model_data = torch.load(str(model_location), map_location="cpu")
/gpfs/fs7/grdi/genarcc/common/conda/miniconda3/envs/hai_pytorch/lib/python3.12/site-packages/esm/pretrained.py:74: FutureWarning: You are using `torch.load` with `weights_only=False` (the current default value), which uses the default pickle module implicitly. It is possible to construct malicious pickle data which will execute arbitrary code during unpickling (See https://github.com/pytorch/pytorch/blob/main/SECURITY.md#untrusted-models for more details). In a future release, the default value for `weights_only` will be flipped to `True`. This limits the functions that could be executed during unpickling. Arbitrary objects will no longer be allowed to be loaded via this mode unless they are explicitly allowlisted by the user via `torch.serialization.add_safe_globals`. We recommend you start setting `weights_only=True` for any use case where you don't have full control of the loaded file. Please open an issue on GitHub for any issues related to this experimental feature.
  regression_data = torch.load(regression_location, map_location="cpu")
INFO:root:Start Training Model
INFO:root:Train epoch 1 in 155.530908 seconds
INFO:root:Train epoch 2 in 155.559148 seconds
INFO:root:Train epoch 3 in 155.630494 seconds
INFO:root:Train epoch 4 in 155.584266 seconds
INFO:root:Train epoch 5 in 155.563468 seconds
INFO:root:Train epoch 6 in 155.491775 seconds
INFO:root:Train epoch 7 in 155.572327 seconds
INFO:root:Train epoch 8 in 155.484077 seconds
INFO:root:Train epoch 9 in 155.461699 seconds
INFO:root:Train epoch 10 in 155.534688 seconds
INFO:root:Train epoch 11 in 155.623982 seconds
INFO:root:Train epoch 12 in 155.485346 seconds
INFO:root:Train epoch 13 in 155.459040 seconds
INFO:root:Train epoch 14 in 155.434410 seconds
INFO:root:Train epoch 15 in 155.475249 seconds
INFO:root:Train epoch 16 in 155.409456 seconds
INFO:root:Finish training and load weight for prediction:/gpfs/fs7/grdi/genarcc/wp1/genomics_unit/IAV/Revision_1/model_weight/transformer_esm/esm2_t6_8M_UR50D_weight/06_NA_Protein_Host/transformer_esm_4.pt
INFO:root:Fold: 5
/gpfs/fs7/grdi/genarcc/common/conda/miniconda3/envs/hai_pytorch/lib/python3.12/site-packages/esm/pretrained.py:70: FutureWarning: You are using `torch.load` with `weights_only=False` (the current default value), which uses the default pickle module implicitly. It is possible to construct malicious pickle data which will execute arbitrary code during unpickling (See https://github.com/pytorch/pytorch/blob/main/SECURITY.md#untrusted-models for more details). In a future release, the default value for `weights_only` will be flipped to `True`. This limits the functions that could be executed during unpickling. Arbitrary objects will no longer be allowed to be loaded via this mode unless they are explicitly allowlisted by the user via `torch.serialization.add_safe_globals`. We recommend you start setting `weights_only=True` for any use case where you don't have full control of the loaded file. Please open an issue on GitHub for any issues related to this experimental feature.
  model_data = torch.load(str(model_location), map_location="cpu")
/gpfs/fs7/grdi/genarcc/common/conda/miniconda3/envs/hai_pytorch/lib/python3.12/site-packages/esm/pretrained.py:74: FutureWarning: You are using `torch.load` with `weights_only=False` (the current default value), which uses the default pickle module implicitly. It is possible to construct malicious pickle data which will execute arbitrary code during unpickling (See https://github.com/pytorch/pytorch/blob/main/SECURITY.md#untrusted-models for more details). In a future release, the default value for `weights_only` will be flipped to `True`. This limits the functions that could be executed during unpickling. Arbitrary objects will no longer be allowed to be loaded via this mode unless they are explicitly allowlisted by the user via `torch.serialization.add_safe_globals`. We recommend you start setting `weights_only=True` for any use case where you don't have full control of the loaded file. Please open an issue on GitHub for any issues related to this experimental feature.
  regression_data = torch.load(regression_location, map_location="cpu")
INFO:root:Start Training Model
INFO:root:Train epoch 1 in 155.422212 seconds
INFO:root:Train epoch 2 in 155.417660 seconds
INFO:root:Train epoch 3 in 155.465663 seconds
INFO:root:Train epoch 4 in 155.424828 seconds
INFO:root:Train epoch 5 in 155.445314 seconds
INFO:root:Train epoch 6 in 155.399506 seconds
INFO:root:Train epoch 7 in 155.485822 seconds
INFO:root:Train epoch 8 in 155.487747 seconds
INFO:root:Train epoch 9 in 155.520725 seconds
INFO:root:Train epoch 10 in 155.444443 seconds
INFO:root:Train epoch 11 in 155.474888 seconds
INFO:root:Train epoch 12 in 155.426735 seconds
INFO:root:Train epoch 13 in 155.518916 seconds
INFO:root:Train epoch 14 in 155.418709 seconds
INFO:root:Train epoch 15 in 155.455474 seconds
INFO:root:Train epoch 16 in 155.461134 seconds
INFO:root:Train epoch 17 in 155.475614 seconds
INFO:root:Train epoch 18 in 155.443675 seconds
INFO:root:Train epoch 19 in 155.447819 seconds
INFO:root:Train epoch 20 in 155.511859 seconds
INFO:root:Train epoch 21 in 155.439705 seconds
INFO:root:Train epoch 22 in 155.337672 seconds
INFO:root:Train epoch 23 in 155.390956 seconds
INFO:root:Train epoch 24 in 155.360469 seconds
INFO:root:Finish training and load weight for prediction:/gpfs/fs7/grdi/genarcc/wp1/genomics_unit/IAV/Revision_1/model_weight/transformer_esm/esm2_t6_8M_UR50D_weight/06_NA_Protein_Host/transformer_esm_5.pt
INFO:root:Fold: 6
/gpfs/fs7/grdi/genarcc/common/conda/miniconda3/envs/hai_pytorch/lib/python3.12/site-packages/esm/pretrained.py:70: FutureWarning: You are using `torch.load` with `weights_only=False` (the current default value), which uses the default pickle module implicitly. It is possible to construct malicious pickle data which will execute arbitrary code during unpickling (See https://github.com/pytorch/pytorch/blob/main/SECURITY.md#untrusted-models for more details). In a future release, the default value for `weights_only` will be flipped to `True`. This limits the functions that could be executed during unpickling. Arbitrary objects will no longer be allowed to be loaded via this mode unless they are explicitly allowlisted by the user via `torch.serialization.add_safe_globals`. We recommend you start setting `weights_only=True` for any use case where you don't have full control of the loaded file. Please open an issue on GitHub for any issues related to this experimental feature.
  model_data = torch.load(str(model_location), map_location="cpu")
/gpfs/fs7/grdi/genarcc/common/conda/miniconda3/envs/hai_pytorch/lib/python3.12/site-packages/esm/pretrained.py:74: FutureWarning: You are using `torch.load` with `weights_only=False` (the current default value), which uses the default pickle module implicitly. It is possible to construct malicious pickle data which will execute arbitrary code during unpickling (See https://github.com/pytorch/pytorch/blob/main/SECURITY.md#untrusted-models for more details). In a future release, the default value for `weights_only` will be flipped to `True`. This limits the functions that could be executed during unpickling. Arbitrary objects will no longer be allowed to be loaded via this mode unless they are explicitly allowlisted by the user via `torch.serialization.add_safe_globals`. We recommend you start setting `weights_only=True` for any use case where you don't have full control of the loaded file. Please open an issue on GitHub for any issues related to this experimental feature.
  regression_data = torch.load(regression_location, map_location="cpu")
INFO:root:Start Training Model
INFO:root:Train epoch 1 in 155.395531 seconds
INFO:root:Train epoch 2 in 155.406426 seconds
INFO:root:Train epoch 3 in 155.464073 seconds
INFO:root:Train epoch 4 in 155.421824 seconds
INFO:root:Train epoch 5 in 155.461234 seconds
INFO:root:Train epoch 6 in 155.404493 seconds
INFO:root:Train epoch 7 in 155.448658 seconds
INFO:root:Train epoch 8 in 155.427813 seconds
INFO:root:Train epoch 9 in 155.490301 seconds
INFO:root:Train epoch 10 in 155.428301 seconds
INFO:root:Train epoch 11 in 155.407720 seconds
INFO:root:Train epoch 12 in 155.365538 seconds
INFO:root:Train epoch 13 in 155.417277 seconds
INFO:root:Train epoch 14 in 155.362592 seconds
INFO:root:Train epoch 15 in 155.458725 seconds
INFO:root:Train epoch 16 in 155.489220 seconds
INFO:root:Train epoch 17 in 155.551300 seconds
INFO:root:Train epoch 18 in 155.522011 seconds
INFO:root:Train epoch 19 in 155.512300 seconds
INFO:root:Train epoch 20 in 155.469353 seconds
INFO:root:Train epoch 21 in 155.539963 seconds
INFO:root:Train epoch 22 in 155.522795 seconds
INFO:root:Train epoch 23 in 155.535794 seconds
INFO:root:Train epoch 24 in 155.477752 seconds
INFO:root:Train epoch 25 in 155.538140 seconds
INFO:root:Train epoch 26 in 155.542495 seconds
INFO:root:Train epoch 27 in 155.537456 seconds
INFO:root:Finish training and load weight for prediction:/gpfs/fs7/grdi/genarcc/wp1/genomics_unit/IAV/Revision_1/model_weight/transformer_esm/esm2_t6_8M_UR50D_weight/06_NA_Protein_Host/transformer_esm_6.pt
INFO:root:Fold: 7
/gpfs/fs7/grdi/genarcc/common/conda/miniconda3/envs/hai_pytorch/lib/python3.12/site-packages/esm/pretrained.py:70: FutureWarning: You are using `torch.load` with `weights_only=False` (the current default value), which uses the default pickle module implicitly. It is possible to construct malicious pickle data which will execute arbitrary code during unpickling (See https://github.com/pytorch/pytorch/blob/main/SECURITY.md#untrusted-models for more details). In a future release, the default value for `weights_only` will be flipped to `True`. This limits the functions that could be executed during unpickling. Arbitrary objects will no longer be allowed to be loaded via this mode unless they are explicitly allowlisted by the user via `torch.serialization.add_safe_globals`. We recommend you start setting `weights_only=True` for any use case where you don't have full control of the loaded file. Please open an issue on GitHub for any issues related to this experimental feature.
  model_data = torch.load(str(model_location), map_location="cpu")
/gpfs/fs7/grdi/genarcc/common/conda/miniconda3/envs/hai_pytorch/lib/python3.12/site-packages/esm/pretrained.py:74: FutureWarning: You are using `torch.load` with `weights_only=False` (the current default value), which uses the default pickle module implicitly. It is possible to construct malicious pickle data which will execute arbitrary code during unpickling (See https://github.com/pytorch/pytorch/blob/main/SECURITY.md#untrusted-models for more details). In a future release, the default value for `weights_only` will be flipped to `True`. This limits the functions that could be executed during unpickling. Arbitrary objects will no longer be allowed to be loaded via this mode unless they are explicitly allowlisted by the user via `torch.serialization.add_safe_globals`. We recommend you start setting `weights_only=True` for any use case where you don't have full control of the loaded file. Please open an issue on GitHub for any issues related to this experimental feature.
  regression_data = torch.load(regression_location, map_location="cpu")
INFO:root:Start Training Model
INFO:root:Train epoch 1 in 155.459315 seconds
INFO:root:Train epoch 2 in 155.478983 seconds
INFO:root:Train epoch 3 in 155.513306 seconds
INFO:root:Train epoch 4 in 155.589586 seconds
INFO:root:Train epoch 5 in 155.612065 seconds
INFO:root:Train epoch 6 in 155.572747 seconds
INFO:root:Train epoch 7 in 155.619764 seconds
INFO:root:Train epoch 8 in 155.598952 seconds
INFO:root:Train epoch 9 in 155.594555 seconds
INFO:root:Train epoch 10 in 155.549885 seconds
INFO:root:Train epoch 11 in 155.647221 seconds
INFO:root:Train epoch 12 in 155.584718 seconds
INFO:root:Train epoch 13 in 155.647776 seconds
INFO:root:Train epoch 14 in 155.611441 seconds
INFO:root:Train epoch 15 in 155.626536 seconds
INFO:root:Train epoch 16 in 155.593520 seconds
INFO:root:Train epoch 17 in 155.612063 seconds
INFO:root:Train epoch 18 in 155.552418 seconds
INFO:root:Train epoch 19 in 155.598349 seconds
INFO:root:Train epoch 20 in 155.558174 seconds
INFO:root:Train epoch 21 in 155.575935 seconds
INFO:root:Train epoch 22 in 155.442415 seconds
INFO:root:Train epoch 23 in 155.395567 seconds
INFO:root:Train epoch 24 in 155.359264 seconds
INFO:root:Train epoch 25 in 155.444638 seconds
INFO:root:Train epoch 26 in 155.392938 seconds
INFO:root:Train epoch 27 in 155.401181 seconds
Training data shape: (66636, 497) (66636,)
Test High-quality Data Shape: (28219, 497) (28219,)
Test Low-quality Data Shape (Post 2020): (720, 497) (720,)
Number of classes: 3
Fold: 0
Data Shape Before Sampling:  (59972, 497) (59972,)
Subtype/Host: 0 ,count:  34602 ,index count: (array([False,  True]), array([25370, 34602])) ,downsampling:  (16000, 497) (16000,)
Subtype/Host: 1 ,count:  16398 ,index count: (array([False,  True]), array([43574, 16398])) ,downsampling:  (16000, 497) (16000,)
Subtype/Host: 2 ,count:  8972 ,index count: (array([False,  True]), array([51000,  8972])) ,keep:  (8972, 497) (8972,)
CV Train Shape (40972, 497) (40972,)
CV Val Shape (6664, 497) (6664,)
Total Trainable Parameters:  7541517
Total Parameters:  7541517
----Epoch:1----
Training Time : 156.18703937530518
Val Infer Time: 11.335351943969727
BAS Score on Validation Data: 0.944206788136145
Loss on Validation Data: 0.13729779379708426
Validation loss decreased (inf --> 0.137298).  Saving model ...
----Epoch:2----
Training Time : 155.33243870735168
Val Infer Time: 11.244269132614136
BAS Score on Validation Data: 0.9589545424524099
Loss on Validation Data: 0.12310989016578311
Validation loss decreased (0.137298 --> 0.123110).  Saving model ...
----Epoch:3----
Training Time : 155.30499649047852
Val Infer Time: 11.251992464065552
BAS Score on Validation Data: 0.9500791962250403
Loss on Validation Data: 0.11739730834960938
Validation loss decreased (0.123110 --> 0.117397).  Saving model ...
----Epoch:4----
Training Time : 155.55937314033508
Val Infer Time: 11.257377862930298
BAS Score on Validation Data: 0.9573695534150767
Loss on Validation Data: 0.12258207911536807
EarlyStopping counter: 1 out of 7
----Epoch:5----
Training Time : 155.5136935710907
Val Infer Time: 11.257498264312744
BAS Score on Validation Data: 0.9586081195686741
Loss on Validation Data: 0.10710953076680502
Validation loss decreased (0.117397 --> 0.107110).  Saving model ...
----Epoch:6----
Training Time : 155.54572653770447
Val Infer Time: 11.285861253738403
BAS Score on Validation Data: 0.9596480838481618
Loss on Validation Data: 0.11174793129875546
EarlyStopping counter: 1 out of 7
----Epoch:7----
Training Time : 155.7546079158783
Val Infer Time: 11.301185369491577
BAS Score on Validation Data: 0.9629665785607348
Loss on Validation Data: 0.1082877204531715
EarlyStopping counter: 2 out of 7
----Epoch:8----
Training Time : 155.8296024799347
Val Infer Time: 11.279747724533081
BAS Score on Validation Data: 0.9635734272820179
Loss on Validation Data: 0.09967103004455566
Validation loss decreased (0.107110 --> 0.099671).  Saving model ...
----Epoch:9----
Training Time : 155.66368770599365
Val Infer Time: 11.257253408432007
BAS Score on Validation Data: 0.9629037396939616
Loss on Validation Data: 0.10167997791653588
EarlyStopping counter: 1 out of 7
----Epoch:10----
Training Time : 155.55842757225037
Val Infer Time: 11.26659631729126
BAS Score on Validation Data: 0.9628926680559218
Loss on Validation Data: 0.09583459013984316
Validation loss decreased (0.099671 --> 0.095835).  Saving model ...
----Epoch:11----
Training Time : 155.5245966911316
Val Infer Time: 11.248292922973633
BAS Score on Validation Data: 0.9630163159827972
Loss on Validation Data: 0.0992422274180821
EarlyStopping counter: 1 out of 7
----Epoch:12----
Training Time : 155.4876708984375
Val Infer Time: 11.249856948852539
BAS Score on Validation Data: 0.9620410462310618
Loss on Validation Data: 0.0953073677562532
EarlyStopping counter: 2 out of 7
----Epoch:13----
Training Time : 155.60837602615356
Val Infer Time: 11.271543741226196
BAS Score on Validation Data: 0.9657158754327119
Loss on Validation Data: 0.09685406117212204
EarlyStopping counter: 3 out of 7
----Epoch:14----
Training Time : 155.6364574432373
Val Infer Time: 11.250356435775757
BAS Score on Validation Data: 0.9659262160340564
Loss on Validation Data: 0.09960620857420421
EarlyStopping counter: 4 out of 7
----Epoch:15----
Training Time : 155.6545135974884
Val Infer Time: 11.250033140182495
BAS Score on Validation Data: 0.963121184141411
Loss on Validation Data: 0.09456460078557333
Validation loss decreased (0.095835 --> 0.094565).  Saving model ...
----Epoch:16----
Training Time : 155.57689261436462
Val Infer Time: 11.25321650505066
BAS Score on Validation Data: 0.9659771762938956
Loss on Validation Data: 0.10369253130186172
EarlyStopping counter: 1 out of 7
----Epoch:17----
Training Time : 155.51661944389343
Val Infer Time: 11.249779224395752
BAS Score on Validation Data: 0.9658669148207929
Loss on Validation Data: 0.10117939114570618
EarlyStopping counter: 2 out of 7
----Epoch:18----
Training Time : 155.68190503120422
Val Infer Time: 11.265647411346436
BAS Score on Validation Data: 0.968612389030198
Loss on Validation Data: 0.08603873139335996
Validation loss decreased (0.094565 --> 0.086039).  Saving model ...
----Epoch:19----
Training Time : 155.77530145645142
Val Infer Time: 11.299226522445679
BAS Score on Validation Data: 0.9666990755186532
Loss on Validation Data: 0.09348707795143127
EarlyStopping counter: 1 out of 7
----Epoch:20----
Training Time : 155.7453191280365
Val Infer Time: 11.282255411148071
BAS Score on Validation Data: 0.967287415211194
Loss on Validation Data: 0.09087348182996115
EarlyStopping counter: 2 out of 7
----Epoch:21----
Training Time : 155.6253523826599
Val Infer Time: 11.249777793884277
BAS Score on Validation Data: 0.9692338613125734
Loss on Validation Data: 0.08957451170399075
EarlyStopping counter: 3 out of 7
----Epoch:22----
Training Time : 155.4775424003601
Val Infer Time: 11.25034475326538
BAS Score on Validation Data: 0.965439129771999
Loss on Validation Data: 0.10093205244768233
EarlyStopping counter: 4 out of 7
----Epoch:23----
Training Time : 155.51678347587585
Val Infer Time: 11.24950909614563
BAS Score on Validation Data: 0.9683388617479401
Loss on Validation Data: 0.08809884155080432
EarlyStopping counter: 5 out of 7
----Epoch:24----
Training Time : 155.6250855922699
Val Infer Time: 11.247876644134521
BAS Score on Validation Data: 0.967677834388363
Loss on Validation Data: 0.09626299306040718
EarlyStopping counter: 6 out of 7
----Epoch:25----
Training Time : 155.51528525352478
Val Infer Time: 11.279366254806519
BAS Score on Validation Data: 0.9678611313426423
Loss on Validation Data: 0.08847071556817918
EarlyStopping counter: 7 out of 7
Early Stop
Load the best weight after training: /gpfs/fs7/grdi/genarcc/wp1/genomics_unit/IAV/Revision_1/model_weight/transformer_esm/esm2_t6_8M_UR50D_weight/06_NA_Protein_Host/transformer_esm_0.pt
Inference Test Time: 47.60298180580139
Inference Test Time: 1.2218482494354248
High Quality
0.973682118266406 0.9783585061501664 0.9835779836818895 0.973682118266406 0.9736106095374418
              precision    recall  f1-score   support

           0       0.99      0.99      0.99     19588
           1       0.98      1.00      0.99      5531
           2       0.98      0.93      0.95      3100

    accuracy                           0.99     28219
   macro avg       0.98      0.97      0.98     28219
weighted avg       0.99      0.99      0.99     28219

Low Quality
0.8479002624671915 0.8764413569789099 0.9371942697414396 0.8479002624671915 0.915127081818446
              precision    recall  f1-score   support

           0       0.99      0.99      0.99       635
           1       0.90      1.00      0.95        65
           2       0.92      0.55      0.69        20

    accuracy                           0.98       720
   macro avg       0.94      0.85      0.88       720
weighted avg       0.98      0.98      0.98       720


High Quality Post 2020
                     mean  std  sem  count
Model                                     
transformer_esm  0.978359  NaN  NaN      1
                     mean  std  sem  count
Model                                     
transformer_esm  0.973682  NaN  NaN      1
                     mean  std  sem  count
Model                                     
transformer_esm  0.973611  NaN  NaN      1

Low Quality Post 2020
                     mean  std  sem  count
Model                                     
transformer_esm  0.876441  NaN  NaN      1
                   mean  std  sem  count
Model                                   
transformer_esm  0.8479  NaN  NaN      1
                     mean  std  sem  count
Model                                     
transformer_esm  0.915127  NaN  NaN      1
Saving Results
Fold: 1
Data Shape Before Sampling:  (59972, 497) (59972,)
Subtype/Host: 0 ,count:  34602 ,index count: (array([False,  True]), array([25370, 34602])) ,downsampling:  (16000, 497) (16000,)
Subtype/Host: 1 ,count:  16398 ,index count: (array([False,  True]), array([43574, 16398])) ,downsampling:  (16000, 497) (16000,)
Subtype/Host: 2 ,count:  8972 ,index count: (array([False,  True]), array([51000,  8972])) ,keep:  (8972, 497) (8972,)
CV Train Shape (40972, 497) (40972,)
CV Val Shape (6664, 497) (6664,)
Total Trainable Parameters:  7541517
Total Parameters:  7541517
----Epoch:1----
Training Time : 155.51372981071472
Val Infer Time: 11.248775720596313
BAS Score on Validation Data: 0.9553521982330193
Loss on Validation Data: 0.1246967043195452
Validation loss decreased (inf --> 0.124697).  Saving model ...
----Epoch:2----
Training Time : 155.60984230041504
Val Infer Time: 11.2507004737854
BAS Score on Validation Data: 0.9680622416973833
Loss on Validation Data: 0.10402080445062546
Validation loss decreased (0.124697 --> 0.104021).  Saving model ...
----Epoch:3----
Training Time : 155.6634087562561
Val Infer Time: 11.260979890823364
BAS Score on Validation Data: 0.9648961633599099
Loss on Validation Data: 0.09983570916312082
Validation loss decreased (0.104021 --> 0.099836).  Saving model ...
----Epoch:4----
Training Time : 155.43592166900635
Val Infer Time: 11.246651411056519
BAS Score on Validation Data: 0.9687223797637813
Loss on Validation Data: 0.10389828227815173
EarlyStopping counter: 1 out of 7
----Epoch:5----
Training Time : 155.4864809513092
Val Infer Time: 11.253217697143555
BAS Score on Validation Data: 0.9665802794272276
Loss on Validation Data: 0.09129900024050758
Validation loss decreased (0.099836 --> 0.091299).  Saving model ...
----Epoch:6----
Training Time : 155.4377841949463
Val Infer Time: 11.247697830200195
BAS Score on Validation Data: 0.969824515820847
Loss on Validation Data: 0.09726052511306037
EarlyStopping counter: 1 out of 7
----Epoch:7----
Training Time : 155.72402811050415
Val Infer Time: 11.266895771026611
BAS Score on Validation Data: 0.9719044443798226
Loss on Validation Data: 0.0923766499473935
EarlyStopping counter: 2 out of 7
----Epoch:8----
Training Time : 155.64938759803772
Val Infer Time: 11.248381614685059
BAS Score on Validation Data: 0.964381748441725
Loss on Validation Data: 0.08946183976672945
Validation loss decreased (0.091299 --> 0.089462).  Saving model ...
----Epoch:9----
Training Time : 155.60478162765503
Val Infer Time: 11.251338243484497
BAS Score on Validation Data: 0.9714773406897667
Loss on Validation Data: 0.09051380271003359
EarlyStopping counter: 1 out of 7
----Epoch:10----
Training Time : 155.44298601150513
Val Infer Time: 11.247661352157593
BAS Score on Validation Data: 0.967095931452732
Loss on Validation Data: 0.08302139554704939
Validation loss decreased (0.089462 --> 0.083021).  Saving model ...
----Epoch:11----
Training Time : 155.48560547828674
Val Infer Time: 11.25211501121521
BAS Score on Validation Data: 0.9734649125202647
Loss on Validation Data: 0.08487567788078672
EarlyStopping counter: 1 out of 7
----Epoch:12----
Training Time : 155.5045816898346
Val Infer Time: 11.248787879943848
BAS Score on Validation Data: 0.9715181328742878
Loss on Validation Data: 0.08200170993804931
Validation loss decreased (0.083021 --> 0.082002).  Saving model ...
----Epoch:13----
Training Time : 155.713041305542
Val Infer Time: 11.251534223556519
BAS Score on Validation Data: 0.9721383680493437
Loss on Validation Data: 0.0784066257022676
Validation loss decreased (0.082002 --> 0.078407).  Saving model ...
----Epoch:14----
Training Time : 155.64858269691467
Val Infer Time: 11.272316217422485
BAS Score on Validation Data: 0.9723927049441216
Loss on Validation Data: 0.0845471597853161
EarlyStopping counter: 1 out of 7
----Epoch:15----
Training Time : 155.75259613990784
Val Infer Time: 11.25762414932251
BAS Score on Validation Data: 0.972794606378549
Loss on Validation Data: 0.08040926910582043
EarlyStopping counter: 2 out of 7
----Epoch:16----
Training Time : 155.683043718338
Val Infer Time: 11.262656688690186
BAS Score on Validation Data: 0.9724015873765848
Loss on Validation Data: 0.084880416733878
EarlyStopping counter: 3 out of 7
----Epoch:17----
Training Time : 155.62102365493774
Val Infer Time: 11.250986814498901
BAS Score on Validation Data: 0.9737851810501145
Loss on Validation Data: 0.0821363471803211
EarlyStopping counter: 4 out of 7
----Epoch:18----
Training Time : 155.52070546150208
Val Infer Time: 11.2474946975708
BAS Score on Validation Data: 0.9691783970314246
Loss on Validation Data: 0.07513203564144316
Validation loss decreased (0.078407 --> 0.075132).  Saving model ...
----Epoch:19----
Training Time : 155.51171565055847
Val Infer Time: 11.250045537948608
BAS Score on Validation Data: 0.972057416503504
Loss on Validation Data: 0.07423553239731562
EarlyStopping counter: 1 out of 7
----Epoch:20----
Training Time : 155.67711353302002
Val Infer Time: 11.283363819122314
BAS Score on Validation Data: 0.972888610833564
Loss on Validation Data: 0.080200761840457
EarlyStopping counter: 2 out of 7
----Epoch:21----
Training Time : 155.8247766494751
Val Infer Time: 11.251255750656128
BAS Score on Validation Data: 0.9721883762109257
Loss on Validation Data: 0.07752468018304734
EarlyStopping counter: 3 out of 7
----Epoch:22----
Training Time : 155.64916610717773
Val Infer Time: 11.252907752990723
BAS Score on Validation Data: 0.9753274737064119
Loss on Validation Data: 0.07848727745669229
EarlyStopping counter: 4 out of 7
----Epoch:23----
Training Time : 155.65212225914001
Val Infer Time: 11.25118350982666
BAS Score on Validation Data: 0.9677175974000062
Loss on Validation Data: 0.08519427833102998
EarlyStopping counter: 5 out of 7
----Epoch:24----
Training Time : 155.68897318840027
Val Infer Time: 11.248594284057617
BAS Score on Validation Data: 0.9747365484586187
Loss on Validation Data: 0.07246461241018204
Validation loss decreased (0.075132 --> 0.072465).  Saving model ...
----Epoch:25----
Training Time : 155.6510169506073
Val Infer Time: 11.272223234176636
BAS Score on Validation Data: 0.9746925521651856
Loss on Validation Data: 0.07641794355142684
EarlyStopping counter: 1 out of 7
----Epoch:26----
Training Time : 155.60090517997742
Val Infer Time: 11.251667022705078
BAS Score on Validation Data: 0.9741143948175055
Loss on Validation Data: 0.08190152489003681
EarlyStopping counter: 2 out of 7
----Epoch:27----
Training Time : 155.68986344337463
Val Infer Time: 11.250575065612793
BAS Score on Validation Data: 0.9741230065104493
Loss on Validation Data: 0.0802451335958072
EarlyStopping counter: 3 out of 7
----Epoch:28----
Training Time : 155.5572326183319
Val Infer Time: 11.247016668319702
BAS Score on Validation Data: 0.9740028334320053
Loss on Validation Data: 0.08604257536076364
EarlyStopping counter: 4 out of 7
----Epoch:29----
Training Time : 155.65170097351074
Val Infer Time: 11.253035306930542
BAS Score on Validation Data: 0.9732044238776395
Loss on Validation Data: 0.08852400467509315
EarlyStopping counter: 5 out of 7
----Epoch:30----
Training Time : 155.56784772872925
Val Infer Time: 11.247231721878052
BAS Score on Validation Data: 0.9761232834359826
Loss on Validation Data: 0.0816196566536313
EarlyStopping counter: 6 out of 7
----Epoch:31----
Training Time : 155.69037175178528
Val Infer Time: 11.271981477737427
BAS Score on Validation Data: 0.9766692602920851
Loss on Validation Data: 0.08274661125171752
EarlyStopping counter: 7 out of 7
Early Stop
Load the best weight after training: /gpfs/fs7/grdi/genarcc/wp1/genomics_unit/IAV/Revision_1/model_weight/transformer_esm/esm2_t6_8M_UR50D_weight/06_NA_Protein_Host/transformer_esm_1.pt
Inference Test Time: 47.63577938079834
Inference Test Time: 1.221461296081543
High Quality
0.971191982765408 0.9767692433430751 0.9830280260517085 0.971191982765408 0.9717761149801513
              precision    recall  f1-score   support

           0       0.99      0.99      0.99     19588
           1       0.98      1.00      0.99      5531
           2       0.98      0.92      0.95      3100

    accuracy                           0.99     28219
   macro avg       0.98      0.97      0.98     28219
weighted avg       0.99      0.99      0.99     28219

Low Quality
0.8249343832020998 0.8278649658506482 0.8563238661922873 0.8249343832020998 0.8386910364033054
              precision    recall  f1-score   support

           0       0.99      0.97      0.98       635
           1       0.81      1.00      0.90        65
           2       0.77      0.50      0.61        20

    accuracy                           0.96       720
   macro avg       0.86      0.82      0.83       720
weighted avg       0.97      0.96      0.96       720


High Quality Post 2020
                     mean       std       sem  count
Model                                               
transformer_esm  0.977564  0.001124  0.000795      2
                     mean       std       sem  count
Model                                               
transformer_esm  0.972437  0.001761  0.001245      2
                     mean       std       sem  count
Model                                               
transformer_esm  0.972693  0.001297  0.000917      2

Low Quality Post 2020
                     mean       std       sem  count
Model                                               
transformer_esm  0.852153  0.034349  0.024288      2
                     mean       std       sem  count
Model                                               
transformer_esm  0.836417  0.016239  0.011483      2
                     mean       std       sem  count
Model                                               
transformer_esm  0.876909  0.054048  0.038218      2
Saving Results
Fold: 2
Data Shape Before Sampling:  (59972, 497) (59972,)
Subtype/Host: 0 ,count:  34602 ,index count: (array([False,  True]), array([25370, 34602])) ,downsampling:  (16000, 497) (16000,)
Subtype/Host: 1 ,count:  16398 ,index count: (array([False,  True]), array([43574, 16398])) ,downsampling:  (16000, 497) (16000,)
Subtype/Host: 2 ,count:  8972 ,index count: (array([False,  True]), array([51000,  8972])) ,keep:  (8972, 497) (8972,)
CV Train Shape (40972, 497) (40972,)
CV Val Shape (6664, 497) (6664,)
Total Trainable Parameters:  7541517
Total Parameters:  7541517
----Epoch:1----
Training Time : 155.60948204994202
Val Infer Time: 11.251662492752075
BAS Score on Validation Data: 0.9612174201515243
Loss on Validation Data: 0.14384060814267113
Validation loss decreased (inf --> 0.143841).  Saving model ...
----Epoch:2----
Training Time : 155.63429307937622
Val Infer Time: 11.247989416122437
BAS Score on Validation Data: 0.9618992228200414
Loss on Validation Data: 0.11469825108846028
Validation loss decreased (0.143841 --> 0.114698).  Saving model ...
----Epoch:3----
Training Time : 156.0718276500702
Val Infer Time: 11.30698013305664
BAS Score on Validation Data: 0.9572185140269956
Loss on Validation Data: 0.13023980004446847
EarlyStopping counter: 1 out of 7
----Epoch:4----
Training Time : 155.92544198036194
Val Infer Time: 11.247109413146973
BAS Score on Validation Data: 0.962691891245778
Loss on Validation Data: 0.09732421806880406
Validation loss decreased (0.114698 --> 0.097324).  Saving model ...
----Epoch:5----
Training Time : 155.7129533290863
Val Infer Time: 11.245821952819824
BAS Score on Validation Data: 0.9642399250307045
Loss on Validation Data: 0.08964120774042039
Validation loss decreased (0.097324 --> 0.089641).  Saving model ...
----Epoch:6----
Training Time : 155.3672742843628
Val Infer Time: 11.241986751556396
BAS Score on Validation Data: 0.9614594140349503
Loss on Validation Data: 0.0947469677243914
EarlyStopping counter: 1 out of 7
----Epoch:7----
Training Time : 155.4093053340912
Val Infer Time: 11.244608163833618
BAS Score on Validation Data: 0.9712350903363641
Loss on Validation Data: 0.10687367234911238
EarlyStopping counter: 2 out of 7
----Epoch:8----
Training Time : 155.38907098770142
Val Infer Time: 11.241676092147827
BAS Score on Validation Data: 0.9729820595399975
Loss on Validation Data: 0.0838898465746925
Validation loss decreased (0.089641 --> 0.083890).  Saving model ...
----Epoch:9----
Training Time : 155.50273656845093
Val Infer Time: 11.244423151016235
BAS Score on Validation Data: 0.9723034752499354
Loss on Validation Data: 0.0948925943601699
EarlyStopping counter: 1 out of 7
----Epoch:10----
Training Time : 155.3438699245453
Val Infer Time: 11.242431640625
BAS Score on Validation Data: 0.9736258635136871
Loss on Validation Data: 0.09334129776273455
EarlyStopping counter: 2 out of 7
----Epoch:11----
Training Time : 155.53019547462463
Val Infer Time: 11.245992660522461
BAS Score on Validation Data: 0.9692674045216264
Loss on Validation Data: 0.08167047670909337
Validation loss decreased (0.083890 --> 0.081670).  Saving model ...
----Epoch:12----
Training Time : 155.39621782302856
Val Infer Time: 11.241328001022339
BAS Score on Validation Data: 0.9735516051947338
Loss on Validation Data: 0.08309421993437267
EarlyStopping counter: 1 out of 7
----Epoch:13----
Training Time : 155.41988945007324
Val Infer Time: 11.244112014770508
BAS Score on Validation Data: 0.9692549701661108
Loss on Validation Data: 0.07758893682843163
Validation loss decreased (0.081670 --> 0.077589).  Saving model ...
----Epoch:14----
Training Time : 155.4845883846283
Val Infer Time: 11.242645025253296
BAS Score on Validation Data: 0.9727592845831374
Loss on Validation Data: 0.08116946873210726
EarlyStopping counter: 1 out of 7
----Epoch:15----
Training Time : 155.54137802124023
Val Infer Time: 11.243637800216675
BAS Score on Validation Data: 0.9739617705079646
Loss on Validation Data: 0.09099464813868205
EarlyStopping counter: 2 out of 7
----Epoch:16----
Training Time : 155.4972381591797
Val Infer Time: 11.244488716125488
BAS Score on Validation Data: 0.9735889082612806
Loss on Validation Data: 0.08803477769806271
EarlyStopping counter: 3 out of 7
----Epoch:17----
Training Time : 155.5085093975067
Val Infer Time: 11.246440410614014
BAS Score on Validation Data: 0.9742384533635994
Loss on Validation Data: 0.07753832340240478
EarlyStopping counter: 4 out of 7
----Epoch:18----
Training Time : 155.53201818466187
Val Infer Time: 11.249552011489868
BAS Score on Validation Data: 0.9703353160109015
Loss on Validation Data: 0.08354585369427998
EarlyStopping counter: 5 out of 7
----Epoch:19----
Training Time : 155.63809323310852
Val Infer Time: 11.256786346435547
BAS Score on Validation Data: 0.9737622936102186
Loss on Validation Data: 0.07973194462912424
EarlyStopping counter: 6 out of 7
----Epoch:20----
Training Time : 155.51164937019348
Val Infer Time: 11.245562314987183
BAS Score on Validation Data: 0.9740034519856651
Loss on Validation Data: 0.07553702081952776
Validation loss decreased (0.077589 --> 0.075537).  Saving model ...
----Epoch:21----
Training Time : 155.5117392539978
Val Infer Time: 11.242796659469604
BAS Score on Validation Data: 0.9742480171548005
Loss on Validation Data: 0.0849495115734282
EarlyStopping counter: 1 out of 7
----Epoch:22----
Training Time : 155.4685730934143
Val Infer Time: 11.248039245605469
BAS Score on Validation Data: 0.9732823111942661
Loss on Validation Data: 0.07703230409395127
EarlyStopping counter: 2 out of 7
----Epoch:23----
Training Time : 155.55378031730652
Val Infer Time: 11.242964029312134
BAS Score on Validation Data: 0.975322080391923
Loss on Validation Data: 0.07067422512031737
Validation loss decreased (0.075537 --> 0.070674).  Saving model ...
----Epoch:24----
Training Time : 155.35550379753113
Val Infer Time: 11.240686178207397
BAS Score on Validation Data: 0.9768197582011272
Loss on Validation Data: 0.0744173010190328
EarlyStopping counter: 1 out of 7
----Epoch:25----
Training Time : 155.3775622844696
Val Infer Time: 11.242903470993042
BAS Score on Validation Data: 0.9763158591724007
Loss on Validation Data: 0.07406269524778639
EarlyStopping counter: 2 out of 7
----Epoch:26----
Training Time : 155.34299612045288
Val Infer Time: 11.241682767868042
BAS Score on Validation Data: 0.9768557613552765
Loss on Validation Data: 0.07595123712505614
EarlyStopping counter: 3 out of 7
----Epoch:27----
Training Time : 155.3546495437622
Val Infer Time: 11.242702960968018
BAS Score on Validation Data: 0.9760136405165397
Loss on Validation Data: 0.07348051092454365
EarlyStopping counter: 4 out of 7
----Epoch:28----
Training Time : 155.48433756828308
Val Infer Time: 11.244676351547241
BAS Score on Validation Data: 0.9744206583399228
Loss on Validation Data: 0.07367228823048728
EarlyStopping counter: 5 out of 7
----Epoch:29----
Training Time : 155.73419785499573
Val Infer Time: 11.253544330596924
BAS Score on Validation Data: 0.97386422839944
Loss on Validation Data: 0.07636661529541015
EarlyStopping counter: 6 out of 7
----Epoch:30----
Training Time : 155.47261476516724
Val Infer Time: 11.245880126953125
BAS Score on Validation Data: 0.9771811524600956
Loss on Validation Data: 0.0745993014602434
EarlyStopping counter: 7 out of 7
Early Stop
Load the best weight after training: /gpfs/fs7/grdi/genarcc/wp1/genomics_unit/IAV/Revision_1/model_weight/transformer_esm/esm2_t6_8M_UR50D_weight/06_NA_Protein_Host/transformer_esm_2.pt
Inference Test Time: 47.54269742965698
Inference Test Time: 1.220902919769287
High Quality
0.9733141296985329 0.9774819906556846 0.9821144016955948 0.9733141296985329 0.9725503325734757
              precision    recall  f1-score   support

           0       0.99      0.99      0.99     19588
           1       0.98      1.00      0.99      5531
           2       0.98      0.93      0.95      3100

    accuracy                           0.99     28219
   macro avg       0.98      0.97      0.98     28219
weighted avg       0.99      0.99      0.99     28219

Low Quality
0.847244094488189 0.7687405815770391 0.7152933928846449 0.847244094488189 0.7596205857990334
              precision    recall  f1-score   support

           0       0.99      0.94      0.97       635
           1       0.76      1.00      0.86        65
           2       0.40      0.60      0.48        20

    accuracy                           0.94       720
   macro avg       0.72      0.85      0.77       720
weighted avg       0.95      0.94      0.94       720


High Quality Post 2020
                     mean       std      sem  count
Model                                              
transformer_esm  0.977537  0.000796  0.00046      3
                     mean       std       sem  count
Model                                               
transformer_esm  0.972729  0.001344  0.000776      3
                     mean       std       sem  count
Model                                               
transformer_esm  0.972646  0.000921  0.000532      3

Low Quality Post 2020
                     mean       std      sem  count
Model                                              
transformer_esm  0.824349  0.053936  0.03114      3
                     mean       std       sem  count
Model                                               
transformer_esm  0.840026  0.013074  0.007548      3
                     mean       std       sem  count
Model                                               
transformer_esm  0.837813  0.077757  0.044893      3
Saving Results
Fold: 3
Data Shape Before Sampling:  (59972, 497) (59972,)
Subtype/Host: 0 ,count:  34602 ,index count: (array([False,  True]), array([25370, 34602])) ,downsampling:  (16000, 497) (16000,)
Subtype/Host: 1 ,count:  16398 ,index count: (array([False,  True]), array([43574, 16398])) ,downsampling:  (16000, 497) (16000,)
Subtype/Host: 2 ,count:  8972 ,index count: (array([False,  True]), array([51000,  8972])) ,keep:  (8972, 497) (8972,)
CV Train Shape (40972, 497) (40972,)
CV Val Shape (6664, 497) (6664,)
Total Trainable Parameters:  7541517
Total Parameters:  7541517
----Epoch:1----
Training Time : 155.5491840839386
Val Infer Time: 11.24850583076477
BAS Score on Validation Data: 0.9394106952950271
Loss on Validation Data: 0.16303844451904298
Validation loss decreased (inf --> 0.163038).  Saving model ...
----Epoch:2----
Training Time : 155.59489727020264
Val Infer Time: 11.248567342758179
BAS Score on Validation Data: 0.951487247990383
Loss on Validation Data: 0.1433403696332659
Validation loss decreased (0.163038 --> 0.143340).  Saving model ...
----Epoch:3----
Training Time : 155.6130347251892
Val Infer Time: 11.248528242111206
BAS Score on Validation Data: 0.959124105138776
Loss on Validation Data: 0.13483278864905948
Validation loss decreased (0.143340 --> 0.134833).  Saving model ...
----Epoch:4----
Training Time : 155.58600425720215
Val Infer Time: 11.24832272529602
BAS Score on Validation Data: 0.9562515081540637
Loss on Validation Data: 0.1223015648978097
Validation loss decreased (0.134833 --> 0.122302).  Saving model ...
----Epoch:5----
Training Time : 155.63346576690674
Val Infer Time: 11.246769428253174
BAS Score on Validation Data: 0.9582319618689144
Loss on Validation Data: 0.13126494543892997
EarlyStopping counter: 1 out of 7
----Epoch:6----
Training Time : 155.58360409736633
Val Infer Time: 11.242669343948364
BAS Score on Validation Data: 0.961055864873985
Loss on Validation Data: 0.11789688609895252
Validation loss decreased (0.122302 --> 0.117897).  Saving model ...
----Epoch:7----
Training Time : 155.56429290771484
Val Infer Time: 11.245954036712646
BAS Score on Validation Data: 0.960894218252282
Loss on Validation Data: 0.12310908294859386
EarlyStopping counter: 1 out of 7
----Epoch:8----
Training Time : 155.53139972686768
Val Infer Time: 11.2419753074646
BAS Score on Validation Data: 0.9543321827743703
Loss on Validation Data: 0.11836040076755341
EarlyStopping counter: 2 out of 7
----Epoch:9----
Training Time : 155.57627868652344
Val Infer Time: 11.24606728553772
BAS Score on Validation Data: 0.9620397463186642
Loss on Validation Data: 0.10878517741248721
Validation loss decreased (0.117897 --> 0.108785).  Saving model ...
----Epoch:10----
Training Time : 155.53885698318481
Val Infer Time: 11.239103555679321
BAS Score on Validation Data: 0.9646710450482313
Loss on Validation Data: 0.12154345966520763
EarlyStopping counter: 1 out of 7
----Epoch:11----
Training Time : 155.42264127731323
Val Infer Time: 11.246577024459839
BAS Score on Validation Data: 0.9565982788519397
Loss on Validation Data: 0.102702229931241
Validation loss decreased (0.108785 --> 0.102702).  Saving model ...
----Epoch:12----
Training Time : 155.4928331375122
Val Infer Time: 11.241554498672485
BAS Score on Validation Data: 0.9553131936547349
Loss on Validation Data: 0.09956133365631104
Validation loss decreased (0.102702 --> 0.099561).  Saving model ...
----Epoch:13----
Training Time : 155.50144243240356
Val Infer Time: 11.246042490005493
BAS Score on Validation Data: 0.9645353105799804
Loss on Validation Data: 0.11364932060241699
EarlyStopping counter: 1 out of 7
----Epoch:14----
Training Time : 155.4670786857605
Val Infer Time: 11.243448257446289
BAS Score on Validation Data: 0.9641697601138426
Loss on Validation Data: 0.09666121971039544
Validation loss decreased (0.099561 --> 0.096661).  Saving model ...
----Epoch:15----
Training Time : 155.4908320903778
Val Infer Time: 11.243281602859497
BAS Score on Validation Data: 0.9643115835248629
Loss on Validation Data: 0.09677919944127401
EarlyStopping counter: 1 out of 7
----Epoch:16----
Training Time : 155.47518038749695
Val Infer Time: 11.24422001838684
BAS Score on Validation Data: 0.9651306913135479
Loss on Validation Data: 0.11344732046127319
EarlyStopping counter: 2 out of 7
----Epoch:17----
Training Time : 155.60310244560242
Val Infer Time: 11.24767279624939
BAS Score on Validation Data: 0.9652527685885063
Loss on Validation Data: 0.09116286692165193
Validation loss decreased (0.096661 --> 0.091163).  Saving model ...
----Epoch:18----
Training Time : 155.58718729019165
Val Infer Time: 11.24498176574707
BAS Score on Validation Data: 0.967188969539947
Loss on Validation Data: 0.09124770817302522
EarlyStopping counter: 1 out of 7
----Epoch:19----
Training Time : 155.55707120895386
Val Infer Time: 11.243036031723022
BAS Score on Validation Data: 0.9667354122174
Loss on Validation Data: 0.10673355261484782
EarlyStopping counter: 2 out of 7
----Epoch:20----
Training Time : 155.49901628494263
Val Infer Time: 11.243518829345703
BAS Score on Validation Data: 0.9662653414067887
Loss on Validation Data: 0.09726249972979227
EarlyStopping counter: 3 out of 7
----Epoch:21----
Training Time : 155.50867414474487
Val Infer Time: 11.24428677558899
BAS Score on Validation Data: 0.9664909869279633
Loss on Validation Data: 0.10141072358403887
EarlyStopping counter: 4 out of 7
----Epoch:22----
Training Time : 155.52102828025818
Val Infer Time: 11.2450430393219
BAS Score on Validation Data: 0.9623549693481653
Loss on Validation Data: 0.09486799211729141
EarlyStopping counter: 5 out of 7
----Epoch:23----
Training Time : 155.5923342704773
Val Infer Time: 11.246140956878662
BAS Score on Validation Data: 0.9651622532514655
Loss on Validation Data: 0.09714475472768148
EarlyStopping counter: 6 out of 7
----Epoch:24----
Training Time : 155.52924585342407
Val Infer Time: 11.245182037353516
BAS Score on Validation Data: 0.9615176860753357
Loss on Validation Data: 0.09970347569102332
EarlyStopping counter: 7 out of 7
Early Stop
Load the best weight after training: /gpfs/fs7/grdi/genarcc/wp1/genomics_unit/IAV/Revision_1/model_weight/transformer_esm/esm2_t6_8M_UR50D_weight/06_NA_Protein_Host/transformer_esm_3.pt
Inference Test Time: 47.53582787513733
Inference Test Time: 1.2216472625732422
High Quality
0.9739082393245712 0.9777169757702057 0.98194191298241 0.9739082393245712 0.9727826342979836
              precision    recall  f1-score   support

           0       0.99      0.99      0.99     19588
           1       0.98      1.00      0.99      5531
           2       0.98      0.93      0.95      3100

    accuracy                           0.99     28219
   macro avg       0.98      0.97      0.98     28219
weighted avg       0.99      0.99      0.99     28219

Low Quality
0.8780839895013123 0.8723304663273067 0.8677577461879739 0.8780839895013123 0.8918128587409604
              precision    recall  f1-score   support

           0       0.99      0.98      0.99       635
           1       0.93      1.00      0.96        65
           2       0.68      0.65      0.67        20

    accuracy                           0.98       720
   macro avg       0.87      0.88      0.87       720
weighted avg       0.98      0.98      0.98       720


High Quality Post 2020
                     mean       std       sem  count
Model                                               
transformer_esm  0.977582  0.000656  0.000328      4
                     mean       std       sem  count
Model                                               
transformer_esm  0.973024  0.001246  0.000623      4
                    mean       std       sem  count
Model                                              
transformer_esm  0.97268  0.000755  0.000378      4

Low Quality Post 2020
                     mean      std       sem  count
Model                                              
transformer_esm  0.836344  0.05015  0.025075      4
                     mean       std       sem  count
Model                                               
transformer_esm  0.849541  0.021819  0.010909      4
                     mean       std       sem  count
Model                                               
transformer_esm  0.851313  0.068991  0.034496      4
Saving Results
Fold: 4
Data Shape Before Sampling:  (59972, 497) (59972,)
Subtype/Host: 0 ,count:  34602 ,index count: (array([False,  True]), array([25370, 34602])) ,downsampling:  (16000, 497) (16000,)
Subtype/Host: 1 ,count:  16398 ,index count: (array([False,  True]), array([43574, 16398])) ,downsampling:  (16000, 497) (16000,)
Subtype/Host: 2 ,count:  8972 ,index count: (array([False,  True]), array([51000,  8972])) ,keep:  (8972, 497) (8972,)
CV Train Shape (40972, 497) (40972,)
CV Val Shape (6664, 497) (6664,)
Total Trainable Parameters:  7541517
Total Parameters:  7541517
----Epoch:1----
Training Time : 155.530907869339
Val Infer Time: 11.24661135673523
BAS Score on Validation Data: 0.9575697259411035
Loss on Validation Data: 0.12394978659493583
Validation loss decreased (inf --> 0.123950).  Saving model ...
----Epoch:2----
Training Time : 155.559148311615
Val Infer Time: 11.250325441360474
BAS Score on Validation Data: 0.963544054549677
Loss on Validation Data: 0.11497880617777506
Validation loss decreased (0.123950 --> 0.114979).  Saving model ...
----Epoch:3----
Training Time : 155.6304943561554
Val Infer Time: 11.247941970825195
BAS Score on Validation Data: 0.9605499217690451
Loss on Validation Data: 0.12152556237720308
EarlyStopping counter: 1 out of 7
----Epoch:4----
Training Time : 155.58426642417908
Val Infer Time: 11.246960639953613
BAS Score on Validation Data: 0.9689725461818469
Loss on Validation Data: 0.11329788253420875
Validation loss decreased (0.114979 --> 0.113298).  Saving model ...
----Epoch:5----
Training Time : 155.56346797943115
Val Infer Time: 11.246004819869995
BAS Score on Validation Data: 0.9665828021774018
Loss on Validation Data: 0.09489355768476214
Validation loss decreased (0.113298 --> 0.094894).  Saving model ...
----Epoch:6----
Training Time : 155.49177527427673
Val Infer Time: 11.24699592590332
BAS Score on Validation Data: 0.9679567692546526
Loss on Validation Data: 0.09364054543631417
Validation loss decreased (0.094894 --> 0.093641).  Saving model ...
----Epoch:7----
Training Time : 155.5723271369934
Val Infer Time: 11.25093960762024
BAS Score on Validation Data: 0.9690720210259718
Loss on Validation Data: 0.08528869719732375
Validation loss decreased (0.093641 --> 0.085289).  Saving model ...
----Epoch:8----
Training Time : 155.48407673835754
Val Infer Time: 11.247551918029785
BAS Score on Validation Data: 0.9601687328384796
Loss on Validation Data: 0.09512574786231631
EarlyStopping counter: 1 out of 7
----Epoch:9----
Training Time : 155.46169900894165
Val Infer Time: 11.244655132293701
BAS Score on Validation Data: 0.9697441828286669
Loss on Validation Data: 0.08011580535343715
Validation loss decreased (0.085289 --> 0.080116).  Saving model ...
----Epoch:10----
Training Time : 155.53468775749207
Val Infer Time: 11.24269723892212
BAS Score on Validation Data: 0.9684613496421169
Loss on Validation Data: 0.08394517274129959
EarlyStopping counter: 1 out of 7
----Epoch:11----
Training Time : 155.62398171424866
Val Infer Time: 11.246215343475342
BAS Score on Validation Data: 0.970653187400733
Loss on Validation Data: 0.08437551373527163
EarlyStopping counter: 2 out of 7
----Epoch:12----
Training Time : 155.48534631729126
Val Infer Time: 11.244879245758057
BAS Score on Validation Data: 0.9678984972142671
Loss on Validation Data: 0.09604956734748114
EarlyStopping counter: 3 out of 7
----Epoch:13----
Training Time : 155.45903992652893
Val Infer Time: 11.246126413345337
BAS Score on Validation Data: 0.9701068627304902
Loss on Validation Data: 0.10856515963872274
EarlyStopping counter: 4 out of 7
----Epoch:14----
Training Time : 155.43440985679626
Val Infer Time: 11.24412202835083
BAS Score on Validation Data: 0.9681557046733597
Loss on Validation Data: 0.07983339428901673
EarlyStopping counter: 5 out of 7
----Epoch:15----
Training Time : 155.4752492904663
Val Infer Time: 11.245627641677856
BAS Score on Validation Data: 0.9701881620904703
Loss on Validation Data: 0.08371524271510897
EarlyStopping counter: 6 out of 7
----Epoch:16----
Training Time : 155.40945649147034
Val Infer Time: 11.242645740509033
BAS Score on Validation Data: 0.97277328959057
Loss on Validation Data: 0.079695177929742
EarlyStopping counter: 7 out of 7
Early Stop
Load the best weight after training: /gpfs/fs7/grdi/genarcc/wp1/genomics_unit/IAV/Revision_1/model_weight/transformer_esm/esm2_t6_8M_UR50D_weight/06_NA_Protein_Host/transformer_esm_4.pt
Inference Test Time: 47.525553464889526
Inference Test Time: 1.2213125228881836
High Quality
0.9697392904788064 0.9755626121065273 0.9821059619367726 0.9697392904788064 0.9703268548730482
              precision    recall  f1-score   support

           0       0.99      0.99      0.99     19588
           1       0.98      1.00      0.99      5531
           2       0.98      0.92      0.95      3100

    accuracy                           0.99     28219
   macro avg       0.98      0.97      0.98     28219
weighted avg       0.99      0.99      0.99     28219

Low Quality
0.8838481728245507 0.8218188311398436 0.7872064750901585 0.8838481728245507 0.8368038505694216
              precision    recall  f1-score   support

           0       0.99      0.97      0.98       635
           1       0.97      0.98      0.98        65
           2       0.40      0.70      0.51        20

    accuracy                           0.96       720
   macro avg       0.79      0.88      0.82       720
weighted avg       0.97      0.96      0.97       720


High Quality Post 2020
                     mean       std       sem  count
Model                                               
transformer_esm  0.977178  0.001067  0.000477      5
                     mean       std       sem  count
Model                                               
transformer_esm  0.972367  0.001823  0.000815      5
                     mean       std       sem  count
Model                                               
transformer_esm  0.972209  0.001239  0.000554      5

Low Quality Post 2020
                     mean       std       sem  count
Model                                               
transformer_esm  0.833439  0.043914  0.019639      5
                     mean      std       sem  count
Model                                              
transformer_esm  0.856402  0.02434  0.010885      5
                     mean       std       sem  count
Model                                               
transformer_esm  0.848411  0.060099  0.026877      5
Saving Results
Fold: 5
Data Shape Before Sampling:  (59972, 497) (59972,)
Subtype/Host: 0 ,count:  34602 ,index count: (array([False,  True]), array([25370, 34602])) ,downsampling:  (16000, 497) (16000,)
Subtype/Host: 1 ,count:  16398 ,index count: (array([False,  True]), array([43574, 16398])) ,downsampling:  (16000, 497) (16000,)
Subtype/Host: 2 ,count:  8972 ,index count: (array([False,  True]), array([51000,  8972])) ,keep:  (8972, 497) (8972,)
CV Train Shape (40972, 497) (40972,)
CV Val Shape (6664, 497) (6664,)
Total Trainable Parameters:  7541517
Total Parameters:  7541517
----Epoch:1----
Training Time : 155.4222116470337
Val Infer Time: 11.24377155303955
BAS Score on Validation Data: 0.8467992231216108
Loss on Validation Data: 0.43473741440545943
Validation loss decreased (inf --> 0.434737).  Saving model ...
----Epoch:2----
Training Time : 155.4176595211029
Val Infer Time: 11.246252298355103
BAS Score on Validation Data: 0.9482867371506772
Loss on Validation Data: 0.1284634272257487
Validation loss decreased (0.434737 --> 0.128463).  Saving model ...
----Epoch:3----
Training Time : 155.4656627178192
Val Infer Time: 11.246493816375732
BAS Score on Validation Data: 0.9628419785356019
Loss on Validation Data: 0.1106270812806629
Validation loss decreased (0.128463 --> 0.110627).  Saving model ...
----Epoch:4----
Training Time : 155.42482781410217
Val Infer Time: 11.243614435195923
BAS Score on Validation Data: 0.9617341013499069
Loss on Validation Data: 0.11601098832629976
EarlyStopping counter: 1 out of 7
----Epoch:5----
Training Time : 155.44531393051147
Val Infer Time: 11.245153665542603
BAS Score on Validation Data: 0.9642478410953678
Loss on Validation Data: 0.10883899189177014
Validation loss decreased (0.110627 --> 0.108839).  Saving model ...
----Epoch:6----
Training Time : 155.3995063304901
Val Infer Time: 11.244189739227295
BAS Score on Validation Data: 0.9647555627866661
Loss on Validation Data: 0.10227121171497164
Validation loss decreased (0.108839 --> 0.102271).  Saving model ...
----Epoch:7----
Training Time : 155.48582243919373
Val Infer Time: 11.250568389892578
BAS Score on Validation Data: 0.9552563238474819
Loss on Validation Data: 0.1837954566592262
EarlyStopping counter: 1 out of 7
----Epoch:8----
Training Time : 155.4877471923828
Val Infer Time: 11.2455894947052
BAS Score on Validation Data: 0.9643473159394927
Loss on Validation Data: 0.09909121876671201
Validation loss decreased (0.102271 --> 0.099091).  Saving model ...
----Epoch:9----
Training Time : 155.52072525024414
Val Infer Time: 11.24754524230957
BAS Score on Validation Data: 0.9631584872079579
Loss on Validation Data: 0.10093262195587158
EarlyStopping counter: 1 out of 7
----Epoch:10----
Training Time : 155.44444298744202
Val Infer Time: 11.246518850326538
BAS Score on Validation Data: 0.9680399728111473
Loss on Validation Data: 0.09770146210988363
Validation loss decreased (0.099091 --> 0.097701).  Saving model ...
----Epoch:11----
Training Time : 155.47488808631897
Val Infer Time: 11.245311975479126
BAS Score on Validation Data: 0.9671829576717984
Loss on Validation Data: 0.09502801441010975
Validation loss decreased (0.097701 --> 0.095028).  Saving model ...
----Epoch:12----
Training Time : 155.4267349243164
Val Infer Time: 11.245259284973145
BAS Score on Validation Data: 0.9663275131843667
Loss on Validation Data: 0.09751523562840053
EarlyStopping counter: 1 out of 7
----Epoch:13----
Training Time : 155.51891565322876
Val Infer Time: 11.246538400650024
BAS Score on Validation Data: 0.9611390827000225
Loss on Validation Data: 0.0960926407859439
EarlyStopping counter: 2 out of 7
----Epoch:14----
Training Time : 155.41870856285095
Val Infer Time: 11.244985818862915
BAS Score on Validation Data: 0.9654719916223143
Loss on Validation Data: 0.10092573733556838
EarlyStopping counter: 3 out of 7
----Epoch:15----
Training Time : 155.4554741382599
Val Infer Time: 11.24398922920227
BAS Score on Validation Data: 0.9669477483594227
Loss on Validation Data: 0.09399934269133069
Validation loss decreased (0.095028 --> 0.093999).  Saving model ...
----Epoch:16----
Training Time : 155.4611337184906
Val Infer Time: 11.244925498962402
BAS Score on Validation Data: 0.9642730576205394
Loss on Validation Data: 0.09705684412093389
EarlyStopping counter: 1 out of 7
----Epoch:17----
Training Time : 155.47561359405518
Val Infer Time: 11.246751308441162
BAS Score on Validation Data: 0.9669088118358808
Loss on Validation Data: 0.08925140925816127
Validation loss decreased (0.093999 --> 0.089251).  Saving model ...
----Epoch:18----
Training Time : 155.4436752796173
Val Infer Time: 11.246545553207397
BAS Score on Validation Data: 0.9681712803327093
Loss on Validation Data: 0.09936260212035407
EarlyStopping counter: 1 out of 7
----Epoch:19----
Training Time : 155.44781875610352
Val Infer Time: 11.24674367904663
BAS Score on Validation Data: 0.9661018676631921
Loss on Validation Data: 0.09378536031359717
EarlyStopping counter: 2 out of 7
----Epoch:20----
Training Time : 155.5118589401245
Val Infer Time: 11.243835210800171
BAS Score on Validation Data: 0.9599583922371351
Loss on Validation Data: 0.09306344077700661
EarlyStopping counter: 3 out of 7
----Epoch:21----
Training Time : 155.4397051334381
Val Infer Time: 11.24544906616211
BAS Score on Validation Data: 0.964931074536103
Loss on Validation Data: 0.09156760204406011
EarlyStopping counter: 4 out of 7
----Epoch:22----
Training Time : 155.33767223358154
Val Infer Time: 11.242395877838135
BAS Score on Validation Data: 0.9698879104362018
Loss on Validation Data: 0.10136607942127046
EarlyStopping counter: 5 out of 7
----Epoch:23----
Training Time : 155.3909559249878
Val Infer Time: 11.243900775909424
BAS Score on Validation Data: 0.9670226252320359
Loss on Validation Data: 0.09328398307164511
EarlyStopping counter: 6 out of 7
----Epoch:24----
Training Time : 155.36046862602234
Val Infer Time: 11.243196964263916
BAS Score on Validation Data: 0.9683133744832491
Loss on Validation Data: 0.0965602261679513
EarlyStopping counter: 7 out of 7
Early Stop
Load the best weight after training: /gpfs/fs7/grdi/genarcc/wp1/genomics_unit/IAV/Revision_1/model_weight/transformer_esm/esm2_t6_8M_UR50D_weight/06_NA_Protein_Host/transformer_esm_5.pt
Inference Test Time: 47.517749547958374
Inference Test Time: 1.2211182117462158
High Quality
0.9715880558494336 0.9769364532723275 0.9829341715518415 0.9715880558494336 0.9719313071617994
              precision    recall  f1-score   support

           0       0.99      0.99      0.99     19588
           1       0.98      1.00      0.99      5531
           2       0.98      0.92      0.95      3100

    accuracy                           0.99     28219
   macro avg       0.98      0.97      0.98     28219
weighted avg       0.99      0.99      0.99     28219

Low Quality
0.8749343832020998 0.8704375443871242 0.8843096825831823 0.8749343832020998 0.8616282155184929
              precision    recall  f1-score   support

           0       0.99      0.97      0.98       635
           1       0.79      1.00      0.88        65
           2       0.87      0.65      0.74        20

    accuracy                           0.97       720
   macro avg       0.88      0.87      0.87       720
weighted avg       0.97      0.97      0.97       720


High Quality Post 2020
                     mean       std       sem  count
Model                                               
transformer_esm  0.977138  0.000959  0.000392      6
                     mean       std       sem  count
Model                                               
transformer_esm  0.972237  0.001661  0.000678      6
                     mean       std       sem  count
Model                                               
transformer_esm  0.972163  0.001114  0.000455      6

Low Quality Post 2020
                     mean       std      sem  count
Model                                              
transformer_esm  0.839606  0.042082  0.01718      6
                     mean       std       sem  count
Model                                               
transformer_esm  0.859491  0.023048  0.009409      6
                     mean       std       sem  count
Model                                               
transformer_esm  0.850614  0.054025  0.022055      6
Saving Results
Fold: 6
Data Shape Before Sampling:  (59973, 497) (59973,)
Subtype/Host: 0 ,count:  34603 ,index count: (array([False,  True]), array([25370, 34603])) ,downsampling:  (16000, 497) (16000,)
Subtype/Host: 1 ,count:  16398 ,index count: (array([False,  True]), array([43575, 16398])) ,downsampling:  (16000, 497) (16000,)
Subtype/Host: 2 ,count:  8972 ,index count: (array([False,  True]), array([51001,  8972])) ,keep:  (8972, 497) (8972,)
CV Train Shape (40972, 497) (40972,)
CV Val Shape (6663, 497) (6663,)
Total Trainable Parameters:  7541517
Total Parameters:  7541517
----Epoch:1----
Training Time : 155.39553093910217
Val Infer Time: 11.242742538452148
BAS Score on Validation Data: 0.9590869486406443
Loss on Validation Data: 0.14851233943232467
Validation loss decreased (inf --> 0.148512).  Saving model ...
----Epoch:2----
Training Time : 155.4064257144928
Val Infer Time: 11.244098901748657
BAS Score on Validation Data: 0.9542993948436626
Loss on Validation Data: 0.11466590142143625
Validation loss decreased (0.148512 --> 0.114666).  Saving model ...
----Epoch:3----
Training Time : 155.46407270431519
Val Infer Time: 11.24551248550415
BAS Score on Validation Data: 0.9628272712386846
Loss on Validation Data: 0.11652549593931152
EarlyStopping counter: 1 out of 7
----Epoch:4----
Training Time : 155.42182397842407
Val Infer Time: 11.243001699447632
BAS Score on Validation Data: 0.9585801385816083
Loss on Validation Data: 0.11157317761154402
Validation loss decreased (0.114666 --> 0.111573).  Saving model ...
----Epoch:5----
Training Time : 155.46123385429382
Val Infer Time: 11.244597911834717
BAS Score on Validation Data: 0.9554823471302191
Loss on Validation Data: 0.11243628465703555
EarlyStopping counter: 1 out of 7
----Epoch:6----
Training Time : 155.40449261665344
Val Infer Time: 11.242588996887207
BAS Score on Validation Data: 0.9633892795549105
Loss on Validation Data: 0.10512579055059523
Validation loss decreased (0.111573 --> 0.105126).  Saving model ...
----Epoch:7----
Training Time : 155.4486575126648
Val Infer Time: 11.245505094528198
BAS Score on Validation Data: 0.9633129947832665
Loss on Validation Data: 0.10098666050249622
Validation loss decreased (0.105126 --> 0.100987).  Saving model ...
----Epoch:8----
Training Time : 155.42781281471252
Val Infer Time: 11.243689775466919
BAS Score on Validation Data: 0.964548094478435
Loss on Validation Data: 0.10499061005456108
EarlyStopping counter: 1 out of 7
----Epoch:9----
Training Time : 155.490300655365
Val Infer Time: 11.246169328689575
BAS Score on Validation Data: 0.9674222215422489
Loss on Validation Data: 0.09180485732143834
Validation loss decreased (0.100987 --> 0.091805).  Saving model ...
----Epoch:10----
Training Time : 155.42830085754395
Val Infer Time: 11.242752075195312
BAS Score on Validation Data: 0.9670127378013974
Loss on Validation Data: 0.09459870665201119
EarlyStopping counter: 1 out of 7
----Epoch:11----
Training Time : 155.40771985054016
Val Infer Time: 11.24474811553955
BAS Score on Validation Data: 0.9580434957011806
Loss on Validation Data: 0.1451838350721768
EarlyStopping counter: 2 out of 7
----Epoch:12----
Training Time : 155.36553764343262
Val Infer Time: 11.24367070198059
BAS Score on Validation Data: 0.9680709001177549
Loss on Validation Data: 0.09962451174145653
EarlyStopping counter: 3 out of 7
----Epoch:13----
Training Time : 155.41727709770203
Val Infer Time: 11.245265007019043
BAS Score on Validation Data: 0.9681014599681536
Loss on Validation Data: 0.08328998649404162
Validation loss decreased (0.091805 --> 0.083290).  Saving model ...
----Epoch:14----
Training Time : 155.36259198188782
Val Infer Time: 11.243722438812256
BAS Score on Validation Data: 0.9653385059028841
Loss on Validation Data: 0.08878463920028437
EarlyStopping counter: 1 out of 7
----Epoch:15----
Training Time : 155.45872473716736
Val Infer Time: 11.247183084487915
BAS Score on Validation Data: 0.964599149481808
Loss on Validation Data: 0.08837540108887922
EarlyStopping counter: 2 out of 7
----Epoch:16----
Training Time : 155.48921990394592
Val Infer Time: 11.245955467224121
BAS Score on Validation Data: 0.9675501077108319
Loss on Validation Data: 0.09161928438004993
EarlyStopping counter: 3 out of 7
----Epoch:17----
Training Time : 155.55129981040955
Val Infer Time: 11.247744798660278
BAS Score on Validation Data: 0.9655992882957524
Loss on Validation Data: 0.11012292305628459
EarlyStopping counter: 4 out of 7
----Epoch:18----
Training Time : 155.52201104164124
Val Infer Time: 11.245005369186401
BAS Score on Validation Data: 0.9683415212228
Loss on Validation Data: 0.08590285595329035
EarlyStopping counter: 5 out of 7
----Epoch:19----
Training Time : 155.51229977607727
Val Infer Time: 11.24711561203003
BAS Score on Validation Data: 0.9691675928710701
Loss on Validation Data: 0.08430791802349545
EarlyStopping counter: 6 out of 7
----Epoch:20----
Training Time : 155.46935319900513
Val Infer Time: 11.242854356765747
BAS Score on Validation Data: 0.9719746334406723
Loss on Validation Data: 0.08178881804148357
Validation loss decreased (0.083290 --> 0.081789).  Saving model ...
----Epoch:21----
Training Time : 155.53996300697327
Val Infer Time: 11.24559211730957
BAS Score on Validation Data: 0.9712262593776044
Loss on Validation Data: 0.08464101907752809
EarlyStopping counter: 1 out of 7
----Epoch:22----
Training Time : 155.5227952003479
Val Infer Time: 11.243788957595825
BAS Score on Validation Data: 0.9706503136814053
Loss on Validation Data: 0.08708301495228495
EarlyStopping counter: 2 out of 7
----Epoch:23----
Training Time : 155.53579425811768
Val Infer Time: 11.247482538223267
BAS Score on Validation Data: 0.9694574319830586
Loss on Validation Data: 0.08085854514723732
EarlyStopping counter: 3 out of 7
----Epoch:24----
Training Time : 155.47775173187256
Val Infer Time: 11.24306583404541
BAS Score on Validation Data: 0.969795184932122
Loss on Validation Data: 0.08734181317545119
EarlyStopping counter: 4 out of 7
----Epoch:25----
Training Time : 155.5381395816803
Val Infer Time: 11.245973825454712
BAS Score on Validation Data: 0.9717981971056205
Loss on Validation Data: 0.0859795005548568
EarlyStopping counter: 5 out of 7
----Epoch:26----
Training Time : 155.5424952507019
Val Infer Time: 11.245270013809204
BAS Score on Validation Data: 0.9715452005585198
Loss on Validation Data: 0.0889036322544728
EarlyStopping counter: 6 out of 7
----Epoch:27----
Training Time : 155.5374562740326
Val Infer Time: 11.246439933776855
BAS Score on Validation Data: 0.9710112472557881
Loss on Validation Data: 0.08718399916376386
EarlyStopping counter: 7 out of 7
Early Stop
Load the best weight after training: /gpfs/fs7/grdi/genarcc/wp1/genomics_unit/IAV/Revision_1/model_weight/transformer_esm/esm2_t6_8M_UR50D_weight/06_NA_Protein_Host/transformer_esm_6.pt
Inference Test Time: 47.53120040893555
Inference Test Time: 1.2211644649505615
High Quality
0.9708239941975348 0.9758492482881302 0.9814598299844581 0.9708239941975348 0.9707143837923117
              precision    recall  f1-score   support

           0       0.99      0.99      0.99     19588
           1       0.98      1.00      0.99      5531
           2       0.98      0.92      0.95      3100

    accuracy                           0.99     28219
   macro avg       0.98      0.97      0.98     28219
weighted avg       0.99      0.99      0.99     28219
INFO:root:Train epoch 28 in 155.349092 seconds
INFO:root:Finish training and load weight for prediction:/gpfs/fs7/grdi/genarcc/wp1/genomics_unit/IAV/Revision_1/model_weight/transformer_esm/esm2_t6_8M_UR50D_weight/06_NA_Protein_Host/transformer_esm_7.pt
INFO:root:Fold: 8
/gpfs/fs7/grdi/genarcc/common/conda/miniconda3/envs/hai_pytorch/lib/python3.12/site-packages/esm/pretrained.py:70: FutureWarning: You are using `torch.load` with `weights_only=False` (the current default value), which uses the default pickle module implicitly. It is possible to construct malicious pickle data which will execute arbitrary code during unpickling (See https://github.com/pytorch/pytorch/blob/main/SECURITY.md#untrusted-models for more details). In a future release, the default value for `weights_only` will be flipped to `True`. This limits the functions that could be executed during unpickling. Arbitrary objects will no longer be allowed to be loaded via this mode unless they are explicitly allowlisted by the user via `torch.serialization.add_safe_globals`. We recommend you start setting `weights_only=True` for any use case where you don't have full control of the loaded file. Please open an issue on GitHub for any issues related to this experimental feature.
  model_data = torch.load(str(model_location), map_location="cpu")
/gpfs/fs7/grdi/genarcc/common/conda/miniconda3/envs/hai_pytorch/lib/python3.12/site-packages/esm/pretrained.py:74: FutureWarning: You are using `torch.load` with `weights_only=False` (the current default value), which uses the default pickle module implicitly. It is possible to construct malicious pickle data which will execute arbitrary code during unpickling (See https://github.com/pytorch/pytorch/blob/main/SECURITY.md#untrusted-models for more details). In a future release, the default value for `weights_only` will be flipped to `True`. This limits the functions that could be executed during unpickling. Arbitrary objects will no longer be allowed to be loaded via this mode unless they are explicitly allowlisted by the user via `torch.serialization.add_safe_globals`. We recommend you start setting `weights_only=True` for any use case where you don't have full control of the loaded file. Please open an issue on GitHub for any issues related to this experimental feature.
  regression_data = torch.load(regression_location, map_location="cpu")
INFO:root:Start Training Model
INFO:root:Train epoch 1 in 155.364993 seconds
INFO:root:Train epoch 2 in 155.417837 seconds
INFO:root:Train epoch 3 in 155.468184 seconds
INFO:root:Train epoch 4 in 155.385996 seconds
INFO:root:Train epoch 5 in 155.394422 seconds
INFO:root:Train epoch 6 in 155.347702 seconds
INFO:root:Train epoch 7 in 155.431174 seconds
INFO:root:Train epoch 8 in 155.455372 seconds
INFO:root:Train epoch 9 in 155.483754 seconds
INFO:root:Train epoch 10 in 155.510496 seconds
INFO:root:Train epoch 11 in 155.516772 seconds
INFO:root:Train epoch 12 in 155.505053 seconds
INFO:root:Train epoch 13 in 155.521637 seconds
INFO:root:Train epoch 14 in 155.484475 seconds
INFO:root:Train epoch 15 in 155.518379 seconds
INFO:root:Train epoch 16 in 155.515675 seconds
INFO:root:Train epoch 17 in 155.472794 seconds
INFO:root:Train epoch 18 in 155.355900 seconds
INFO:root:Train epoch 19 in 155.391178 seconds
INFO:root:Train epoch 20 in 155.380055 seconds
INFO:root:Train epoch 21 in 155.436646 seconds
INFO:root:Finish training and load weight for prediction:/gpfs/fs7/grdi/genarcc/wp1/genomics_unit/IAV/Revision_1/model_weight/transformer_esm/esm2_t6_8M_UR50D_weight/06_NA_Protein_Host/transformer_esm_8.pt
INFO:root:Fold: 9
/gpfs/fs7/grdi/genarcc/common/conda/miniconda3/envs/hai_pytorch/lib/python3.12/site-packages/esm/pretrained.py:70: FutureWarning: You are using `torch.load` with `weights_only=False` (the current default value), which uses the default pickle module implicitly. It is possible to construct malicious pickle data which will execute arbitrary code during unpickling (See https://github.com/pytorch/pytorch/blob/main/SECURITY.md#untrusted-models for more details). In a future release, the default value for `weights_only` will be flipped to `True`. This limits the functions that could be executed during unpickling. Arbitrary objects will no longer be allowed to be loaded via this mode unless they are explicitly allowlisted by the user via `torch.serialization.add_safe_globals`. We recommend you start setting `weights_only=True` for any use case where you don't have full control of the loaded file. Please open an issue on GitHub for any issues related to this experimental feature.
  model_data = torch.load(str(model_location), map_location="cpu")
/gpfs/fs7/grdi/genarcc/common/conda/miniconda3/envs/hai_pytorch/lib/python3.12/site-packages/esm/pretrained.py:74: FutureWarning: You are using `torch.load` with `weights_only=False` (the current default value), which uses the default pickle module implicitly. It is possible to construct malicious pickle data which will execute arbitrary code during unpickling (See https://github.com/pytorch/pytorch/blob/main/SECURITY.md#untrusted-models for more details). In a future release, the default value for `weights_only` will be flipped to `True`. This limits the functions that could be executed during unpickling. Arbitrary objects will no longer be allowed to be loaded via this mode unless they are explicitly allowlisted by the user via `torch.serialization.add_safe_globals`. We recommend you start setting `weights_only=True` for any use case where you don't have full control of the loaded file. Please open an issue on GitHub for any issues related to this experimental feature.
  regression_data = torch.load(regression_location, map_location="cpu")
INFO:root:Start Training Model
INFO:root:Train epoch 1 in 155.421273 seconds
INFO:root:Train epoch 2 in 155.404404 seconds
INFO:root:Train epoch 3 in 155.387798 seconds
INFO:root:Train epoch 4 in 155.359106 seconds
INFO:root:Train epoch 5 in 155.401583 seconds
INFO:root:Train epoch 6 in 155.369183 seconds
INFO:root:Train epoch 7 in 155.350868 seconds
INFO:root:Train epoch 8 in 155.338168 seconds
INFO:root:Train epoch 9 in 155.317109 seconds
INFO:root:Train epoch 10 in 155.358331 seconds
INFO:root:Train epoch 11 in 155.326556 seconds
INFO:root:Train epoch 12 in 155.408118 seconds
INFO:root:Train epoch 13 in 155.366423 seconds
INFO:root:Train epoch 14 in 155.348022 seconds
INFO:root:Train epoch 15 in 155.400256 seconds
INFO:root:Train epoch 16 in 155.382768 seconds
INFO:root:Train epoch 17 in 155.370209 seconds
INFO:root:Train epoch 18 in 155.369245 seconds
INFO:root:Train epoch 19 in 155.422084 seconds
INFO:root:Train epoch 20 in 155.477182 seconds
INFO:root:Train epoch 21 in 155.440232 seconds
INFO:root:Train epoch 22 in 155.430846 seconds
INFO:root:Train epoch 23 in 155.388402 seconds
INFO:root:Train epoch 24 in 155.382757 seconds
INFO:root:Train epoch 25 in 155.405044 seconds
INFO:root:Train epoch 26 in 155.374789 seconds
INFO:root:Train epoch 27 in 155.375593 seconds
INFO:root:Finish training and load weight for prediction:/gpfs/fs7/grdi/genarcc/wp1/genomics_unit/IAV/Revision_1/model_weight/transformer_esm/esm2_t6_8M_UR50D_weight/06_NA_Protein_Host/transformer_esm_9.pt

Low Quality
0.8624671916010499 0.8726030995534542 0.8891768063692354 0.8624671916010499 0.8963347141516242
              precision    recall  f1-score   support

           0       0.99      0.99      0.99       635
           1       0.93      1.00      0.96        65
           2       0.75      0.60      0.67        20

    accuracy                           0.98       720
   macro avg       0.89      0.86      0.87       720
weighted avg       0.98      0.98      0.98       720


High Quality Post 2020
                     mean       std       sem  count
Model                                               
transformer_esm  0.976954  0.001002  0.000379      7
                     mean       std       sem  count
Model                                               
transformer_esm  0.972035  0.001608  0.000608      7
                     mean       std       sem  count
Model                                               
transformer_esm  0.971956  0.001155  0.000437      7

Low Quality Post 2020
                    mean       std       sem  count
Model                                              
transformer_esm  0.84432  0.040389  0.015266      7
                     mean      std       sem  count
Model                                              
transformer_esm  0.859916  0.02107  0.007964      7
                     mean       std       sem  count
Model                                               
transformer_esm  0.857145  0.052257  0.019751      7
Saving Results
Fold: 7
Data Shape Before Sampling:  (59973, 497) (59973,)
Subtype/Host: 0 ,count:  34603 ,index count: (array([False,  True]), array([25370, 34603])) ,downsampling:  (16000, 497) (16000,)
Subtype/Host: 1 ,count:  16398 ,index count: (array([False,  True]), array([43575, 16398])) ,downsampling:  (16000, 497) (16000,)
Subtype/Host: 2 ,count:  8972 ,index count: (array([False,  True]), array([51001,  8972])) ,keep:  (8972, 497) (8972,)
CV Train Shape (40972, 497) (40972,)
CV Val Shape (6663, 497) (6663,)
Total Trainable Parameters:  7541517
Total Parameters:  7541517
----Epoch:1----
Training Time : 155.4593152999878
Val Infer Time: 11.24306583404541
BAS Score on Validation Data: 0.9527290020684213
Loss on Validation Data: 0.13134647031270322
Validation loss decreased (inf --> 0.131346).  Saving model ...
----Epoch:2----
Training Time : 155.4789834022522
Val Infer Time: 11.244264841079712
BAS Score on Validation Data: 0.9542407346299631
Loss on Validation Data: 0.12792619004668224
Validation loss decreased (0.131346 --> 0.127926).  Saving model ...
----Epoch:3----
Training Time : 155.51330637931824
Val Infer Time: 11.246384620666504
BAS Score on Validation Data: 0.9585485766436906
Loss on Validation Data: 0.12848333111476332
EarlyStopping counter: 1 out of 7
----Epoch:4----
Training Time : 155.58958625793457
Val Infer Time: 11.244838237762451
BAS Score on Validation Data: 0.9470587655524216
Loss on Validation Data: 0.121564518997357
Validation loss decreased (0.127926 --> 0.121565).  Saving model ...
----Epoch:5----
Training Time : 155.61206483840942
Val Infer Time: 11.249318838119507
BAS Score on Validation Data: 0.9447486959477854
Loss on Validation Data: 0.1330033652484417
EarlyStopping counter: 1 out of 7
----Epoch:6----
Training Time : 155.57274746894836
Val Infer Time: 11.247444152832031
BAS Score on Validation Data: 0.955011788656484
Loss on Validation Data: 0.13249601084916365
EarlyStopping counter: 2 out of 7
----Epoch:7----
Training Time : 155.61976432800293
Val Infer Time: 11.249568700790405
BAS Score on Validation Data: 0.9604553549042439
Loss on Validation Data: 0.11097193835746674
Validation loss decreased (0.121565 --> 0.110972).  Saving model ...
----Epoch:8----
Training Time : 155.59895157814026
Val Infer Time: 11.245096683502197
BAS Score on Validation Data: 0.9597576251185099
Loss on Validation Data: 0.10830443228284518
Validation loss decreased (0.110972 --> 0.108304).  Saving model ...
----Epoch:9----
Training Time : 155.59455490112305
Val Infer Time: 11.247860670089722
BAS Score on Validation Data: 0.9603335708147092
Loss on Validation Data: 0.10475554207251185
Validation loss decreased (0.108304 --> 0.104756).  Saving model ...
----Epoch:10----
Training Time : 155.549884557724
Val Infer Time: 11.249554872512817
BAS Score on Validation Data: 0.9526587740260187
Loss on Validation Data: 0.10411995447107723
EarlyStopping counter: 1 out of 7
----Epoch:11----
Training Time : 155.64722061157227
Val Infer Time: 11.247551918029785
BAS Score on Validation Data: 0.9606452725434232
Loss on Validation Data: 0.10286841830682186
Validation loss decreased (0.104756 --> 0.102868).  Saving model ...
----Epoch:12----
Training Time : 155.58471751213074
Val Infer Time: 11.246307373046875
BAS Score on Validation Data: 0.9623264729409765
Loss on Validation Data: 0.10481770127745611
EarlyStopping counter: 1 out of 7
----Epoch:13----
Training Time : 155.6477756500244
Val Infer Time: 11.246158361434937
BAS Score on Validation Data: 0.9631545937321982
Loss on Validation Data: 0.09832193631501425
Validation loss decreased (0.102868 --> 0.098322).  Saving model ...
----Epoch:14----
Training Time : 155.6114411354065
Val Infer Time: 11.245785474777222
BAS Score on Validation Data: 0.96298863282061
Loss on Validation Data: 0.097398628631518
EarlyStopping counter: 1 out of 7
----Epoch:15----
Training Time : 155.626535654068
Val Infer Time: 11.247750043869019
BAS Score on Validation Data: 0.9650448394581536
Loss on Validation Data: 0.09483013684373526
Validation loss decreased (0.098322 --> 0.094830).  Saving model ...
----Epoch:16----
Training Time : 155.59352040290833
Val Infer Time: 11.247397899627686
BAS Score on Validation Data: 0.9660213415709326
Loss on Validation Data: 0.09661104783770584
EarlyStopping counter: 1 out of 7
----Epoch:17----
Training Time : 155.61206340789795
Val Infer Time: 11.244653940200806
BAS Score on Validation Data: 0.9635306020597074
Loss on Validation Data: 0.1031167005499204
EarlyStopping counter: 2 out of 7
----Epoch:18----
Training Time : 155.55241799354553
Val Infer Time: 11.245155811309814
BAS Score on Validation Data: 0.9652904114303684
Loss on Validation Data: 0.09756837167023193
EarlyStopping counter: 3 out of 7
----Epoch:19----
Training Time : 155.5983488559723
Val Infer Time: 11.245188236236572
BAS Score on Validation Data: 0.9670698948838186
Loss on Validation Data: 0.09166124283912636
Validation loss decreased (0.094830 --> 0.091661).  Saving model ...
----Epoch:20----
Training Time : 155.55817437171936
Val Infer Time: 11.244245290756226
BAS Score on Validation Data: 0.965783148823797
Loss on Validation Data: 0.10093801329799351
EarlyStopping counter: 1 out of 7
----Epoch:21----
Training Time : 155.5759346485138
Val Infer Time: 11.244541883468628
BAS Score on Validation Data: 0.9673706201453096
Loss on Validation Data: 0.0891466532434736
Validation loss decreased (0.091661 --> 0.089147).  Saving model ...
----Epoch:22----
Training Time : 155.44241547584534
Val Infer Time: 11.243316888809204
BAS Score on Validation Data: 0.9670223014550623
Loss on Validation Data: 0.09425262379504386
EarlyStopping counter: 1 out of 7
----Epoch:23----
Training Time : 155.39556694030762
Val Infer Time: 11.244921922683716
BAS Score on Validation Data: 0.9670703959275779
Loss on Validation Data: 0.10236672627783958
EarlyStopping counter: 2 out of 7
----Epoch:24----
Training Time : 155.35926365852356
Val Infer Time: 11.241732120513916
BAS Score on Validation Data: 0.965878972010703
Loss on Validation Data: 0.10253329671741951
EarlyStopping counter: 3 out of 7
----Epoch:25----
Training Time : 155.44463753700256
Val Infer Time: 11.245569229125977
BAS Score on Validation Data: 0.9673255769032646
Loss on Validation Data: 0.09981692323372478
EarlyStopping counter: 4 out of 7
----Epoch:26----
Training Time : 155.39293837547302
Val Infer Time: 11.244241952896118
BAS Score on Validation Data: 0.9682097174037544
Loss on Validation Data: 0.09722916904969939
EarlyStopping counter: 5 out of 7
----Epoch:27----
Training Time : 155.40118050575256
Val Infer Time: 11.244191408157349
BAS Score on Validation Data: 0.9666087194283076
Loss on Validation Data: 0.09255097596240895
EarlyStopping counter: 6 out of 7
----Epoch:28----
Training Time : 155.3490924835205
Val Infer Time: 11.242391347885132
BAS Score on Validation Data: 0.9693441195238423
Loss on Validation Data: 0.09483588502875397
EarlyStopping counter: 7 out of 7
Early Stop
Load the best weight after training: /gpfs/fs7/grdi/genarcc/wp1/genomics_unit/IAV/Revision_1/model_weight/transformer_esm/esm2_t6_8M_UR50D_weight/06_NA_Protein_Host/transformer_esm_7.pt
Inference Test Time: 47.51903748512268
Inference Test Time: 1.220991849899292
High Quality
0.9740670380589963 0.9777283808267119 0.981777692935756 0.9740670380589963 0.9728584248502261
              precision    recall  f1-score   support

           0       0.99      0.99      0.99     19588
           1       0.98      1.00      0.99      5531
           2       0.97      0.93      0.95      3100

    accuracy                           0.99     28219
   macro avg       0.98      0.97      0.98     28219
weighted avg       0.99      0.99      0.99     28219

Low Quality
0.8796587926509186 0.8881046489742142 0.9100529100529101 0.8796587926509186 0.91177023610058
              precision    recall  f1-score   support

           0       1.00      0.99      0.99       635
           1       0.87      1.00      0.93        65
           2       0.87      0.65      0.74        20

    accuracy                           0.98       720
   macro avg       0.91      0.88      0.89       720
weighted avg       0.98      0.98      0.98       720


High Quality Post 2020
                    mean       std       sem  count
Model                                              
transformer_esm  0.97705  0.000967  0.000342      8
                     mean       std       sem  count
Model                                               
transformer_esm  0.972289  0.001653  0.000584      8
                     mean       std       sem  count
Model                                               
transformer_esm  0.972069  0.001116  0.000395      8

Low Quality Post 2020
                     mean       std       sem  count
Model                                               
transformer_esm  0.849793  0.040471  0.014309      8
                     mean       std       sem  count
Model                                               
transformer_esm  0.862384  0.020718  0.007325      8
                     mean       std       sem  count
Model                                               
transformer_esm  0.863974  0.052093  0.018418      8
Saving Results
Fold: 8
Data Shape Before Sampling:  (59973, 497) (59973,)
Subtype/Host: 0 ,count:  34603 ,index count: (array([False,  True]), array([25370, 34603])) ,downsampling:  (16000, 497) (16000,)
Subtype/Host: 1 ,count:  16398 ,index count: (array([False,  True]), array([43575, 16398])) ,downsampling:  (16000, 497) (16000,)
Subtype/Host: 2 ,count:  8972 ,index count: (array([False,  True]), array([51001,  8972])) ,keep:  (8972, 497) (8972,)
CV Train Shape (40972, 497) (40972,)
CV Val Shape (6663, 497) (6663,)
Total Trainable Parameters:  7541517
Total Parameters:  7541517
----Epoch:1----
Training Time : 155.3649926185608
Val Infer Time: 11.245123386383057
BAS Score on Validation Data: 0.9611656995741137
Loss on Validation Data: 0.1448827769518608
Validation loss decreased (inf --> 0.144883).  Saving model ...
----Epoch:2----
Training Time : 155.41783738136292
Val Infer Time: 11.246186017990112
BAS Score on Validation Data: 0.9540839270278937
Loss on Validation Data: 0.12211723457578393
Validation loss decreased (0.144883 --> 0.122117).  Saving model ...
----Epoch:3----
Training Time : 155.4681842327118
Val Infer Time: 11.24469542503357
BAS Score on Validation Data: 0.9594714735663857
Loss on Validation Data: 0.13322714299761823
EarlyStopping counter: 1 out of 7
----Epoch:4----
Training Time : 155.38599586486816
Val Infer Time: 11.241647720336914
BAS Score on Validation Data: 0.952841994501212
Loss on Validation Data: 0.16557299490751964
EarlyStopping counter: 2 out of 7
----Epoch:5----
Training Time : 155.3944215774536
Val Infer Time: 11.244888305664062
BAS Score on Validation Data: 0.9588042586631366
Loss on Validation Data: 0.12054521242777506
Validation loss decreased (0.122117 --> 0.120545).  Saving model ...
----Epoch:6----
Training Time : 155.3477017879486
Val Infer Time: 11.242221593856812
BAS Score on Validation Data: 0.9614163265699441
Loss on Validation Data: 0.12037732357691441
EarlyStopping counter: 1 out of 7
----Epoch:7----
Training Time : 155.43117356300354
Val Infer Time: 11.244253873825073
BAS Score on Validation Data: 0.9610152691096046
Loss on Validation Data: 0.10973208064124698
Validation loss decreased (0.120545 --> 0.109732).  Saving model ...
----Epoch:8----
Training Time : 155.45537161827087
Val Infer Time: 11.242409944534302
BAS Score on Validation Data: 0.9559280824563713
Loss on Validation Data: 0.11718748832298886
EarlyStopping counter: 1 out of 7
----Epoch:9----
Training Time : 155.48375368118286
Val Infer Time: 11.24613332748413
BAS Score on Validation Data: 0.962195806876977
Loss on Validation Data: 0.12714587214979386
EarlyStopping counter: 2 out of 7
----Epoch:10----
Training Time : 155.51049637794495
Val Infer Time: 11.242832660675049
BAS Score on Validation Data: 0.964098486851627
Loss on Validation Data: 0.11121020649471099
EarlyStopping counter: 3 out of 7
----Epoch:11----
Training Time : 155.51677227020264
Val Infer Time: 11.246612071990967
BAS Score on Validation Data: 0.9632874446066766
Loss on Validation Data: 0.10498961331766277
Validation loss decreased (0.109732 --> 0.104990).  Saving model ...
----Epoch:12----
Training Time : 155.50505328178406
Val Infer Time: 11.244415998458862
BAS Score on Validation Data: 0.9588733943002997
Loss on Validation Data: 0.11035184673743234
EarlyStopping counter: 1 out of 7
----Epoch:13----
Training Time : 155.5216372013092
Val Infer Time: 11.24668836593628
BAS Score on Validation Data: 0.9649225996746659
Loss on Validation Data: 0.10585488057030099
EarlyStopping counter: 2 out of 7
----Epoch:14----
Training Time : 155.4844753742218
Val Infer Time: 11.245339155197144
BAS Score on Validation Data: 0.963004754629169
Loss on Validation Data: 0.09788500654422456
Validation loss decreased (0.104990 --> 0.097885).  Saving model ...
----Epoch:15----
Training Time : 155.51837873458862
Val Infer Time: 11.246562480926514
BAS Score on Validation Data: 0.9639425906374632
Loss on Validation Data: 0.10770025776610488
EarlyStopping counter: 1 out of 7
----Epoch:16----
Training Time : 155.5156750679016
Val Infer Time: 11.245895862579346
BAS Score on Validation Data: 0.963999247058018
Loss on Validation Data: 0.10562173209286162
EarlyStopping counter: 2 out of 7
----Epoch:17----
Training Time : 155.4727942943573
Val Infer Time: 11.245058536529541
BAS Score on Validation Data: 0.9649190927502423
Loss on Validation Data: 0.10570659572702079
EarlyStopping counter: 3 out of 7
----Epoch:18----
Training Time : 155.35590028762817
Val Infer Time: 11.243319988250732
BAS Score on Validation Data: 0.9645255501825093
Loss on Validation Data: 0.1091641416329713
EarlyStopping counter: 4 out of 7
----Epoch:19----
Training Time : 155.39117813110352
Val Infer Time: 11.245275020599365
BAS Score on Validation Data: 0.966130100050293
Loss on Validation Data: 0.10359606884774708
EarlyStopping counter: 5 out of 7
----Epoch:20----
Training Time : 155.3800551891327
Val Infer Time: 11.242496490478516
BAS Score on Validation Data: 0.9631226210682414
Loss on Validation Data: 0.10085646684414575
EarlyStopping counter: 6 out of 7
----Epoch:21----
Training Time : 155.43664598464966
Val Infer Time: 11.245042562484741
BAS Score on Validation Data: 0.9654478557437244
Loss on Validation Data: 0.1119134310150652
EarlyStopping counter: 7 out of 7
Early Stop
Load the best weight after training: /gpfs/fs7/grdi/genarcc/wp1/genomics_unit/IAV/Revision_1/model_weight/transformer_esm/esm2_t6_8M_UR50D_weight/06_NA_Protein_Host/transformer_esm_8.pt
Inference Test Time: 47.52588748931885
Inference Test Time: 1.2210195064544678
High Quality
0.9664454151414811 0.9733917419623904 0.9812665279701026 0.9664454151414811 0.9677273372627057
              precision    recall  f1-score   support

           0       0.99      0.99      0.99     19588
           1       0.98      1.00      0.99      5531
           2       0.98      0.91      0.94      3100

    accuracy                           0.98     28219
   macro avg       0.98      0.97      0.97     28219
weighted avg       0.98      0.98      0.98     28219

Low Quality
0.8745305875227135 0.8787907515044506 0.8846449901376604 0.8745305875227135 0.9027941024919847
              precision    recall  f1-score   support

           0       0.99      0.99      0.99       635
           1       0.94      0.98      0.96        65
           2       0.72      0.65      0.68        20

    accuracy                           0.98       720
   macro avg       0.88      0.87      0.88       720
weighted avg       0.98      0.98      0.98       720


High Quality Post 2020
                     mean       std       sem  count
Model                                               
transformer_esm  0.976644  0.001519  0.000506      9
                    mean       std       sem  count
Model                                              
transformer_esm  0.97164  0.002487  0.000829      9
                     mean       std       sem  count
Model                                               
transformer_esm  0.971586  0.001784  0.000595      9

Low Quality Post 2020
                     mean       std       sem  count
Model                                               
transformer_esm  0.853015  0.039072  0.013024      9
                     mean       std       sem  count
Model                                               
transformer_esm  0.863734  0.019798  0.006599      9
                     mean       std       sem  count
Model                                               
transformer_esm  0.868287  0.050418  0.016806      9
Saving Results
Fold: 9
Data Shape Before Sampling:  (59973, 497) (59973,)
Subtype/Host: 0 ,count:  34602 ,index count: (array([False,  True]), array([25371, 34602])) ,downsampling:  (16000, 497) (16000,)
Subtype/Host: 1 ,count:  16398 ,index count: (array([False,  True]), array([43575, 16398])) ,downsampling:  (16000, 497) (16000,)
Subtype/Host: 2 ,count:  8973 ,index count: (array([False,  True]), array([51000,  8973])) ,keep:  (8973, 497) (8973,)
CV Train Shape (40973, 497) (40973,)
CV Val Shape (6663, 497) (6663,)
Total Trainable Parameters:  7541517
Total Parameters:  7541517
----Epoch:1----
Training Time : 155.4212727546692
Val Infer Time: 11.244422197341919
BAS Score on Validation Data: 0.952147416612742
Loss on Validation Data: 0.1379827032309203
Validation loss decreased (inf --> 0.137983).  Saving model ...
----Epoch:2----
Training Time : 155.40440368652344
Val Infer Time: 11.244007349014282
BAS Score on Validation Data: 0.9565364508598299
Loss on Validation Data: 0.11912915366036551
Validation loss decreased (0.137983 --> 0.119129).  Saving model ...
----Epoch:3----
Training Time : 155.3877980709076
Val Infer Time: 11.24333119392395
BAS Score on Validation Data: 0.955482038150475
Loss on Validation Data: 0.11436172603141694
Validation loss decreased (0.119129 --> 0.114362).  Saving model ...
----Epoch:4----
Training Time : 155.3591058254242
Val Infer Time: 11.243557453155518
BAS Score on Validation Data: 0.9593811195214726
Loss on Validation Data: 0.13441236878612212
EarlyStopping counter: 1 out of 7
----Epoch:5----
Training Time : 155.4015827178955
Val Infer Time: 11.243598699569702
BAS Score on Validation Data: 0.955655423499413
Loss on Validation Data: 0.11254815795414505
Validation loss decreased (0.114362 --> 0.112548).  Saving model ...
----Epoch:6----
Training Time : 155.36918330192566
Val Infer Time: 11.244065284729004
BAS Score on Validation Data: 0.9644697880229601
Loss on Validation Data: 0.1039049093389795
Validation loss decreased (0.112548 --> 0.103905).  Saving model ...
----Epoch:7----
Training Time : 155.3508677482605
Val Infer Time: 11.23932695388794
BAS Score on Validation Data: 0.9663413065817302
Loss on Validation Data: 0.09770006549855073
Validation loss decreased (0.103905 --> 0.097700).  Saving model ...
----Epoch:8----
Training Time : 155.33816838264465
Val Infer Time: 11.241370916366577
BAS Score on Validation Data: 0.9490607744219588
Loss on Validation Data: 0.11399839979019903
EarlyStopping counter: 1 out of 7
----Epoch:9----
Training Time : 155.3171091079712
Val Infer Time: 11.24107313156128
BAS Score on Validation Data: 0.9617662125594242
Loss on Validation Data: 0.09557752998634464
Validation loss decreased (0.097700 --> 0.095578).  Saving model ...
----Epoch:10----
Training Time : 155.3583312034607
Val Infer Time: 11.241615533828735
BAS Score on Validation Data: 0.9661456830153113
Loss on Validation Data: 0.09654067438982782
EarlyStopping counter: 1 out of 7
----Epoch:11----
Training Time : 155.3265564441681
Val Infer Time: 11.24002480506897
BAS Score on Validation Data: 0.9613569465399933
Loss on Validation Data: 0.09388149433015358
Validation loss decreased (0.095578 --> 0.093881).  Saving model ...
----Epoch:12----
Training Time : 155.40811824798584
Val Infer Time: 11.242285251617432
BAS Score on Validation Data: 0.9601049511287861
Loss on Validation Data: 0.09283396273053118
Validation loss decreased (0.093881 --> 0.092834).  Saving model ...
----Epoch:13----
Training Time : 155.36642336845398
Val Infer Time: 11.245087623596191
BAS Score on Validation Data: 0.9642485409141802
Loss on Validation Data: 0.08927504319165434
Validation loss decreased (0.092834 --> 0.089275).  Saving model ...
----Epoch:14----
Training Time : 155.34802150726318
Val Infer Time: 11.243024587631226
BAS Score on Validation Data: 0.9682893782739453
Loss on Validation Data: 0.08734551563504196
Validation loss decreased (0.089275 --> 0.087346).  Saving model ...
----Epoch:15----
Training Time : 155.4002561569214
Val Infer Time: 11.244015455245972
BAS Score on Validation Data: 0.9636633367937751
Loss on Validation Data: 0.09211290263615193
EarlyStopping counter: 1 out of 7
----Epoch:16----
Training Time : 155.3827679157257
Val Infer Time: 11.243012428283691
BAS Score on Validation Data: 0.9704843206173014
Loss on Validation Data: 0.09492098303910877
EarlyStopping counter: 2 out of 7
----Epoch:17----
Training Time : 155.37020897865295
Val Infer Time: 11.241769790649414
BAS Score on Validation Data: 0.9700871532743273
Loss on Validation Data: 0.09039210251399449
EarlyStopping counter: 3 out of 7
----Epoch:18----
Training Time : 155.36924481391907
Val Infer Time: 11.245230913162231
BAS Score on Validation Data: 0.9661104956817493
Loss on Validation Data: 0.09234340044536761
EarlyStopping counter: 4 out of 7
----Epoch:19----
Training Time : 155.4220838546753
Val Infer Time: 11.24376392364502
BAS Score on Validation Data: 0.9711651269161564
Loss on Validation Data: 0.09323098221572028
EarlyStopping counter: 5 out of 7
----Epoch:20----
Training Time : 155.47718238830566
Val Infer Time: 11.24512529373169
BAS Score on Validation Data: 0.9708386959709454
Loss on Validation Data: 0.0834058629792361
Validation loss decreased (0.087346 --> 0.083406).  Saving model ...
----Epoch:21----
Training Time : 155.44023203849792
Val Infer Time: 11.243099927902222
BAS Score on Validation Data: 0.9640776725837181
Loss on Validation Data: 0.0851041256982301
EarlyStopping counter: 1 out of 7
----Epoch:22----
Training Time : 155.43084621429443
Val Infer Time: 11.24268651008606
BAS Score on Validation Data: 0.9673542928205853
Loss on Validation Data: 0.08828997766111224
EarlyStopping counter: 2 out of 7
----Epoch:23----
Training Time : 155.3884015083313
Val Infer Time: 11.245091438293457
BAS Score on Validation Data: 0.9679375378055574
Loss on Validation Data: 0.08803225844832403
EarlyStopping counter: 3 out of 7
----Epoch:24----
Training Time : 155.38275718688965
Val Infer Time: 11.243335723876953
BAS Score on Validation Data: 0.9735172664457803
Loss on Validation Data: 0.08326398426045974
EarlyStopping counter: 4 out of 7
----Epoch:25----
Training Time : 155.4050440788269
Val Infer Time: 11.24332046508789
BAS Score on Validation Data: 0.9687337281524845
Loss on Validation Data: 0.08428348172899514
EarlyStopping counter: 5 out of 7
----Epoch:26----
Training Time : 155.37478876113892
Val Infer Time: 11.243384599685669
BAS Score on Validation Data: 0.9700017405110147
Loss on Validation Data: 0.09242388285873901
EarlyStopping counter: 6 out of 7
----Epoch:27----
Training Time : 155.37559342384338
Val Infer Time: 11.242334604263306
BAS Score on Validation Data: 0.9694899111480823
Loss on Validation Data: 0.0991362748046716
EarlyStopping counter: 7 out of 7
Early Stop
Load the best weight after training: /gpfs/fs7/grdi/genarcc/wp1/genomics_unit/IAV/Revision_1/model_weight/transformer_esm/esm2_t6_8M_UR50D_weight/06_NA_Protein_Host/transformer_esm_9.pt
Inference Test Time: 47.52313828468323
Inference Test Time: 1.220797061920166
High Quality
0.9712986770884454 0.9742623212185907 0.9775357653169628 0.9712986770884454 0.9687694882423222
              precision    recall  f1-score   support

           0       0.99      0.99      0.99     19588
           1       0.98      1.00      0.99      5531
           2       0.96      0.93      0.94      3100

    accuracy                           0.99     28219
   macro avg       0.98      0.97      0.97     28219
weighted avg       0.99      0.99      0.99     28219

Low Quality
0.8280738946093278 0.7587666509724773 0.7187779320762937 0.8280738946093278 0.7691345315384275
              precision    recall  f1-score   support

           0       0.99      0.95      0.97       635
           1       0.88      0.98      0.93        65
           2       0.29      0.55      0.38        20

    accuracy                           0.94       720
   macro avg       0.72      0.83      0.76       720
weighted avg       0.96      0.94      0.95       720


High Quality Post 2020
                     mean       std       sem  count
Model                                               
transformer_esm  0.976406  0.001618  0.000512     10
                     mean       std       sem  count
Model                                               
transformer_esm  0.971606  0.002347  0.000742     10
                     mean       std       sem  count
Model                                               
transformer_esm  0.971305  0.001904  0.000602     10

Low Quality Post 2020
                    mean       std       sem  count
Model                                              
transformer_esm  0.84359  0.047384  0.014984     10
                     mean       std       sem  count
Model                                               
transformer_esm  0.860168  0.021808  0.006896     10
                     mean       std       sem  count
Model                                               
transformer_esm  0.858372  0.056944  0.018007     10
Saving Results
