,Model,Balanced Accuracy,F1-Score (Macro),Precision (Macro),Recall (Macro),MCC
0,Transformer-FNET-64,0.9665170212037483,0.9110154231448081,0.9155149220778792,0.9665170212037483,0.997792145207103
1,Transformer-FNET-128,0.9669385329330278,0.9067248601192618,0.9176061369129995,0.9065048746247135,0.9985575120080047
2,Transformer-MHA-64,0.9695532876435358,0.970689452572305,0.982266276368995,0.9695532876435358,0.9990081677356148
3,Transformer-MHA-128,0.962075653640165,0.9193890020698832,0.9082302196975319,0.962075653640165,0.9954571159488939
