,Model,Balanced Accuracy,F1-Score (Macro),Precision (Macro),Recall (Macro),MCC
0,Transformer-FNET-64,0.49186128176953864,0.2900496399911187,0.36058291677875437,0.36889596132715397,0.620991500129235
1,Transformer-FNET-128,0.4779060558877073,0.32889707040940797,0.42367877937961623,0.4096337621894634,0.5456978874585223
2,Transformer-MHA-64,0.6561218258465965,0.46222295735894164,0.4448923444976077,0.49209136938494735,0.9714357807999319
3,Transformer-MHA-128,0.5932391852116622,0.2893090796171998,0.30739299610894943,0.27380270086692104,0.8614571115113882
