,Model,Balanced Accuracy,F1-Score (Macro),Precision (Macro),Recall (Macro),MCC
0,Baseline_no_gMLP,0.9647844590257074,0.9682075991085064,0.9728322330518765,0.9647844590257074,0.9514297540649137
1,Baseline_no_gMLP,0.9728529812997767,0.9739483123957275,0.9753862627112221,0.9728529812997767,0.9596810487283155
2,Baseline_no_gMLP,0.971024506264857,0.973446944337768,0.9764886059033255,0.971024506264857,0.9592499291560046
3,Baseline_no_gMLP,0.9709144097252672,0.973107437899409,0.9758833004525505,0.9709144097252672,0.9585017732219933
4,Baseline_no_gMLP,0.9703494152378122,0.9712176257086403,0.9724171820752029,0.9703494152378122,0.9553632756645879
5,Baseline_no_gMLP,0.9731201550005868,0.9751946525620977,0.977793582554396,0.9731201550005868,0.9617777755810367
6,Baseline_no_gMLP,0.9720326671460375,0.9742430802072365,0.9769861797291176,0.9720326671460375,0.9602818007612086
7,Baseline_no_gMLP,0.9718999707553794,0.9741460762655052,0.9769321374503637,0.9718999707553794,0.9601330123689329
8,Baseline_no_gMLP,0.9667991631757561,0.969830014790484,0.9737402348184531,0.9667991631757561,0.9534613930054844
