,Model,Balanced Accuracy,F1-Score (Macro),Precision (Macro),Recall (Macro),MCC
0,Baseline_no_gMLP,0.988391376451078,0.8926435516419006,0.8444444444444444,0.988391376451078,0.755977587732598
1,Baseline_no_gMLP,0.9767827529021559,0.7009354715540282,0.6476190476190476,0.9767827529021559,0.6322501736838324
