,Model,Balanced Accuracy,F1-Score (Macro),Precision (Macro),Recall (Macro),MCC
0,Baseline_no_gMLP,0.9347430110081572,0.9167368565487687,0.9030482126226808,0.9347430110081572,0.8982467684665312
1,Baseline_no_gMLP,0.9372594440484675,0.9030460565014865,0.8737946242326718,0.9372594440484675,0.8677636733492802
2,Baseline_no_gMLP,0.9664607586916923,0.9497435615738615,0.9341567090667695,0.9664607586916923,0.9396378486351681
3,Baseline_no_gMLP,0.9474142710065733,0.9180098246789775,0.8929368569805988,0.9474142710065733,0.8918978096872625
4,Baseline_no_gMLP,0.964423457670072,0.9025697066030863,0.8570102583912783,0.964423457670072,0.8739992143834866
5,Baseline_no_gMLP,0.9689771917320028,0.9283996420144821,0.8938271604938272,0.9689771917320028,0.9100023174173613
