,Model,Balanced Accuracy,F1-Score (Macro),Precision (Macro),Recall (Macro),MCC
0,Baseline_no_gMLP,0.9378483245149911,0.9049016995493355,0.8818611466946159,0.9378483245149911,0.8716412455287101
1,Baseline_no_gMLP,0.937770429159318,0.8522118283256898,0.7943830872429943,0.937770429159318,0.8123786489064302
2,Baseline_no_gMLP,0.9692181069958847,0.9484545450790386,0.9294977435931931,0.9692181069958847,0.9356893037064822
