,Model,Balanced Accuracy,F1-Score (Macro),Precision (Macro),Recall (Macro),MCC
0,Baseline_no_gMLP,0.9378483245149911,0.9049016995493355,0.8818611466946159,0.9378483245149911,0.8716412455287101
1,Baseline_no_gMLP,0.937770429159318,0.8522118283256898,0.7943830872429943,0.937770429159318,0.8123786489064302
2,Baseline_no_gMLP,0.9692181069958847,0.9484545450790386,0.9294977435931931,0.9692181069958847,0.9356893037064822
3,Baseline_no_gMLP,0.9482422104644327,0.8815226017883058,0.8302032954378912,0.9482422104644327,0.8508739760633236
4,Baseline_no_gMLP,0.9685523221634332,0.8953083356309163,0.8410595021250759,0.9685523221634332,0.8645960592138731
