,Model,Balanced Accuracy,F1-Score (Macro),Precision (Macro),Recall (Macro),MCC
0,Baseline_no_gMLP,0.9347430110081572,0.9167368565487687,0.9030482126226808,0.9347430110081572,0.8982467684665312
1,Baseline_no_gMLP,0.9372594440484675,0.9030460565014865,0.8737946242326718,0.9372594440484675,0.8677636733492802
