,Model,Balanced Accuracy,F1-Score (Macro),Precision (Macro),Recall (Macro),MCC
0,Baseline_no_gMLP,0.9647844590257074,0.9682075991085064,0.9728322330518765,0.9647844590257074,0.9514297540649137
1,Baseline_no_gMLP,0.9728529812997767,0.9739483123957275,0.9753862627112221,0.9728529812997767,0.9596810487283155
2,Baseline_no_gMLP,0.971024506264857,0.973446944337768,0.9764886059033255,0.971024506264857,0.9592499291560046
3,Baseline_no_gMLP,0.9709144097252672,0.973107437899409,0.9758833004525505,0.9709144097252672,0.9585017732219933
