,Model,Balanced Accuracy,F1-Score (Macro),Precision (Macro),Recall (Macro),MCC
0,Baseline_no_gMLP,0.978933776486548,0.982649344569349,0.986727051051926,0.978933776486548,0.9784453201309704
