,Model,Balanced Accuracy,F1-Score (Macro),Precision (Macro),Recall (Macro),MCC
0,Baseline_no_gMLP,0.978933776486548,0.982649344569349,0.986727051051926,0.978933776486548,0.9784453201309704
1,Baseline_no_gMLP,0.9713191171249437,0.9782088184885471,0.9859155920492565,0.9713191171249437,0.9732500389308467
2,Baseline_no_gMLP,0.9749906586153845,0.9802833445215854,0.9861324130537991,0.9749906586153845,0.9756255750079805
3,Baseline_no_gMLP,0.9733747246719896,0.9793072486744858,0.9858967321914983,0.9733747246719896,0.9745130668997944
4,Baseline_no_gMLP,0.9735845002121616,0.9794342780219437,0.9859280655027605,0.9735845002121616,0.9746614730954599
