,Model,Balanced Accuracy,F1-Score (Macro),Precision (Macro),Recall (Macro),MCC
0,Baseline_no_gMLP,0.978933776486548,0.982649344569349,0.986727051051926,0.978933776486548,0.9784453201309704
1,Baseline_no_gMLP,0.9713191171249437,0.9782088184885471,0.9859155920492565,0.9713191171249437,0.9732500389308467
