,Model,Balanced Accuracy,F1-Score (Macro),Precision (Macro),Recall (Macro),MCC
0,Baseline_no_gMLP,0.978933776486548,0.982649344569349,0.986727051051926,0.978933776486548,0.9784453201309704
1,Baseline_no_gMLP,0.9713191171249437,0.9782088184885471,0.9859155920492565,0.9713191171249437,0.9732500389308467
2,Baseline_no_gMLP,0.9749906586153845,0.9802833445215854,0.9861324130537991,0.9749906586153845,0.9756255750079805
3,Baseline_no_gMLP,0.9733747246719896,0.9793072486744858,0.9858967321914983,0.9733747246719896,0.9745130668997944
4,Baseline_no_gMLP,0.9735845002121616,0.9794342780219437,0.9859280655027605,0.9735845002121616,0.9746614730954599
5,Baseline_no_gMLP,0.9771506843950859,0.981582796102396,0.9864607209423267,0.9771506843950859,0.977184144887409
6,Baseline_no_gMLP,0.9727308792291515,0.9790174245943116,0.9860224493823115,0.9727308792291515,0.9742156063284542
7,Baseline_no_gMLP,0.9747663642528906,0.9802489211107778,0.9863193585614325,0.9747663642528906,0.9756246369697928
8,Baseline_no_gMLP,0.9736125987819445,0.9795515301063783,0.9861478322081284,0.9736125987819445,0.9748085777250823
