,Model,Balanced Accuracy,F1-Score (Macro),Precision (Macro),Recall (Macro),MCC
0,Transformer-FNET-64,0.937671733825863,0.8659775109249583,0.8292220130824223,0.937671733825863,0.8316505556759461
1,Transformer-FNET-128,0.9611579671795266,0.9672791489783742,0.9740281102178465,0.9611579671795266,0.9638255925298101
2,Transformer-MHA-64,0.8690224427688914,0.7339863183248078,0.737761714679796,0.8690224427688914,0.6356650154785248
3,Transformer-MHA-128,0.9076171857814347,0.7990681379442477,0.7756863507268426,0.9076171857814347,0.7391283881537076
