,Model,Balanced Accuracy,F1-Score (Macro),Precision (Macro),Recall (Macro),MCC
0,Transformer-FNET-64,0.8414149216157455,0.6274920018200235,0.6680260821181259,0.8414149216157455,0.4980682329399243
1,Transformer-FNET-128,0.9002076079316038,0.6936386350444734,0.6853918201706879,0.9002076079316038,0.7208446901866232
2,Transformer-MHA-64,0.6965184803753289,0.5670299336913934,0.6529854879805029,0.6965184803753289,0.4028243122153723
3,Transformer-MHA-128,0.7704971964755694,0.5883657288043965,0.6611252126308905,0.7704971964755694,0.42884775953402904
4,Transformer-FNET-64,0.9458605103558759,0.7505481697324786,0.7168523550971657,0.9458605103558759,0.8408186526074752
5,Transformer-FNET-128,0.7887311395550324,0.5837737733263066,0.6650952473758148,0.7887311395550324,0.41700467767862326
6,Transformer-MHA-64,0.8783899759697906,0.6244249492594911,0.6661793372319689,0.8783899759697906,0.49537905242988345
7,Transformer-MHA-128,0.8560267601719714,0.5978991831169328,0.6698389984346637,0.8560267601719714,0.4399756530002846
