,Model,Balanced Accuracy,F1-Score (Macro),Precision (Macro),Recall (Macro),MCC
0,Baseline_no_gMLP,1.0,1.0,1.0,1.0,1.0
1,Baseline_no_gMLP,0.9983471074380166,0.7770862148455508,0.75,0.8319559228650139,0.991951822271009
2,Baseline_no_gMLP,0.9265743251596016,0.4642912725165908,0.41946778711484595,0.6618388036854297,0.9201461674753534
3,Baseline_no_gMLP,0.9714285714285715,0.9843276148312119,0.999425287356322,0.9714285714285715,0.9972960539157056
