,Model,Balanced Accuracy,F1-Score (Macro),Precision (Macro),Recall (Macro),MCC
0,Baseline_no_gMLP,0.9999836529187713,0.9993495219288236,0.9987194846255648,0.9999836529187713,0.9998709231196048
1,Baseline_no_gMLP,0.9999836529187713,0.9993495219288236,0.9987194846255648,0.9999836529187713,0.9998709231196048
2,Baseline_no_gMLP,0.9999836529187713,0.9993495219288236,0.9987194846255648,0.9999836529187713,0.9998709231196048
3,Baseline_no_gMLP,0.9999836529187713,0.9993495219288236,0.9987194846255648,0.9999836529187713,0.9998709231196048
4,Baseline_no_gMLP,0.9999836529187713,0.9993495219288236,0.9987194846255648,0.9999836529187713,0.9998709231196048
5,Baseline_no_gMLP,0.9999836529187713,0.9993495219288236,0.9987194846255648,0.9999836529187713,0.9998709231196048
6,Baseline_no_gMLP,0.9999836529187713,0.9993495219288236,0.9987194846255648,0.9999836529187713,0.9998709231196048
7,Baseline_no_gMLP,0.9999836529187713,0.9993495219288236,0.9987194846255648,0.9999836529187713,0.9998709231196048
8,Baseline_no_gMLP,0.9999836529187713,0.9993495219288236,0.9987194846255648,0.9999836529187713,0.9998709231196048
